Source,Target,Type,Weight,Sentiment
acunninghammp,@_no_60,mention,1,0.6588
acunninghammp,@arcstockton,mention,1,0.6588
acunninghammp,@bbctees,mention,1,0.6588
acunninghammp,@catalystcomms,mention,1,0.6588
acunninghammp,@jeremycorbyn,mention,1,-0.296
acunninghammp,@stocktoncouncil,mention,1,0.6588
acunninghammp,@theresa_may,mention,1,-0.296
acunninghammp,_no_60,mention,1,0.6588
acunninghammp,arcstockton,mention,1,0.6588
acunninghammp,bbctees,mention,1,0.6588
acunninghammp,catalystcomms,mention,1,0.6588
acunninghammp,jeremycorbyn,mention,1,-0.296
acunninghammp,stocktoncouncil,mention,1,0.6588
acunninghammp,theresa_may,mention,1,-0.296
afzal4gorton,@angelarayner,mention,1,0.5848
afzal4gorton,@catsmithmp,mention,1,0.5848
afzal4gorton,@conservaitves',mention,1,0.0
afzal4gorton,@cwunews,mention,1,0.0
afzal4gorton,@dancardenmp,mention,1,0.5848
afzal4gorton,@debbie_abrahams,mention,1,0.5848
afzal4gorton,@diomanchester,mention,1,0.3506
afzal4gorton,@gordonmarsden,mention,1,0.5848
afzal4gorton,@gwynnemp,mention,1,0.5848
afzal4gorton,@jeffsmithmp,mention,1,0.5848
afzal4gorton,@jimfromoldham,mention,1,0.5848
afzal4gorton,@mikeamesbury,mention,1,0.5848
afzal4gorton,@neilsmithgmb,mention,1,0.5848
afzal4gorton,@theresamep,mention,1,0.5848
afzal4gorton,angelarayner,mention,1,0.5848
afzal4gorton,catsmithmp,mention,1,0.5848
afzal4gorton,conservaitves,mention,1,0.0
afzal4gorton,cwunews,mention,1,0.0
afzal4gorton,dancardenmp,mention,1,0.5848
afzal4gorton,debbie_abrahams,mention,1,0.5848
afzal4gorton,diomanchester,mention,1,0.3506
afzal4gorton,gordonmarsden,mention,1,0.5848
afzal4gorton,gwynnemp,mention,1,0.5848
afzal4gorton,jeffsmithmp,mention,1,0.5848
afzal4gorton,jimfromoldham,mention,1,0.5848
afzal4gorton,mikeamesbury,mention,1,0.5848
afzal4gorton,neilsmithgmb,mention,1,0.5848
afzal4gorton,theresamep,mention,1,0.5848
alanbrownsnp,@alisonthewliss,mention,1,0.0
alanbrownsnp,@ayrshirecancer,mention,1,0.3612
alanbrownsnp,@ayrshirecancer.,mention,1,0.3612
alanbrownsnp,@eastayrshire,mention,1,0.3612
alanbrownsnp,@fionanicolson4,mention,1,0.3612
alanbrownsnp,@ianblackfordmp,mention,1,0.0
alanbrownsnp,@markdurkan,mention,1,0.0
alanbrownsnp,alisonthewliss,mention,1,0.0
alanbrownsnp,ayrshirecancer,mention,1,0.3612
alanbrownsnp,eastayrshire,mention,1,0.3612
alanbrownsnp,fionanicolson4,mention,1,0.3612
alanbrownsnp,ianblackfordmp,mention,1,0.0
alanbrownsnp,markdurkan,mention,1,0.0
alanmakmp,@alanmakmp,mention,1,0.4019
alanmakmp,@drsarahmain,mention,1,0.4019
alanmakmp,alanmakmp,mention,1,0.4019
alanmakmp,drsarahmain,mention,1,0.4019
albertocostamp,@albertocostamp,mention,1,0.5423
albertocostamp,albertocostamp,mention,1,0.5423
albertowen2020,@albertowenmp,mention,2,0.14495
albertowen2020,@angleseyscmedia,mention,1,-0.296
albertowen2020,@bbclaurak,mention,1,0.5859
albertowen2020,@bishopbangor,mention,1,-0.296
albertowen2020,@davidgauke,mention,1,0.6369
albertowen2020,@deansofcardiff,mention,1,0.0
albertowen2020,@elliejprice,mention,1,0.3182
albertowen2020,@rhunapiorwerth,mention,1,-0.296
albertowen2020,@uklabour,mention,1,0.6369
albertowen2020,albertowenmp,mention,2,0.14495
albertowen2020,angleseyscmedia,mention,1,-0.296
albertowen2020,bbclaurak,mention,1,0.5859
albertowen2020,bishopbangor,mention,1,-0.296
albertowen2020,davidgauke,mention,1,0.6369
albertowen2020,deansofcardiff,mention,1,0.0
albertowen2020,elliejprice,mention,1,0.3182
albertowen2020,rhunapiorwerth,mention,1,-0.296
albertowen2020,uklabour,mention,1,0.6369
alexburghart,@justinegreening,mention,1,0.8166
alexburghart,@theresa_may:,mention,2,0.10125
alexburghart,justinegreening,mention,1,0.8166
alexburghart,theresa_may,mention,2,0.10125
alexnorrisnn,@jaxwolf61,mention,1,-0.0516
alexnorrisnn,@philiphammonduk,mention,1,-0.0516
alexnorrisnn,@uklabour,mention,1,-0.0516
alexnorrisnn,jaxwolf61,mention,1,-0.0516
alexnorrisnn,philiphammonduk,mention,1,-0.0516
alexnorrisnn,uklabour,mention,1,-0.0516
alison_mcgovern,@alison_mcgovern,mention,1,0.4019
alison_mcgovern,@conorpope,mention,1,0.5719
alison_mcgovern,@ianmulheirn,mention,2,0.20095
alison_mcgovern,@johnmcdonnellmp,mention,1,0.2023
alison_mcgovern,@theeconomist,mention,1,-0.6997
alison_mcgovern,@thomasforth,mention,1,0.0
alison_mcgovern,alison_mcgovern,mention,1,0.4019
alison_mcgovern,conorpope,mention,1,0.5719
alison_mcgovern,ianmulheirn,mention,2,0.20095
alison_mcgovern,johnmcdonnellmp,mention,1,0.2023
alison_mcgovern,theeconomist,mention,1,-0.6997
alison_mcgovern,thomasforth,mention,1,0.0
alisonthewliss,@alisonthewliss,mention,2,-0.13865
alisonthewliss,@andywightman,mention,1,0.0754
alisonthewliss,@angusmacneilsnp,mention,1,0.4767
alisonthewliss,@annalangside,mention,1,-0.2755
alisonthewliss,@beatson_charity,mention,1,0.0
alisonthewliss,@carer49,mention,1,-0.0387
alisonthewliss,@charlot84851771,mention,1,0.0754
alisonthewliss,@csbungo,mention,1,0.8452
alisonthewliss,@glasgowcc,mention,1,-0.2755
alisonthewliss,@heraldscotland,mention,1,0.0754
alisonthewliss,@ianblackfordmp,mention,1,0.0
alisonthewliss,@jessphillips,mention,1,0.8687
alisonthewliss,@joglasg,mention,1,0.7452
alisonthewliss,@morageyrie,mention,1,0.8452
alisonthewliss,@ncsmiff,mention,1,0.0754
alisonthewliss,@nextbikeuk,mention,1,-0.2755
alisonthewliss,@oliverbullough,mention,1,0.0754
alisonthewliss,@oxfamscotland,mention,1,0.0754
alisonthewliss,@pm4eastren,mention,1,0.34
alisonthewliss,@rogmull,mention,1,0.0754
alisonthewliss,@speakingout_swa,mention,1,-0.6369
alisonthewliss,@swcw24,mention,1,-0.2755
alisonthewliss,@terri_white,mention,1,0.5859
alisonthewliss,@thesnp,mention,1,0.0
alisonthewliss,@thisgraeme,mention,1,0.0
alisonthewliss,@transparencyuk,mention,1,0.0754
alisonthewliss,@waspi_campaign,mention,1,0.0
alisonthewliss,@waspigl1,mention,1,0.0
alisonthewliss,alisonthewliss,mention,2,-0.13865
alisonthewliss,andywightman,mention,1,0.0754
alisonthewliss,angusmacneilsnp,mention,1,0.4767
alisonthewliss,annalangside,mention,1,-0.2755
alisonthewliss,beatson_charity,mention,1,0.0
alisonthewliss,carer49,mention,1,-0.0387
alisonthewliss,charlot84851771,mention,1,0.0754
alisonthewliss,csbungo,mention,1,0.8452
alisonthewliss,glasgowcc,mention,1,-0.2755
alisonthewliss,heraldscotland,mention,1,0.0754
alisonthewliss,ianblackfordmp,mention,1,0.0
alisonthewliss,jessphillips,mention,1,0.8687
alisonthewliss,joglasg,mention,1,0.7452
alisonthewliss,morageyrie,mention,1,0.8452
alisonthewliss,ncsmiff,mention,1,0.0754
alisonthewliss,nextbikeuk,mention,1,-0.2755
alisonthewliss,oliverbullough,mention,1,0.0754
alisonthewliss,oxfamscotland,mention,1,0.0754
alisonthewliss,pm4eastren,mention,1,0.34
alisonthewliss,rogmull,mention,1,0.0754
alisonthewliss,speakingout_swa,mention,1,-0.6369
alisonthewliss,swcw24,mention,1,-0.2755
alisonthewliss,terri_white,mention,1,0.5859
alisonthewliss,thesnp,mention,1,0.0
alisonthewliss,thisgraeme,mention,1,0.0
alisonthewliss,transparencyuk,mention,1,0.0754
alisonthewliss,waspi_campaign,mention,1,0.0
alisonthewliss,waspigl1,mention,1,0.0
alistairburtuk,@_uk2020,mention,1,0.0
alistairburtuk,@bbc5live,mention,1,0.0
alistairburtuk,@bbcbreakfast,mention,1,0.0
alistairburtuk,@bbcnickrobinson,mention,1,0.0
alistairburtuk,@bbcr4today,mention,1,0.0
alistairburtuk,@bbcradio4,mention,1,0.0
alistairburtuk,@leavemnsleave,mention,1,0.0
alistairburtuk,@number10gov,mention,1,0.0
alistairburtuk,@owenpaterson,mention,1,0.0
alistairburtuk,@rte,mention,1,0.0
alistairburtuk,@rtenews,mention,1,0.0
alistairburtuk,@theresa_may,mention,1,0.0
alistairburtuk,_uk2020,mention,1,0.0
alistairburtuk,bbc5live,mention,1,0.0
alistairburtuk,bbcbreakfast,mention,1,0.0
alistairburtuk,bbcnickrobinson,mention,1,0.0
alistairburtuk,bbcr4today,mention,1,0.0
alistairburtuk,bbcradio4,mention,1,0.0
alistairburtuk,leavemnsleave,mention,1,0.0
alistairburtuk,number10gov,mention,1,0.0
alistairburtuk,owenpaterson,mention,1,0.0
alistairburtuk,rte,mention,1,0.0
alistairburtuk,rtenews,mention,1,0.0
alistairburtuk,theresa_may,mention,1,0.0
aloksharma_rdg,@aloksharma_rdg,mention,1,0.8591
aloksharma_rdg,@homessedgemoor,mention,1,0.8591
aloksharma_rdg,aloksharma_rdg,mention,1,0.8591
aloksharma_rdg,homessedgemoor,mention,1,0.8591
amandamilling,@amandamilling,mention,1,0.6249
amandamilling,amandamilling,mention,1,0.6249
amcarmichaelmp,@alanwhiteheadmp,mention,1,-0.1531
amcarmichaelmp,@amcarmichaelmp,mention,1,-0.1531
amcarmichaelmp,@jsheappey,mention,1,-0.1531
amcarmichaelmp,alanwhiteheadmp,mention,1,-0.1531
amcarmichaelmp,amcarmichaelmp,mention,1,-0.1531
amcarmichaelmp,jsheappey,mention,1,-0.1531
andrew4pendle,@amcarmichaelmp,mention,1,0.0
andrew4pendle,@andrew4pendle,mention,1,0.0
andrew4pendle,@normanlamb,mention,1,0.0
andrew4pendle,@stuartandrew,mention,1,0.0
andrew4pendle,amcarmichaelmp,mention,1,0.0
andrew4pendle,andrew4pendle,mention,1,0.0
andrew4pendle,normanlamb,mention,1,0.0
andrew4pendle,stuartandrew,mention,1,0.0
andrewbowie_mp,@junckereu,mention,1,0.0
andrewbowie_mp,@theresa_may,mention,1,0.0
andrewbowie_mp,junckereu,mention,1,0.0
andrewbowie_mp,theresa_may,mention,1,0.0
andrewrosindell,@andrewrosindell.,mention,1,0.34
andrewrosindell,@borisjohnson,mention,2,-0.6944
andrewrosindell,@cllrrobbenham,mention,2,-0.6944
andrewrosindell,@cottrellstephen,mention,1,0.34
andrewrosindell,@gigimaltese,mention,2,-0.6944
andrewrosindell,@ianj104,mention,1,-0.7088
andrewrosindell,@mikegapes,mention,1,-0.7088
andrewrosindell,andrewrosindell,mention,1,0.34
andrewrosindell,borisjohnson,mention,2,-0.6944
andrewrosindell,cllrrobbenham,mention,2,-0.6944
andrewrosindell,cottrellstephen,mention,1,0.34
andrewrosindell,gigimaltese,mention,2,-0.6944
andrewrosindell,ianj104,mention,1,-0.7088
andrewrosindell,mikegapes,mention,1,-0.7088
angelaeagle,@gmb_union,mention,1,0.9627
angelaeagle,@jeremycorbyn,mention,1,0.9627
angelaeagle,gmb_union,mention,1,0.9627
angelaeagle,jeremycorbyn,mention,1,0.9627
angelarayner,@missjones_14,mention,1,0.8957
angelarayner,missjones_14,mention,1,0.8957
angelasmithmp,@angelasmithmp,mention,3,0.19010000000000002
angelasmithmp,@bbccountryfile,mention,1,0.2263
angelasmithmp,@houseofcommons,mention,1,-0.5859
angelasmithmp,@northsheffield,mention,1,0.9299
angelasmithmp,@rjd_crowther,mention,1,0.9299
angelasmithmp,@sixerrmc,mention,1,0.9299
angelasmithmp,@steel_valley,mention,1,0.9299
angelasmithmp,angelasmithmp,mention,3,0.19010000000000002
angelasmithmp,bbccountryfile,mention,1,0.2263
angelasmithmp,houseofcommons,mention,1,-0.5859
angelasmithmp,northsheffield,mention,1,0.9299
angelasmithmp,rjd_crowther,mention,1,0.9299
angelasmithmp,sixerrmc,mention,1,0.9299
angelasmithmp,steel_valley,mention,1,0.9299
angusmacneilsnp,@angusmacneilsnp,mention,2,0.0
angusmacneilsnp,@commonsinttrade,mention,1,0.0
angusmacneilsnp,@emirates,mention,1,0.34
angusmacneilsnp,@glaikitgeezer,mention,1,-0.34
angusmacneilsnp,@lorand_bartels,mention,1,0.0
angusmacneilsnp,@mckonomy,mention,1,-0.1258
angusmacneilsnp,@michelbarnier:,mention,1,0.8625
angusmacneilsnp,@nickcohen4,mention,1,0.4588
angusmacneilsnp,@scotgov,mention,1,0.34
angusmacneilsnp,@stn_airport,mention,1,0.34
angusmacneilsnp,@sylviademars,mention,1,0.0
angusmacneilsnp,angusmacneilsnp,mention,2,0.0
angusmacneilsnp,commonsinttrade,mention,1,0.0
angusmacneilsnp,emirates,mention,1,0.34
angusmacneilsnp,glaikitgeezer,mention,1,-0.34
angusmacneilsnp,lorand_bartels,mention,1,0.0
angusmacneilsnp,mckonomy,mention,1,-0.1258
angusmacneilsnp,michelbarnier,mention,1,0.8625
angusmacneilsnp,nickcohen4,mention,1,0.4588
angusmacneilsnp,scotgov,mention,1,0.34
angusmacneilsnp,stn_airport,mention,1,0.34
angusmacneilsnp,sylviademars,mention,1,0.0
anna_soubry,@anna_soubry,mention,1,0.6712
anna_soubry,@appgbritmuslims,mention,1,0.6712
anna_soubry,@exiletoffee,mention,1,0.765
anna_soubry,@official_ncfc,mention,1,0.765
anna_soubry,anna_soubry,mention,1,0.6712
anna_soubry,appgbritmuslims,mention,1,0.6712
anna_soubry,exiletoffee,mention,1,0.765
anna_soubry,official_ncfc,mention,1,0.765
annamcmorrin,@jocoxloneliness,mention,1,-0.4215
annamcmorrin,@seemakennedy,mention,1,-0.4215
annamcmorrin,@toby__morgan,mention,1,0.7269
annamcmorrin,jocoxloneliness,mention,1,-0.4215
annamcmorrin,seemakennedy,mention,1,-0.4215
annamcmorrin,toby__morgan,mention,1,0.7269
annaturley,@ayeshahazarika,mention,1,-0.128
annaturley,@futuresgreen,mention,1,0.0
annaturley,@hackneyabbott,mention,2,-0.54335
annaturley,@jeremycorbyn,mention,1,-0.862
annaturley,@neilbendelow,mention,1,0.9117
annaturley,@psmithpes,mention,1,0.5399
annaturley,@starsports_bet,mention,1,-0.2247
annaturley,ayeshahazarika,mention,1,-0.128
annaturley,futuresgreen,mention,1,0.0
annaturley,hackneyabbott,mention,2,-0.54335
annaturley,jeremycorbyn,mention,1,-0.862
annaturley,neilbendelow,mention,1,0.9117
annaturley,psmithpes,mention,1,0.5399
annaturley,starsports_bet,mention,1,-0.2247
annclwyd,@_davelv,mention,1,0.69
annclwyd,@asurreylady,mention,1,0.69
annclwyd,@benpbradshaw,mention,1,0.69
annclwyd,@catherinewest1,mention,1,0.69
annclwyd,@danielzeichner,mention,1,0.69
annclwyd,@davidgoosey2,mention,1,0.69
annclwyd,@davidlammy,mention,1,0.69
annclwyd,@geraintdaviesmp,mention,1,0.69
annclwyd,@helenhayes_,mention,1,0.69
annclwyd,@libdems,mention,1,0.69
annclwyd,@paulflynnmp,mention,1,0.69
annclwyd,@rogergodsiff,mention,1,0.69
annclwyd,@uklabour,mention,1,0.69
annclwyd,@yougov,mention,1,0.7717
annclwyd,_davelv,mention,1,0.69
annclwyd,asurreylady,mention,1,0.69
annclwyd,benpbradshaw,mention,1,0.69
annclwyd,catherinewest1,mention,1,0.69
annclwyd,danielzeichner,mention,1,0.69
annclwyd,davidgoosey2,mention,1,0.69
annclwyd,davidlammy,mention,1,0.69
annclwyd,geraintdaviesmp,mention,1,0.69
annclwyd,helenhayes_,mention,1,0.69
annclwyd,libdems,mention,1,0.69
annclwyd,paulflynnmp,mention,1,0.69
annclwyd,rogergodsiff,mention,1,0.69
annclwyd,uklabour,mention,1,0.69
annclwyd,yougov,mention,1,0.7717
anneliesedodds,@anneliesedodds,mention,1,0.6249
anneliesedodds,anneliesedodds,mention,1,0.6249
annietrev,@danieljhannan,mention,1,-0.6808
annietrev,@pinstripedline,mention,1,0.765
annietrev,@royalmarines,mention,1,0.6249
annietrev,danieljhannan,mention,1,-0.6808
annietrev,pinstripedline,mention,1,0.765
annietrev,royalmarines,mention,1,0.6249
awmurrison,@awmurrison,mention,1,0.93
awmurrison,awmurrison,mention,1,0.93
bambos_mp,@angelarayner,mention,1,0.9529
bambos_mp,@bambosmp,mention,1,0.0258
bambos_mp,@emmahardymp,mention,1,-0.4019
bambos_mp,@gmb_union,mention,1,0.0258
bambos_mp,@haveigotnews,mention,1,0.9529
bambos_mp,@jackiedp,mention,1,-0.4019
bambos_mp,@jimmymaez,mention,1,0.0258
bambos_mp,@liztv,mention,1,-0.4019
bambos_mp,@mblacey,mention,1,-0.4019
bambos_mp,@meshgirlni,mention,1,-0.4019
bambos_mp,@neunion,mention,1,0.7644
bambos_mp,@owensmith_mp,mention,1,-0.4019
bambos_mp,@tucnews,mention,1,0.0258
bambos_mp,@uk_feminista,mention,1,0.7644
bambos_mp,angelarayner,mention,1,0.9529
bambos_mp,bambosmp,mention,1,0.0258
bambos_mp,emmahardymp,mention,1,-0.4019
bambos_mp,gmb_union,mention,1,0.0258
bambos_mp,haveigotnews,mention,1,0.9529
bambos_mp,jackiedp,mention,1,-0.4019
bambos_mp,jimmymaez,mention,1,0.0258
bambos_mp,liztv,mention,1,-0.4019
bambos_mp,mblacey,mention,1,-0.4019
bambos_mp,meshgirlni,mention,1,-0.4019
bambos_mp,neunion,mention,1,0.7644
bambos_mp,owensmith_mp,mention,1,-0.4019
bambos_mp,tucnews,mention,1,0.0258
bambos_mp,uk_feminista,mention,1,0.7644
barrygardiner,@theresa_may,mention,1,-0.1984
barrygardiner,theresa_may,mention,1,-0.1984
barrysheerman,@bbcr4today,mention,1,0.5983
barrysheerman,@easstransport,mention,1,0.4404
barrysheerman,@ebrd,mention,1,0.4404
barrysheerman,@fiafdn,mention,1,0.4404
barrysheerman,@forduk,mention,1,0.4404
barrysheerman,@globalncap,mention,1,0.4404
barrysheerman,@halfon4harlowmp,mention,1,0.1901
barrysheerman,@independent,mention,1,-0.296
barrysheerman,@juliahb1,mention,1,0.5562
barrysheerman,@michaelwhite,mention,1,0.5983
barrysheerman,@mrjamesob,mention,1,0.0
barrysheerman,@princestrust,mention,1,0.1901
barrysheerman,@ukbf_finds,mention,1,0.0
barrysheerman,@un,mention,1,0.4404
barrysheerman,@unece's,mention,1,0.4215
barrysheerman,@xhnews,mention,1,-0.8221
barrysheerman,bbcr4today,mention,1,0.5983
barrysheerman,easstransport,mention,1,0.4404
barrysheerman,ebrd,mention,1,0.4404
barrysheerman,fiafdn,mention,1,0.4404
barrysheerman,forduk,mention,1,0.4404
barrysheerman,globalncap,mention,1,0.4404
barrysheerman,halfon4harlowmp,mention,1,0.1901
barrysheerman,independent,mention,1,-0.296
barrysheerman,juliahb1,mention,1,0.5562
barrysheerman,michaelwhite,mention,1,0.5983
barrysheerman,mrjamesob,mention,1,0.0
barrysheerman,princestrust,mention,1,0.1901
barrysheerman,ukbf_finds,mention,1,0.0
barrysheerman,un,mention,1,0.4404
barrysheerman,unece,mention,1,0.4215
barrysheerman,xhnews,mention,1,-0.8221
bbradley_mans,@bbclaurak,mention,1,0.8997
bbradley_mans,@conservatives,mention,1,-0.6115
bbradley_mans,@jeremy_hunt,mention,1,-0.6115
bbradley_mans,@jeremycorbyn,mention,1,0.0772
bbradley_mans,@johnmcdonnellmp,mention,1,0.0772
bbradley_mans,@jojohnsonuk,mention,1,-0.5423
bbradley_mans,@mrjoemcfadden,mention,1,0.902
bbradley_mans,@pestononsunday,mention,1,-0.6115
bbradley_mans,@thedebbiemcgee!,mention,1,0.902
bbradley_mans,bbclaurak,mention,1,0.8997
bbradley_mans,conservatives,mention,1,-0.6115
bbradley_mans,jeremy_hunt,mention,1,-0.6115
bbradley_mans,jeremycorbyn,mention,1,0.0772
bbradley_mans,johnmcdonnellmp,mention,1,0.0772
bbradley_mans,jojohnsonuk,mention,1,-0.5423
bbradley_mans,mrjoemcfadden,mention,1,0.902
bbradley_mans,pestononsunday,mention,1,-0.6115
bbradley_mans,thedebbiemcgee,mention,1,0.902
benmlake,@benmlake,mention,1,0.0
benmlake,@cambriannews,mention,2,0.3062
benmlake,@lsrplaid,mention,1,-0.8779
benmlake,@plaid_cymru,mention,1,0.0
benmlake,@tomjhugh,mention,2,0.3062
benmlake,@trawslinkcymru,mention,2,0.3062
benmlake,@zoebrigley,mention,1,0.1779
benmlake,benmlake,mention,1,0.0
benmlake,cambriannews,mention,2,0.3062
benmlake,lsrplaid,mention,1,-0.8779
benmlake,plaid_cymru,mention,1,0.0
benmlake,tomjhugh,mention,2,0.3062
benmlake,trawslinkcymru,mention,2,0.3062
benmlake,zoebrigley,mention,1,0.1779
benpbradshaw,@anna_soubry,mention,1,0.0
benpbradshaw,@cllrsutton,mention,1,0.0
benpbradshaw,@exeterlabour,mention,1,0.0
benpbradshaw,@knotgirl1,mention,1,0.5719
benpbradshaw,@laidmanr,mention,1,0.0
benpbradshaw,@matthewvizard,mention,1,0.0
benpbradshaw,@steve_hawkes,mention,1,0.0
benpbradshaw,anna_soubry,mention,1,0.0
benpbradshaw,cllrsutton,mention,1,0.0
benpbradshaw,exeterlabour,mention,1,0.0
benpbradshaw,knotgirl1,mention,1,0.5719
benpbradshaw,laidmanr,mention,1,0.0
benpbradshaw,matthewvizard,mention,1,0.0
benpbradshaw,steve_hawkes,mention,1,0.0
bernardjenkin,@bernardjenkin,mention,1,-0.1027
bernardjenkin,@stefanstern,mention,1,0.0
bernardjenkin,@theresa_may,mention,1,-0.1027
bernardjenkin,bernardjenkin,mention,1,-0.1027
bernardjenkin,stefanstern,mention,1,0.0
bernardjenkin,theresa_may,mention,1,-0.1027
bill_esterson,@andyburnhamgm,mention,1,-0.7003
bill_esterson,@bill_esterson,mention,1,0.6124
bill_esterson,@cdml,mention,1,0.0
bill_esterson,@gwynnecllr,mention,1,0.0
bill_esterson,@gwynnemp,mention,1,0.0
bill_esterson,@huw4ogmore,mention,1,0.4199
bill_esterson,@johnmcdonnellmp's,mention,1,0.6705
bill_esterson,@michaelgasiorek,mention,1,0.5106
bill_esterson,@pholmes8,mention,1,0.5106
bill_esterson,@sajidjavid,mention,1,0.0
bill_esterson,andyburnhamgm,mention,1,-0.7003
bill_esterson,bill_esterson,mention,1,0.6124
bill_esterson,cdml,mention,1,0.0
bill_esterson,gwynnecllr,mention,1,0.0
bill_esterson,gwynnemp,mention,1,0.0
bill_esterson,huw4ogmore,mention,1,0.4199
bill_esterson,johnmcdonnellmp,mention,1,0.6705
bill_esterson,michaelgasiorek,mention,1,0.5106
bill_esterson,pholmes8,mention,1,0.5106
bill_esterson,sajidjavid,mention,1,0.0
bimafolami,@justinegreening,mention,1,0.7501
bimafolami,justinegreening,mention,1,0.7501
bobblackman,@ameet_jogia,mention,1,-0.4357
bobblackman,@bobblackman,mention,2,0.11155000000000004
bobblackman,@carenduhig,mention,1,0.8268
bobblackman,@conservatives,mention,2,0.3452
bobblackman,@councillorsuzie,mention,1,-0.4357
bobblackman,@harrow_council,mention,1,-0.4357
bobblackman,@ldn_ambulance,mention,1,0.4404
bobblackman,@paulosborn,mention,1,0.6588
bobblackman,@potus,mention,1,0.6705
bobblackman,@premierleague,mention,1,0.0
bobblackman,@sachrshah,mention,1,0.8268
bobblackman,@scullyp.,mention,1,0.6588
bobblackman,@stephengreek,mention,1,0.8268
bobblackman,ameet_jogia,mention,1,-0.4357
bobblackman,bobblackman,mention,2,0.11155000000000004
bobblackman,carenduhig,mention,1,0.8268
bobblackman,conservatives,mention,2,0.3452
bobblackman,councillorsuzie,mention,1,-0.4357
bobblackman,harrow_council,mention,1,-0.4357
bobblackman,ldn_ambulance,mention,1,0.4404
bobblackman,paulosborn,mention,1,0.6588
bobblackman,potus,mention,1,0.6705
bobblackman,premierleague,mention,1,0.0
bobblackman,sachrshah,mention,1,0.8268
bobblackman,scullyp,mention,1,0.6588
bobblackman,stephengreek,mention,1,0.8268
bphillipsonmp,@lellyland,mention,1,0.6369
bphillipsonmp,lellyland,mention,1,0.6369
brandonlewis,@angelarayner,mention,1,-0.4767
brandonlewis,@bethrigby,mention,1,0.6124
brandonlewis,@conservatives,mention,1,-0.6705
brandonlewis,@dexeugov,mention,1,0.8402
brandonlewis,@freeman_george,mention,1,0.6124
brandonlewis,@skynews,mention,1,0.6124
brandonlewis,@suemcdonald342,mention,1,0.8402
brandonlewis,@syncsmith,mention,1,-0.6486
brandonlewis,@ukhomeoffice,mention,1,0.8402
brandonlewis,angelarayner,mention,1,-0.4767
brandonlewis,bethrigby,mention,1,0.6124
brandonlewis,conservatives,mention,1,-0.6705
brandonlewis,dexeugov,mention,1,0.8402
brandonlewis,freeman_george,mention,1,0.6124
brandonlewis,skynews,mention,1,0.6124
brandonlewis,suemcdonald342,mention,1,0.8402
brandonlewis,syncsmith,mention,1,-0.6486
brandonlewis,ukhomeoffice,mention,1,0.8402
brendanoharamp,@brendanoharasnp,mention,1,0.91
brendanoharamp,@thesnp,mention,1,0.91
brendanoharamp,brendanoharasnp,mention,1,0.91
brendanoharamp,thesnp,mention,1,0.91
bwallacemp,@_ginger_kid,mention,1,0.0
bwallacemp,_ginger_kid,mention,1,0.0
carolineflint,@meg_hilliermp,mention,1,0.0
carolineflint,@mydoncaster,mention,1,0.0
carolineflint,meg_hilliermp,mention,1,0.0
carolineflint,mydoncaster,mention,1,0.0
carolinelucas,@philiphammonduk,mention,1,-0.3149
carolinelucas,@teamdomenica,mention,1,0.9153
carolinelucas,philiphammonduk,mention,1,-0.3149
carolinelucas,teamdomenica,mention,1,0.9153
carolinenokes,@carolinenokes,mention,1,0.8074
carolinenokes,carolinenokes,mention,1,0.8074
carolynharris24,@angelarayner,mention,1,0.0
carolynharris24,@bbcstrictly,mention,1,0.0
carolynharris24,@carolynharris24,mention,1,0.7772
carolynharris24,@channel4news.,mention,1,0.4404
carolynharris24,@eluned_morgan,mention,1,0.0
carolynharris24,@georgeaylett,mention,1,0.9558
carolynharris24,@itvwalespress,mention,3,0.0
carolynharris24,@jenthornton01,mention,1,0.0
carolynharris24,@jimfromoldham,mention,1,0.0
carolynharris24,@jostevenslabour,mention,1,0.0
carolynharris24,@juliejamesam,mention,1,0.0
carolynharris24,@markdrakeford,mention,1,0.0
carolynharris24,@skinnock,mention,1,0.3382
carolynharris24,@tcwcatloco,mention,1,0.3382
carolynharris24,@toniaantoniazzi,mention,1,0.0
carolynharris24,@uklabour,mention,1,0.4404
carolynharris24,@welshlabour,mention,1,0.0
carolynharris24,@will_hingley,mention,1,0.4404
carolynharris24,angelarayner,mention,1,0.0
carolynharris24,bbcstrictly,mention,1,0.0
carolynharris24,carolynharris24,mention,1,0.7772
carolynharris24,channel4news,mention,1,0.4404
carolynharris24,eluned_morgan,mention,1,0.0
carolynharris24,georgeaylett,mention,1,0.9558
carolynharris24,itvwalespress,mention,3,0.0
carolynharris24,jenthornton01,mention,1,0.0
carolynharris24,jimfromoldham,mention,1,0.0
carolynharris24,jostevenslabour,mention,1,0.0
carolynharris24,juliejamesam,mention,1,0.0
carolynharris24,markdrakeford,mention,1,0.0
carolynharris24,skinnock,mention,1,0.3382
carolynharris24,tcwcatloco,mention,1,0.3382
carolynharris24,toniaantoniazzi,mention,1,0.0
carolynharris24,uklabour,mention,1,0.4404
carolynharris24,welshlabour,mention,1,0.0
carolynharris24,will_hingley,mention,1,0.4404
catharinehoey,@coyleneil,mention,1,0.0
catharinehoey,@katehoeymp,mention,1,0.0
catharinehoey,@lumierelondon,mention,1,0.0
catharinehoey,coyleneil,mention,1,0.0
catharinehoey,katehoeymp,mention,1,0.0
catharinehoey,lumierelondon,mention,1,0.0
catherinewest1,@angelarayner,mention,1,0.847
catherinewest1,@bbcpolitics,mention,1,0.0
catherinewest1,@catherinewest1,mention,1,0.6514
catherinewest1,@euromove,mention,1,0.4215
catherinewest1,@leonalewis,mention,1,0.0
catherinewest1,@open_britain,mention,1,0.4215
catherinewest1,@theneweuropean,mention,1,0.4215
catherinewest1,angelarayner,mention,1,0.847
catherinewest1,bbcpolitics,mention,1,0.0
catherinewest1,catherinewest1,mention,1,0.6514
catherinewest1,euromove,mention,1,0.4215
catherinewest1,leonalewis,mention,1,0.0
catherinewest1,open_britain,mention,1,0.4215
catherinewest1,theneweuropean,mention,1,0.4215
cgreenuk,@cgreenuk,mention,1,0.1779
cgreenuk,@lindsayhoyle_mp,mention,1,0.1779
cgreenuk,cgreenuk,mention,1,0.1779
cgreenuk,lindsayhoyle_mp,mention,1,0.1779
cherylgillan,@cherylgillan,mention,2,0.0386
cherylgillan,@cheshamsociety,mention,1,0.0772
cherylgillan,@conservatives,mention,1,0.3182
cherylgillan,@davidnberman,mention,1,0.3182
cherylgillan,cherylgillan,mention,2,0.0386
cherylgillan,cheshamsociety,mention,1,0.0772
cherylgillan,conservatives,mention,1,0.3182
cherylgillan,davidnberman,mention,1,0.3182
chionwurah,@chionwurah,mention,4,0.3758
chionwurah,@keyeseyecare,mention,1,0.7783
chionwurah,@labourpress,mention,1,0.7783
chionwurah,@lindsayhoyle_mp,mention,1,-0.3016
chionwurah,@newcastlelabour,mention,1,0.2828
chionwurah,@nuwfcofficial,mention,1,0.836
chionwurah,@onepunchuk,mention,1,0.4215
chionwurah,@pashleyjackson,mention,1,0.2828
chionwurah,@philiphammonduk,mention,1,-0.296
chionwurah,@stephenkb,mention,1,0.0258
chionwurah,@uklabour,mention,2,0.24115
chionwurah,chionwurah,mention,4,0.3758
chionwurah,keyeseyecare,mention,1,0.7783
chionwurah,labourpress,mention,1,0.7783
chionwurah,lindsayhoyle_mp,mention,1,-0.3016
chionwurah,newcastlelabour,mention,1,0.2828
chionwurah,nuwfcofficial,mention,1,0.836
chionwurah,onepunchuk,mention,1,0.4215
chionwurah,pashleyjackson,mention,1,0.2828
chionwurah,philiphammonduk,mention,1,-0.296
chionwurah,stephenkb,mention,1,0.0258
chionwurah,uklabour,mention,2,0.24115
chrislawsnp,@alisonthewliss,mention,1,0.276
chrislawsnp,@loulouross15,mention,1,0.802
chrislawsnp,@petewishart,mention,1,0.276
chrislawsnp,@uklabour,mention,1,0.802
chrislawsnp,alisonthewliss,mention,1,0.276
chrislawsnp,loulouross15,mention,1,0.802
chrislawsnp,petewishart,mention,1,0.276
chrislawsnp,uklabour,mention,1,0.802
chrisleslieuk,@chrislesliemp,mention,1,0.296
chrisleslieuk,@cllrdavidmellen,mention,1,0.296
chrisleslieuk,@my_dales,mention,1,0.296
chrisleslieuk,@nottmcommunity,mention,1,0.296
chrisleslieuk,@readingnottm,mention,1,0.296
chrisleslieuk,chrislesliemp,mention,1,0.296
chrisleslieuk,cllrdavidmellen,mention,1,0.296
chrisleslieuk,my_dales,mention,1,0.296
chrisleslieuk,nottmcommunity,mention,1,0.296
chrisleslieuk,readingnottm,mention,1,0.296
chrism4chester,@chrism4chester,mention,1,0.7783
chrism4chester,@goldeneagle147,mention,1,0.7783
chrism4chester,@ray_tindall,mention,1,0.7783
chrism4chester,chrism4chester,mention,1,0.7783
chrism4chester,goldeneagle147,mention,1,0.7783
chrism4chester,ray_tindall,mention,1,0.7783
chrisstephens,@glasgowcc,mention,1,0.659
chrisstephens,glasgowcc,mention,1,0.659
chukaumunna,@bobbyipsosmori,mention,1,0.4019
chukaumunna,@chukaumunna,mention,2,0.7662500000000001
chukaumunna,@foodbanknorwood,mention,1,0.0
chukaumunna,@huffpostuk,mention,1,0.0
chukaumunna,bobbyipsosmori,mention,1,0.4019
chukaumunna,chukaumunna,mention,2,0.7662500000000001
chukaumunna,foodbanknorwood,mention,1,0.0
chukaumunna,huffpostuk,mention,1,0.0
cmackinlay,@pmhramsgate,mention,1,0.2732
cmackinlay,pmhramsgate,mention,1,0.2732
cmonaghansnp,@cmonaghansnp,mention,1,0.7998
cmonaghansnp,@frankfieldteam?,mention,1,0.7998
cmonaghansnp,@paulblomfieldmp?,mention,1,0.7998
cmonaghansnp,cmonaghansnp,mention,1,0.7998
cmonaghansnp,frankfieldteam,mention,1,0.7998
cmonaghansnp,paulblomfieldmp,mention,1,0.7998
cphilpofficial,@abcommuters,mention,1,-0.3595
cphilpofficial,@davidgauke,mention,1,0.4496
cphilpofficial,@frankfieldteam.,mention,1,0.4496
cphilpofficial,@iambullivant,mention,1,0.584
cphilpofficial,@insidecroydon,mention,1,-0.3595
cphilpofficial,@lfb_croydon,mention,1,0.1027
cphilpofficial,@montie,mention,1,0.584
cphilpofficial,@sarahbutler1981,mention,1,-0.3595
cphilpofficial,@southernrailuk,mention,1,-0.3595
cphilpofficial,abcommuters,mention,1,-0.3595
cphilpofficial,davidgauke,mention,1,0.4496
cphilpofficial,frankfieldteam,mention,1,0.4496
cphilpofficial,iambullivant,mention,1,0.584
cphilpofficial,insidecroydon,mention,1,-0.3595
cphilpofficial,lfb_croydon,mention,1,0.1027
cphilpofficial,montie,mention,1,0.584
cphilpofficial,sarahbutler1981,mention,1,-0.3595
cphilpofficial,southernrailuk,mention,1,-0.3595
cpjelmore,@cpjelmore,mention,5,0.31402
cpjelmore,@hr_darren,mention,1,0.2023
cpjelmore,@marshallmedia,mention,2,0.49935
cpjelmore,@marthatyddyn,mention,1,0.2023
cpjelmore,@trusselltrust,mention,1,0.2023
cpjelmore,@welshgovernment,mention,1,-0.1759
cpjelmore,cpjelmore,mention,5,0.31402
cpjelmore,hr_darren,mention,1,0.2023
cpjelmore,marshallmedia,mention,2,0.49935
cpjelmore,marthatyddyn,mention,1,0.2023
cpjelmore,trusselltrust,mention,1,0.2023
cpjelmore,welshgovernment,mention,1,-0.1759
cskidmoreuk,@andymycock1.,mention,1,0.8932
cskidmoreuk,@cabinetofficeuk,mention,2,0.4466
cskidmoreuk,@cskidmoreuk,mention,2,0.4466
cskidmoreuk,@kirkleesyc,mention,1,0.8932
cskidmoreuk,@phmlearn,mention,1,0.0
cskidmoreuk,andymycock1,mention,1,0.8932
cskidmoreuk,cabinetofficeuk,mention,2,0.4466
cskidmoreuk,cskidmoreuk,mention,2,0.4466
cskidmoreuk,kirkleesyc,mention,1,0.8932
cskidmoreuk,phmlearn,mention,1,0.0
cwhittaker_mp,@royalmail,mention,1,-0.7096
cwhittaker_mp,@uklabour,mention,1,-0.7096
cwhittaker_mp,royalmail,mention,1,-0.7096
cwhittaker_mp,uklabour,mention,1,-0.7096
damiancollins,@commonscms,mention,1,0.0
damiancollins,commonscms,mention,1,0.0
dancardenmp,@owenjones84,mention,1,-0.7351
dancardenmp,owenjones84,mention,1,-0.7351
danirowley,@iwannaretire63,mention,1,0.9041
danirowley,iwannaretire63,mention,1,0.9041
danjarvismp,@danjarvismp,mention,2,0.69245
danjarvismp,@danjarvismp:,mention,1,0.0
danjarvismp,@rbmind_,mention,1,0.8743
danjarvismp,danjarvismp,mention,3,0.46163333333333334
danjarvismp,rbmind_,mention,1,0.8743
darrenpjones,@joesalterbris,mention,1,0.0
darrenpjones,joesalterbris,mention,1,0.0
david_duguid,@angelarayner,mention,1,0.0
david_duguid,@independent,mention,1,0.0
david_duguid,@jamescaan,mention,1,0.0
david_duguid,angelarayner,mention,1,0.0
david_duguid,independent,mention,1,0.0
david_duguid,jamescaan,mention,1,0.0
davidcrausby,@cgreenuk,mention,1,0.8689
davidcrausby,@davidcrausby,mention,1,0.8689
davidcrausby,@yasminqureshimp,mention,1,0.8689
davidcrausby,cgreenuk,mention,1,0.8689
davidcrausby,davidcrausby,mention,1,0.8689
davidcrausby,yasminqureshimp,mention,1,0.8689
davidedrew,@defragovuk,mention,1,-0.296
davidedrew,@michaelgove,mention,1,-0.296
davidedrew,@suehayman1’s,mention,1,-0.296
davidedrew,defragovuk,mention,1,-0.296
davidedrew,michaelgove,mention,1,-0.296
davidedrew,suehayman1,mention,1,-0.296
davidgauke,@angelarayner,mention,1,-0.4767
davidgauke,@davidgauke,mention,3,-0.3108
davidgauke,@frankfieldteam,mention,1,-0.0805
davidgauke,angelarayner,mention,1,-0.4767
davidgauke,davidgauke,mention,3,-0.3108
davidgauke,frankfieldteam,mention,1,-0.0805
davidlinden,@davidlinden,mention,1,0.69
davidlinden,@gussyjackson,mention,1,0.0
davidlinden,@ianblackfordmp,mention,1,0.0
davidlinden,@lindsayhoyle_mp,mention,1,0.7003
davidlinden,@thesnp,mention,1,0.0
davidlinden,davidlinden,mention,1,0.69
davidlinden,gussyjackson,mention,1,0.0
davidlinden,ianblackfordmp,mention,1,0.0
davidlinden,lindsayhoyle_mp,mention,1,0.7003
davidlinden,thesnp,mention,1,0.0
dawnbutlerbrent,5wrightstuff,mention,1,0.9382
dawnbutlerbrent,@5wrightstuff,mention,1,0.9382
dawnbutlerbrent,@brentcyounglab,mention,1,0.9128
dawnbutlerbrent,@carolynharris24,mention,1,0.9128
dawnbutlerbrent,@chrisstephens,mention,1,0.0
dawnbutlerbrent,@davidlinden,mention,1,0.0
dawnbutlerbrent,@dawnbutlerbrent,mention,3,0.617
dawnbutlerbrent,@dawnbutlerbrent’s,mention,1,0.9128
dawnbutlerbrent,@drewhendrysnp,mention,1,0.0
dawnbutlerbrent,@ianlaverymp,mention,1,0.9128
dawnbutlerbrent,@ianmearnsmp,mention,1,0.0
dawnbutlerbrent,@itnproductions,mention,1,0.9382
dawnbutlerbrent,@jimforcovsouth,mention,1,0.0
dawnbutlerbrent,@jimfromoldham,mention,1,0.0
dawnbutlerbrent,@justinegreening,mention,1,-0.5574
dawnbutlerbrent,@kateosamor,mention,1,0.9128
dawnbutlerbrent,@kirstysnp,mention,1,0.0
dawnbutlerbrent,@laurapidcockmp,mention,1,0.0
dawnbutlerbrent,@lintonajs,mention,1,0.9128
dawnbutlerbrent,@lowri_turner,mention,1,0.9382
dawnbutlerbrent,@michaelrosenyes,mention,1,0.9382
dawnbutlerbrent,@murraylyoung,mention,1,0.9382
dawnbutlerbrent,@sarahchampionmp,mention,1,0.0
dawnbutlerbrent,@soodabehb,mention,1,0.9128
dawnbutlerbrent,@stellacreasy,mention,1,0.0
dawnbutlerbrent,@tvkev,mention,1,0.9382
dawnbutlerbrent,brentcyounglab,mention,1,0.9128
dawnbutlerbrent,carolynharris24,mention,1,0.9128
dawnbutlerbrent,chrisstephens,mention,1,0.0
dawnbutlerbrent,davidlinden,mention,1,0.0
dawnbutlerbrent,dawnbutlerbrent,mention,3,0.617
dawnbutlerbrent,drewhendrysnp,mention,1,0.0
dawnbutlerbrent,ianlaverymp,mention,1,0.9128
dawnbutlerbrent,ianmearnsmp,mention,1,0.0
dawnbutlerbrent,itnproductions,mention,1,0.9382
dawnbutlerbrent,jimforcovsouth,mention,1,0.0
dawnbutlerbrent,jimfromoldham,mention,1,0.0
dawnbutlerbrent,justinegreening,mention,1,-0.5574
dawnbutlerbrent,kateosamor,mention,1,0.9128
dawnbutlerbrent,kirstysnp,mention,1,0.0
dawnbutlerbrent,laurapidcockmp,mention,1,0.0
dawnbutlerbrent,lintonajs,mention,1,0.9128
dawnbutlerbrent,lowri_turner,mention,1,0.9382
dawnbutlerbrent,michaelrosenyes,mention,1,0.9382
dawnbutlerbrent,murraylyoung,mention,1,0.9382
dawnbutlerbrent,sarahchampionmp,mention,1,0.0
dawnbutlerbrent,soodabehb,mention,1,0.9128
dawnbutlerbrent,stellacreasy,mention,1,0.0
dawnbutlerbrent,tvkev,mention,1,0.9382
debbie_abrahams,22magoo,mention,1,0.296
debbie_abrahams,@22magoo,mention,1,0.296
debbie_abrahams,@davidgauke,mention,1,-0.8679
debbie_abrahams,@debbie_abrahams,mention,3,-0.17120000000000002
debbie_abrahams,@imajsaclaimant,mention,1,0.296
debbie_abrahams,@lordmvee,mention,1,-0.8679
debbie_abrahams,@marrshow,mention,1,-0.359
debbie_abrahams,@nigel_farage,mention,1,-0.359
debbie_abrahams,davidgauke,mention,1,-0.8679
debbie_abrahams,debbie_abrahams,mention,3,-0.17120000000000002
debbie_abrahams,imajsaclaimant,mention,1,0.296
debbie_abrahams,lordmvee,mention,1,-0.8679
debbie_abrahams,marrshow,mention,1,-0.359
debbie_abrahams,nigel_farage,mention,1,-0.359
deidrebrock,@artmaccarmaig,mention,1,0.6486
deidrebrock,@beathhigh,mention,1,0.85
deidrebrock,@brichaimbeul,mention,1,0.6486
deidrebrock,@ceitlinlrsmith,mention,1,0.6486
deidrebrock,@eilidhc_,mention,1,0.6486
deidrebrock,@ellmac93,mention,1,0.6486
deidrebrock,@jennyniv,mention,1,0.85
deidrebrock,@manranofficial,mention,1,0.6486
deidrebrock,@natlibscot,mention,1,0.85
deidrebrock,@ruairidhskye,mention,1,0.6486
deidrebrock,@scallyjj,mention,1,0.85
deidrebrock,@sianceol,mention,1,0.6486
deidrebrock,@socialbite_​'s,mention,1,-0.1984
deidrebrock,artmaccarmaig,mention,1,0.6486
deidrebrock,beathhigh,mention,1,0.85
deidrebrock,brichaimbeul,mention,1,0.6486
deidrebrock,ceitlinlrsmith,mention,1,0.6486
deidrebrock,eilidhc_,mention,1,0.6486
deidrebrock,ellmac93,mention,1,0.6486
deidrebrock,jennyniv,mention,1,0.85
deidrebrock,manranofficial,mention,1,0.6486
deidrebrock,natlibscot,mention,1,0.85
deidrebrock,ruairidhskye,mention,1,0.6486
deidrebrock,scallyjj,mention,1,0.85
deidrebrock,sianceol,mention,1,0.6486
deidrebrock,socialbite_,mention,1,-0.1984
derbychrisw,@aspirecharity,mention,1,0.4199
derbychrisw,@jeremycorbyn,mention,1,0.802
derbychrisw,@paddybriggs,mention,1,0.6542
derbychrisw,aspirecharity,mention,1,0.4199
derbychrisw,jeremycorbyn,mention,1,0.802
derbychrisw,paddybriggs,mention,1,0.6542
dianajohnsonmp,2017hull,mention,1,0.8316
dianajohnsonmp,@2017hull,mention,1,0.8316
dianajohnsonmp,@borisjohnson.,mention,1,-0.3612
dianajohnsonmp,@conservatives,mention,1,0.3818
dianajohnsonmp,@funmusicuk,mention,1,0.6597
dianajohnsonmp,@hullferens,mention,1,0.8316
dianajohnsonmp,@rosiemillard,mention,1,0.8316
dianajohnsonmp,borisjohnson,mention,1,-0.3612
dianajohnsonmp,conservatives,mention,1,0.3818
dianajohnsonmp,funmusicuk,mention,1,0.6597
dianajohnsonmp,hullferens,mention,1,0.8316
dianajohnsonmp,rosiemillard,mention,1,0.8316
dlidington,@buckstv,mention,1,0.0
dlidington,@grovetheatre,mention,1,0.0
dlidington,@mktheatre,mention,1,0.0
dlidington,@queensparkarts,mention,1,0.0
dlidington,@royalderngate,mention,1,0.0
dlidington,@telegraphsci,mention,1,0.7964
dlidington,@thewaterside1,mention,1,0.0
dlidington,@wycombeswan,mention,1,0.0
dlidington,buckstv,mention,1,0.0
dlidington,grovetheatre,mention,1,0.0
dlidington,mktheatre,mention,1,0.0
dlidington,queensparkarts,mention,1,0.0
dlidington,royalderngate,mention,1,0.0
dlidington,telegraphsci,mention,1,0.7964
dlidington,thewaterside1,mention,1,0.0
dlidington,wycombeswan,mention,1,0.0
dominicraab,@conservatives,mention,2,0.57205
dominicraab,@education.gov.uk,mention,1,0.4404
dominicraab,@hershamhub,mention,1,0.7549
dominicraab,@theresa_may:,mention,1,0.0
dominicraab,@zacgoldsmith,mention,1,0.3182
dominicraab,conservatives,mention,2,0.57205
dominicraab,education,mention,1,0.4404
dominicraab,hershamhub,mention,1,0.7549
dominicraab,theresa_may,mention,1,0.0
dominicraab,zacgoldsmith,mention,1,0.3182
dougchapmansnp,@derekmackaysnp,mention,1,0.6597
dougchapmansnp,@dougchapmansnp,mention,1,0.8481
dougchapmansnp,@joannaccherry,mention,1,-0.2542
dougchapmansnp,@kenquinn71,mention,1,0.8481
dougchapmansnp,@lynne_garvey,mention,1,0.8481
dougchapmansnp,@nhsfife,mention,1,0.8481
dougchapmansnp,@nickyconnorfife,mention,1,0.8481
dougchapmansnp,@nicolasturgeon,mention,1,0.6597
dougchapmansnp,@s_a_somerville,mention,1,0.8481
dougchapmansnp,@scripture36,mention,1,-0.2542
dougchapmansnp,derekmackaysnp,mention,1,0.6597
dougchapmansnp,dougchapmansnp,mention,1,0.8481
dougchapmansnp,joannaccherry,mention,1,-0.2542
dougchapmansnp,kenquinn71,mention,1,0.8481
dougchapmansnp,lynne_garvey,mention,1,0.8481
dougchapmansnp,nhsfife,mention,1,0.8481
dougchapmansnp,nickyconnorfife,mention,1,0.8481
dougchapmansnp,nicolasturgeon,mention,1,0.6597
dougchapmansnp,s_a_somerville,mention,1,0.8481
dougchapmansnp,scripture36,mention,1,-0.2542
douglas4moray,@aberlourvc,mention,1,0.6696
douglas4moray,@dajcameron,mention,1,0.0
douglas4moray,@douglas4moray,mention,1,0.6696
douglas4moray,@morayeconomy,mention,1,0.4199
douglas4moray,@scottories,mention,1,0.6696
douglas4moray,@themoraycouncil,mention,1,0.4199
douglas4moray,@ukgovscotland,mention,1,0.6696
douglas4moray,aberlourvc,mention,1,0.6696
douglas4moray,dajcameron,mention,1,0.0
douglas4moray,douglas4moray,mention,1,0.6696
douglas4moray,morayeconomy,mention,1,0.4199
douglas4moray,scottories,mention,1,0.6696
douglas4moray,themoraycouncil,mention,1,0.4199
douglas4moray,ukgovscotland,mention,1,0.6696
dr_philippaw,@agcolehamilton,mention,1,0.7351
dr_philippaw,@angelarayner,mention,1,0.4303
dr_philippaw,@anggallacher,mention,1,-0.1027
dr_philippaw,@askjeeveswij,mention,1,0.636
dr_philippaw,@bbclookeast,mention,1,-0.5423
dr_philippaw,@bloodypolitics,mention,1,-0.1027
dr_philippaw,@bma_juniordocs,mention,1,0.636
dr_philippaw,@bma_ni,mention,1,0.636
dr_philippaw,@bmacymru,mention,1,0.636
dr_philippaw,@bmafoundationmr,mention,1,0.636
dr_philippaw,@bmascotland,mention,1,0.636
dr_philippaw,@bmastudents,mention,1,0.636
dr_philippaw,@brendanoharasnp,mention,1,-0.5423
dr_philippaw,@britainelects,mention,1,0.0
dr_philippaw,@celestite66,mention,1,0.4303
dr_philippaw,@citzgirl,mention,1,0.4303
dr_philippaw,@cnagpaul,mention,1,0.636
dr_philippaw,@davidlinden,mention,1,-0.5423
dr_philippaw,@davieclegg,mention,1,0.0
dr_philippaw,@dcms,mention,1,-0.5423
dr_philippaw,@dr_philippaw,mention,5,0.19468000000000002
dr_philippaw,@duponline,mention,1,0.2598
dr_philippaw,@harrydecarter,mention,1,0.636
dr_philippaw,@johnrentoul,mention,1,0.0
dr_philippaw,@ladyhermonmp,mention,1,0.2598
dr_philippaw,@leftlost_pltcs,mention,1,0.2598
dr_philippaw,@mtm19311,mention,1,0.0
dr_philippaw,@nyebevannews,mention,1,-0.5504
dr_philippaw,@rachlittlewood,mention,1,0.4303
dr_philippaw,@rbs,mention,1,-0.7612
dr_philippaw,@ruthdavidsonmsp,mention,1,0.872
dr_philippaw,@scottories,mention,3,-0.35633333333333334
dr_philippaw,@sjamcbride,mention,1,0.2598
dr_philippaw,@snpsoosie,mention,1,0.5411
dr_philippaw,@survation,mention,1,0.0
dr_philippaw,@thebma,mention,1,0.636
dr_philippaw,@thequentinletts,mention,1,0.0
dr_philippaw,@tombeckett2285,mention,1,0.0
dr_philippaw,@tommysheppard,mention,1,0.5267
dr_philippaw,@wearesfgh,mention,1,0.7955
dr_philippaw,agcolehamilton,mention,1,0.7351
dr_philippaw,angelarayner,mention,1,0.4303
dr_philippaw,anggallacher,mention,1,-0.1027
dr_philippaw,askjeeveswij,mention,1,0.636
dr_philippaw,bbclookeast,mention,1,-0.5423
dr_philippaw,bloodypolitics,mention,1,-0.1027
dr_philippaw,bma_juniordocs,mention,1,0.636
dr_philippaw,bma_ni,mention,1,0.636
dr_philippaw,bmacymru,mention,1,0.636
dr_philippaw,bmafoundationmr,mention,1,0.636
dr_philippaw,bmascotland,mention,1,0.636
dr_philippaw,bmastudents,mention,1,0.636
dr_philippaw,brendanoharasnp,mention,1,-0.5423
dr_philippaw,britainelects,mention,1,0.0
dr_philippaw,celestite66,mention,1,0.4303
dr_philippaw,citzgirl,mention,1,0.4303
dr_philippaw,cnagpaul,mention,1,0.636
dr_philippaw,davidlinden,mention,1,-0.5423
dr_philippaw,davieclegg,mention,1,0.0
dr_philippaw,dcms,mention,1,-0.5423
dr_philippaw,dr_philippaw,mention,5,0.19468000000000002
dr_philippaw,duponline,mention,1,0.2598
dr_philippaw,harrydecarter,mention,1,0.636
dr_philippaw,johnrentoul,mention,1,0.0
dr_philippaw,ladyhermonmp,mention,1,0.2598
dr_philippaw,leftlost_pltcs,mention,1,0.2598
dr_philippaw,mtm19311,mention,1,0.0
dr_philippaw,nyebevannews,mention,1,-0.5504
dr_philippaw,rachlittlewood,mention,1,0.4303
dr_philippaw,rbs,mention,1,-0.7612
dr_philippaw,ruthdavidsonmsp,mention,1,0.872
dr_philippaw,scottories,mention,3,-0.35633333333333334
dr_philippaw,sjamcbride,mention,1,0.2598
dr_philippaw,snpsoosie,mention,1,0.5411
dr_philippaw,survation,mention,1,0.0
dr_philippaw,thebma,mention,1,0.636
dr_philippaw,thequentinletts,mention,1,0.0
dr_philippaw,tombeckett2285,mention,1,0.0
dr_philippaw,tommysheppard,mention,1,0.5267
dr_philippaw,wearesfgh,mention,1,0.7955
drewhendrysnp,@bbcjamescook,mention,1,0.4019
drewhendrysnp,@dickwinchester,mention,1,0.0
drewhendrysnp,@fergusewingmsp,mention,1,-0.1027
drewhendrysnp,@judithralston,mention,1,0.0
drewhendrysnp,@nicolamcalley,mention,1,0.0
drewhendrysnp,@richardlochhead,mention,1,0.4404
drewhendrysnp,@ripoffsurcharge,mention,1,0.4404
drewhendrysnp,@theresa_may,mention,2,-0.18860000000000002
drewhendrysnp,bbcjamescook,mention,1,0.4019
drewhendrysnp,dickwinchester,mention,1,0.0
drewhendrysnp,fergusewingmsp,mention,1,-0.1027
drewhendrysnp,judithralston,mention,1,0.0
drewhendrysnp,nicolamcalley,mention,1,0.0
drewhendrysnp,richardlochhead,mention,1,0.4404
drewhendrysnp,ripoffsurcharge,mention,1,0.4404
drewhendrysnp,theresa_may,mention,2,-0.18860000000000002
drlisacameronmp,2ndek_bb,mention,1,0.8883
drlisacameronmp,@2ndek_bb,mention,1,0.8883
drlisacameronmp,@cariadcampaign,mention,1,0.6249
drlisacameronmp,@carolinelucas,mention,1,0.6249
drlisacameronmp,@carriesymonds,mention,1,0.8581
drlisacameronmp,@chrisdaviesmp,mention,1,0.6249
drlisacameronmp,@dogstrust,mention,1,0.6249
drlisacameronmp,@drlisacameronmp,mention,3,0.7066333333333333
drlisacameronmp,@jamesduddridge,mention,1,0.6369
drlisacameronmp,@jimshannonmp,mention,1,0.6369
drlisacameronmp,@lucy_cavalier,mention,1,0.6249
drlisacameronmp,@marcthevet,mention,1,0.6249
drlisacameronmp,@michaelgove,mention,2,0.7415
drlisacameronmp,@protect_wldlife,mention,1,0.6249
drlisacameronmp,@sarahmillican75,mention,1,0.6249
drlisacameronmp,@socialbite_,mention,1,0.6696
drlisacameronmp,@suehayman1,mention,1,0.6249
drlisacameronmp,@sueperkins,mention,1,0.6249
drlisacameronmp,@victorias,mention,1,0.6249
drlisacameronmp,@zacgoldsmith,mention,1,0.8581
drlisacameronmp,cariadcampaign,mention,1,0.6249
drlisacameronmp,carolinelucas,mention,1,0.6249
drlisacameronmp,carriesymonds,mention,1,0.8581
drlisacameronmp,chrisdaviesmp,mention,1,0.6249
drlisacameronmp,dogstrust,mention,1,0.6249
drlisacameronmp,drlisacameronmp,mention,3,0.7066333333333333
drlisacameronmp,jamesduddridge,mention,1,0.6369
drlisacameronmp,jimshannonmp,mention,1,0.6369
drlisacameronmp,lucy_cavalier,mention,1,0.6249
drlisacameronmp,marcthevet,mention,1,0.6249
drlisacameronmp,michaelgove,mention,2,0.7415
drlisacameronmp,protect_wldlife,mention,1,0.6249
drlisacameronmp,sarahmillican75,mention,1,0.6249
drlisacameronmp,socialbite_,mention,1,0.6696
drlisacameronmp,suehayman1,mention,1,0.6249
drlisacameronmp,sueperkins,mention,1,0.6249
drlisacameronmp,victorias,mention,1,0.6249
drlisacameronmp,zacgoldsmith,mention,1,0.8581
drrosena,@bpi_music,mention,1,0.9081
drrosena,@bwmarkettooting,mention,1,0.8774
drrosena,@cllrandygibbons,mention,1,0.7351
drrosena,@deelicious_nk,mention,1,0.8774
drrosena,@drrosena,mention,3,0.5477333333333333
drrosena,@mrtomgray,mention,1,0.9081
drrosena,@nadineshah,mention,1,0.9081
drrosena,@officialtmufc,mention,1,0.7351
drrosena,@prsformusic,mention,1,0.9081
drrosena,@the_mpa,mention,1,0.9081
drrosena,@tom_watson,mention,1,0.9081
drrosena,@tootinglabour,mention,1,0.872
drrosena,@tootingprss,mention,1,0.7351
drrosena,bpi_music,mention,1,0.9081
drrosena,bwmarkettooting,mention,1,0.8774
drrosena,cllrandygibbons,mention,1,0.7351
drrosena,deelicious_nk,mention,1,0.8774
drrosena,drrosena,mention,3,0.5477333333333333
drrosena,mrtomgray,mention,1,0.9081
drrosena,nadineshah,mention,1,0.9081
drrosena,officialtmufc,mention,1,0.7351
drrosena,prsformusic,mention,1,0.9081
drrosena,the_mpa,mention,1,0.9081
drrosena,tom_watson,mention,1,0.9081
drrosena,tootinglabour,mention,1,0.872
drrosena,tootingprss,mention,1,0.7351
eastantrimmp,@telegraphnews,mention,1,0.4215
eastantrimmp,telegraphnews,mention,1,0.4215
ed_miliband,@cheerfulpodcast,mention,1,0.7096
ed_miliband,@cronusspidermod,mention,1,0.6369
ed_miliband,@rhianbrewster9,mention,1,-0.2748
ed_miliband,@tracey_crouch.,mention,1,-0.2748
ed_miliband,cheerfulpodcast,mention,1,0.7096
ed_miliband,cronusspidermod,mention,1,0.6369
ed_miliband,rhianbrewster9,mention,1,-0.2748
ed_miliband,tracey_crouch,mention,1,-0.2748
eddiehughes4wn,@aloksharma_rdg,mention,1,0.4404
eddiehughes4wn,@lnrailway,mention,1,0.3612
eddiehughes4wn,@metofficeuk”,mention,1,-0.34
eddiehughes4wn,@westmidrailway,mention,1,0.3612
eddiehughes4wn,aloksharma_rdg,mention,1,0.4404
eddiehughes4wn,lnrailway,mention,1,0.3612
eddiehughes4wn,metofficeuk,mention,1,-0.34
eddiehughes4wn,westmidrailway,mention,1,0.3612
edvaizey,@conservatives,mention,1,0.7906
edvaizey,@edvaizey,mention,1,0.9402
edvaizey,@kas_wantage,mention,1,0.9402
edvaizey,@sajidjavid,mention,1,0.5106
edvaizey,@spellar,mention,1,0.5106
edvaizey,@ukspaceacademy.,mention,1,0.9402
edvaizey,conservatives,mention,1,0.7906
edvaizey,edvaizey,mention,1,0.9402
edvaizey,kas_wantage,mention,1,0.9402
edvaizey,sajidjavid,mention,1,0.5106
edvaizey,spellar,mention,1,0.5106
edvaizey,ukspaceacademy,mention,1,0.9402
edwardjdavey,@aliceyarr,mention,1,0.0
edwardjdavey,@movieblort,mention,1,-0.5228
edwardjdavey,@nhsdigital,mention,1,0.6808
edwardjdavey,aliceyarr,mention,1,0.0
edwardjdavey,movieblort,mention,1,-0.5228
edwardjdavey,nhsdigital,mention,1,0.6808
emilythornberry,@rosieduffield1,mention,1,0.0
emilythornberry,rosieduffield1,mention,1,0.0
emmadentcoad,@guardian:,mention,1,-0.1511
emmadentcoad,@uklabour,mention,1,-0.1511
emmadentcoad,guardian,mention,1,-0.1511
emmadentcoad,uklabour,mention,1,-0.1511
emmaereynolds,@lindsayhoyle_mp,mention,1,0.228
emmaereynolds,lindsayhoyle_mp,mention,1,0.228
emmahardymp,@@halfon4harlowmp,mention,1,0.0
emmahardymp,@bambosmp,mention,1,0.4404
emmahardymp,@bbcpanorama,mention,1,-0.7003
emmahardymp,@bill_esterson,mention,1,0.6124
emmahardymp,@carter6d's,mention,1,0.5423
emmahardymp,@daviddavismp,mention,1,0.0
emmahardymp,@dianajohnsonmp,mention,1,-0.1154
emmahardymp,@emmahardymp,mention,4,-0.402825
emmahardymp,@emmakennytv,mention,1,0.6124
emmahardymp,@fibroidnetwork,mention,2,-0.04394999999999999
emmahardymp,@halfon4harlowmp,mention,1,0.5423
emmahardymp,@harriet1marsden,mention,1,0.6124
emmahardymp,@ianmearnsmp,mention,1,0.4404
emmahardymp,@ictevangelist,mention,1,0.0
emmahardymp,@jamesfrith,mention,1,0.0
emmahardymp,@jennychapman,mention,1,0.7184
emmahardymp,@jessphillips,mention,1,0.4404
emmahardymp,@juflag,mention,1,0.6124
emmahardymp,@keir_starmer,mention,1,0.7184
emmahardymp,@kenzeroharm,mention,2,-0.04394999999999999
emmahardymp,@laurapidcockmp,mention,1,0.4404
emmahardymp,@lucyallan,mention,1,0.0
emmahardymp,@lucympowell,mention,1,0.0
emmahardymp,@marionfellows,mention,1,0.0
emmahardymp,@marrshow,mention,1,0.0
emmahardymp,@mblacey,mention,2,-0.04394999999999999
emmahardymp,@meshcampaign,mention,1,0.6124
emmahardymp,@mtpennycook,mention,1,0.7184
emmahardymp,@owensmith_mp,mention,1,-0.1531
emmahardymp,@paulblomfieldmp,mention,1,0.7184
emmahardymp,@peter_dowd,mention,1,0.6124
emmahardymp,@rachaelmaskell,mention,1,0.4404
emmahardymp,@sandyofipswich,mention,1,0.4404
emmahardymp,@sharonhodgsonmp,mention,1,-0.7003
emmahardymp,@suehayman1,mention,1,-0.4588
emmahardymp,@swemeshsupport,mention,1,0.6124
emmahardymp,@tandhesi,mention,1,0.4404
emmahardymp,@thelma_walkermp,mention,1,0.4404
emmahardymp,bambosmp,mention,1,0.4404
emmahardymp,bbcpanorama,mention,1,-0.7003
emmahardymp,bill_esterson,mention,1,0.6124
emmahardymp,carter6d,mention,1,0.5423
emmahardymp,daviddavismp,mention,1,0.0
emmahardymp,dianajohnsonmp,mention,1,-0.1154
emmahardymp,emmahardymp,mention,4,-0.402825
emmahardymp,emmakennytv,mention,1,0.6124
emmahardymp,fibroidnetwork,mention,2,-0.04394999999999999
emmahardymp,halfon4harlowmp,mention,2,0.27115
emmahardymp,harriet1marsden,mention,1,0.6124
emmahardymp,ianmearnsmp,mention,1,0.4404
emmahardymp,ictevangelist,mention,1,0.0
emmahardymp,jamesfrith,mention,1,0.0
emmahardymp,jennychapman,mention,1,0.7184
emmahardymp,jessphillips,mention,1,0.4404
emmahardymp,juflag,mention,1,0.6124
emmahardymp,keir_starmer,mention,1,0.7184
emmahardymp,kenzeroharm,mention,2,-0.04394999999999999
emmahardymp,laurapidcockmp,mention,1,0.4404
emmahardymp,lucyallan,mention,1,0.0
emmahardymp,lucympowell,mention,1,0.0
emmahardymp,marionfellows,mention,1,0.0
emmahardymp,marrshow,mention,1,0.0
emmahardymp,mblacey,mention,2,-0.04394999999999999
emmahardymp,meshcampaign,mention,1,0.6124
emmahardymp,mtpennycook,mention,1,0.7184
emmahardymp,owensmith_mp,mention,1,-0.1531
emmahardymp,paulblomfieldmp,mention,1,0.7184
emmahardymp,peter_dowd,mention,1,0.6124
emmahardymp,rachaelmaskell,mention,1,0.4404
emmahardymp,sandyofipswich,mention,1,0.4404
emmahardymp,sharonhodgsonmp,mention,1,-0.7003
emmahardymp,suehayman1,mention,1,-0.4588
emmahardymp,swemeshsupport,mention,1,0.6124
emmahardymp,tandhesi,mention,1,0.4404
emmahardymp,thelma_walkermp,mention,1,0.4404
emmalewellbuck,@alewermbe,mention,1,-0.0258
emmalewellbuck,@angelarayner,mention,1,0.0
emmalewellbuck,@annietrev,mention,1,0.8519
emmalewellbuck,@carilliongov,mention,1,0.8519
emmalewellbuck,@daveandersonmp,mention,1,0.8519
emmalewellbuck,@dimayray,mention,1,0.0
emmalewellbuck,@emmalewellbuck,mention,7,0.4429571428571428
emmalewellbuck,@emmalewellbuck's,mention,1,-0.0258
emmalewellbuck,@forwardassist1,mention,1,0.8519
emmalewellbuck,@glindonmary,mention,1,0.8519
emmalewellbuck,@gmbcampaigns,mention,1,0.0
emmalewellbuck,@houseofcommons,mention,1,0.8519
emmalewellbuck,@jasongroves,mention,1,0.8519
emmalewellbuck,@lisanandy,mention,1,0.0
emmalewellbuck,@marshglobal,mention,1,0.8519
emmalewellbuck,@mirrorpolitics,mention,1,0.0
emmalewellbuck,@rharrisongmb,mention,1,0.0
emmalewellbuck,@savesthospital,mention,3,0.4537333333333333
emmalewellbuck,@sdsdriller,mention,1,0.0
emmalewellbuck,@thelma_walkermp,mention,1,0.0
emmalewellbuck,@tracybrabin,mention,1,0.0
emmalewellbuck,alewermbe,mention,1,-0.0258
emmalewellbuck,angelarayner,mention,1,0.0
emmalewellbuck,annietrev,mention,1,0.8519
emmalewellbuck,carilliongov,mention,1,0.8519
emmalewellbuck,daveandersonmp,mention,1,0.8519
emmalewellbuck,dimayray,mention,1,0.0
emmalewellbuck,emmalewellbuck,mention,8,0.3843625
emmalewellbuck,forwardassist1,mention,1,0.8519
emmalewellbuck,glindonmary,mention,1,0.8519
emmalewellbuck,gmbcampaigns,mention,1,0.0
emmalewellbuck,houseofcommons,mention,1,0.8519
emmalewellbuck,jasongroves,mention,1,0.8519
emmalewellbuck,lisanandy,mention,1,0.0
emmalewellbuck,marshglobal,mention,1,0.8519
emmalewellbuck,mirrorpolitics,mention,1,0.0
emmalewellbuck,rharrisongmb,mention,1,0.0
emmalewellbuck,savesthospital,mention,3,0.4537333333333333
emmalewellbuck,sdsdriller,mention,1,0.0
emmalewellbuck,thelma_walkermp,mention,1,0.0
emmalewellbuck,tracybrabin,mention,1,0.0
fabianleedsne,@jeremycorbyn,mention,1,0.4215
fabianleedsne,@labourlist,mention,1,0.0
fabianleedsne,jeremycorbyn,mention,1,0.4215
fabianleedsne,labourlist,mention,1,0.0
fiona_onasanya,@grahamemorris,mention,1,0.89
fiona_onasanya,@guyopperman,mention,1,0.89
fiona_onasanya,grahamemorris,mention,1,0.89
fiona_onasanya,guyopperman,mention,1,0.89
fitz_xmp,@emmahardymp,mention,1,0.3612
fitz_xmp,@faisalrashid6,mention,1,0.3612
fitz_xmp,@fitzmp,mention,1,0.3612
fitz_xmp,@justinmadders,mention,1,0.3612
fitz_xmp,@lkpleasehold,mention,1,0.3612
fitz_xmp,@trusselltrust,mention,1,-0.34
fitz_xmp,emmahardymp,mention,1,0.3612
fitz_xmp,faisalrashid6,mention,1,0.3612
fitz_xmp,fitzmp,mention,1,0.3612
fitz_xmp,justinmadders,mention,1,0.3612
fitz_xmp,lkpleasehold,mention,1,0.3612
fitz_xmp,trusselltrust,mention,1,-0.34
gareth_snell,@byportmeirion,mention,1,0.7934
gareth_snell,@ceramfed:,mention,1,0.7934
gareth_snell,@dcms,mention,1,0.0
gareth_snell,@emmabridgewater,mention,1,0.7934
gareth_snell,@peterward09,mention,1,0.0
gareth_snell,byportmeirion,mention,1,0.7934
gareth_snell,ceramfed,mention,1,0.7934
gareth_snell,dcms,mention,1,0.0
gareth_snell,emmabridgewater,mention,1,0.7934
gareth_snell,peterward09,mention,1,0.0
gareththomasmp,@coopparty,mention,1,0.0
gareththomasmp,@dighesj,mention,1,0.0
gareththomasmp,@gavinshuker,mention,1,0.0
gareththomasmp,@kateosamor,mention,1,0.0
gareththomasmp,@mikegapes,mention,1,0.0
gareththomasmp,@sdoughtymp,mention,1,0.0
gareththomasmp,@theresa_may’s,mention,1,0.128
gareththomasmp,@uklabour,mention,1,0.0
gareththomasmp,coopparty,mention,1,0.0
gareththomasmp,dighesj,mention,1,0.0
gareththomasmp,gavinshuker,mention,1,0.0
gareththomasmp,kateosamor,mention,1,0.0
gareththomasmp,mikegapes,mention,1,0.0
gareththomasmp,sdoughtymp,mention,1,0.0
gareththomasmp,theresa_may,mention,1,0.128
gareththomasmp,uklabour,mention,1,0.0
garystreeterswd,@appgswrail,mention,1,0.7906
garystreeterswd,@swrailtaskforce,mention,1,0.7906
garystreeterswd,appgswrail,mention,1,0.7906
garystreeterswd,swrailtaskforce,mention,1,0.7906
gavnewlandssnp,7sinzmcc,mention,1,0.3254
gavnewlandssnp,@7sinzmcc,mention,1,0.3254
gavnewlandssnp,@biamcc,mention,1,0.3254
gavnewlandssnp,@buses_mcgills,mention,1,0.3254
gavnewlandssnp,@cleanupscotland,mention,1,0.4404
gavnewlandssnp,@derekmackaysnp,mention,1,0.4404
gavnewlandssnp,@ducatiglasgow,mention,1,0.3254
gavnewlandssnp,@engagenews1,mention,1,0.8928
gavnewlandssnp,@erskine1916,mention,1,0.3254
gavnewlandssnp,@gavnewlandssnp,mention,2,0.3829
gavnewlandssnp,@glasgowwarriors,mention,1,0.0
gavnewlandssnp,@johnstonepolice,mention,2,0.3829
gavnewlandssnp,@keithbrownsnp,mention,1,0.3254
gavnewlandssnp,@ksbscotland,mention,1,0.4404
gavnewlandssnp,@motivator_miche,mention,1,0.4404
gavnewlandssnp,@nataliedon89,mention,1,0.4404
gavnewlandssnp,@paisley2021,mention,1,0.8928
gavnewlandssnp,@provostcameron,mention,1,0.4404
gavnewlandssnp,@rencouncilnews,mention,1,0.4404
gavnewlandssnp,@rideltd,mention,1,0.3254
gavnewlandssnp,@starprojpaisley,mention,1,0.8928
gavnewlandssnp,@toniaantoniazzi,mention,1,0.6239
gavnewlandssnp,@triumphglasgow,mention,1,0.3254
gavnewlandssnp,@westcoasthd,mention,1,0.3254
gavnewlandssnp,@whiteribbonscot,mention,1,0.0
gavnewlandssnp,@williegeemcc,mention,1,0.3254
gavnewlandssnp,biamcc,mention,1,0.3254
gavnewlandssnp,buses_mcgills,mention,1,0.3254
gavnewlandssnp,cleanupscotland,mention,1,0.4404
gavnewlandssnp,derekmackaysnp,mention,1,0.4404
gavnewlandssnp,ducatiglasgow,mention,1,0.3254
gavnewlandssnp,engagenews1,mention,1,0.8928
gavnewlandssnp,erskine1916,mention,1,0.3254
gavnewlandssnp,gavnewlandssnp,mention,2,0.3829
gavnewlandssnp,glasgowwarriors,mention,1,0.0
gavnewlandssnp,johnstonepolice,mention,2,0.3829
gavnewlandssnp,keithbrownsnp,mention,1,0.3254
gavnewlandssnp,ksbscotland,mention,1,0.4404
gavnewlandssnp,motivator_miche,mention,1,0.4404
gavnewlandssnp,nataliedon89,mention,1,0.4404
gavnewlandssnp,paisley2021,mention,1,0.8928
gavnewlandssnp,provostcameron,mention,1,0.4404
gavnewlandssnp,rencouncilnews,mention,1,0.4404
gavnewlandssnp,rideltd,mention,1,0.3254
gavnewlandssnp,starprojpaisley,mention,1,0.8928
gavnewlandssnp,toniaantoniazzi,mention,1,0.6239
gavnewlandssnp,triumphglasgow,mention,1,0.3254
gavnewlandssnp,westcoasthd,mention,1,0.3254
gavnewlandssnp,whiteribbonscot,mention,1,0.0
gavnewlandssnp,williegeemcc,mention,1,0.3254
gedk,@carolineflintmp,mention,1,-0.7476
gedk,@hackneyabbott,mention,1,0.5719
gedk,@labourrichard,mention,1,0.7964
gedk,@samaritans,mention,1,0.8316
gedk,@scotmid,mention,1,0.8316
gedk,@scottishlabour,mention,1,0.7964
gedk,@ukparliament,mention,1,-0.2023
gedk,carolineflintmp,mention,1,-0.7476
gedk,hackneyabbott,mention,1,0.5719
gedk,labourrichard,mention,1,0.7964
gedk,samaritans,mention,1,0.8316
gedk,scotmid,mention,1,0.8316
gedk,scottishlabour,mention,1,0.7964
gedk,ukparliament,mention,1,-0.2023
georgefreemanmp,@amberruddhr:,mention,1,0.5423
georgefreemanmp,@baronessjenkin,mention,1,0.5106
georgefreemanmp,@bernardjenkin,mention,1,0.8807
georgefreemanmp,@conservativepf,mention,1,0.0
georgefreemanmp,@dollytheis,mention,1,0.5106
georgefreemanmp,@edwarddaviescsj,mention,1,0.5106
georgefreemanmp,@ericvanderburg,mention,1,0.5106
georgefreemanmp,@freeman_george:,mention,1,-0.8794
georgefreemanmp,@jamescracknell,mention,1,0.5106
georgefreemanmp,@politicshome,mention,1,0.0
georgefreemanmp,@zacgoldsmith,mention,1,0.5106
georgefreemanmp,amberruddhr,mention,1,0.5423
georgefreemanmp,baronessjenkin,mention,1,0.5106
georgefreemanmp,bernardjenkin,mention,1,0.8807
georgefreemanmp,conservativepf,mention,1,0.0
georgefreemanmp,dollytheis,mention,1,0.5106
georgefreemanmp,edwarddaviescsj,mention,1,0.5106
georgefreemanmp,ericvanderburg,mention,1,0.5106
georgefreemanmp,freeman_george,mention,1,-0.8794
georgefreemanmp,jamescracknell,mention,1,0.5106
georgefreemanmp,politicshome,mention,1,0.0
georgefreemanmp,zacgoldsmith,mention,1,0.5106
geraldjoneslab,@dawn_bowden,mention,1,0.9313
geraldjoneslab,@elunedstenner,mention,1,0.9313
geraldjoneslab,@geraldjoneslab,mention,2,0.88775
geraldjoneslab,@jeffcuthbert,mention,1,0.9313
geraldjoneslab,@merthyrtesco,mention,1,0.1386
geraldjoneslab,@nickhurduk,mention,1,-0.5106
geraldjoneslab,@onlyboysaloud,mention,1,0.8442
geraldjoneslab,@onlytimaloud,mention,1,0.8442
geraldjoneslab,@ons,mention,1,0.1779
geraldjoneslab,@primarywhite,mention,1,0.5574
geraldjoneslab,@safercaerphilly,mention,1,0.9313
geraldjoneslab,@upperrhymney,mention,1,0.9313
geraldjoneslab,@valleyschurch,mention,1,0.5574
geraldjoneslab,@youtube,mention,1,0.8442
geraldjoneslab,dawn_bowden,mention,1,0.9313
geraldjoneslab,elunedstenner,mention,1,0.9313
geraldjoneslab,geraldjoneslab,mention,2,0.88775
geraldjoneslab,jeffcuthbert,mention,1,0.9313
geraldjoneslab,merthyrtesco,mention,1,0.1386
geraldjoneslab,nickhurduk,mention,1,-0.5106
geraldjoneslab,onlyboysaloud,mention,1,0.8442
geraldjoneslab,onlytimaloud,mention,1,0.8442
geraldjoneslab,ons,mention,1,0.1779
geraldjoneslab,primarywhite,mention,1,0.5574
geraldjoneslab,safercaerphilly,mention,1,0.9313
geraldjoneslab,upperrhymney,mention,1,0.9313
geraldjoneslab,valleyschurch,mention,1,0.5574
geraldjoneslab,youtube,mention,1,0.8442
gileswatling,@carriesymonds,mention,1,0.5399
gileswatling,@conservatives,mention,1,0.5399
gileswatling,@frintonscorer,mention,1,0.2225
gileswatling,@lordfrinton,mention,1,0.2225
gileswatling,@wilesy999,mention,1,0.5399
gileswatling,carriesymonds,mention,1,0.5399
gileswatling,conservatives,mention,1,0.5399
gileswatling,frintonscorer,mention,1,0.2225
gileswatling,lordfrinton,mention,1,0.2225
gileswatling,wilesy999,mention,1,0.5399
gilliankeegan,@gilliankeegan,mention,1,0.7783
gilliankeegan,@tkatacademies,mention,1,0.7783
gilliankeegan,gilliankeegan,mention,1,0.7783
gilliankeegan,tkatacademies,mention,1,0.7783
gloriadepiero,@timesredbox,mention,1,0.5719
gloriadepiero,timesredbox,mention,1,0.5719
gordonmarsden,@ad_gmaintenance,mention,1,0.9064
gordonmarsden,@blackpoolcarers,mention,1,0.0
gordonmarsden,@blackpoolunltd,mention,1,0.9064
gordonmarsden,@circus250,mention,1,0.6588
gordonmarsden,@cllrluketaylor,mention,1,0.6588
gordonmarsden,@cllrmarksmith,mention,1,0.9064
gordonmarsden,@festival_learn,mention,1,0.802
gordonmarsden,@gordonmarsden,mention,1,0.9064
gordonmarsden,@grundyblackpool,mention,1,0.6588
gordonmarsden,@happy_creative,mention,1,0.9064
gordonmarsden,@hardmanmcneal,mention,1,0.9064
gordonmarsden,@jacquimorley,mention,1,0.9064
gordonmarsden,@lancashiremb,mention,1,0.9064
gordonmarsden,@learnworkuk,mention,1,0.802
gordonmarsden,@lesleyacrowe,mention,1,0.9064
gordonmarsden,@lindsayhoyle_mp,mention,1,0.9336
gordonmarsden,@livuni,mention,1,0.4939
gordonmarsden,@offigouk,mention,1,0.9064
gordonmarsden,@scubageoff,mention,1,0.9064
gordonmarsden,@thebclinic,mention,1,0.9064
gordonmarsden,@thebpltower,mention,1,0.6588
gordonmarsden,@ucu,mention,1,0.0258
gordonmarsden,@unistrathclyde,mention,1,0.4939
gordonmarsden,ad_gmaintenance,mention,1,0.9064
gordonmarsden,blackpoolcarers,mention,1,0.0
gordonmarsden,blackpoolunltd,mention,1,0.9064
gordonmarsden,circus250,mention,1,0.6588
gordonmarsden,cllrluketaylor,mention,1,0.6588
gordonmarsden,cllrmarksmith,mention,1,0.9064
gordonmarsden,festival_learn,mention,1,0.802
gordonmarsden,gordonmarsden,mention,1,0.9064
gordonmarsden,grundyblackpool,mention,1,0.6588
gordonmarsden,happy_creative,mention,1,0.9064
gordonmarsden,hardmanmcneal,mention,1,0.9064
gordonmarsden,jacquimorley,mention,1,0.9064
gordonmarsden,lancashiremb,mention,1,0.9064
gordonmarsden,learnworkuk,mention,1,0.802
gordonmarsden,lesleyacrowe,mention,1,0.9064
gordonmarsden,lindsayhoyle_mp,mention,1,0.9336
gordonmarsden,livuni,mention,1,0.4939
gordonmarsden,offigouk,mention,1,0.9064
gordonmarsden,scubageoff,mention,1,0.9064
gordonmarsden,thebclinic,mention,1,0.9064
gordonmarsden,thebpltower,mention,1,0.6588
gordonmarsden,ucu,mention,1,0.0258
gordonmarsden,unistrathclyde,mention,1,0.4939
gradysnp,@intdevalliance,mention,1,0.0
gradysnp,@sandidee25,mention,1,0.3182
gradysnp,intdevalliance,mention,1,0.0
gradysnp,sandidee25,mention,1,0.3182
grahamemorris,@bolsoverbeast,mention,1,0.8905
grahamemorris,bolsoverbeast,mention,1,0.8905
greghands,@andy4wm,mention,1,0.9353
greghands,@liamfox,mention,1,0.0
greghands,@thecgf,mention,1,0.9353
greghands,@wto,mention,1,0.0
greghands,andy4wm,mention,1,0.9353
greghands,liamfox,mention,1,0.0
greghands,thecgf,mention,1,0.9353
greghands,wto,mention,1,0.0
gutoaberconwy,@aluncairns,mention,1,0.8934
gutoaberconwy,@theresecoffey,mention,1,-0.5983
gutoaberconwy,aluncairns,mention,1,0.8934
gutoaberconwy,theresecoffey,mention,1,-0.5983
guyopperman,@floetry,mention,1,0.6696
guyopperman,@hmsqnlz.,mention,1,0.25
guyopperman,@mytimesplus,mention,1,0.6696
guyopperman,@royalnavy,mention,1,0.25
guyopperman,floetry,mention,1,0.6696
guyopperman,hmsqnlz,mention,1,0.25
guyopperman,mytimesplus,mention,1,0.6696
guyopperman,royalnavy,mention,1,0.25
gwynnemp,21lva,mention,1,0.0
gwynnemp,@21lva!!,mention,1,0.0
gwynnemp,@aguerosergiokun!!,mention,1,0.0
gwynnemp,@charityoars,mention,1,0.4939
gwynnemp,@eeren83,mention,1,0.4019
gwynnemp,@greglabour,mention,1,-0.4404
gwynnemp,@gwynnemp,mention,2,0.1365
gwynnemp,@haynesdeborah,mention,1,0.0
gwynnemp,@houseofcommons,mention,1,-0.4404
gwynnemp,@jon_trickett,mention,1,0.7351
gwynnemp,@lucianaberger,mention,1,0.4314
gwynnemp,@portsmouthcab.,mention,1,0.7042
gwynnemp,@pret,mention,1,0.8625
gwynnemp,@rlong_bailey,mention,1,0.7351
gwynnemp,@royalnavy,mention,1,0.0
gwynnemp,@sajidjavid,mention,2,0.27125
gwynnemp,@sarah_hayward,mention,1,0.2023
gwynnemp,@solent_waspi,mention,1,0.7042
gwynnemp,@southwarklabour,mention,1,-0.4404
gwynnemp,@stefanstern,mention,1,0.8625
gwynnemp,@tameside4good,mention,1,0.2263
gwynnemp,@tmbc_highways,mention,1,0.4926
gwynnemp,@waspi_campaign,mention,1,0.7042
gwynnemp,aguerosergiokun,mention,1,0.0
gwynnemp,charityoars,mention,1,0.4939
gwynnemp,eeren83,mention,1,0.4019
gwynnemp,greglabour,mention,1,-0.4404
gwynnemp,gwynnemp,mention,2,0.1365
gwynnemp,haynesdeborah,mention,1,0.0
gwynnemp,houseofcommons,mention,1,-0.4404
gwynnemp,jon_trickett,mention,1,0.7351
gwynnemp,lucianaberger,mention,1,0.4314
gwynnemp,portsmouthcab,mention,1,0.7042
gwynnemp,pret,mention,1,0.8625
gwynnemp,rlong_bailey,mention,1,0.7351
gwynnemp,royalnavy,mention,1,0.0
gwynnemp,sajidjavid,mention,2,0.27125
gwynnemp,sarah_hayward,mention,1,0.2023
gwynnemp,solent_waspi,mention,1,0.7042
gwynnemp,southwarklabour,mention,1,-0.4404
gwynnemp,stefanstern,mention,1,0.8625
gwynnemp,tameside4good,mention,1,0.2263
gwynnemp,tmbc_highways,mention,1,0.4926
gwynnemp,waspi_campaign,mention,1,0.7042
hackneyabbott,@hackneyabbott,mention,2,0.3548
hackneyabbott,@labourhometeam,mention,1,0.0
hackneyabbott,@police_now,mention,1,0.0
hackneyabbott,hackneyabbott,mention,2,0.3548
hackneyabbott,labourhometeam,mention,1,0.0
hackneyabbott,police_now,mention,1,0.0
halfon4harlowmp,@basildonhosp,mention,1,0.2023
halfon4harlowmp,@broomfieldnhs,mention,1,0.2023
halfon4harlowmp,@danny_wright,mention,1,0.3612
halfon4harlowmp,@halfon4harlowmp,mention,2,-0.24695
halfon4harlowmp,@hospicestclare,mention,1,0.8488
halfon4harlowmp,@houseofcommons,mention,1,0.0
halfon4harlowmp,@jeremy_hunt,mention,1,0.1548
halfon4harlowmp,@jrf_uk,mention,2,0.03340000000000001
halfon4harlowmp,@maithripalas,mention,1,0.4404
halfon4harlowmp,@southendnhs,mention,1,0.2023
halfon4harlowmp,@theresa_may,mention,1,0.743
halfon4harlowmp,@yorkshirepost,mention,1,0.5267
halfon4harlowmp,basildonhosp,mention,1,0.2023
halfon4harlowmp,broomfieldnhs,mention,1,0.2023
halfon4harlowmp,danny_wright,mention,1,0.3612
halfon4harlowmp,halfon4harlowmp,mention,2,-0.24695
halfon4harlowmp,hospicestclare,mention,1,0.8488
halfon4harlowmp,houseofcommons,mention,1,0.0
halfon4harlowmp,jeremy_hunt,mention,1,0.1548
halfon4harlowmp,jrf_uk,mention,2,0.03340000000000001
halfon4harlowmp,maithripalas,mention,1,0.4404
halfon4harlowmp,southendnhs,mention,1,0.2023
halfon4harlowmp,theresa_may,mention,1,0.743
halfon4harlowmp,yorkshirepost,mention,1,0.5267
hammersmithandy,@alanduncanmp,mention,1,-0.2755
hammersmithandy,@emmadentcoad,mention,1,0.6808
hammersmithandy,@equalcps,mention,1,0.765
hammersmithandy,@hammersmithandy,mention,3,0.41756666666666664
hammersmithandy,@matthewrycroft1,mention,1,0.7845
hammersmithandy,@rupahuq,mention,1,0.6808
hammersmithandy,@ruthcadbury,mention,1,0.6808
hammersmithandy,@talktogenesis,mention,1,0.8225
hammersmithandy,@virendrasharma,mention,1,0.6808
hammersmithandy,alanduncanmp,mention,1,-0.2755
hammersmithandy,emmadentcoad,mention,1,0.6808
hammersmithandy,equalcps,mention,1,0.765
hammersmithandy,hammersmithandy,mention,3,0.41756666666666664
hammersmithandy,matthewrycroft1,mention,1,0.7845
hammersmithandy,rupahuq,mention,1,0.6808
hammersmithandy,ruthcadbury,mention,1,0.6808
hammersmithandy,talktogenesis,mention,1,0.8225
hammersmithandy,virendrasharma,mention,1,0.6808
hannahb4livimp,@hannahb4livimp,mention,1,0.8268
hannahb4livimp,@hivscotland,mention,1,-0.4256
hannahb4livimp,@ivan_mckee:,mention,1,-0.4404
hannahb4livimp,@kateforbesmsp’s,mention,1,-0.6486
hannahb4livimp,@krls,mention,1,0.128
hannahb4livimp,@nicolasturgeon,mention,1,0.25
hannahb4livimp,@rbs’s,mention,1,-0.6486
hannahb4livimp,@rheawolfson,mention,1,0.8268
hannahb4livimp,@rnib,mention,1,0.9286
hannahb4livimp,@rnibscotland,mention,1,0.9286
hannahb4livimp,@scotparl,mention,1,-0.6486
hannahb4livimp,@scottr0gers,mention,1,0.8268
hannahb4livimp,@thewiffs,mention,1,0.9286
hannahb4livimp,@waverleycare,mention,1,-0.4256
hannahb4livimp,hannahb4livimp,mention,1,0.8268
hannahb4livimp,hivscotland,mention,1,-0.4256
hannahb4livimp,ivan_mckee,mention,1,-0.4404
hannahb4livimp,kateforbesmsp,mention,1,-0.6486
hannahb4livimp,krls,mention,1,0.128
hannahb4livimp,nicolasturgeon,mention,1,0.25
hannahb4livimp,rbs,mention,1,-0.6486
hannahb4livimp,rheawolfson,mention,1,0.8268
hannahb4livimp,rnib,mention,1,0.9286
hannahb4livimp,rnibscotland,mention,1,0.9286
hannahb4livimp,scotparl,mention,1,-0.6486
hannahb4livimp,scottr0gers,mention,1,0.8268
hannahb4livimp,thewiffs,mention,1,0.9286
hannahb4livimp,waverleycare,mention,1,-0.4256
harrietharman,@belloslinda,mention,1,0.5574
harrietharman,@harrietharman,mention,1,0.8591
harrietharman,@helencbelcher,mention,1,0.5574
harrietharman,@humanrightsctte,mention,1,0.8591
harrietharman,@janefae,mention,1,0.5574
harrietharman,@petertatchell,mention,1,0.5574
harrietharman,belloslinda,mention,1,0.5574
harrietharman,harrietharman,mention,1,0.8591
harrietharman,helencbelcher,mention,1,0.5574
harrietharman,humanrightsctte,mention,1,0.8591
harrietharman,janefae,mention,1,0.5574
harrietharman,petertatchell,mention,1,0.5574
hbaldwin,@hmsqnlz,mention,2,0.41565
hbaldwin,@royalnavy,mention,1,0.0
hbaldwin,hmsqnlz,mention,2,0.41565
hbaldwin,royalnavy,mention,1,0.0
heidi_ldn,@eleanor_smithmp,mention,1,0.9215
heidi_ldn,@emmareynoldsmp!),mention,1,0.9215
heidi_ldn,@heidi_mp,mention,1,0.9147
heidi_ldn,@lewishamlabour,mention,1,0.9147
heidi_ldn,@lindsayhoyle_mp,mention,1,-0.722
heidi_ldn,@martintenorsax,mention,1,0.0
heidi_ldn,@patmcfaddenmp,mention,1,0.9215
heidi_ldn,eleanor_smithmp,mention,1,0.9215
heidi_ldn,emmareynoldsmp,mention,1,0.9215
heidi_ldn,heidi_mp,mention,1,0.9147
heidi_ldn,lewishamlabour,mention,1,0.9147
heidi_ldn,lindsayhoyle_mp,mention,1,-0.722
heidi_ldn,martintenorsax,mention,1,0.0
heidi_ldn,patmcfaddenmp,mention,1,0.9215
heidiallen75,@adrianhare_2010,mention,1,0.0
heidiallen75,@angliarailforum,mention,1,0.0
heidiallen75,@anna_soubry,mention,1,0.5848
heidiallen75,@charlottejones0,mention,1,0.5848
heidiallen75,@councillortumi,mention,1,0.3182
heidiallen75,@directorserg,mention,1,0.0
heidiallen75,@eddie_vermeer,mention,1,0.0
heidiallen75,@gorstewart,mention,1,0.0
heidiallen75,@jamescleverly,mention,1,0.0
heidiallen75,@michaelgove,mention,1,0.8934
heidiallen75,@mottyleafe,mention,1,0.0
heidiallen75,@nickymorgan01,mention,1,0.5848
heidiallen75,@rhinofive,mention,1,0.3182
heidiallen75,@sandbach,mention,1,0.5848
heidiallen75,@sandyofipswich,mention,1,0.0
heidiallen75,@sapperpantsoff,mention,1,0.0
heidiallen75,@scholesy63,mention,1,0.0
heidiallen75,@uselesshackney,mention,1,0.0
heidiallen75,@vickyford,mention,1,0.0
heidiallen75,@willquince,mention,1,0.0
heidiallen75,adrianhare_2010,mention,1,0.0
heidiallen75,angliarailforum,mention,1,0.0
heidiallen75,anna_soubry,mention,1,0.5848
heidiallen75,charlottejones0,mention,1,0.5848
heidiallen75,councillortumi,mention,1,0.3182
heidiallen75,directorserg,mention,1,0.0
heidiallen75,eddie_vermeer,mention,1,0.0
heidiallen75,gorstewart,mention,1,0.0
heidiallen75,jamescleverly,mention,1,0.0
heidiallen75,michaelgove,mention,1,0.8934
heidiallen75,mottyleafe,mention,1,0.0
heidiallen75,nickymorgan01,mention,1,0.5848
heidiallen75,rhinofive,mention,1,0.3182
heidiallen75,sandbach,mention,1,0.5848
heidiallen75,sandyofipswich,mention,1,0.0
heidiallen75,sapperpantsoff,mention,1,0.0
heidiallen75,scholesy63,mention,1,0.0
heidiallen75,uselesshackney,mention,1,0.0
heidiallen75,vickyford,mention,1,0.0
heidiallen75,willquince,mention,1,0.0
helen_whately,@groganjim,mention,1,0.0
helen_whately,@ofstednews,mention,1,0.8
helen_whately,groganjim,mention,1,0.0
helen_whately,ofstednews,mention,1,0.8
helengoodmanba,@helengoodmanmp,mention,1,0.8327
helengoodmanba,@jennychapman,mention,1,0.8327
helengoodmanba,@joy4bishoptown,mention,1,0.8327
helengoodmanba,helengoodmanmp,mention,1,0.8327
helengoodmanba,jennychapman,mention,1,0.8327
helengoodmanba,joy4bishoptown,mention,1,0.8327
helengrantmp,@downsmail,mention,1,0.5719
helengrantmp,@kent_police,mention,1,0.5719
helengrantmp,@km_newsroom,mention,1,0.5719
helengrantmp,@r_latter,mention,1,0.5719
helengrantmp,downsmail,mention,1,0.5719
helengrantmp,kent_police,mention,1,0.5719
helengrantmp,km_newsroom,mention,1,0.5719
helengrantmp,r_latter,mention,1,0.5719
helenhayes_,@greenpeaceuk,mention,1,0.7693
helenhayes_,@helenhayes_,mention,2,0.6776
helenhayes_,@stchrishospice,mention,1,0.8437
helenhayes_,greenpeaceuk,mention,1,0.7693
helenhayes_,helenhayes_,mention,2,0.6776
helenhayes_,stchrishospice,mention,1,0.8437
henrysmithuk,@henrysmithuk,mention,2,0.5353
henrysmithuk,henrysmithuk,mention,2,0.5353
hollylynch5,@calderdale,mention,1,0.7256
hollylynch5,@hollylynch5,mention,2,0.7784500000000001
hollylynch5,@houseofcommons,mention,1,0.7256
hollylynch5,@saferleeds,mention,1,0.8313
hollylynch5,@skeathy1967,mention,1,0.8313
hollylynch5,@westyorkspolice,mention,1,0.8313
hollylynch5,@wyp_halifax,mention,1,0.8313
hollylynch5,@wyp_paulmoney,mention,1,0.8313
hollylynch5,@wyp_specials,mention,1,0.8313
hollylynch5,calderdale,mention,1,0.7256
hollylynch5,hollylynch5,mention,2,0.7784500000000001
hollylynch5,houseofcommons,mention,1,0.7256
hollylynch5,saferleeds,mention,1,0.8313
hollylynch5,skeathy1967,mention,1,0.8313
hollylynch5,westyorkspolice,mention,1,0.8313
hollylynch5,wyp_halifax,mention,1,0.8313
hollylynch5,wyp_paulmoney,mention,1,0.8313
hollylynch5,wyp_specials,mention,1,0.8313
huddlestonnigel,@susanwojcicki,mention,1,0.9132
huddlestonnigel,@youtube,mention,1,0.9132
huddlestonnigel,susanwojcicki,mention,1,0.9132
huddlestonnigel,youtube,mention,1,0.9132
hughgaffneyccb,@cwunews,mention,1,0.6369
hughgaffneyccb,@elainesmithmsp,mention,1,0.0
hughgaffneyccb,@gedk,mention,1,0.3612
hughgaffneyccb,@jonashworth's,mention,1,0.8779
hughgaffneyccb,@labourrichard,mention,1,0.0
hughgaffneyccb,@pauljsweeney,mention,1,0.3612
hughgaffneyccb,@peoplesmomentum,mention,1,0.6369
hughgaffneyccb,@queenstown_lp,mention,1,0.4199
hughgaffneyccb,@southgatelabour,mention,1,0.8625
hughgaffneyccb,@uklabour,mention,1,0.8625
hughgaffneyccb,@wagamama_uk,mention,1,0.3612
hughgaffneyccb,@zeynmo,mention,1,0.3612
hughgaffneyccb,cwunews,mention,1,0.6369
hughgaffneyccb,elainesmithmsp,mention,1,0.0
hughgaffneyccb,gedk,mention,1,0.3612
hughgaffneyccb,jonashworth,mention,1,0.8779
hughgaffneyccb,labourrichard,mention,1,0.0
hughgaffneyccb,pauljsweeney,mention,1,0.3612
hughgaffneyccb,peoplesmomentum,mention,1,0.6369
hughgaffneyccb,queenstown_lp,mention,1,0.4199
hughgaffneyccb,southgatelabour,mention,1,0.8625
hughgaffneyccb,uklabour,mention,1,0.8625
hughgaffneyccb,wagamama_uk,mention,1,0.3612
hughgaffneyccb,zeynmo,mention,1,0.3612
huwmerriman,@frankfieldteam,mention,1,-0.6249
huwmerriman,frankfieldteam,mention,1,-0.6249
hywelplaidcymru,@tesco_wales,mention,1,0.8625
hywelplaidcymru,@trusselltrust,mention,1,0.8625
hywelplaidcymru,tesco_wales,mention,1,0.8625
hywelplaidcymru,trusselltrust,mention,1,0.8625
iainastewart,@abelliorailbus,mention,1,0.6249
iainastewart,@iainastewart,mention,1,0.6249
iainastewart,@jreast_official,mention,1,0.6249
iainastewart,@lnrailway,mention,1,0.6249
iainastewart,@ntarail,mention,1,0.6249
iainastewart,@siemensuknews,mention,1,0.6249
iainastewart,abelliorailbus,mention,1,0.6249
iainastewart,iainastewart,mention,1,0.6249
iainastewart,jreast_official,mention,1,0.6249
iainastewart,lnrailway,mention,1,0.6249
iainastewart,ntarail,mention,1,0.6249
iainastewart,siemensuknews,mention,1,0.6249
ianblackford_mp,@drewhendrysnp,mention,1,0.5106
ianblackford_mp,@ianblackfordmp,mention,3,0.0172
ianblackford_mp,@jeremycorbyn,mention,1,0.5106
ianblackford_mp,@pressjournal,mention,1,0.0516
ianblackford_mp,@ruthdavidsonmsp,mention,1,0.872
ianblackford_mp,@scottories,mention,2,0.6913
ianblackford_mp,@skynews,mention,1,0.872
ianblackford_mp,@thesnp,mention,1,0.872
ianblackford_mp,@uklabour,mention,1,0.5106
ianblackford_mp,drewhendrysnp,mention,1,0.5106
ianblackford_mp,ianblackfordmp,mention,3,0.0172
ianblackford_mp,jeremycorbyn,mention,1,0.5106
ianblackford_mp,pressjournal,mention,1,0.0516
ianblackford_mp,ruthdavidsonmsp,mention,1,0.872
ianblackford_mp,scottories,mention,2,0.6913
ianblackford_mp,skynews,mention,1,0.872
ianblackford_mp,thesnp,mention,1,0.872
ianblackford_mp,uklabour,mention,1,0.5106
ianclucas,@danjarvismp,mention,1,0.0
ianclucas,@virgintrains,mention,1,0.296
ianclucas,danjarvismp,mention,1,0.0
ianclucas,virgintrains,mention,1,0.296
ianmurraymp,@ianmurraymp,mention,1,0.9215
ianmurraymp,@journostephen,mention,1,-0.5719
ianmurraymp,@politicalyeti,mention,1,-0.5719
ianmurraymp,ianmurraymp,mention,1,0.9215
ianmurraymp,journostephen,mention,1,-0.5719
ianmurraymp,politicalyeti,mention,1,-0.5719
imran_hussainmp,@benpbradshaw,mention,1,0.802
imran_hussainmp,@emilythornberry,mention,1,0.802
imran_hussainmp,@hammersmithandy,mention,1,0.802
imran_hussainmp,@imran_hussainmp,mention,2,0.50215
imran_hussainmp,@kerrymp,mention,1,0.802
imran_hussainmp,@paulasherriff,mention,1,0.802
imran_hussainmp,@paulflynnmp,mention,1,0.802
imran_hussainmp,@realdonaldtrump's,mention,1,0.802
imran_hussainmp,@richardburdenmp,mention,1,0.802
imran_hussainmp,@rupahuq,mention,1,0.802
imran_hussainmp,@uklabour,mention,1,0.802
imran_hussainmp,benpbradshaw,mention,1,0.802
imran_hussainmp,emilythornberry,mention,1,0.802
imran_hussainmp,hammersmithandy,mention,1,0.802
imran_hussainmp,imran_hussainmp,mention,2,0.50215
imran_hussainmp,kerrymp,mention,1,0.802
imran_hussainmp,paulasherriff,mention,1,0.802
imran_hussainmp,paulflynnmp,mention,1,0.802
imran_hussainmp,realdonaldtrump,mention,1,0.802
imran_hussainmp,richardburdenmp,mention,1,0.802
imran_hussainmp,rupahuq,mention,1,0.802
imran_hussainmp,uklabour,mention,1,0.802
j_donaldson_mp,@news_letter,mention,1,-0.34
j_donaldson_mp,news_letter,mention,1,-0.34
jackdromeymp,@wmpolice,mention,1,0.7964
jackdromeymp,wmpolice,mention,1,0.7964
jackiedp,@jackiedp,mention,1,0.3818
jackiedp,@nhsorgandonor,mention,1,0.3818
jackiedp,jackiedp,mention,1,0.3818
jackiedp,nhsorgandonor,mention,1,0.3818
jacklopresti,@houseofcommons,mention,1,0.0772
jacklopresti,houseofcommons,mention,1,0.0772
jamescleverly,@amandaball77,mention,1,0.6115
jamescleverly,@bbcwestminhour,mention,1,0.6115
jamescleverly,@essexpfcc,mention,1,0.6115
jamescleverly,@essexpoliceuk,mention,1,0.6115
jamescleverly,@jamescleverly,mention,1,0.4404
jamescleverly,@lewishamtories,mention,1,0.4404
jamescleverly,@silksbrewery,mention,1,0.7184
jamescleverly,@stuey_norris,mention,1,0.6115
jamescleverly,amandaball77,mention,1,0.6115
jamescleverly,bbcwestminhour,mention,1,0.6115
jamescleverly,essexpfcc,mention,1,0.6115
jamescleverly,essexpoliceuk,mention,1,0.6115
jamescleverly,jamescleverly,mention,1,0.4404
jamescleverly,lewishamtories,mention,1,0.4404
jamescleverly,silksbrewery,mention,1,0.7184
jamescleverly,stuey_norris,mention,1,0.6115
jamesduddridge,@hcnichailey,mention,1,0.5719
jamesduddridge,@jamesduddridge,mention,1,0.765
jamesduddridge,@ukinkenya,mention,1,0.5719
jamesduddridge,hcnichailey,mention,1,0.5719
jamesduddridge,jamesduddridge,mention,1,0.765
jamesduddridge,ukinkenya,mention,1,0.5719
jamesfrith,@andrealsimpson,mention,1,0.9001
jamesfrith,@burylabour,mention,1,0.9001
jamesfrith,@burynorthlabour,mention,1,0.9001
jamesfrith,@cllrkleach,mention,1,0.9001
jamesfrith,@cllrrshori,mention,1,0.9001
jamesfrith,@copasturkeys,mention,1,0.793
jamesfrith,@jamesfrith,mention,2,0.84655
jamesfrith,@luisefitz,mention,1,0.9001
jamesfrith,@orourkeclaire1,mention,1,0.784
jamesfrith,@paulblewis1,mention,1,0.9001
jamesfrith,@prestondr,mention,1,0.9001
jamesfrith,@rammylabour,mention,1,0.9001
jamesfrith,@tamoort,mention,1,0.9001
jamesfrith,andrealsimpson,mention,1,0.9001
jamesfrith,burylabour,mention,1,0.9001
jamesfrith,burynorthlabour,mention,1,0.9001
jamesfrith,cllrkleach,mention,1,0.9001
jamesfrith,cllrrshori,mention,1,0.9001
jamesfrith,copasturkeys,mention,1,0.793
jamesfrith,jamesfrith,mention,2,0.84655
jamesfrith,luisefitz,mention,1,0.9001
jamesfrith,orourkeclaire1,mention,1,0.784
jamesfrith,paulblewis1,mention,1,0.9001
jamesfrith,prestondr,mention,1,0.9001
jamesfrith,rammylabour,mention,1,0.9001
jamesfrith,tamoort,mention,1,0.9001
jesse_norman,@daaronovitch,mention,1,0.4404
jesse_norman,@policy_centre,mention,1,0.7351
jesse_norman,daaronovitch,mention,1,0.4404
jesse_norman,policy_centre,mention,1,0.7351
jessicamordenmp,@geek_of_nature,mention,1,0.9118
jessicamordenmp,@welshgovernment,mention,1,0.891
jessicamordenmp,geek_of_nature,mention,1,0.9118
jessicamordenmp,welshgovernment,mention,1,0.891
jessphillips,85vickyc,mention,1,0.4404
jessphillips,@85vickyc,mention,1,0.4404
jessphillips,@actoflovemusic,mention,1,0.2732
jessphillips,@bbcnewsat10,mention,1,-0.802
jessphillips,@byclive,mention,1,0.4404
jessphillips,@ccriadoperez,mention,1,0.3182
jessphillips,@childrensairamb,mention,1,0.6077
jessphillips,@dawnhfoster,mention,1,0.4404
jessphillips,@frankfletcher,mention,1,0.3612
jessphillips,@hillaryclinton,mention,1,0.7256
jessphillips,@jessphillips,mention,3,0.5096333333333333
jessphillips,@jocoxcommission.,mention,1,-0.8591
jessphillips,@lewis_alee,mention,1,0.4404
jessphillips,@lindsayhoyle_mp,mention,1,0.6597
jessphillips,@marathonshine,mention,1,0.5106
jessphillips,@neilmclaughlin2,mention,1,-0.3089
jessphillips,@no1carol,mention,1,-0.3089
jessphillips,@olly4northfield,mention,1,0.5994
jessphillips,@philippa_perry,mention,1,-0.4404
jessphillips,@rachelreevesmp,mention,1,-0.8591
jessphillips,@realdonaldtrump,mention,1,-0.27
jessphillips,@ros_sack,mention,1,0.6476
jessphillips,@rozakthegoon,mention,1,0.0
jessphillips,actoflovemusic,mention,1,0.2732
jessphillips,bbcnewsat10,mention,1,-0.802
jessphillips,byclive,mention,1,0.4404
jessphillips,ccriadoperez,mention,1,0.3182
jessphillips,childrensairamb,mention,1,0.6077
jessphillips,dawnhfoster,mention,1,0.4404
jessphillips,frankfletcher,mention,1,0.3612
jessphillips,hillaryclinton,mention,1,0.7256
jessphillips,jessphillips,mention,3,0.5096333333333333
jessphillips,jocoxcommission,mention,1,-0.8591
jessphillips,lewis_alee,mention,1,0.4404
jessphillips,lindsayhoyle_mp,mention,1,0.6597
jessphillips,marathonshine,mention,1,0.5106
jessphillips,neilmclaughlin2,mention,1,-0.3089
jessphillips,no1carol,mention,1,-0.3089
jessphillips,olly4northfield,mention,1,0.5994
jessphillips,philippa_perry,mention,1,-0.4404
jessphillips,rachelreevesmp,mention,1,-0.8591
jessphillips,realdonaldtrump,mention,1,-0.27
jessphillips,ros_sack,mention,1,0.6476
jessphillips,rozakthegoon,mention,1,0.0
jimfromoldham,@afzal4gorton,mention,1,0.3612
jimfromoldham,@flbhatti,mention,1,0.3612
jimfromoldham,@houseofcommons,mention,1,0.3612
jimfromoldham,@jocoxloneliness,mention,1,0.4404
jimfromoldham,@mariacaulfield,mention,1,0.3612
jimfromoldham,@meaglemp,mention,1,0.3612
jimfromoldham,@peterboneuk,mention,1,0.3612
jimfromoldham,@seemakennedy.,mention,1,0.4404
jimfromoldham,afzal4gorton,mention,1,0.3612
jimfromoldham,flbhatti,mention,1,0.3612
jimfromoldham,houseofcommons,mention,1,0.3612
jimfromoldham,jocoxloneliness,mention,1,0.4404
jimfromoldham,mariacaulfield,mention,1,0.3612
jimfromoldham,meaglemp,mention,1,0.3612
jimfromoldham,peterboneuk,mention,1,0.3612
jimfromoldham,seemakennedy,mention,1,0.4404
joannaccherry,@camphillscot,mention,1,0.8225
joannaccherry,@crisis_uk,mention,1,0.8217
joannaccherry,@crisisscotland,mention,1,0.8217
joannaccherry,@joannaccherry,mention,1,0.3612
joannaccherry,@scottories?,mention,1,0.8225
joannaccherry,@uklabour,mention,1,0.8225
joannaccherry,camphillscot,mention,1,0.8225
joannaccherry,crisis_uk,mention,1,0.8217
joannaccherry,crisisscotland,mention,1,0.8217
joannaccherry,joannaccherry,mention,1,0.3612
joannaccherry,scottories,mention,1,0.8225
joannaccherry,uklabour,mention,1,0.8225
joanryanenfield,@alexsobel,mention,1,0.0
joanryanenfield,@annclwyd,mention,1,0.0
joanryanenfield,@bambosmp,mention,1,0.0
joanryanenfield,@calemre,mention,1,0.9509
joanryanenfield,@catherinewest1,mention,1,0.0
joanryanenfield,@chrisstephens,mention,1,0.0
joanryanenfield,@cmonaghansnp,mention,1,0.0
joanryanenfield,@davidcrausby,mention,1,0.0
joanryanenfield,@davidlammy,mention,1,0.0
joanryanenfield,@davidlinden,mention,1,0.0
joanryanenfield,@gareth_snell,mention,1,0.0
joanryanenfield,@gavnewlandssnp,mention,1,0.0
joanryanenfield,@jessphillips,mention,1,0.0
joanryanenfield,@kategreensu,mention,1,0.0
joanryanenfield,@marierimmer,mention,1,0.0
joanryanenfield,@martwhitfieldmp,mention,1,0.0
joanryanenfield,@martyndaysnp,mention,1,0.0
joanryanenfield,@mattwestern_,mention,1,0.0
joanryanenfield,@mikegapes,mention,1,0.0
joanryanenfield,@nes_nesil,mention,1,0.9509
joanryanenfield,@sdoughtymp,mention,1,0.0
joanryanenfield,@skinnock,mention,1,0.0
joanryanenfield,@stewartmcdonald,mention,1,0.0
joanryanenfield,alexsobel,mention,1,0.0
joanryanenfield,annclwyd,mention,1,0.0
joanryanenfield,bambosmp,mention,1,0.0
joanryanenfield,calemre,mention,1,0.9509
joanryanenfield,catherinewest1,mention,1,0.0
joanryanenfield,chrisstephens,mention,1,0.0
joanryanenfield,cmonaghansnp,mention,1,0.0
joanryanenfield,davidcrausby,mention,1,0.0
joanryanenfield,davidlammy,mention,1,0.0
joanryanenfield,davidlinden,mention,1,0.0
joanryanenfield,gareth_snell,mention,1,0.0
joanryanenfield,gavnewlandssnp,mention,1,0.0
joanryanenfield,jessphillips,mention,1,0.0
joanryanenfield,kategreensu,mention,1,0.0
joanryanenfield,marierimmer,mention,1,0.0
joanryanenfield,martwhitfieldmp,mention,1,0.0
joanryanenfield,martyndaysnp,mention,1,0.0
joanryanenfield,mattwestern_,mention,1,0.0
joanryanenfield,mikegapes,mention,1,0.0
joanryanenfield,nes_nesil,mention,1,0.9509
joanryanenfield,sdoughtymp,mention,1,0.0
joanryanenfield,skinnock,mention,1,0.0
joanryanenfield,stewartmcdonald,mention,1,0.0
jochurchill4,@jochurchill4,mention,1,0.2263
jochurchill4,jochurchill4,mention,1,0.2263
john2win,@hamishmacdonell,mention,1,0.0
john2win,hamishmacdonell,mention,1,0.0
johnglenuk,@johnglenuk,mention,1,0.5106
johnglenuk,@leonardcheshire,mention,1,0.0
johnglenuk,johnglenuk,mention,1,0.5106
johnglenuk,leonardcheshire,mention,1,0.0
johnmcdonnellmp,@uklabour,mention,1,0.9779
johnmcdonnellmp,uklabour,mention,1,0.9779
johnnymerceruk,@davidgauke,mention,1,0.3818
johnnymerceruk,@johnnymerceruk,mention,1,0.8957
johnnymerceruk,@johnnymerceruk:,mention,1,0.7579
johnnymerceruk,@thesun,mention,1,0.7003
johnnymerceruk,davidgauke,mention,1,0.3818
johnnymerceruk,johnnymerceruk,mention,2,0.8268
johnnymerceruk,thesun,mention,1,0.7003
jojohnsonuk,@buckinghamuni,mention,1,0.3182
jojohnsonuk,@jojohnsonuk,mention,3,0.1103
jojohnsonuk,buckinghamuni,mention,1,0.3182
jojohnsonuk,jojohnsonuk,mention,3,0.1103
jon_trickett,@mattchorley,mention,1,0.4192
jon_trickett,mattchorley,mention,1,0.4192
jonashworth,@nacoauk,mention,1,0.6906
jonashworth,nacoauk,mention,1,0.6906
joncruddas_1,@margarethodge,mention,1,0.4588
joncruddas_1,@parliament.uk,mention,1,0.4588
joncruddas_1,@stace_ann1,mention,1,0.4588
joncruddas_1,margarethodge,mention,1,0.4588
joncruddas_1,parliament,mention,1,0.4588
joncruddas_1,stace_ann1,mention,1,0.4588
joplattleigh,@gmbcampaigns,mention,1,-0.1531
joplattleigh,@grundymavis,mention,1,0.4199
joplattleigh,@joplattmp,mention,1,0.4199
joplattleigh,@justinegreening,mention,1,-0.1531
joplattleigh,@littlelegend5,mention,1,0.4199
joplattleigh,@mrsroberts0814,mention,1,0.4199
joplattleigh,@paulawakefield2,mention,1,0.4199
joplattleigh,gmbcampaigns,mention,1,-0.1531
joplattleigh,grundymavis,mention,1,0.4199
joplattleigh,joplattmp,mention,1,0.4199
joplattleigh,justinegreening,mention,1,-0.1531
joplattleigh,littlelegend5,mention,1,0.4199
joplattleigh,mrsroberts0814,mention,1,0.4199
joplattleigh,paulawakefield2,mention,1,0.4199
jostevenslabour,@biancajagger,mention,1,0.3612
jostevenslabour,@columeastwood,mention,1,0.34
jostevenslabour,@craftydevilbrew,mention,1,0.5719
jostevenslabour,@hackneyhaz,mention,1,0.5719
jostevenslabour,@keir_starmer,mention,1,-0.5859
jostevenslabour,@manics,mention,1,0.3612
jostevenslabour,@mariestopesuk,mention,1,-0.0754
jostevenslabour,@officialpdc,mention,1,0.8074
jostevenslabour,@pcs_union's,mention,1,0.9042
jostevenslabour,@pdcofficial,mention,1,0.7579
jostevenslabour,@roathbrooktrees,mention,1,0.3612
jostevenslabour,@scottishlabour,mention,1,0.8074
jostevenslabour,@themonsterist,mention,1,0.9168
jostevenslabour,@toniaantoniazzi,mention,2,0.7826500000000001
jostevenslabour,@twrhq,mention,1,0.3612
jostevenslabour,@uklabour,mention,1,0.8074
jostevenslabour,@vaughanroderick,mention,1,0.9042
jostevenslabour,@welshlabour,mention,2,0.7826500000000001
jostevenslabour,@willquince,mention,1,-0.0754
jostevenslabour,biancajagger,mention,1,0.3612
jostevenslabour,columeastwood,mention,1,0.34
jostevenslabour,craftydevilbrew,mention,1,0.5719
jostevenslabour,hackneyhaz,mention,1,0.5719
jostevenslabour,keir_starmer,mention,1,-0.5859
jostevenslabour,manics,mention,1,0.3612
jostevenslabour,mariestopesuk,mention,1,-0.0754
jostevenslabour,officialpdc,mention,1,0.8074
jostevenslabour,pcs_union,mention,1,0.9042
jostevenslabour,pdcofficial,mention,1,0.7579
jostevenslabour,roathbrooktrees,mention,1,0.3612
jostevenslabour,scottishlabour,mention,1,0.8074
jostevenslabour,themonsterist,mention,1,0.9168
jostevenslabour,toniaantoniazzi,mention,2,0.7826500000000001
jostevenslabour,twrhq,mention,1,0.3612
jostevenslabour,uklabour,mention,1,0.8074
jostevenslabour,vaughanroderick,mention,1,0.9042
jostevenslabour,welshlabour,mention,2,0.7826500000000001
jostevenslabour,willquince,mention,1,-0.0754
joswinson,@acuthbrt,mention,1,0.05
joswinson,@andrewtipler,mention,1,0.0
joswinson,@bbcbreakfast,mention,1,0.5562
joswinson,@dadbloguk,mention,1,0.5562
joswinson,@duncanhames,mention,1,0.0
joswinson,@glasgowcc,mention,1,0.05
joswinson,@jimcuthbert,mention,1,0.05
joswinson,@liberalvision,mention,1,-0.3252
joswinson,@parliament.uk,mention,1,0.05
joswinson,@peachlawuk,mention,1,0.5562
joswinson,acuthbrt,mention,1,0.05
joswinson,andrewtipler,mention,1,0.0
joswinson,bbcbreakfast,mention,1,0.5562
joswinson,dadbloguk,mention,1,0.5562
joswinson,duncanhames,mention,1,0.0
joswinson,glasgowcc,mention,1,0.05
joswinson,jimcuthbert,mention,1,0.05
joswinson,liberalvision,mention,1,-0.3252
joswinson,parliament,mention,1,0.05
joswinson,peachlawuk,mention,1,0.5562
jreynoldsmp,@davepiperdj,mention,1,0.4404
jreynoldsmp,@ippr,mention,1,-0.2263
jreynoldsmp,@jgarratt1,mention,1,0.4404
jreynoldsmp,@jreynoldsmp,mention,1,0.0
jreynoldsmp,@neilmerriman,mention,1,0.7783
jreynoldsmp,@philiphammonduk,mention,1,0.4404
jreynoldsmp,@soniasodha,mention,1,-0.2263
jreynoldsmp,@tameside_tories,mention,1,0.7783
jreynoldsmp,@tedcruz:,mention,1,-0.3342
jreynoldsmp,@uklabour,mention,1,0.4404
jreynoldsmp,davepiperdj,mention,1,0.4404
jreynoldsmp,ippr,mention,1,-0.2263
jreynoldsmp,jgarratt1,mention,1,0.4404
jreynoldsmp,jreynoldsmp,mention,1,0.0
jreynoldsmp,neilmerriman,mention,1,0.7783
jreynoldsmp,philiphammonduk,mention,1,0.4404
jreynoldsmp,soniasodha,mention,1,-0.2263
jreynoldsmp,tameside_tories,mention,1,0.7783
jreynoldsmp,tedcruz,mention,1,-0.3342
jreynoldsmp,uklabour,mention,1,0.4404
juliansmithuk,@theresa_may:,mention,1,0.2025
juliansmithuk,theresa_may,mention,1,0.2025
julieforburnley,@bbchughpym,mention,1,0.1027
julieforburnley,@canddjamesw,mention,1,0.1027
julieforburnley,@canddthomas,mention,1,0.1027
julieforburnley,@chemistdruggist,mention,1,0.1027
julieforburnley,@doglostuk,mention,1,-0.5518
julieforburnley,@grahamknowles4,mention,1,-0.5106
julieforburnley,@jonashworth,mention,1,0.1027
julieforburnley,@julieforburnley,mention,1,0.1027
julieforburnley,@keeleymp,mention,1,0.1027
julieforburnley,@labourhealth,mention,1,0.1027
julieforburnley,@mpaiton,mention,1,0.34
julieforburnley,@npa1921,mention,1,0.1027
julieforburnley,bbchughpym,mention,1,0.1027
julieforburnley,canddjamesw,mention,1,0.1027
julieforburnley,canddthomas,mention,1,0.1027
julieforburnley,chemistdruggist,mention,1,0.1027
julieforburnley,doglostuk,mention,1,-0.5518
julieforburnley,grahamknowles4,mention,1,-0.5106
julieforburnley,jonashworth,mention,1,0.1027
julieforburnley,julieforburnley,mention,1,0.1027
julieforburnley,keeleymp,mention,1,0.1027
julieforburnley,labourhealth,mention,1,0.1027
julieforburnley,mpaiton,mention,1,0.34
julieforburnley,npa1921,mention,1,0.1027
justinegreening,@educationgovuk,mention,1,0.836
justinegreening,@justinegreening,mention,4,0.02689999999999998
justinegreening,@skynewsniall,mention,1,0.0
justinegreening,@tes:,mention,1,0.5346
justinegreening,educationgovuk,mention,1,0.836
justinegreening,justinegreening,mention,4,0.02689999999999998
justinegreening,skynewsniall,mention,1,0.0
justinegreening,tes,mention,1,0.5346
justinmadders,@atttweet,mention,1,0.4019
justinmadders,@blackthorn23,mention,1,-0.1531
justinmadders,@chrism4chester,mention,1,0.0498
justinmadders,@conormcginn,mention,1,0.0498
justinmadders,@dancardenmp,mention,1,0.0498
justinmadders,@davidhansonmp,mention,1,0.0498
justinmadders,@faisalrashid6,mention,1,0.0498
justinmadders,@fitzmp,mention,1,-0.4574
justinmadders,@georgehowarthmp,mention,1,0.0498
justinmadders,@helenjonesmp,mention,1,0.0498
justinmadders,@jesse_norman,mention,1,0.0498
justinmadders,@justinmadders,mention,3,0.10959999999999999
justinmadders,@kenshaz,mention,2,-0.06365000000000001
justinmadders,@lkpleasehold,mention,1,-0.4574
justinmadders,@louhaigh,mention,1,0.7579
justinmadders,@meaglemp,mention,1,0.0498
justinmadders,@mikeamesbury,mention,1,0.0498
justinmadders,@nomerseytolls,mention,1,0.0498
justinmadders,@weegieking,mention,1,0.0498
justinmadders,atttweet,mention,1,0.4019
justinmadders,blackthorn23,mention,1,-0.1531
justinmadders,chrism4chester,mention,1,0.0498
justinmadders,conormcginn,mention,1,0.0498
justinmadders,dancardenmp,mention,1,0.0498
justinmadders,davidhansonmp,mention,1,0.0498
justinmadders,faisalrashid6,mention,1,0.0498
justinmadders,fitzmp,mention,1,-0.4574
justinmadders,georgehowarthmp,mention,1,0.0498
justinmadders,helenjonesmp,mention,1,0.0498
justinmadders,jesse_norman,mention,1,0.0498
justinmadders,justinmadders,mention,3,0.10959999999999999
justinmadders,kenshaz,mention,2,-0.06365000000000001
justinmadders,lkpleasehold,mention,1,-0.4574
justinmadders,louhaigh,mention,1,0.7579
justinmadders,meaglemp,mention,1,0.0498
justinmadders,mikeamesbury,mention,1,0.0498
justinmadders,nomerseytolls,mention,1,0.0498
justinmadders,weegieking,mention,1,0.0498
karen_karenelee,@cheesetits2011,mention,1,-0.4404
karen_karenelee,@jamie_wallis,mention,1,0.84
karen_karenelee,@jrf_uk,mention,1,-0.25
karen_karenelee,@parliament.uk,mention,1,-0.4404
karen_karenelee,cheesetits2011,mention,1,-0.4404
karen_karenelee,jamie_wallis,mention,1,0.84
karen_karenelee,jrf_uk,mention,1,-0.25
karen_karenelee,parliament,mention,1,-0.4404
karenpbuckmp,@citywesthomes,mention,1,0.0
karenpbuckmp,@doelawel,mention,1,0.0
karenpbuckmp,@dpastaire,mention,1,0.1779
karenpbuckmp,@ed_miliband,mention,1,0.0
karenpbuckmp,@jonathancowie,mention,1,0.0
karenpbuckmp,@lordmvee,mention,1,0.4576
karenpbuckmp,@mattnoble_,mention,1,0.0
karenpbuckmp,@natcen,mention,1,0.5956
karenpbuckmp,@pickardje,mention,1,0.0
karenpbuckmp,@pollytoynbee,mention,1,0.0
karenpbuckmp,@speyejoe,mention,1,0.4576
karenpbuckmp,citywesthomes,mention,1,0.0
karenpbuckmp,doelawel,mention,1,0.0
karenpbuckmp,dpastaire,mention,1,0.1779
karenpbuckmp,ed_miliband,mention,1,0.0
karenpbuckmp,jonathancowie,mention,1,0.0
karenpbuckmp,lordmvee,mention,1,0.4576
karenpbuckmp,mattnoble_,mention,1,0.0
karenpbuckmp,natcen,mention,1,0.5956
karenpbuckmp,pickardje,mention,1,0.0
karenpbuckmp,pollytoynbee,mention,1,0.0
karenpbuckmp,speyejoe,mention,1,0.4576
karlturnermp,2017hull,mention,2,0.92535
karlturnermp,@2017hull,mention,2,0.92535
karlturnermp,@andrew_adonis,mention,1,-0.5849
karlturnermp,@anniebtransport,mention,1,0.7269
karlturnermp,@bbcnews,mention,1,0.9787
karlturnermp,@electoralcommuk,mention,1,-0.6494
karlturnermp,@emmahardymp,mention,1,-0.7776
karlturnermp,@jocoxloneliness,mention,1,0.0772
karlturnermp,@karlturnermp,mention,2,-0.14184999999999998
karlturnermp,@rmtunion,mention,1,0.7269
karlturnermp,@seemakennedy,mention,1,0.0772
karlturnermp,@unisonhull,mention,1,-0.7776
karlturnermp,@waspi_campaign,mention,1,0.7964
karlturnermp,andrew_adonis,mention,1,-0.5849
karlturnermp,anniebtransport,mention,1,0.7269
karlturnermp,bbcnews,mention,1,0.9787
karlturnermp,electoralcommuk,mention,1,-0.6494
karlturnermp,emmahardymp,mention,1,-0.7776
karlturnermp,jocoxloneliness,mention,1,0.0772
karlturnermp,karlturnermp,mention,2,-0.14184999999999998
karlturnermp,rmtunion,mention,1,0.7269
karlturnermp,seemakennedy,mention,1,0.0772
karlturnermp,unisonhull,mention,1,-0.7776
karlturnermp,waspi_campaign,mention,1,0.7964
kate_hollernmp,@chukaumunna,mention,1,-0.6353
kate_hollernmp,@daviddavismp,mention,1,-0.6353
kate_hollernmp,@uklabour,mention,1,-0.5859
kate_hollernmp,chukaumunna,mention,1,-0.6353
kate_hollernmp,daviddavismp,mention,1,-0.6353
kate_hollernmp,uklabour,mention,1,-0.5859
kategreensu,@am_hc,mention,1,0.7339
kategreensu,@angelarayner,mention,1,0.4003
kategreensu,@gmb_union,mention,1,0.7003
kategreensu,@kategreensu,mention,2,0.7171000000000001
kategreensu,@the_tuc,mention,1,0.7003
kategreensu,am_hc,mention,1,0.7339
kategreensu,angelarayner,mention,1,0.4003
kategreensu,gmb_union,mention,1,0.7003
kategreensu,kategreensu,mention,2,0.7171000000000001
kategreensu,the_tuc,mention,1,0.7003
keeleymp,@bbc,mention,1,-0.6566
keeleymp,@jeremycorbyn,mention,1,0.0
keeleymp,@laytoncharlotte,mention,1,0.0
keeleymp,@lindsayhoyle_mp,mention,1,0.8493
keeleymp,@mayorofgm,mention,1,0.0
keeleymp,@peelports,mention,1,0.0
keeleymp,bbc,mention,1,-0.6566
keeleymp,jeremycorbyn,mention,1,0.0
keeleymp,laytoncharlotte,mention,1,0.0
keeleymp,lindsayhoyle_mp,mention,1,0.8493
keeleymp,mayorofgm,mention,1,0.0
keeleymp,peelports,mention,1,0.0
kellytolhurst,@elizabefrances,mention,1,0.3612
kellytolhurst,@giantomkins,mention,1,0.0
kellytolhurst,elizabefrances,mention,1,0.3612
kellytolhurst,giantomkins,mention,1,0.0
kerrymp,@aw_bell,mention,1,-0.4574
kerrymp,@bestforbritain,mention,1,0.0
kerrymp,@darrenpjones,mention,1,-0.4574
kerrymp,@karinsmyth,mention,1,-0.4574
kerrymp,@mollymep,mention,1,-0.4574
kerrymp,@reecefranciss,mention,1,0.0
kerrymp,@sprintexec,mention,2,0.24235
kerrymp,@stevedeacon63,mention,1,0.0
kerrymp,@thangammp,mention,1,-0.4574
kerrymp,@thomasbrake,mention,1,0.4847
kerrymp,@tristancorkpost,mention,1,-0.4574
kerrymp,@uklabour,mention,1,-0.4574
kerrymp,@will_m_anderson,mention,1,0.743
kerrymp,aw_bell,mention,1,-0.4574
kerrymp,bestforbritain,mention,1,0.0
kerrymp,darrenpjones,mention,1,-0.4574
kerrymp,karinsmyth,mention,1,-0.4574
kerrymp,mollymep,mention,1,-0.4574
kerrymp,reecefranciss,mention,1,0.0
kerrymp,sprintexec,mention,2,0.24235
kerrymp,stevedeacon63,mention,1,0.0
kerrymp,thangammp,mention,1,-0.4574
kerrymp,thomasbrake,mention,1,0.4847
kerrymp,tristancorkpost,mention,1,-0.4574
kerrymp,uklabour,mention,1,-0.4574
kerrymp,will_m_anderson,mention,1,0.743
kevin_j_foster,@borisjohnson,mention,1,-0.1511
kevin_j_foster,@gospelshow1,mention,1,0.6696
kevin_j_foster,@gwrhelp,mention,1,0.1531
kevin_j_foster,@kevin_j_foster,mention,1,0.6696
kevin_j_foster,@oliverhealduk,mention,1,-0.6486
kevin_j_foster,@rivierafm,mention,1,0.6696
kevin_j_foster,@royalmarines,mention,1,0.2023
kevin_j_foster,@royalnavy,mention,1,0.2023
kevin_j_foster,@theresa_may,mention,1,-0.1511
kevin_j_foster,borisjohnson,mention,1,-0.1511
kevin_j_foster,gospelshow1,mention,1,0.6696
kevin_j_foster,gwrhelp,mention,1,0.1531
kevin_j_foster,kevin_j_foster,mention,1,0.6696
kevin_j_foster,oliverhealduk,mention,1,-0.6486
kevin_j_foster,rivierafm,mention,1,0.6696
kevin_j_foster,royalmarines,mention,1,0.2023
kevin_j_foster,royalnavy,mention,1,0.2023
kevin_j_foster,theresa_may,mention,1,-0.1511
kevinbrennanmp,@thhamilton,mention,1,0.0
kevinbrennanmp,thhamilton,mention,1,0.0
kirstysnp,@chelsee_kate,mention,1,0.7351
kirstysnp,@ianblackfordmp,mention,1,-0.25
kirstysnp,@kirstysnp,mention,1,-0.4404
kirstysnp,@pressjournal,mention,1,-0.25
kirstysnp,chelsee_kate,mention,1,0.7351
kirstysnp,ianblackfordmp,mention,1,-0.25
kirstysnp,kirstysnp,mention,1,-0.4404
kirstysnp,pressjournal,mention,1,-0.25
kitmalthouse,@dartmouth_mih,mention,1,0.0
kitmalthouse,@theeconomist.,mention,1,0.8144
kitmalthouse,dartmouth_mih,mention,1,0.0
kitmalthouse,theeconomist,mention,1,0.8144
labourlewis,@labourlewis,mention,1,0.5859
labourlewis,@louhaigh,mention,1,0.5859
labourlewis,@norwichlabour,mention,1,0.5859
labourlewis,@unisoneastern,mention,1,0.5859
labourlewis,labourlewis,mention,1,0.5859
labourlewis,louhaigh,mention,1,0.5859
labourlewis,norwichlabour,mention,1,0.5859
labourlewis,unisoneastern,mention,1,0.5859
laboursj,@phildouglasdon,mention,1,0.3612
laboursj,phildouglasdon,mention,1,0.3612
laurasmithcrewe,@clarehogg2016,mention,1,0.9735
laurasmithcrewe,@fbunational,mention,1,0.4939
laurasmithcrewe,@laurasmithmp,mention,1,0.9735
laurasmithcrewe,@mikeamesbury,mention,1,0.0
laurasmithcrewe,@stmcrewe,mention,1,0.9735
laurasmithcrewe,clarehogg2016,mention,1,0.9735
laurasmithcrewe,fbunational,mention,1,0.4939
laurasmithcrewe,laurasmithmp,mention,1,0.9735
laurasmithcrewe,mikeamesbury,mention,1,0.0
laurasmithcrewe,stmcrewe,mention,1,0.9735
lee4ned,@bramleyvbramley,mention,1,0.7184
lee4ned,@rachcsteele,mention,1,0.4767
lee4ned,@uklabour,mention,2,0.59755
lee4ned,bramleyvbramley,mention,1,0.7184
lee4ned,rachcsteele,mention,1,0.4767
lee4ned,uklabour,mention,2,0.59755
leicesterliz,@ayeshahazarika,mention,1,0.6696
leicesterliz,@bexbailey,mention,1,-0.0397
leicesterliz,@guardian,mention,1,-0.0397
leicesterliz,ayeshahazarika,mention,1,0.6696
leicesterliz,bexbailey,mention,1,-0.0397
leicesterliz,guardian,mention,1,-0.0397
leodochertyuk,@lewii,mention,1,0.3182
leodochertyuk,@parliament.uk,mention,1,0.3182
leodochertyuk,@sw_railway,mention,1,0.3182
leodochertyuk,lewii,mention,1,0.3182
leodochertyuk,parliament,mention,1,0.3182
leodochertyuk,sw_railway,mention,1,0.3182
liambyrnemp,@adamramsay,mention,1,0.2263
liambyrnemp,@alcoholconcern,mention,1,0.7206
liambyrnemp,@caabu,mention,1,-0.4215
liambyrnemp,@carolineflintmp,mention,2,0.7824
liambyrnemp,@coaisathing,mention,1,0.7206
liambyrnemp,@crisis_bham,mention,1,0.4404
liambyrnemp,@crisis_uk,mention,1,0.4404
liambyrnemp,@davekeenwmp,mention,1,0.4019
liambyrnemp,@drrosena,mention,1,0.0
liambyrnemp,@euvsdisinfo,mention,1,0.6249
liambyrnemp,@ft,mention,1,0.5859
liambyrnemp,@heartofengland,mention,1,0.4019
liambyrnemp,@john_pats,mention,1,0.6588
liambyrnemp,@jonashworth,mention,2,0.7824
liambyrnemp,@kennybellwmp,mention,1,0.4019
liambyrnemp,@liambyrnemp,mention,4,0.39505
liambyrnemp,@millenniumpoint,mention,1,0.0772
liambyrnemp,@nacoauk,mention,1,0.7206
liambyrnemp,@peterkgeoghegan,mention,1,0.2263
liambyrnemp,@richardburdenmp,mention,1,-0.4215
liambyrnemp,@theapmg,mention,1,0.6588
liambyrnemp,@wmpolice,mention,1,0.4019
liambyrnemp,adamramsay,mention,1,0.2263
liambyrnemp,alcoholconcern,mention,1,0.7206
liambyrnemp,caabu,mention,1,-0.4215
liambyrnemp,carolineflintmp,mention,2,0.7824
liambyrnemp,coaisathing,mention,1,0.7206
liambyrnemp,crisis_bham,mention,1,0.4404
liambyrnemp,crisis_uk,mention,1,0.4404
liambyrnemp,davekeenwmp,mention,1,0.4019
liambyrnemp,drrosena,mention,1,0.0
liambyrnemp,euvsdisinfo,mention,1,0.6249
liambyrnemp,ft,mention,1,0.5859
liambyrnemp,heartofengland,mention,1,0.4019
liambyrnemp,john_pats,mention,1,0.6588
liambyrnemp,jonashworth,mention,2,0.7824
liambyrnemp,kennybellwmp,mention,1,0.4019
liambyrnemp,liambyrnemp,mention,4,0.39505
liambyrnemp,millenniumpoint,mention,1,0.0772
liambyrnemp,nacoauk,mention,1,0.7206
liambyrnemp,peterkgeoghegan,mention,1,0.2263
liambyrnemp,richardburdenmp,mention,1,-0.4215
liambyrnemp,theapmg,mention,1,0.6588
liambyrnemp,wmpolice,mention,1,0.4019
liamfox,@liamfox,mention,2,0.42835
liamfox,@ons,mention,1,0.3182
liamfox,@wto,mention,1,0.0
liamfox,liamfox,mention,2,0.42835
liamfox,ons,mention,1,0.3182
liamfox,wto,mention,1,0.0
liliangreenwood,@dianajohnsonmp,mention,1,0.0
liliangreenwood,@ipprnorth,mention,1,0.0
liliangreenwood,@kingscollegenhs.,mention,1,0.9531
liliangreenwood,@liliangreenwood,mention,1,0.0
liliangreenwood,@studentsofien,mention,1,0.368
liliangreenwood,dianajohnsonmp,mention,1,0.0
liliangreenwood,ipprnorth,mention,1,0.0
liliangreenwood,kingscollegenhs,mention,1,0.9531
liliangreenwood,liliangreenwood,mention,1,0.0
liliangreenwood,studentsofien,mention,1,0.368
lisanandy,@e_linsey,mention,1,-0.7184
lisanandy,@janemerrick23,mention,1,-0.7184
lisanandy,@lisanandy,mention,1,-0.7184
lisanandy,@mybodybackproj,mention,1,-0.7184
lisanandy,@sisofrida,mention,1,-0.7184
lisanandy,@the2ndsource's,mention,1,-0.7184
lisanandy,e_linsey,mention,1,-0.7184
lisanandy,janemerrick23,mention,1,-0.7184
lisanandy,lisanandy,mention,1,-0.7184
lisanandy,mybodybackproj,mention,1,-0.7184
lisanandy,sisofrida,mention,1,-0.7184
lisanandy,the2ndsource,mention,1,-0.7184
lizmcinnes60,@alysonbarnes17,mention,1,0.92
lizmcinnes60,@jessicaelgot,mention,1,0.4019
lizmcinnes60,@lizmcinnes_mp,mention,1,0.5849
lizmcinnes60,@mrhazzers,mention,1,0.4019
lizmcinnes60,@peterward09,mention,1,0.4019
lizmcinnes60,alysonbarnes17,mention,1,0.92
lizmcinnes60,jessicaelgot,mention,1,0.4019
lizmcinnes60,lizmcinnes_mp,mention,1,0.5849
lizmcinnes60,mrhazzers,mention,1,0.4019
lizmcinnes60,peterward09,mention,1,0.4019
lordianaustin,@bwc_nhs,mention,1,0.5859
lordianaustin,@corr_matt,mention,1,0.223
lordianaustin,@fentiger001,mention,1,0.0
lordianaustin,@ianaustinmp,mention,1,0.722
lordianaustin,@jane738,mention,1,0.0
lordianaustin,@jeremycorbyn,mention,1,-0.296
lordianaustin,@katiesdad52,mention,1,0.223
lordianaustin,@mrlongdenextra,mention,1,-0.296
lordianaustin,@politicalhackuk,mention,1,0.722
lordianaustin,@shinydh,mention,1,-0.296
lordianaustin,bwc_nhs,mention,1,0.5859
lordianaustin,corr_matt,mention,1,0.223
lordianaustin,fentiger001,mention,1,0.0
lordianaustin,ianaustinmp,mention,1,0.722
lordianaustin,jane738,mention,1,0.0
lordianaustin,jeremycorbyn,mention,1,-0.296
lordianaustin,katiesdad52,mention,1,0.223
lordianaustin,mrlongdenextra,mention,1,-0.296
lordianaustin,politicalhackuk,mention,1,0.722
lordianaustin,shinydh,mention,1,-0.296
lordjohnmann,@elizabethfilkin.,mention,1,0.2263
lordjohnmann,elizabethfilkin,mention,1,0.2263
lordwalney,@amyfentonnwem,mention,1,0.7506
lordwalney,@catsmithmp,mention,2,-0.29105000000000003
lordwalney,@dancrawford85,mention,1,-0.4215
lordwalney,@fedfsupplychain,mention,1,0.6124
lordwalney,@fishypaul,mention,1,-0.4215
lordwalney,@guardian,mention,1,-0.4215
lordwalney,@jwoodcockmp,mention,2,-0.36205000000000004
lordwalney,@mbrendansweeney,mention,2,-0.29105000000000003
lordwalney,@robynhitchcock,mention,1,0.0
lordwalney,@zoesqwilliams,mention,1,-0.4215
lordwalney,amyfentonnwem,mention,1,0.7506
lordwalney,catsmithmp,mention,2,-0.29105000000000003
lordwalney,dancrawford85,mention,1,-0.4215
lordwalney,fedfsupplychain,mention,1,0.6124
lordwalney,fishypaul,mention,1,-0.4215
lordwalney,guardian,mention,1,-0.4215
lordwalney,jwoodcockmp,mention,2,-0.36205000000000004
lordwalney,mbrendansweeney,mention,2,-0.29105000000000003
lordwalney,robynhitchcock,mention,1,0.0
lordwalney,zoesqwilliams,mention,1,-0.4215
louhaigh,@commonsleader,mention,1,0.5106
louhaigh,@louhaigh,mention,2,0.08530000000000001
louhaigh,@louhaigh.,mention,1,-0.0258
louhaigh,@mikearmiger,mention,1,-0.4939
louhaigh,@mundellaschool,mention,1,0.9136
louhaigh,@policechiefs,mention,1,-0.34
louhaigh,@youngvulgarian,mention,1,-0.7506
louhaigh,commonsleader,mention,1,0.5106
louhaigh,louhaigh,mention,3,0.04826666666666668
louhaigh,mikearmiger,mention,1,-0.4939
louhaigh,mundellaschool,mention,1,0.9136
louhaigh,policechiefs,mention,1,-0.34
louhaigh,youngvulgarian,mention,1,-0.7506
lsrplaid,@aluncairns,mention,1,-0.3919
lsrplaid,@lsrplaid,mention,3,-0.3609
lsrplaid,@plaid_cymru,mention,2,-0.23304999999999998
lsrplaid,@ukgovwales,mention,1,-0.3919
lsrplaid,aluncairns,mention,1,-0.3919
lsrplaid,lsrplaid,mention,3,-0.3609
lsrplaid,plaid_cymru,mention,2,-0.23304999999999998
lsrplaid,ukgovwales,mention,1,-0.3919
lucianaberger,@commonshomeaffs,mention,1,-0.3744
lucianaberger,@lucianaberger,mention,1,0.296
lucianaberger,@twitter,mention,1,-0.3744
lucianaberger,commonshomeaffs,mention,1,-0.3744
lucianaberger,lucianaberger,mention,1,0.296
lucianaberger,twitter,mention,1,-0.3744
lucyallan,@jojohnsonuk,mention,1,0.8122
lucyallan,@limmuduk,mention,1,0.8122
lucyallan,@takenuk1,mention,1,0.6597
lucyallan,@theresa_may,mention,1,0.0
lucyallan,jojohnsonuk,mention,1,0.8122
lucyallan,limmuduk,mention,1,0.8122
lucyallan,takenuk1,mention,1,0.6597
lucyallan,theresa_may,mention,1,0.0
lucympowell,@communityincity,mention,1,0.4574
lucympowell,@davidlammy,mention,1,0.0
lucympowell,@donnaludford,mention,1,0.4574
lucympowell,@hammersmithandy,mention,1,0.0
lucympowell,@jacobmason,mention,1,0.4574
lucympowell,@jennychapman,mention,1,0.9258
lucympowell,@jliffe,mention,1,0.0
lucympowell,@kevin_nicholas5,mention,1,0.296
lucympowell,@lisanandy,mention,1,0.0
lucympowell,@lucympowell,mention,2,0.6776500000000001
lucympowell,@neilsmithgmb,mention,1,0.4574
lucympowell,@rlong_bailey,mention,1,0.0
lucympowell,@seanmchale9,mention,1,0.4574
lucympowell,@yvettecoopermp,mention,1,0.0
lucympowell,communityincity,mention,1,0.4574
lucympowell,davidlammy,mention,1,0.0
lucympowell,donnaludford,mention,1,0.4574
lucympowell,hammersmithandy,mention,1,0.0
lucympowell,jacobmason,mention,1,0.4574
lucympowell,jennychapman,mention,1,0.9258
lucympowell,jliffe,mention,1,0.0
lucympowell,kevin_nicholas5,mention,1,0.296
lucympowell,lisanandy,mention,1,0.0
lucympowell,lucympowell,mention,2,0.6776500000000001
lucympowell,neilsmithgmb,mention,1,0.4574
lucympowell,rlong_bailey,mention,1,0.0
lucympowell,seanmchale9,mention,1,0.4574
lucympowell,yvettecoopermp,mention,1,0.0
lukegrahamuk,@beisgovuk,mention,1,0.4939
lukegrahamuk,@davidgauke,mention,1,0.8883
lukegrahamuk,@smallbizsatuk,mention,1,0.7712
lukegrahamuk,beisgovuk,mention,1,0.4939
lukegrahamuk,davidgauke,mention,1,0.8883
lukegrahamuk,smallbizsatuk,mention,1,0.7712
lukepollard,@angelarayner,mention,1,0.2732
lukepollard,@commonstrans,mention,1,0.0
lukepollard,@hch_hill,mention,1,-0.8638
lukepollard,@jeremycorbyn,mention,1,0.5719
lukepollard,@mayflowerwtw,mention,1,0.8044
lukepollard,@sahfos,mention,1,0.8955
lukepollard,@southwestwater,mention,1,0.8044
lukepollard,@thembauk,mention,1,0.8955
lukepollard,@uklabour,mention,1,0.5423
lukepollard,@wyattd,mention,1,0.5423
lukepollard,angelarayner,mention,1,0.2732
lukepollard,commonstrans,mention,1,0.0
lukepollard,hch_hill,mention,1,-0.8638
lukepollard,jeremycorbyn,mention,1,0.5719
lukepollard,mayflowerwtw,mention,1,0.8044
lukepollard,sahfos,mention,1,0.8955
lukepollard,southwestwater,mention,1,0.8044
lukepollard,thembauk,mention,1,0.8955
lukepollard,uklabour,mention,1,0.5423
lukepollard,wyattd,mention,1,0.5423
lynbrownmp,@lynbrownmp,mention,1,0.0
lynbrownmp,lynbrownmp,mention,1,0.0
madeleinemoon,@billbrowder.,mention,1,0.2263
madeleinemoon,billbrowder,mention,1,0.2263
marcusfysh,@johnnymerceruk,mention,1,0.296
marcusfysh,@lindsayhoyle_mp,mention,1,-0.1513
marcusfysh,@nicholadrummond,mention,1,0.296
marcusfysh,johnnymerceruk,mention,1,0.296
marcusfysh,lindsayhoyle_mp,mention,1,-0.1513
marcusfysh,nicholadrummond,mention,1,0.296
mark4wyreforest,@mark4wyreforest,mention,1,0.0
mark4wyreforest,@ukef,mention,1,0.0
mark4wyreforest,mark4wyreforest,mention,1,0.0
mark4wyreforest,ukef,mention,1,0.0
markfielduk,@britishcouncil,mention,1,0.4199
markfielduk,@cheveningfco,mention,1,0.4199
markfielduk,@diplomog,mention,1,0.4199
markfielduk,@diplomog...,mention,1,0.4199
markfielduk,@markfielduk,mention,2,0.5224
markfielduk,@markfielduk!,mention,1,0.4199
markfielduk,@un,mention,1,0.6249
markfielduk,britishcouncil,mention,1,0.4199
markfielduk,cheveningfco,mention,1,0.4199
markfielduk,diplomog,mention,1,0.4199
markfielduk,markfielduk,mention,2,0.5224
markfielduk,un,mention,1,0.6249
marklancastermk,@cwgc,mention,1,0.5719
marklancastermk,@defencehq,mention,1,0.5719
marklancastermk,@deniskeefe,mention,1,0.5719
marklancastermk,@marklancastermk,mention,2,0.7444
marklancastermk,@mo_i_vs,mention,1,0.5719
marklancastermk,cwgc,mention,1,0.5719
marklancastermk,defencehq,mention,1,0.5719
marklancastermk,deniskeefe,mention,1,0.5719
marklancastermk,marklancastermk,mention,2,0.7444
marklancastermk,mo_i_vs,mention,1,0.5719
marshadecordova,@debbie_abrahams,mention,1,0.0516
marshadecordova,@jeremycorbyn,mention,1,-0.128
marshadecordova,@marshadecordova,mention,2,0.33755
marshadecordova,@mo_farah,mention,1,0.7351
marshadecordova,@sjbc_london,mention,1,0.2732
marshadecordova,@wandsworthmayor,mention,1,0.2732
marshadecordova,debbie_abrahams,mention,1,0.0516
marshadecordova,jeremycorbyn,mention,1,-0.128
marshadecordova,marshadecordova,mention,2,0.33755
marshadecordova,mo_farah,mention,1,0.7351
marshadecordova,sjbc_london,mention,1,0.2732
marshadecordova,wandsworthmayor,mention,1,0.2732
martinjdocherty,@jimforcovsouth,mention,1,0.8658
martinjdocherty,@johnmcnallymp,mention,1,0.8658
martinjdocherty,@thesnp,mention,1,-0.6734
martinjdocherty,jimforcovsouth,mention,1,0.8658
martinjdocherty,johnmcnallymp,mention,1,0.8658
martinjdocherty,thesnp,mention,1,-0.6734
marycreagh_,@isabelhardman,mention,1,0.0
marycreagh_,isabelhardman,mention,1,0.0
matthancock,@_robinsonm,mention,1,0.0
matthancock,@andy4wm!,mention,1,0.7707
matthancock,@conservatives!,mention,1,0.9326
matthancock,@helpmusiciansuk,mention,1,0.8608
matthancock,@jonathanbadyal.,mention,1,0.979
matthancock,@matthancock,mention,1,0.979
matthancock,@neilturkewitz,mention,1,0.0
matthancock,@shaldonangler,mention,1,0.2111
matthancock,@techuk,mention,1,0.0
matthancock,@theresa_may,mention,1,0.0
matthancock,_robinsonm,mention,1,0.0
matthancock,andy4wm,mention,1,0.7707
matthancock,conservatives,mention,1,0.9326
matthancock,helpmusiciansuk,mention,1,0.8608
matthancock,jonathanbadyal,mention,1,0.979
matthancock,matthancock,mention,1,0.979
matthancock,neilturkewitz,mention,1,0.0
matthancock,shaldonangler,mention,1,0.2111
matthancock,techuk,mention,1,0.0
matthancock,theresa_may,mention,1,0.0
mattwarman,13pilgrim,mention,3,-0.054799999999999995
mattwarman,@13pilgrim,mention,3,-0.054799999999999995
mattwarman,@bikerrebel1,mention,3,-0.11333333333333334
mattwarman,@getbritainout,mention,1,0.0
mattwarman,@jdwtweet,mention,1,-0.3818
mattwarman,@paul_r_kenny,mention,1,-0.3818
mattwarman,@ukip,mention,1,0.5574
mattwarman,@wolfie_smythe,mention,1,-0.34
mattwarman,@yellabelly6,mention,3,-0.054799999999999995
mattwarman,@youtube,mention,1,0.0
mattwarman,bikerrebel1,mention,3,-0.11333333333333334
mattwarman,getbritainout,mention,1,0.0
mattwarman,jdwtweet,mention,1,-0.3818
mattwarman,paul_r_kenny,mention,1,-0.3818
mattwarman,ukip,mention,1,0.5574
mattwarman,wolfie_smythe,mention,1,-0.34
mattwarman,yellabelly6,mention,3,-0.054799999999999995
mattwarman,youtube,mention,1,0.0
mattwestern_,@brtmerrill,mention,1,0.8979
mattwestern_,@brtmerrill..,mention,1,0.8979
mattwestern_,@johnhealey_mp.,mention,1,0.3182
mattwestern_,brtmerrill,mention,1,0.8979
mattwestern_,johnhealey_mp,mention,1,0.3182
meaglemp,@daviddavismp,mention,1,0.0516
meaglemp,@granadareports,mention,2,0.22965000000000002
meaglemp,@haltonbc,mention,1,0.7684
meaglemp,@keir_starmer,mention,1,-0.6908
meaglemp,@meaglemp,mention,2,0.3842
meaglemp,@merseygateway,mention,1,0.7684
meaglemp,daviddavismp,mention,1,0.0516
meaglemp,granadareports,mention,2,0.22965000000000002
meaglemp,haltonbc,mention,1,0.7684
meaglemp,keir_starmer,mention,1,-0.6908
meaglemp,meaglemp,mention,2,0.3842
meaglemp,merseygateway,mention,1,0.7684
metcalfe_sbet,@annemilton,mention,1,0.7269
metcalfe_sbet,@metcalfe_sbet,mention,2,0.36345
metcalfe_sbet,annemilton,mention,1,0.7269
metcalfe_sbet,metcalfe_sbet,mention,2,0.36345
mgreenwoodww,@debbie_abrahams,mention,1,0.0
mgreenwoodww,@labourdwp,mention,1,0.0
mgreenwoodww,debbie_abrahams,mention,1,0.0
mgreenwoodww,labourdwp,mention,1,0.0
michael4mdnp,@andrealeadsom,mention,1,0.8074
michael4mdnp,@bournemouthecho,mention,1,0.8074
michael4mdnp,@dorsetecho,mention,1,0.8074
michael4mdnp,@michael4mdnp,mention,1,0.8074
michael4mdnp,andrealeadsom,mention,1,0.8074
michael4mdnp,bournemouthecho,mention,1,0.8074
michael4mdnp,dorsetecho,mention,1,0.8074
michael4mdnp,michael4mdnp,mention,1,0.8074
mike_fabricant,@andy4wm,mention,1,0.0
mike_fabricant,@landg_homes,mention,1,0.0
mike_fabricant,@lgim,mention,1,0.0
mike_fabricant,@marianorajoy,mention,1,0.4019
mike_fabricant,@mike_fabricant,mention,2,0.32594999999999996
mike_fabricant,@rossevansurbane,mention,1,0.0
mike_fabricant,@theresa_may,mention,1,0.4019
mike_fabricant,andy4wm,mention,1,0.0
mike_fabricant,landg_homes,mention,1,0.0
mike_fabricant,lgim,mention,1,0.0
mike_fabricant,marianorajoy,mention,1,0.4019
mike_fabricant,mike_fabricant,mention,2,0.32594999999999996
mike_fabricant,rossevansurbane,mention,1,0.0
mike_fabricant,theresa_may,mention,1,0.4019
mikeamesburymp,@cllrkieranquinn,mention,1,0.0
mikeamesburymp,@cllrsuequinn,mention,1,0.0
mikeamesburymp,@divamanc,mention,1,0.6805
mikeamesburymp,@drrosena,mention,1,0.0
mikeamesburymp,@emilythornberry,mention,1,-0.1035
mikeamesburymp,@gorsewoodprimar,mention,1,0.5859
mikeamesburymp,@haltonbc,mention,1,0.5859
mikeamesburymp,@jimfromoldham,mention,1,0.6805
mikeamesburymp,@joepike,mention,1,-0.0258
mikeamesburymp,@jopike3,mention,1,-0.0258
mikeamesburymp,@michaellcrick,mention,1,-0.0258
mikeamesburymp,@mikekanemp,mention,1,0.6805
mikeamesburymp,@survation,mention,1,0.0
mikeamesburymp,@taylor3july2008,mention,1,0.5859
mikeamesburymp,cllrkieranquinn,mention,1,0.0
mikeamesburymp,cllrsuequinn,mention,1,0.0
mikeamesburymp,divamanc,mention,1,0.6805
mikeamesburymp,drrosena,mention,1,0.0
mikeamesburymp,emilythornberry,mention,1,-0.1035
mikeamesburymp,gorsewoodprimar,mention,1,0.5859
mikeamesburymp,haltonbc,mention,1,0.5859
mikeamesburymp,jimfromoldham,mention,1,0.6805
mikeamesburymp,joepike,mention,1,-0.0258
mikeamesburymp,jopike3,mention,1,-0.0258
mikeamesburymp,michaellcrick,mention,1,-0.0258
mikeamesburymp,mikekanemp,mention,1,0.6805
mikeamesburymp,survation,mention,1,0.0
mikeamesburymp,taylor3july2008,mention,1,0.5859
mikegapes,@commonsforeign,mention,1,-0.743
mikegapes,@dominicraab,mention,1,0.2732
mikegapes,@eppgroup,mention,1,-0.3975
mikegapes,@kirstywark,mention,1,0.2732
mikegapes,@laboursinglemkt?,mention,1,0.0258
mikegapes,@mikegapes,mention,1,-0.4767
mikegapes,@rcorbettmep,mention,1,-0.1083
mikegapes,@starbucksuk!,mention,1,0.9637
mikegapes,@stevepeers,mention,1,0.25
mikegapes,@transportforall,mention,2,0.9058999999999999
mikegapes,@uklabour,mention,2,0.31875
mikegapes,commonsforeign,mention,1,-0.743
mikegapes,dominicraab,mention,1,0.2732
mikegapes,eppgroup,mention,1,-0.3975
mikegapes,kirstywark,mention,1,0.2732
mikegapes,laboursinglemkt,mention,1,0.0258
mikegapes,mikegapes,mention,1,-0.4767
mikegapes,rcorbettmep,mention,1,-0.1083
mikegapes,starbucksuk,mention,1,0.9637
mikegapes,stevepeers,mention,1,0.25
mikegapes,transportforall,mention,2,0.9058999999999999
mikegapes,uklabour,mention,2,0.31875
mikejwood,@cliffyboy13,mention,1,-0.0387
mikejwood,@royalmail,mention,1,0.3987
mikejwood,@scottmann4nc,mention,1,0.3987
mikejwood,cliffyboy13,mention,1,-0.0387
mikejwood,royalmail,mention,1,0.3987
mikejwood,scottmann4nc,mention,1,0.3987
mimsdavies,@ahmadiyyauk,mention,1,0.5423
mimsdavies,@burmacampaignuk,mention,1,0.5423
mimsdavies,@commotiondance1,mention,1,0.0
mimsdavies,@conservatives,mention,1,0.5423
mimsdavies,@eastleighfc,mention,1,0.8236
mimsdavies,@houseofcommons,mention,2,0.4807
mimsdavies,@markfielduk,mention,1,0.5423
mimsdavies,@matthancock,mention,1,0.7351
mimsdavies,@michaelgove.,mention,1,0.0
mimsdavies,@nca_uk,mention,1,0.7269
mimsdavies,@radioappg,mention,1,0.7351
mimsdavies,@rspca_official,mention,1,0.0
mimsdavies,@tamilsforum.,mention,1,0.5423
mimsdavies,@theresa_may,mention,1,0.2263
mimsdavies,@unwomenuk,mention,1,0.2263
mimsdavies,ahmadiyyauk,mention,1,0.5423
mimsdavies,burmacampaignuk,mention,1,0.5423
mimsdavies,commotiondance1,mention,1,0.0
mimsdavies,conservatives,mention,1,0.5423
mimsdavies,eastleighfc,mention,1,0.8236
mimsdavies,houseofcommons,mention,2,0.4807
mimsdavies,markfielduk,mention,1,0.5423
mimsdavies,matthancock,mention,1,0.7351
mimsdavies,michaelgove,mention,1,0.0
mimsdavies,nca_uk,mention,1,0.7269
mimsdavies,radioappg,mention,1,0.7351
mimsdavies,rspca_official,mention,1,0.0
mimsdavies,tamilsforum,mention,1,0.5423
mimsdavies,theresa_may,mention,1,0.2263
mimsdavies,unwomenuk,mention,1,0.2263
mphendrick,@azhar4pendle,mention,1,0.7783
mphendrick,@lindsayhoyle_mp,mention,1,0.7783
mphendrick,azhar4pendle,mention,1,0.7783
mphendrick,lindsayhoyle_mp,mention,1,0.7783
mtpennycook,@mtpennycook,mention,1,0.0258
mtpennycook,@stefaanderynck,mention,1,0.4048
mtpennycook,mtpennycook,mention,1,0.0258
mtpennycook,stefaanderynck,mention,1,0.4048
nadams,@conservatives,mention,1,-0.5362
nadams,@maxnbessiesmum,mention,1,0.3995
nadams,@royalmail,mention,1,-0.7096
nadams,@uklabour,mention,1,-0.7096
nadams,conservatives,mention,1,-0.5362
nadams,maxnbessiesmum,mention,1,0.3995
nadams,royalmail,mention,1,-0.7096
nadams,uklabour,mention,1,-0.7096
nadhimzahawi,@ardenhotel?,mention,1,0.296
nadhimzahawi,@houseofcommons.,mention,1,0.0
nadhimzahawi,ardenhotel,mention,1,0.296
nadhimzahawi,houseofcommons,mention,1,0.0
nadinedorries,@bbcnews,mention,1,0.6808
nadinedorries,@cphillips_ippso,mention,1,0.6808
nadinedorries,bbcnews,mention,1,0.6808
nadinedorries,cphillips_ippso,mention,1,0.6808
nazshahbfd,@labourmuslims,mention,1,0.8481
nazshahbfd,@uklabour,mention,1,0.8481
nazshahbfd,@ukparliament.,mention,1,0.8481
nazshahbfd,@wesstreeting,mention,1,0.0
nazshahbfd,labourmuslims,mention,1,0.8481
nazshahbfd,uklabour,mention,1,0.8481
nazshahbfd,ukparliament,mention,1,0.8481
nazshahbfd,wesstreeting,mention,1,0.0
neildotobrien,@chrisgiles_,mention,1,0.4588
neildotobrien,@torstenbell,mention,1,0.4588
neildotobrien,chrisgiles_,mention,1,0.4588
neildotobrien,torstenbell,mention,1,0.4588
neilgraysnp,@garrywstewart,mention,1,0.1027
neilgraysnp,@nlcpeople,mention,1,0.1027
neilgraysnp,@parliament.uk,mention,1,0.1027
neilgraysnp,@scotrail,mention,1,0.1027
neilgraysnp,garrywstewart,mention,1,0.1027
neilgraysnp,nlcpeople,mention,1,0.1027
neilgraysnp,parliament,mention,1,0.1027
neilgraysnp,scotrail,mention,1,0.1027
neill_bob,@andrewboff,mention,1,0.0762
neill_bob,@appgforlondon.,mention,1,0.8808
neill_bob,@commonsjustice,mention,2,0.05135
neill_bob,@conservatives,mention,1,-0.6808
neill_bob,@danieljhannan,mention,1,0.5994
neill_bob,@dementiaview,mention,1,0.0
neill_bob,@graham_galpin,mention,1,0.3612
neill_bob,@jdjanogly,mention,1,0.2263
neill_bob,@jhowelluk,mention,1,0.0
neill_bob,@jo_coburn,mention,1,0.2263
neill_bob,@lselaw,mention,1,0.2732
neill_bob,@mayoroflondon,mention,1,0.0762
neill_bob,@neill_bob,mention,5,0.4272
neill_bob,@paulmaynarduk?,mention,1,0.0276
neill_bob,@sschospices,mention,1,0.7579
neill_bob,@survation,mention,1,-0.0516
neill_bob,@thexfactor,mention,1,0.7579
neill_bob,@tog4shortlives.,mention,1,0.7579
neill_bob,andrewboff,mention,1,0.0762
neill_bob,appgforlondon,mention,1,0.8808
neill_bob,commonsjustice,mention,2,0.05135
neill_bob,conservatives,mention,1,-0.6808
neill_bob,danieljhannan,mention,1,0.5994
neill_bob,dementiaview,mention,1,0.0
neill_bob,graham_galpin,mention,1,0.3612
neill_bob,jdjanogly,mention,1,0.2263
neill_bob,jhowelluk,mention,1,0.0
neill_bob,jo_coburn,mention,1,0.2263
neill_bob,lselaw,mention,1,0.2732
neill_bob,mayoroflondon,mention,1,0.0762
neill_bob,neill_bob,mention,5,0.4272
neill_bob,paulmaynarduk,mention,1,0.0276
neill_bob,sschospices,mention,1,0.7579
neill_bob,survation,mention,1,-0.0516
neill_bob,thexfactor,mention,1,0.7579
neill_bob,tog4shortlives,mention,1,0.7579
nicdakin55,@alcoholconcern,mention,1,0.7206
nicdakin55,@anne_w_strike,mention,1,0.0
nicdakin55,@carerssupportnl,mention,1,0.8516
nicdakin55,@carolineflintmp,mention,1,0.7206
nicdakin55,@coaisathing,mention,1,0.7206
nicdakin55,@cp_consortium,mention,1,0.0
nicdakin55,@jonashworth,mention,1,0.7206
nicdakin55,@jrf_uk,mention,1,-0.7495
nicdakin55,@labourleft,mention,1,0.5423
nicdakin55,@labourwomensnet,mention,1,0.5423
nicdakin55,@lornafillingham,mention,1,0.8516
nicdakin55,@mychangingplace,mention,1,0.0
nicdakin55,@nacoauk,mention,1,0.7206
nicdakin55,@nicdakinmp,mention,3,0.4646333333333333
nicdakin55,@nlcaregroup,mention,1,0.8516
nicdakin55,@northlincsccg,mention,1,0.8516
nicdakin55,@northlindsey,mention,1,0.8516
nicdakin55,@ongocommunities,mention,1,0.8516
nicdakin55,@scunnyhospital,mention,1,0.8516
nicdakin55,@scunnylabour,mention,1,0.5423
nicdakin55,@uklabour,mention,1,0.5423
nicdakin55,@westcliffcomm,mention,1,0.8516
nicdakin55,alcoholconcern,mention,1,0.7206
nicdakin55,anne_w_strike,mention,1,0.0
nicdakin55,carerssupportnl,mention,1,0.8516
nicdakin55,carolineflintmp,mention,1,0.7206
nicdakin55,coaisathing,mention,1,0.7206
nicdakin55,cp_consortium,mention,1,0.0
nicdakin55,jonashworth,mention,1,0.7206
nicdakin55,jrf_uk,mention,1,-0.7495
nicdakin55,labourleft,mention,1,0.5423
nicdakin55,labourwomensnet,mention,1,0.5423
nicdakin55,lornafillingham,mention,1,0.8516
nicdakin55,mychangingplace,mention,1,0.0
nicdakin55,nacoauk,mention,1,0.7206
nicdakin55,nicdakinmp,mention,3,0.4646333333333333
nicdakin55,nlcaregroup,mention,1,0.8516
nicdakin55,northlincsccg,mention,1,0.8516
nicdakin55,northlindsey,mention,1,0.8516
nicdakin55,ongocommunities,mention,1,0.8516
nicdakin55,scunnyhospital,mention,1,0.8516
nicdakin55,scunnylabour,mention,1,0.5423
nicdakin55,uklabour,mention,1,0.5423
nicdakin55,westcliffcomm,mention,1,0.8516
nickboles,@conservatives,mention,1,0.5859
nickboles,conservatives,mention,1,0.5859
nickherbertcbe,@nickherbertmp,mention,1,0.875
nickherbertcbe,nickherbertmp,mention,1,0.875
nickhurduk,@alzheimerssoc,mention,1,0.8934
nickhurduk,@amberruddhr,mention,1,-0.3612
nickhurduk,@sadiqkhan,mention,1,0.0
nickhurduk,@theresecoffey,mention,1,-0.5983
nickhurduk,alzheimerssoc,mention,1,0.8934
nickhurduk,amberruddhr,mention,1,-0.3612
nickhurduk,sadiqkhan,mention,1,0.0
nickhurduk,theresecoffey,mention,1,-0.5983
nicktorfaen,@carolynharris24,mention,1,0.9256
nicktorfaen,@welshlabour,mention,1,0.9256
nicktorfaen,carolynharris24,mention,1,0.9256
nicktorfaen,welshlabour,mention,1,0.9256
nickymorgan01,@falconsupport_,mention,1,0.4588
nickymorgan01,@iusher,mention,1,0.0
nickymorgan01,@miss_mcinerney,mention,1,0.0
nickymorgan01,@oldandrewuk,mention,1,0.0
nickymorgan01,falconsupport_,mention,1,0.4588
nickymorgan01,iusher,mention,1,0.0
nickymorgan01,miss_mcinerney,mention,1,0.0
nickymorgan01,oldandrewuk,mention,1,0.0
nigeldoddsdup,@debbie_abrahams,mention,1,0.0
nigeldoddsdup,@georgewparker,mention,1,0.0
nigeldoddsdup,@jbrokenshire,mention,1,0.2006
nigeldoddsdup,@jponpolitics,mention,1,0.0
nigeldoddsdup,@laura_k_hughes,mention,1,0.0
nigeldoddsdup,@mrmarksteel,mention,1,0.0
nigeldoddsdup,@neill_bob,mention,1,0.0
nigeldoddsdup,@nigeldoddsdup,mention,2,0.1003
nigeldoddsdup,@nigeldoddsdup:,mention,1,0.0
nigeldoddsdup,@prueleith,mention,1,0.0
nigeldoddsdup,debbie_abrahams,mention,1,0.0
nigeldoddsdup,georgewparker,mention,1,0.0
nigeldoddsdup,jbrokenshire,mention,1,0.2006
nigeldoddsdup,jponpolitics,mention,1,0.0
nigeldoddsdup,laura_k_hughes,mention,1,0.0
nigeldoddsdup,mrmarksteel,mention,1,0.0
nigeldoddsdup,neill_bob,mention,1,0.0
nigeldoddsdup,nigeldoddsdup,mention,3,0.06686666666666667
nigeldoddsdup,prueleith,mention,1,0.0
normanlamb,@adambilliald,mention,1,0.8439
normanlamb,@akindoftrouble,mention,1,0.4404
normanlamb,@bbc5live,mention,1,0.4404
normanlamb,@bengoldacre,mention,1,0.4767
normanlamb,@c0pe,mention,1,0.4767
normanlamb,@cochraneuk,mention,1,0.4767
normanlamb,@darrenpjones,mention,1,0.4767
normanlamb,@deb_cohen,mention,1,0.4767
normanlamb,@eeroteppo,mention,1,0.4767
normanlamb,@fuse_online,mention,1,0.4404
normanlamb,@hazelt1610,mention,1,0.4199
normanlamb,@healthwatchuk,mention,1,0.4767
normanlamb,@jsross119,mention,1,0.4767
normanlamb,@justtreatmentuk,mention,1,0.4767
normanlamb,@lakenutrition,mention,1,0.4404
normanlamb,@mhragovuk,mention,1,0.4767
normanlamb,@nichstarling,mention,1,0.8439
normanlamb,@normanlamb,mention,5,0.21774
normanlamb,@normanlamb.,mention,1,-0.6486
normanlamb,@parliament.uk,mention,1,0.4404
normanlamb,@royalsocbio,mention,1,0.5719
normanlamb,@schofieldrosie,mention,1,0.7772
normanlamb,@shelinavisram,mention,1,0.4404
normanlamb,@sideviewliz,mention,1,0.4767
normanlamb,@sile_lane,mention,1,0.4767
normanlamb,@sloumarsh,mention,1,0.0772
normanlamb,adambilliald,mention,1,0.8439
normanlamb,akindoftrouble,mention,1,0.4404
normanlamb,bbc5live,mention,1,0.4404
normanlamb,bengoldacre,mention,1,0.4767
normanlamb,c0pe,mention,1,0.4767
normanlamb,cochraneuk,mention,1,0.4767
normanlamb,darrenpjones,mention,1,0.4767
normanlamb,deb_cohen,mention,1,0.4767
normanlamb,eeroteppo,mention,1,0.4767
normanlamb,fuse_online,mention,1,0.4404
normanlamb,hazelt1610,mention,1,0.4199
normanlamb,healthwatchuk,mention,1,0.4767
normanlamb,jsross119,mention,1,0.4767
normanlamb,justtreatmentuk,mention,1,0.4767
normanlamb,lakenutrition,mention,1,0.4404
normanlamb,mhragovuk,mention,1,0.4767
normanlamb,nichstarling,mention,1,0.8439
normanlamb,normanlamb,mention,6,0.07335000000000001
normanlamb,parliament,mention,1,0.4404
normanlamb,royalsocbio,mention,1,0.5719
normanlamb,schofieldrosie,mention,1,0.7772
normanlamb,shelinavisram,mention,1,0.4404
normanlamb,sideviewliz,mention,1,0.4767
normanlamb,sile_lane,mention,1,0.4767
normanlamb,sloumarsh,mention,1,0.0772
nsoames,@abzayed,mention,1,-0.5106
nsoames,@baesystemsair,mention,1,0.0
nsoames,@bbcnickrobinson,mention,1,0.0
nsoames,@glasterlaw1,mention,1,0.6133
nsoames,@gmb,mention,1,0.0
nsoames,@gwrhelp,mention,1,0.0
nsoames,@heywoodhill,mention,1,0.0
nsoames,@hmsqnlz,mention,1,0.0
nsoames,@jamescleverly,mention,1,0.6133
nsoames,@jashedwards,mention,1,0.0
nsoames,@jojohnsonuk,mention,1,0.4019
nsoames,@leodochertyuk,mention,1,0.0
nsoames,@mohamedbinzayed,mention,1,-0.5106
nsoames,@navylookout,mention,1,0.0
nsoames,@nsoames,mention,2,0.0
nsoames,@orieloxford,mention,1,-0.6486
nsoames,@owenpaterson,mention,1,0.0
nsoames,@peterjluff,mention,1,0.0
nsoames,@realdonaldtrump,mention,1,0.0
nsoames,@soverysorry,mention,1,0.0
nsoames,@stephsearle90,mention,1,0.0
nsoames,@thehistoryguy,mention,2,0.0
nsoames,@toryboypierce,mention,1,0.0
nsoames,@wardenpark,mention,1,0.0
nsoames,abzayed,mention,1,-0.5106
nsoames,baesystemsair,mention,1,0.0
nsoames,bbcnickrobinson,mention,1,0.0
nsoames,glasterlaw1,mention,1,0.6133
nsoames,gmb,mention,1,0.0
nsoames,gwrhelp,mention,1,0.0
nsoames,heywoodhill,mention,1,0.0
nsoames,hmsqnlz,mention,1,0.0
nsoames,jamescleverly,mention,1,0.6133
nsoames,jashedwards,mention,1,0.0
nsoames,jojohnsonuk,mention,1,0.4019
nsoames,leodochertyuk,mention,1,0.0
nsoames,mohamedbinzayed,mention,1,-0.5106
nsoames,navylookout,mention,1,0.0
nsoames,nsoames,mention,2,0.0
nsoames,orieloxford,mention,1,-0.6486
nsoames,owenpaterson,mention,1,0.0
nsoames,peterjluff,mention,1,0.0
nsoames,realdonaldtrump,mention,1,0.0
nsoames,soverysorry,mention,1,0.0
nsoames,stephsearle90,mention,1,0.0
nsoames,thehistoryguy,mention,2,0.0
nsoames,toryboypierce,mention,1,0.0
nsoames,wardenpark,mention,1,0.0
nus_ghani,@bbcnickrobinson,mention,1,0.0258
nus_ghani,@bbcr4today,mention,1,0.0258
nus_ghani,@bbcradio4,mention,1,0.0258
nus_ghani,@mo_farah.,mention,1,0.5994
nus_ghani,@nus_ghani,mention,1,0.0
nus_ghani,bbcnickrobinson,mention,1,0.0258
nus_ghani,bbcr4today,mention,1,0.0258
nus_ghani,bbcradio4,mention,1,0.0258
nus_ghani,mo_farah,mention,1,0.5994
nus_ghani,nus_ghani,mention,1,0.0
offord4hendon,@offord4hendon,mention,1,0.0
offord4hendon,@suberbos,mention,1,0.0
offord4hendon,offord4hendon,mention,1,0.0
offord4hendon,suberbos,mention,1,0.0
onnmel,@autism,mention,1,0.4588
onnmel,@beckybarnesblog,mention,1,0.5267
onnmel,@carolineflintmp,mention,1,0.6597
onnmel,@channel4news,mention,1,0.9563
onnmel,@danieljhannan,mention,1,-0.0516
onnmel,@daviddavismp,mention,1,-0.6597
onnmel,@liambyrnemp,mention,1,0.6597
onnmel,@nacoauk,mention,1,0.6597
onnmel,@spinshed,mention,1,0.0
onnmel,@stmungos,mention,1,0.9563
onnmel,autism,mention,1,0.4588
onnmel,beckybarnesblog,mention,1,0.5267
onnmel,carolineflintmp,mention,1,0.6597
onnmel,channel4news,mention,1,0.9563
onnmel,danieljhannan,mention,1,-0.0516
onnmel,daviddavismp,mention,1,-0.6597
onnmel,liambyrnemp,mention,1,0.6597
onnmel,nacoauk,mention,1,0.6597
onnmel,spinshed,mention,1,0.0
onnmel,stmungos,mention,1,0.9563
patmcfaddenmp,@sikhs4labour!,mention,1,0.636
patmcfaddenmp,sikhs4labour,mention,1,0.636
paulasherriff,@daviddavismp,mention,1,0.0
paulasherriff,@examiner,mention,1,0.8591
paulasherriff,@huddsmission,mention,1,0.8591
paulasherriff,@jessphillips,mention,1,0.9421
paulasherriff,@kirkleescomplus,mention,1,0.9348
paulasherriff,@kirkleesparks,mention,1,0.9348
paulasherriff,@kirkleesshares,mention,1,0.9348
paulasherriff,@kirkleesyc,mention,1,0.9348
paulasherriff,@laylamoran,mention,1,0.9421
paulasherriff,@paulasherriff,mention,1,0.9421
paulasherriff,@paulasherriff.,mention,1,0.3818
paulasherriff,@thornhillca,mention,1,0.9348
paulasherriff,@welcome_hudds,mention,1,0.8591
paulasherriff,daviddavismp,mention,1,0.0
paulasherriff,examiner,mention,1,0.8591
paulasherriff,huddsmission,mention,1,0.8591
paulasherriff,jessphillips,mention,1,0.9421
paulasherriff,kirkleescomplus,mention,1,0.9348
paulasherriff,kirkleesparks,mention,1,0.9348
paulasherriff,kirkleesshares,mention,1,0.9348
paulasherriff,kirkleesyc,mention,1,0.9348
paulasherriff,laylamoran,mention,1,0.9421
paulasherriff,paulasherriff,mention,2,0.66195
paulasherriff,thornhillca,mention,1,0.9348
paulasherriff,welcome_hudds,mention,1,0.8591
paulflynnmp,@aluncairns,mention,1,-0.8316
paulflynnmp,@annamcmorrin,mention,1,-0.8316
paulflynnmp,@gutoaberconwy,mention,1,-0.8316
paulflynnmp,@nicktorfaenmp,mention,1,-0.8316
paulflynnmp,@paulflynnmp,mention,1,-0.8316
paulflynnmp,aluncairns,mention,1,-0.8316
paulflynnmp,annamcmorrin,mention,1,-0.8316
paulflynnmp,gutoaberconwy,mention,1,-0.8316
paulflynnmp,nicktorfaenmp,mention,1,-0.8316
paulflynnmp,paulflynnmp,mention,1,-0.8316
pauline_latham,@gmb_union,mention,1,0.5423
pauline_latham,@pauline_latham,mention,2,0.601
pauline_latham,@the_tuc,mention,1,0.5423
pauline_latham,gmb_union,mention,1,0.5423
pauline_latham,pauline_latham,mention,2,0.601
pauline_latham,the_tuc,mention,1,0.5423
pauljsweeney,@beezeypedro,mention,1,-0.1027
pauljsweeney,@brianwilson1967,mention,1,0.0
pauljsweeney,@djohnsonmsp,mention,1,-0.296
pauljsweeney,@labourrichard,mention,1,0.6959
pauljsweeney,@matthewdorrance,mention,1,0.7424
pauljsweeney,@scotgov,mention,1,-0.1027
pauljsweeney,@unisondave,mention,1,-0.2023
pauljsweeney,beezeypedro,mention,1,-0.1027
pauljsweeney,brianwilson1967,mention,1,0.0
pauljsweeney,djohnsonmsp,mention,1,-0.296
pauljsweeney,labourrichard,mention,1,0.6959
pauljsweeney,matthewdorrance,mention,1,0.7424
pauljsweeney,scotgov,mention,1,-0.1027
pauljsweeney,unisondave,mention,1,-0.2023
paulwilliamslab,@paulwilliamsmp,mention,1,0.8748
paulwilliamslab,paulwilliamsmp,mention,1,0.8748
pennymordaunt,@bondngo.,mention,1,0.8779
pennymordaunt,@pennymordaunt,mention,3,0.4931666666666667
pennymordaunt,@theresecoffey,mention,1,-0.5983
pennymordaunt,@ukun_newyork.,mention,1,0.5719
pennymordaunt,@un,mention,1,0.5719
pennymordaunt,bondngo,mention,1,0.8779
pennymordaunt,pennymordaunt,mention,3,0.4931666666666667
pennymordaunt,theresecoffey,mention,1,-0.5983
pennymordaunt,ukun_newyork,mention,1,0.5719
pennymordaunt,un,mention,1,0.5719
petergrantmp,@angusrobertson,mention,1,0.0
petergrantmp,@benmlake,mention,1,0.0
petergrantmp,@brendanoharasnp,mention,1,0.91
petergrantmp,@carolinelucas,mention,1,0.3612
petergrantmp,@christia_allard,mention,1,0.3832
petergrantmp,@christinasnp,mention,1,0.2023
petergrantmp,@chukaumunna,mention,1,0.3612
petergrantmp,@daviddavismp’s,mention,1,0.3818
petergrantmp,@derekbateman2,mention,1,0.2023
petergrantmp,@elnacionalcaten,mention,1,0.4019
petergrantmp,@faisalislam,mention,1,0.0
petergrantmp,@gofundme,mention,1,0.0
petergrantmp,@houseofcommons,mention,1,0.0
petergrantmp,@hywelplaidcymru,mention,1,0.0
petergrantmp,@jonathanplaid,mention,1,0.0
petergrantmp,@lesleyriddoch,mention,1,0.0
petergrantmp,@open_britain,mention,1,0.3612
petergrantmp,@plaid_cymru,mention,1,0.0
petergrantmp,@pm4eastren,mention,1,0.34
petergrantmp,@raildaily,mention,1,-0.1027
petergrantmp,@ross_greer,mention,1,-0.9218
petergrantmp,@ruthdavidsonmsp,mention,1,0.3832
petergrantmp,@stephengethins,mention,1,0.3612
petergrantmp,@thesnp,mention,1,0.91
petergrantmp,@thomasbrake,mention,1,0.3612
petergrantmp,@wagamama_uk,mention,1,-0.6486
petergrantmp,angusrobertson,mention,1,0.0
petergrantmp,benmlake,mention,1,0.0
petergrantmp,brendanoharasnp,mention,1,0.91
petergrantmp,carolinelucas,mention,1,0.3612
petergrantmp,christia_allard,mention,1,0.3832
petergrantmp,christinasnp,mention,1,0.2023
petergrantmp,chukaumunna,mention,1,0.3612
petergrantmp,daviddavismp,mention,1,0.3818
petergrantmp,derekbateman2,mention,1,0.2023
petergrantmp,elnacionalcaten,mention,1,0.4019
petergrantmp,faisalislam,mention,1,0.0
petergrantmp,gofundme,mention,1,0.0
petergrantmp,houseofcommons,mention,1,0.0
petergrantmp,hywelplaidcymru,mention,1,0.0
petergrantmp,jonathanplaid,mention,1,0.0
petergrantmp,lesleyriddoch,mention,1,0.0
petergrantmp,open_britain,mention,1,0.3612
petergrantmp,plaid_cymru,mention,1,0.0
petergrantmp,pm4eastren,mention,1,0.34
petergrantmp,raildaily,mention,1,-0.1027
petergrantmp,ross_greer,mention,1,-0.9218
petergrantmp,ruthdavidsonmsp,mention,1,0.3832
petergrantmp,stephengethins,mention,1,0.3612
petergrantmp,thesnp,mention,1,0.91
petergrantmp,thomasbrake,mention,1,0.3612
petergrantmp,wagamama_uk,mention,1,-0.6486
peterkyle,@activecitizens,mention,1,0.7893
peterkyle,@argus_joela,mention,1,-0.1759
peterkyle,@blacksmithtom,mention,1,-0.8017
peterkyle,@lamberchelo,mention,1,-0.1759
peterkyle,@southern_trains,mention,1,-0.1759
peterkyle,@southernrailuk,mention,1,-0.1759
peterkyle,activecitizens,mention,1,0.7893
peterkyle,argus_joela,mention,1,-0.1759
peterkyle,blacksmithtom,mention,1,-0.8017
peterkyle,lamberchelo,mention,1,-0.1759
peterkyle,southern_trains,mention,1,-0.1759
peterkyle,southernrailuk,mention,1,-0.1759
peternorthdevon,@kevin_j_foster,mention,1,0.0
peternorthdevon,@lindsayhoyle_mp,mention,1,-0.6391
peternorthdevon,kevin_j_foster,mention,1,0.0
peternorthdevon,lindsayhoyle_mp,mention,1,-0.6391
petewishart,@iancawsey,mention,1,0.7845
petewishart,@parlyapp,mention,1,0.4588
petewishart,@petewishart,mention,2,0.6247
petewishart,@scotgov,mention,1,0.7906
petewishart,@scottories,mention,1,0.7906
petewishart,iancawsey,mention,1,0.7845
petewishart,parlyapp,mention,1,0.4588
petewishart,petewishart,mention,2,0.6247
petewishart,scotgov,mention,1,0.7906
petewishart,scottories,mention,1,0.7906
philipdaviesuk,@ep_president,mention,1,0.3818
philipdaviesuk,@sevenbarrows,mention,1,0.0
philipdaviesuk,ep_president,mention,1,0.3818
philipdaviesuk,sevenbarrows,mention,1,0.0
philwilsonxmp,@kenpenton,mention,1,0.9001
philwilsonxmp,@soniasodha,mention,1,0.5859
philwilsonxmp,kenpenton,mention,1,0.9001
philwilsonxmp,soniasodha,mention,1,0.5859
preetkgillmp,@_taraki__,mention,1,0.7644
preetkgillmp,@basw_uk,mention,1,0.0
preetkgillmp,@cavelltrust,mention,1,0.0
preetkgillmp,@havencentre,mention,1,0.8885
preetkgillmp,@jeremy_hunt,mention,1,0.0
preetkgillmp,@jimmystrength47,mention,1,0.0
preetkgillmp,@keepnhspublic,mention,1,0.0
preetkgillmp,@news_rcni,mention,1,0.0
preetkgillmp,@nhs,mention,1,0.0
preetkgillmp,@nhs_needsyou,mention,1,0.0
preetkgillmp,@nhsengland,mention,1,0.0
preetkgillmp,@nhsmillion,mention,1,0.0
preetkgillmp,@nmcnews,mention,1,0.0
preetkgillmp,@nursessikh,mention,1,0.0
preetkgillmp,@preetkgillmp,mention,3,0.7098666666666666
preetkgillmp,@quintonwmp,mention,1,0.4767
preetkgillmp,@risecs,mention,1,0.8885
preetkgillmp,@sat_k_j,mention,1,0.0
preetkgillmp,@savenhsnascot,mention,1,0.0
preetkgillmp,@shuranjeet,mention,1,0.7644
preetkgillmp,@tandhesi,mention,1,0.0
preetkgillmp,@thercn,mention,2,0.0
preetkgillmp,@tonydowling,mention,1,0.0
preetkgillmp,@ukhouseoflords,mention,1,0.0
preetkgillmp,@uklabour,mention,1,-0.6249
preetkgillmp,@unisontweets,mention,1,0.0
preetkgillmp,@wenurses,mention,1,0.0
preetkgillmp,_taraki__,mention,1,0.7644
preetkgillmp,basw_uk,mention,1,0.0
preetkgillmp,cavelltrust,mention,1,0.0
preetkgillmp,havencentre,mention,1,0.8885
preetkgillmp,jeremy_hunt,mention,1,0.0
preetkgillmp,jimmystrength47,mention,1,0.0
preetkgillmp,keepnhspublic,mention,1,0.0
preetkgillmp,news_rcni,mention,1,0.0
preetkgillmp,nhs,mention,1,0.0
preetkgillmp,nhs_needsyou,mention,1,0.0
preetkgillmp,nhsengland,mention,1,0.0
preetkgillmp,nhsmillion,mention,1,0.0
preetkgillmp,nmcnews,mention,1,0.0
preetkgillmp,nursessikh,mention,1,0.0
preetkgillmp,preetkgillmp,mention,3,0.7098666666666666
preetkgillmp,quintonwmp,mention,1,0.4767
preetkgillmp,risecs,mention,1,0.8885
preetkgillmp,sat_k_j,mention,1,0.0
preetkgillmp,savenhsnascot,mention,1,0.0
preetkgillmp,shuranjeet,mention,1,0.7644
preetkgillmp,tandhesi,mention,1,0.0
preetkgillmp,thercn,mention,2,0.0
preetkgillmp,tonydowling,mention,1,0.0
preetkgillmp,ukhouseoflords,mention,1,0.0
preetkgillmp,uklabour,mention,1,-0.6249
preetkgillmp,unisontweets,mention,1,0.0
preetkgillmp,wenurses,mention,1,0.0
pritipatel,@conorburnsuk,mention,1,0.8906
pritipatel,@jamescleverly,mention,1,0.8906
pritipatel,@patel4witham,mention,1,0.8906
pritipatel,@syedkamall,mention,1,0.8906
pritipatel,conorburnsuk,mention,1,0.8906
pritipatel,jamescleverly,mention,1,0.8906
pritipatel,patel4witham,mention,1,0.8906
pritipatel,syedkamall,mention,1,0.8906
rachaelmaskell,@defragovuk,mention,1,0.6705
rachaelmaskell,@rachaelmaskell,mention,3,0.6660666666666667
rachaelmaskell,defragovuk,mention,1,0.6705
rachaelmaskell,rachaelmaskell,mention,3,0.6660666666666667
rachelreevesmp,@jocoxloneliness,mention,1,-0.25
rachelreevesmp,@rachelreevesmp,mention,2,-0.33575
rachelreevesmp,@seemakennedy,mention,1,-0.25
rachelreevesmp,jocoxloneliness,mention,1,-0.25
rachelreevesmp,rachelreevesmp,mention,2,-0.33575
rachelreevesmp,seemakennedy,mention,1,-0.25
rblackmanwoods,@uklabour,mention,1,0.7334
rblackmanwoods,uklabour,mention,1,0.7334
realstephenkerr,@forbes,mention,1,0.886
realstephenkerr,forbes,mention,1,0.886
rebeccaharrismp,@dcms,mention,1,0.7096
rebeccaharrismp,@jeremycorbyn,mention,1,-0.34
rebeccaharrismp,dcms,mention,1,0.7096
rebeccaharrismp,jeremycorbyn,mention,1,-0.34
redditchrachel,5050parliament,mention,1,0.4019
redditchrachel,@5050parliament,mention,1,0.4019
redditchrachel,@anna_soubry,mention,1,0.7845
redditchrachel,@baronessjenkin,mention,1,0.4019
redditchrachel,@bbctheoneshow,mention,1,0.7263
redditchrachel,@cherylgillan,mention,1,0.7593
redditchrachel,@conservatives,mention,1,0.8927
redditchrachel,@coventry2021,mention,2,0.81985
redditchrachel,@dcms,mention,1,0.7263
redditchrachel,@frankfieldteam,mention,1,0.3182
redditchrachel,@gilliankeegan.,mention,1,0.7593
redditchrachel,@handsupfound,mention,1,0.7593
redditchrachel,@houseofcommons,mention,1,0.4019
redditchrachel,@mimsdavies,mention,1,0.4019
redditchrachel,@redditchrachel,mention,2,0.44635
redditchrachel,@robertbuckland,mention,1,0.7593
redditchrachel,@spelmanc,mention,1,0.7593
redditchrachel,@sschospices,mention,1,0.7579
redditchrachel,@theresa_may,mention,2,0.6124499999999999
redditchrachel,@thexfactor,mention,1,0.7579
redditchrachel,@tog4shortlives.,mention,1,0.7579
redditchrachel,@uklabour,mention,1,0.5544
redditchrachel,anna_soubry,mention,1,0.7845
redditchrachel,baronessjenkin,mention,1,0.4019
redditchrachel,bbctheoneshow,mention,1,0.7263
redditchrachel,cherylgillan,mention,1,0.7593
redditchrachel,conservatives,mention,1,0.8927
redditchrachel,coventry2021,mention,2,0.81985
redditchrachel,dcms,mention,1,0.7263
redditchrachel,frankfieldteam,mention,1,0.3182
redditchrachel,gilliankeegan,mention,1,0.7593
redditchrachel,handsupfound,mention,1,0.7593
redditchrachel,houseofcommons,mention,1,0.4019
redditchrachel,mimsdavies,mention,1,0.4019
redditchrachel,redditchrachel,mention,2,0.44635
redditchrachel,robertbuckland,mention,1,0.7593
redditchrachel,spelmanc,mention,1,0.7593
redditchrachel,sschospices,mention,1,0.7579
redditchrachel,theresa_may,mention,2,0.6124499999999999
redditchrachel,thexfactor,mention,1,0.7579
redditchrachel,tog4shortlives,mention,1,0.7579
redditchrachel,uklabour,mention,1,0.5544
rees4neath,@accessincluded,mention,1,0.2263
rees4neath,@catgriffith,mention,1,0.2263
rees4neath,@cerysfurlong,mention,1,0.2263
rees4neath,@chwaraeteg,mention,1,0.2263
rees4neath,@ciobwales,mention,1,0.2263
rees4neath,@dwp,mention,1,-0.7125
rees4neath,@joycewatsonam,mention,1,0.2263
rees4neath,@juliejamesam,mention,1,0.2263
rees4neath,@karenredrow,mention,1,0.2263
rees4neath,@kath_wic,mention,1,0.2263
rees4neath,@nptcgroup,mention,1,0.2263
rees4neath,@number10gov,mention,1,-0.7125
rees4neath,@rees4neath,mention,1,0.2263
rees4neath,@smale_ann,mention,1,0.2263
rees4neath,@supplycsschool,mention,1,0.2263
rees4neath,@wiconstruction,mention,1,0.2263
rees4neath,@womeninfit_out,mention,1,0.2263
rees4neath,accessincluded,mention,1,0.2263
rees4neath,catgriffith,mention,1,0.2263
rees4neath,cerysfurlong,mention,1,0.2263
rees4neath,chwaraeteg,mention,1,0.2263
rees4neath,ciobwales,mention,1,0.2263
rees4neath,dwp,mention,1,-0.7125
rees4neath,joycewatsonam,mention,1,0.2263
rees4neath,juliejamesam,mention,1,0.2263
rees4neath,karenredrow,mention,1,0.2263
rees4neath,kath_wic,mention,1,0.2263
rees4neath,nptcgroup,mention,1,0.2263
rees4neath,number10gov,mention,1,-0.7125
rees4neath,rees4neath,mention,1,0.2263
rees4neath,smale_ann,mention,1,0.2263
rees4neath,supplycsschool,mention,1,0.2263
rees4neath,wiconstruction,mention,1,0.2263
rees4neath,womeninfit_out,mention,1,0.2263
rhonddabryant,@ahdamnsoper,mention,1,0.4329
rhonddabryant,@annasoubrymp,mention,1,0.296
rhonddabryant,@arron_banks,mention,1,0.4215
rhonddabryant,@bushtheatre,mention,1,0.2401
rhonddabryant,@carolynharris24,mention,1,0.743
rhonddabryant,@eluned_morgan,mention,1,0.743
rhonddabryant,@labour,mention,1,0.2023
rhonddabryant,@margaretdunne13,mention,1,0.296
rhonddabryant,@markdrakeford,mention,1,0.743
rhonddabryant,@morfofporth,mention,1,0.2023
rhonddabryant,@nigel_farage,mention,1,0.5984
rhonddabryant,@rhonddabryant,mention,1,0.7579
rhonddabryant,@thekonsept,mention,1,0.2401
rhonddabryant,@welshlabour,mention,1,0.743
rhonddabryant,ahdamnsoper,mention,1,0.4329
rhonddabryant,annasoubrymp,mention,1,0.296
rhonddabryant,arron_banks,mention,1,0.4215
rhonddabryant,bushtheatre,mention,1,0.2401
rhonddabryant,carolynharris24,mention,1,0.743
rhonddabryant,eluned_morgan,mention,1,0.743
rhonddabryant,labour,mention,1,0.2023
rhonddabryant,margaretdunne13,mention,1,0.296
rhonddabryant,markdrakeford,mention,1,0.743
rhonddabryant,morfofporth,mention,1,0.2023
rhonddabryant,nigel_farage,mention,1,0.5984
rhonddabryant,rhonddabryant,mention,1,0.7579
rhonddabryant,thekonsept,mention,1,0.2401
rhonddabryant,welshlabour,mention,1,0.743
richardburden27,@dr_philippaw,mention,1,0.5023
richardburden27,@grahamemorris,mention,1,0.5023
richardburden27,@lfpme,mention,1,0.5023
richardburden27,@richardburdenmp,mention,1,0.5023
richardburden27,@ruthcadbury,mention,1,0.5023
richardburden27,@wesstreeting,mention,1,0.5023
richardburden27,dr_philippaw,mention,1,0.5023
richardburden27,grahamemorris,mention,1,0.5023
richardburden27,lfpme,mention,1,0.5023
richardburden27,richardburdenmp,mention,1,0.5023
richardburden27,ruthcadbury,mention,1,0.5023
richardburden27,wesstreeting,mention,1,0.5023
richardburgon,@jeremycorbyn,mention,1,0.6249
richardburgon,@richardburgon,mention,1,0.6249
richardburgon,jeremycorbyn,mention,1,0.6249
richardburgon,richardburgon,mention,1,0.6249
richardgrahamuk,@bluemeanie10,mention,1,0.5719
richardgrahamuk,@jharryd13,mention,1,0.0
richardgrahamuk,bluemeanie10,mention,1,0.5719
richardgrahamuk,jharryd13,mention,1,0.0
richardhrbenyon,@jamescaan,mention,1,-0.296
richardhrbenyon,jamescaan,mention,1,-0.296
robertbuckland,@bw_businesswest,mention,1,0.0
robertbuckland,@lydiardpark,mention,1,0.7579
robertbuckland,@officejtmp,mention,1,0.0
robertbuckland,@robertbuckland,mention,1,0.0
robertbuckland,bw_businesswest,mention,1,0.0
robertbuckland,lydiardpark,mention,1,0.7579
robertbuckland,officejtmp,mention,1,0.0
robertbuckland,robertbuckland,mention,1,0.0
robertsyms,@bublang,mention,1,0.3595
robertsyms,@nadinedorries,mention,1,0.3595
robertsyms,bublang,mention,1,0.3595
robertsyms,nadinedorries,mention,1,0.3595
ronniecowan,@anyoneschild,mention,1,-0.6908
ronniecowan,@bactauk,mention,1,0.2716
ronniecowan,@release_drugs,mention,1,-0.6908
ronniecowan,@ronniecowan,mention,2,-0.6697
ronniecowan,@theresa_may,mention,1,-0.6486
ronniecowan,@transformdrugs,mention,1,-0.6908
ronniecowan,@uofginfostudies,mention,1,0.7269
ronniecowan,anyoneschild,mention,1,-0.6908
ronniecowan,bactauk,mention,1,0.2716
ronniecowan,release_drugs,mention,1,-0.6908
ronniecowan,ronniecowan,mention,2,-0.6697
ronniecowan,theresa_may,mention,1,-0.6486
ronniecowan,transformdrugs,mention,1,-0.6908
ronniecowan,uofginfostudies,mention,1,0.7269
rorystewartuk,@archillect,mention,1,0.0
rorystewartuk,@marsrovers,mention,1,0.6114
rorystewartuk,@robertcraigchf,mention,1,0.4588
rorystewartuk,archillect,mention,1,0.0
rorystewartuk,marsrovers,mention,1,0.6114
rorystewartuk,robertcraigchf,mention,1,0.4588
rossthomson_abz,@cityregiondeal,mention,1,0.7964
rossthomson_abz,@glasgowcitydeal,mention,1,0.7964
rossthomson_abz,@investstirling,mention,1,0.7964
rossthomson_abz,@taycities,mention,1,0.7964
rossthomson_abz,cityregiondeal,mention,1,0.7964
rossthomson_abz,glasgowcitydeal,mention,1,0.7964
rossthomson_abz,investstirling,mention,1,0.7964
rossthomson_abz,taycities,mention,1,0.7964
royston_smith,@carolinenokes,mention,1,0.128
royston_smith,@hants_fire,mention,1,0.128
royston_smith,@houseofcommons,mention,1,0.7506
royston_smith,@mariamilleruk,mention,1,0.128
royston_smith,@royston_smith,mention,1,0.128
royston_smith,@royston_smith.,mention,1,0.7506
royston_smith,@teamranil,mention,1,0.128
royston_smith,carolinenokes,mention,1,0.128
royston_smith,hants_fire,mention,1,0.128
royston_smith,houseofcommons,mention,1,0.7506
royston_smith,mariamilleruk,mention,1,0.128
royston_smith,royston_smith,mention,2,0.4393
royston_smith,teamranil,mention,1,0.128
rthondavehanson,@electionmapsuk,mention,1,-0.0772
rthondavehanson,@ianclucas,mention,1,-0.0772
rthondavehanson,electionmapsuk,mention,1,-0.0772
rthondavehanson,ianclucas,mention,1,-0.0772
rupahuq,@bernardjenkin,mention,1,-0.0531
rupahuq,@commonspacac,mention,1,-0.0531
rupahuq,@jrf_uk,mention,1,-0.8402
rupahuq,@labourmuslims,mention,1,0.8481
rupahuq,@realdonaldtrump,mention,1,-0.4404
rupahuq,@robbehrens1884,mention,1,-0.0531
rupahuq,@rupahuq,mention,1,-0.0531
rupahuq,@sideliner61,mention,1,-0.0531
rupahuq,@uklabour,mention,1,0.8481
rupahuq,@ukparliament.,mention,1,0.8481
rupahuq,bernardjenkin,mention,1,-0.0531
rupahuq,commonspacac,mention,1,-0.0531
rupahuq,jrf_uk,mention,1,-0.8402
rupahuq,labourmuslims,mention,1,0.8481
rupahuq,realdonaldtrump,mention,1,-0.4404
rupahuq,robbehrens1884,mention,1,-0.0531
rupahuq,rupahuq,mention,1,-0.0531
rupahuq,sideliner61,mention,1,-0.0531
rupahuq,uklabour,mention,1,0.8481
rupahuq,ukparliament,mention,1,0.8481
rushanaraali,@bethnalmemorial,mention,1,0.0772
rushanaraali,@rushanaraali,mention,2,-0.024149999999999998
rushanaraali,@sadiqkhan,mention,1,0.0772
rushanaraali,bethnalmemorial,mention,1,0.0772
rushanaraali,rushanaraali,mention,2,-0.024149999999999998
rushanaraali,sadiqkhan,mention,1,0.0772
ruthcadbury,@homebuildersfed.,mention,1,0.2942
ruthcadbury,@hounslowccg,mention,1,0.5859
ruthcadbury,@louhaigh,mention,1,-0.1531
ruthcadbury,@mtpennycook,mention,1,0.6486
ruthcadbury,@nhbc,mention,1,0.2942
ruthcadbury,@ruthcadbury,mention,1,0.0
ruthcadbury,@sajidjavid's,mention,1,0.2942
ruthcadbury,homebuildersfed,mention,1,0.2942
ruthcadbury,hounslowccg,mention,1,0.5859
ruthcadbury,louhaigh,mention,1,-0.1531
ruthcadbury,mtpennycook,mention,1,0.6486
ruthcadbury,nhbc,mention,1,0.2942
ruthcadbury,ruthcadbury,mention,1,0.0
ruthcadbury,sajidjavid,mention,1,0.2942
ruthsmeeth,40commando,mention,1,0.2263
ruthsmeeth,@40commando,mention,1,0.2263
ruthsmeeth,@hms_albion,mention,1,0.2263
ruthsmeeth,@majgenrmagowan,mention,1,0.2263
ruthsmeeth,@royalmarines,mention,1,0.2263
ruthsmeeth,@royalnavy,mention,1,0.2263
ruthsmeeth,hms_albion,mention,1,0.2263
ruthsmeeth,majgenrmagowan,mention,1,0.2263
ruthsmeeth,royalmarines,mention,1,0.2263
ruthsmeeth,royalnavy,mention,1,0.2263
s_hammond,@anna_soubry,mention,1,-0.9194
s_hammond,@broadstreetrfc.,mention,1,0.7506
s_hammond,@s_hammond,mention,2,0.817
s_hammond,@wimbledonhigh,mention,1,0.0
s_hammond,@wimbledonrfc,mention,1,0.7506
s_hammond,anna_soubry,mention,1,-0.9194
s_hammond,broadstreetrfc,mention,1,0.7506
s_hammond,s_hammond,mention,2,0.817
s_hammond,wimbledonhigh,mention,1,0.0
s_hammond,wimbledonrfc,mention,1,0.7506
sajidjavid,@davalia610,mention,1,-0.2023
sajidjavid,davalia610,mention,1,-0.2023
samgyimah,@christopherhope,mention,1,0.4215
samgyimah,@danielkorski,mention,1,0.4404
samgyimah,@jacqueline_gold,mention,1,0.6436
samgyimah,@matthancock:,mention,1,0.0
samgyimah,christopherhope,mention,1,0.4215
samgyimah,danielkorski,mention,1,0.4404
samgyimah,jacqueline_gold,mention,1,0.6436
samgyimah,matthancock,mention,1,0.0
sandbach,@anna_soubry,mention,1,0.1531
sandbach,@domwalsh13,mention,1,0.4019
sandbach,@isabelhardman,mention,1,0.8689
sandbach,@r0k_life,mention,1,0.4019
sandbach,@sandbach,mention,2,-0.11295
sandbach,@sunpolitics,mention,1,0.0
sandbach,@woodsman_uk,mention,1,0.4019
sandbach,anna_soubry,mention,1,0.1531
sandbach,domwalsh13,mention,1,0.4019
sandbach,isabelhardman,mention,1,0.8689
sandbach,r0k_life,mention,1,0.4019
sandbach,sandbach,mention,2,-0.11295
sandbach,sunpolitics,mention,1,0.0
sandbach,woodsman_uk,mention,1,0.4019
sarahchampionmp,@alisonthewliss,mention,1,0.91
sarahchampionmp,@annemilton,mention,1,0.91
sarahchampionmp,@drlisacameronmp,mention,1,0.91
sarahchampionmp,@justinegreening,mention,1,0.91
sarahchampionmp,@mariamilleruk,mention,1,0.91
sarahchampionmp,@marxuquera,mention,1,0.0
sarahchampionmp,@sarahchampionmp,mention,2,0.03490000000000004
sarahchampionmp,@sarahwollaston,mention,1,0.91
sarahchampionmp,alisonthewliss,mention,1,0.91
sarahchampionmp,annemilton,mention,1,0.91
sarahchampionmp,drlisacameronmp,mention,1,0.91
sarahchampionmp,justinegreening,mention,1,0.91
sarahchampionmp,mariamilleruk,mention,1,0.91
sarahchampionmp,marxuquera,mention,1,0.0
sarahchampionmp,sarahchampionmp,mention,2,0.03490000000000004
sarahchampionmp,sarahwollaston,mention,1,0.91
sarahwollaston,@dailymailuk,mention,1,-0.1265
sarahwollaston,@totneslabour,mention,1,-0.3671
sarahwollaston,dailymailuk,mention,1,-0.1265
sarahwollaston,totneslabour,mention,1,-0.3671
scullyp,@andrew__kennedy,mention,1,0.0
scullyp,@conservatives,mention,1,0.5423
scullyp,@conviktion,mention,1,0.4404
scullyp,@hossiendaboy,mention,1,0.4588
scullyp,@icr_london,mention,1,0.4404
scullyp,@ladyf67,mention,1,-0.4019
scullyp,@networkrail,mention,1,-0.4019
scullyp,@sw_help,mention,1,-0.4019
scullyp,andrew__kennedy,mention,1,0.0
scullyp,conservatives,mention,1,0.5423
scullyp,conviktion,mention,1,0.4404
scullyp,hossiendaboy,mention,1,0.4588
scullyp,icr_london,mention,1,0.4404
scullyp,ladyf67,mention,1,-0.4019
scullyp,networkrail,mention,1,-0.4019
scullyp,sw_help,mention,1,-0.4019
sdoughtymp,@anna_soubry,mention,1,0.3182
sdoughtymp,@chukaumunna,mention,1,0.3182
sdoughtymp,@huwthomas_wales,mention,1,0.0
sdoughtymp,@jolyonmaugham,mention,1,0.6476
sdoughtymp,@musicvenuetrust,mention,1,0.0258
sdoughtymp,@plaid_cymru,mention,1,-0.0191
sdoughtymp,@rachaelmaskell,mention,1,0.6705
sdoughtymp,@savewomanbyst,mention,1,0.0258
sdoughtymp,@spellar,mention,1,0.0258
sdoughtymp,@thetimes,mention,1,0.3182
sdoughtymp,@uk_music,mention,1,0.0258
sdoughtymp,@welshlabour,mention,1,0.0258
sdoughtymp,anna_soubry,mention,1,0.3182
sdoughtymp,chukaumunna,mention,1,0.3182
sdoughtymp,huwthomas_wales,mention,1,0.0
sdoughtymp,jolyonmaugham,mention,1,0.6476
sdoughtymp,musicvenuetrust,mention,1,0.0258
sdoughtymp,plaid_cymru,mention,1,-0.0191
sdoughtymp,rachaelmaskell,mention,1,0.6705
sdoughtymp,savewomanbyst,mention,1,0.0258
sdoughtymp,spellar,mention,1,0.0258
sdoughtymp,thetimes,mention,1,0.3182
sdoughtymp,uk_music,mention,1,0.0258
sdoughtymp,welshlabour,mention,1,0.0258
seemakennedy,@chocopaul,mention,1,0.8221
seemakennedy,@jocoxloneliness,mention,1,0.8173
seemakennedy,@rachelreevesmp,mention,1,0.8173
seemakennedy,@seemakennedy,mention,1,0.8173
seemakennedy,chocopaul,mention,1,0.8221
seemakennedy,jocoxloneliness,mention,1,0.8173
seemakennedy,rachelreevesmp,mention,1,0.8173
seemakennedy,seemakennedy,mention,1,0.8173
seemamalhotra1,@seemamalhotra1,mention,1,0.0516
seemamalhotra1,seemamalhotra1,mention,1,0.0516
shabanamahmood,@leedargue,mention,1,-0.3819
shabanamahmood,leedargue,mention,1,-0.3819
sharonhodgsonmp,1034sunfm,mention,1,0.296
sharonhodgsonmp,@1034sunfm,mention,1,0.296
sharonhodgsonmp,@andykemptweets,mention,1,0.4003
sharonhodgsonmp,@andyverity,mention,1,0.0
sharonhodgsonmp,@apsetweets!,mention,1,0.4003
sharonhodgsonmp,@bbc_joe_lynam,mention,1,0.0
sharonhodgsonmp,@bbcnewcastle,mention,1,0.9047
sharonhodgsonmp,@bill_esterson,mention,1,0.0
sharonhodgsonmp,@danbaynes94,mention,1,0.4522
sharonhodgsonmp,@davewardell,mention,1,0.8579
sharonhodgsonmp,@dcms,mention,1,0.9047
sharonhodgsonmp,@drdavidbull,mention,1,0.3818
sharonhodgsonmp,@firestationsun,mention,1,0.296
sharonhodgsonmp,@fisherandrew79,mention,1,0.0
sharonhodgsonmp,@jasonfarrellsky,mention,1,0.0
sharonhodgsonmp,@jeanetteorrey,mention,1,0.4003
sharonhodgsonmp,@jeremy_hunt,mention,1,0.0516
sharonhodgsonmp,@jeremycorbyn,mention,1,0.0
sharonhodgsonmp,@judithgregory28,mention,1,0.4003
sharonhodgsonmp,@keir_starmer,mention,1,0.0
sharonhodgsonmp,@laca_uk,mention,1,0.4003
sharonhodgsonmp,@lindsaygrahamuk,mention,2,0.39105
sharonhodgsonmp,@marierimmer,mention,1,0.0516
sharonhodgsonmp,@nsead1,mention,1,0.296
sharonhodgsonmp,@oliverhealduk,mention,1,0.8579
sharonhodgsonmp,@peterstefanovi2,mention,1,0.0
sharonhodgsonmp,@ps100group,mention,1,0.4003
sharonhodgsonmp,@rbs,mention,1,0.0
sharonhodgsonmp,@rcpsych,mention,1,0.5472
sharonhodgsonmp,@rlong_bailey,mention,1,0.0
sharonhodgsonmp,@rosieoglesby,mention,1,0.4003
sharonhodgsonmp,@safoodforlife,mention,1,0.3818
sharonhodgsonmp,@sharonhodgsonmp,mention,6,0.40158333333333335
sharonhodgsonmp,@smeallianceltd,mention,1,0.0
sharonhodgsonmp,@tfl,mention,1,0.9104
sharonhodgsonmp,@theoneshow,mention,1,0.9047
sharonhodgsonmp,@timmyblowers,mention,1,0.4003
sharonhodgsonmp,@victorialive,mention,1,0.0
sharonhodgsonmp,@virgin_trainsec,mention,1,0.3818
sharonhodgsonmp,andykemptweets,mention,1,0.4003
sharonhodgsonmp,andyverity,mention,1,0.0
sharonhodgsonmp,apsetweets,mention,1,0.4003
sharonhodgsonmp,bbc_joe_lynam,mention,1,0.0
sharonhodgsonmp,bbcnewcastle,mention,1,0.9047
sharonhodgsonmp,bill_esterson,mention,1,0.0
sharonhodgsonmp,danbaynes94,mention,1,0.4522
sharonhodgsonmp,davewardell,mention,1,0.8579
sharonhodgsonmp,dcms,mention,1,0.9047
sharonhodgsonmp,drdavidbull,mention,1,0.3818
sharonhodgsonmp,firestationsun,mention,1,0.296
sharonhodgsonmp,fisherandrew79,mention,1,0.0
sharonhodgsonmp,jasonfarrellsky,mention,1,0.0
sharonhodgsonmp,jeanetteorrey,mention,1,0.4003
sharonhodgsonmp,jeremy_hunt,mention,1,0.0516
sharonhodgsonmp,jeremycorbyn,mention,1,0.0
sharonhodgsonmp,judithgregory28,mention,1,0.4003
sharonhodgsonmp,keir_starmer,mention,1,0.0
sharonhodgsonmp,laca_uk,mention,1,0.4003
sharonhodgsonmp,lindsaygrahamuk,mention,2,0.39105
sharonhodgsonmp,marierimmer,mention,1,0.0516
sharonhodgsonmp,nsead1,mention,1,0.296
sharonhodgsonmp,oliverhealduk,mention,1,0.8579
sharonhodgsonmp,peterstefanovi2,mention,1,0.0
sharonhodgsonmp,ps100group,mention,1,0.4003
sharonhodgsonmp,rbs,mention,1,0.0
sharonhodgsonmp,rcpsych,mention,1,0.5472
sharonhodgsonmp,rlong_bailey,mention,1,0.0
sharonhodgsonmp,rosieoglesby,mention,1,0.4003
sharonhodgsonmp,safoodforlife,mention,1,0.3818
sharonhodgsonmp,sharonhodgsonmp,mention,6,0.40158333333333335
sharonhodgsonmp,smeallianceltd,mention,1,0.0
sharonhodgsonmp,tfl,mention,1,0.9104
sharonhodgsonmp,theoneshow,mention,1,0.9047
sharonhodgsonmp,timmyblowers,mention,1,0.4003
sharonhodgsonmp,victorialive,mention,1,0.0
sharonhodgsonmp,virgin_trainsec,mention,1,0.3818
simon4ndorset,@pow_rebecca,mention,1,0.6696
simon4ndorset,@robertbuckland,mention,1,0.6696
simon4ndorset,@simon4ndorset?!,mention,1,0.6696
simon4ndorset,pow_rebecca,mention,1,0.6696
simon4ndorset,robertbuckland,mention,1,0.6696
simon4ndorset,simon4ndorset,mention,1,0.6696
simonclarkemp,@andrew_adonis,mention,1,0.0
simonclarkemp,@jeremycorbyn,mention,1,-0.4215
simonclarkemp,@johnmcdonnellmp,mention,1,-0.4215
simonclarkemp,@peterchapman6,mention,1,0.0
simonclarkemp,andrew_adonis,mention,1,0.0
simonclarkemp,jeremycorbyn,mention,1,-0.4215
simonclarkemp,johnmcdonnellmp,mention,1,-0.4215
simonclarkemp,peterchapman6,mention,1,0.0
siobhain_mc,@appgbc,mention,1,0.6932
siobhain_mc,@breastcancernow,mention,1,0.6932
siobhain_mc,@coopuk,mention,1,0.3182
siobhain_mc,@easyjet,mention,1,-0.25
siobhain_mc,@mpsgraveneyvw,mention,1,0.3182
siobhain_mc,@parliament.uk,mention,1,0.3182
siobhain_mc,@pfizer,mention,1,0.6932
siobhain_mc,@robertnesta18,mention,1,0.3182
siobhain_mc,@ryanair,mention,1,-0.25
siobhain_mc,@siobhain_mp,mention,1,0.4404
siobhain_mc,@ukparliament,mention,1,0.8687
siobhain_mc,appgbc,mention,1,0.6932
siobhain_mc,breastcancernow,mention,1,0.6932
siobhain_mc,coopuk,mention,1,0.3182
siobhain_mc,easyjet,mention,1,-0.25
siobhain_mc,mpsgraveneyvw,mention,1,0.3182
siobhain_mc,parliament,mention,1,0.3182
siobhain_mc,pfizer,mention,1,0.6932
siobhain_mc,robertnesta18,mention,1,0.3182
siobhain_mc,ryanair,mention,1,-0.25
siobhain_mc,siobhain_mp,mention,1,0.4404
siobhain_mc,ukparliament,mention,1,0.8687
skinnock,@caabu,mention,1,-0.5267
skinnock,@janbrogger,mention,1,0.9551
skinnock,@open_britain,mention,1,-0.8481
skinnock,@paalfrisvold,mention,1,0.9551
skinnock,@richwooduk,mention,1,0.9551
skinnock,@sarahgillettfco,mention,1,0.9551
skinnock,@skinnock,mention,1,-0.5267
skinnock,@stellacreasy,mention,1,0.4939
skinnock,@vgnett,mention,1,0.9551
skinnock,caabu,mention,1,-0.5267
skinnock,janbrogger,mention,1,0.9551
skinnock,open_britain,mention,1,-0.8481
skinnock,paalfrisvold,mention,1,0.9551
skinnock,richwooduk,mention,1,0.9551
skinnock,sarahgillettfco,mention,1,0.9551
skinnock,skinnock,mention,1,-0.5267
skinnock,stellacreasy,mention,1,0.4939
skinnock,vgnett,mention,1,0.9551
snewtonuk,@jackeyers,mention,1,0.0
snewtonuk,@snewtonuk,mention,2,0.4329
snewtonuk,@transportgovuk,mention,1,0.8658
snewtonuk,jackeyers,mention,1,0.0
snewtonuk,snewtonuk,mention,2,0.4329
snewtonuk,transportgovuk,mention,1,0.8658
spellar,@stevebakerhw,mention,1,0.2732
spellar,stevebakerhw,mention,1,0.2732
stellacreasy,@architectse17,mention,1,0.5267
stellacreasy,@circlehousing,mention,1,0.3612
stellacreasy,@dave_787,mention,1,0.0
stellacreasy,@davidlammy,mention,1,0.3176
stellacreasy,@e17arttrail,mention,1,0.6249
stellacreasy,@e17central,mention,1,-0.3612
stellacreasy,@estates_17,mention,1,-0.3612
stellacreasy,@faybijou,mention,1,-0.6966
stellacreasy,@frozenwarning,mention,1,-0.6966
stellacreasy,@guidofawkes,mention,1,0.0
stellacreasy,@hkane,mention,1,0.3176
stellacreasy,@ishousecroft,mention,1,0.4019
stellacreasy,@jessphillips,mention,1,-0.34
stellacreasy,@jolyonrubs,mention,1,0.3176
stellacreasy,@junesarpong,mention,1,0.3176
stellacreasy,@leytonsown,mention,1,-0.3612
stellacreasy,@lotrust,mention,1,0.6249
stellacreasy,@organiclea,mention,1,0.6249
stellacreasy,@rocketfunduk,mention,1,0.6249
stellacreasy,@stellacreasy,mention,2,0.13185
stellacreasy,@stowbrothers,mention,1,-0.3612
stellacreasy,@stowdiary,mention,1,-0.3612
stellacreasy,@thelpff,mention,1,0.6249
stellacreasy,@wfcouncil,mention,2,0.13185
stellacreasy,@wfculture19,mention,1,-0.3612
stellacreasy,architectse17,mention,1,0.5267
stellacreasy,circlehousing,mention,1,0.3612
stellacreasy,dave_787,mention,1,0.0
stellacreasy,davidlammy,mention,1,0.3176
stellacreasy,e17arttrail,mention,1,0.6249
stellacreasy,e17central,mention,1,-0.3612
stellacreasy,estates_17,mention,1,-0.3612
stellacreasy,faybijou,mention,1,-0.6966
stellacreasy,frozenwarning,mention,1,-0.6966
stellacreasy,guidofawkes,mention,1,0.0
stellacreasy,hkane,mention,1,0.3176
stellacreasy,ishousecroft,mention,1,0.4019
stellacreasy,jessphillips,mention,1,-0.34
stellacreasy,jolyonrubs,mention,1,0.3176
stellacreasy,junesarpong,mention,1,0.3176
stellacreasy,leytonsown,mention,1,-0.3612
stellacreasy,lotrust,mention,1,0.6249
stellacreasy,organiclea,mention,1,0.6249
stellacreasy,rocketfunduk,mention,1,0.6249
stellacreasy,stellacreasy,mention,2,0.13185
stellacreasy,stowbrothers,mention,1,-0.3612
stellacreasy,stowdiary,mention,1,-0.3612
stellacreasy,thelpff,mention,1,0.6249
stellacreasy,wfcouncil,mention,2,0.13185
stellacreasy,wfculture19,mention,1,-0.3612
stephenctimms,@asmaali.,mention,1,0.7003
stephenctimms,@equalitytrust,mention,1,0.3612
stephenctimms,@stephenctimms,mention,2,0.53075
stephenctimms,asmaali,mention,1,0.7003
stephenctimms,equalitytrust,mention,1,0.3612
stephenctimms,stephenctimms,mention,2,0.53075
stephengethins,@eventscotnews,mention,1,0.9516
stephengethins,@rbs,mention,1,-0.6249
stephengethins,@scotgovfm,mention,1,0.9516
stephengethins,@stephengethins,mention,1,0.8126
stephengethins,@stephengethins:,mention,1,-0.6249
stephengethins,eventscotnews,mention,1,0.9516
stephengethins,rbs,mention,1,-0.6249
stephengethins,scotgovfm,mention,1,0.9516
stephengethins,stephengethins,mention,2,0.09384999999999999
stephenlloydebn,@andythegreenie,mention,1,-0.6476
stephenlloydebn,andythegreenie,mention,1,-0.6476
stephenmorganmp,@jprestondiggles,mention,1,0.4588
stephenmorganmp,@royalnavy.,mention,1,0.9337
stephenmorganmp,@stephenmorganmp,mention,1,0.1779
stephenmorganmp,@ukparleducation's,mention,1,0.7506
stephenmorganmp,jprestondiggles,mention,1,0.4588
stephenmorganmp,royalnavy,mention,1,0.9337
stephenmorganmp,stephenmorganmp,mention,1,0.1779
stephenmorganmp,ukparleducation,mention,1,0.7506
stephentwigg,@croxtethhall,mention,1,0.7574
stephentwigg,@lizsavagelabour,mention,1,0.5994
stephentwigg,croxtethhall,mention,1,0.7574
stephentwigg,lizsavagelabour,mention,1,0.5994
steve_mccabe,@landsecgroup,mention,1,0.5859
steve_mccabe,@steve_mccabe,mention,2,0.47355
steve_mccabe,@woodthorpeji,mention,1,0.5859
steve_mccabe,landsecgroup,mention,1,0.5859
steve_mccabe,steve_mccabe,mention,2,0.47355
steve_mccabe,woodthorpeji,mention,1,0.5859
stevebakerhw,@justinegreening:,mention,1,0.0258
stevebakerhw,@smallbizsatuk,mention,1,-0.25
stevebakerhw,justinegreening,mention,1,0.0258
stevebakerhw,smallbizsatuk,mention,1,-0.25
stevedouble,@padstowxmas,mention,1,0.0
stevedouble,@staustellbrew,mention,1,0.0
stevedouble,padstowxmas,mention,1,0.0
stevedouble,staustellbrew,mention,1,0.0
stevereedmp,@guyverhofstadt,mention,1,0.0
stevereedmp,@lucianaberger,mention,1,0.0
stevereedmp,@stevereedmp,mention,1,0.8225
stevereedmp,@thcat1,mention,1,0.0
stevereedmp,@theathchronicle,mention,1,0.0
stevereedmp,@traceylsl,mention,1,0.0
stevereedmp,guyverhofstadt,mention,1,0.0
stevereedmp,lucianaberger,mention,1,0.0
stevereedmp,stevereedmp,mention,1,0.8225
stevereedmp,thcat1,mention,1,0.0
stevereedmp,theathchronicle,mention,1,0.0
stevereedmp,traceylsl,mention,1,0.0
stewarthosiesnp,@vadundee,mention,1,0.7096
stewarthosiesnp,vadundee,mention,1,0.7096
stewartmcdonald,@attitudemag,mention,1,0.0
stewartmcdonald,@bbcradioscot,mention,1,-0.2263
stewartmcdonald,@btharris93,mention,1,0.4939
stewartmcdonald,@cajardinemp.,mention,1,0.6908
stewartmcdonald,@carolinelucas,mention,1,0.6908
stewartmcdonald,@heraldscotland,mention,1,0.3327
stewartmcdonald,@hmsqnlz,mention,1,-0.4404
stewartmcdonald,@iainmacwhirter,mention,1,0.3327
stewartmcdonald,@ianblackfordmp,mention,1,0.0
stewartmcdonald,@langside_cafe,mention,1,0.0
stewartmcdonald,@mattjholding,mention,1,0.0
stewartmcdonald,@stephenjardine,mention,1,-0.2263
stewartmcdonald,@tomtugendhat,mention,1,0.4939
stewartmcdonald,attitudemag,mention,1,0.0
stewartmcdonald,bbcradioscot,mention,1,-0.2263
stewartmcdonald,btharris93,mention,1,0.4939
stewartmcdonald,cajardinemp,mention,1,0.6908
stewartmcdonald,carolinelucas,mention,1,0.6908
stewartmcdonald,heraldscotland,mention,1,0.3327
stewartmcdonald,hmsqnlz,mention,1,-0.4404
stewartmcdonald,iainmacwhirter,mention,1,0.3327
stewartmcdonald,ianblackfordmp,mention,1,0.0
stewartmcdonald,langside_cafe,mention,1,0.0
stewartmcdonald,mattjholding,mention,1,0.0
stewartmcdonald,stephenjardine,mention,1,-0.2263
stewartmcdonald,tomtugendhat,mention,1,0.4939
stuart_mcdonald,@refugeetales,mention,1,0.8718
stuart_mcdonald,@stuart_mcdonald,mention,1,0.25
stuart_mcdonald,@thebarcouncil,mention,1,0.8718
stuart_mcdonald,@theresa_may,mention,1,0.1779
stuart_mcdonald,@thesnp,mention,1,0.8718
stuart_mcdonald,@thetemplechurch,mention,1,0.8718
stuart_mcdonald,refugeetales,mention,1,0.8718
stuart_mcdonald,stuart_mcdonald,mention,1,0.25
stuart_mcdonald,thebarcouncil,mention,1,0.8718
stuart_mcdonald,theresa_may,mention,1,0.1779
stuart_mcdonald,thesnp,mention,1,0.8718
stuart_mcdonald,thetemplechurch,mention,1,0.8718
suehayman1,@davidedrew,mention,1,0.0772
suehayman1,davidedrew,mention,1,0.0772
suellabraverman,@theresa_may,mention,1,0.8627
suellabraverman,@women2win,mention,1,0.8627
suellabraverman,theresa_may,mention,1,0.8627
suellabraverman,women2win,mention,1,0.8627
tandhesi,@bambosmp,mention,1,0.4404
tandhesi,@coopparty,mention,1,0.3909
tandhesi,@ianmearnsmp,mention,1,0.4404
tandhesi,@jessphillips,mention,1,0.4404
tandhesi,@laurapidcockmp,mention,1,0.4404
tandhesi,@mayoroflondon,mention,1,0.9686
tandhesi,@preetkgillmp,mention,1,0.9686
tandhesi,@rachaelmaskell,mention,1,0.4404
tandhesi,@sandyofipswich,mention,1,0.4404
tandhesi,@tandhesi,mention,3,0.7468666666666667
tandhesi,@the_tuc,mention,1,0.3909
tandhesi,@thelma_walkermp,mention,1,0.4404
tandhesi,bambosmp,mention,1,0.4404
tandhesi,coopparty,mention,1,0.3909
tandhesi,ianmearnsmp,mention,1,0.4404
tandhesi,jessphillips,mention,1,0.4404
tandhesi,laurapidcockmp,mention,1,0.4404
tandhesi,mayoroflondon,mention,1,0.9686
tandhesi,preetkgillmp,mention,1,0.9686
tandhesi,rachaelmaskell,mention,1,0.4404
tandhesi,sandyofipswich,mention,1,0.4404
tandhesi,tandhesi,mention,3,0.7468666666666667
tandhesi,the_tuc,mention,1,0.3909
tandhesi,thelma_walkermp,mention,1,0.4404
thangammp,@bestforbritain,mention,1,0.9341
thangammp,@ethical_pr,mention,1,-0.2263
thangammp,@gary_rae,mention,1,0.1406
thangammp,@gloucesterroad,mention,1,-0.2263
thangammp,@iainoverton,mention,1,0.4404
thangammp,@johnmcdonnellmp,mention,1,0.2023
thangammp,@marghickman,mention,1,-0.2263
thangammp,@open_britain,mention,1,0.9341
thangammp,@parkstlocal,mention,1,-0.2263
thangammp,@shoplocal_,mention,1,-0.2263
thangammp,@thangammp,mention,2,0.28159999999999996
thangammp,@tracybrabin,mention,1,-0.4201
thangammp,@upourstreet,mention,1,-0.2263
thangammp,@wood5y,mention,1,-0.2263
thangammp,bestforbritain,mention,1,0.9341
thangammp,ethical_pr,mention,1,-0.2263
thangammp,gary_rae,mention,1,0.1406
thangammp,gloucesterroad,mention,1,-0.2263
thangammp,iainoverton,mention,1,0.4404
thangammp,johnmcdonnellmp,mention,1,0.2023
thangammp,marghickman,mention,1,-0.2263
thangammp,open_britain,mention,1,0.9341
thangammp,parkstlocal,mention,1,-0.2263
thangammp,shoplocal_,mention,1,-0.2263
thangammp,thangammp,mention,2,0.28159999999999996
thangammp,tracybrabin,mention,1,-0.4201
thangammp,upourstreet,mention,1,-0.2263
thangammp,wood5y,mention,1,-0.2263
thelma_dwalker,@realdonaldtrump,mention,1,0.0
thelma_dwalker,@theresa_may,mention,1,0.0
thelma_dwalker,realdonaldtrump,mention,1,0.0
thelma_dwalker,theresa_may,mention,1,0.0
theresa_may,@houseofcommons,mention,1,0.0772
theresa_may,houseofcommons,mention,1,0.0772
theresecoffey,@emmahowardboyd,mention,1,-0.4404
theresecoffey,@michaelgove,mention,1,-0.4404
theresecoffey,@richstockdale_,mention,1,-0.4404
theresecoffey,@royalmail,mention,1,0.3987
theresecoffey,@scottmann4nc,mention,1,0.3987
theresecoffey,emmahowardboyd,mention,1,-0.4404
theresecoffey,michaelgove,mention,1,-0.4404
theresecoffey,richstockdale_,mention,1,-0.4404
theresecoffey,royalmail,mention,1,0.3987
theresecoffey,scottmann4nc,mention,1,0.3987
thomasbrake,@thomasbrake,mention,1,0.296
thomasbrake,thomasbrake,mention,1,0.296
timfarron,@biotic_warlock,mention,1,0.0
timfarron,@bobmidd,mention,1,0.0
timfarron,@elliejprice,mention,1,0.3612
timfarron,@iaindale,mention,1,0.5423
timfarron,@jonregnart,mention,1,0.3612
timfarron,@michaelbullock,mention,1,0.5423
timfarron,@montie,mention,1,0.5423
timfarron,@msrachelkelly,mention,1,0.7783
timfarron,@ptnaughton,mention,1,0.5423
timfarron,@ryanrdavid,mention,1,0.5423
timfarron,@swanncaron,mention,1,0.0
timfarron,@terryelaineh1,mention,1,0.0
timfarron,@timfarron,mention,1,0.6597
timfarron,@ukgoingglobal,mention,1,0.0
timfarron,@uklabour,mention,1,0.7783
timfarron,@weetabixface,mention,1,0.0
timfarron,@wok_chi_steve,mention,1,0.0
timfarron,biotic_warlock,mention,1,0.0
timfarron,bobmidd,mention,1,0.0
timfarron,elliejprice,mention,1,0.3612
timfarron,iaindale,mention,1,0.5423
timfarron,jonregnart,mention,1,0.3612
timfarron,michaelbullock,mention,1,0.5423
timfarron,montie,mention,1,0.5423
timfarron,msrachelkelly,mention,1,0.7783
timfarron,ptnaughton,mention,1,0.5423
timfarron,ryanrdavid,mention,1,0.5423
timfarron,swanncaron,mention,1,0.0
timfarron,terryelaineh1,mention,1,0.0
timfarron,timfarron,mention,1,0.6597
timfarron,ukgoingglobal,mention,1,0.0
timfarron,uklabour,mention,1,0.7783
timfarron,weetabixface,mention,1,0.0
timfarron,wok_chi_steve,mention,1,0.0
timloughton,@anthonyholford,mention,1,0.0
timloughton,@bbcnews,mention,1,0.0
timloughton,@brandonlewis,mention,1,0.9081
timloughton,@bromleytrombone,mention,1,0.0
timloughton,@oksuse,mention,1,0.0
timloughton,@peterkyle,mention,1,0.0
timloughton,@reigatian2,mention,1,0.0
timloughton,@tlrailuk,mention,1,0.0
timloughton,@wera_hobhouse,mention,1,0.0
timloughton,anthonyholford,mention,1,0.0
timloughton,bbcnews,mention,1,0.0
timloughton,brandonlewis,mention,1,0.9081
timloughton,bromleytrombone,mention,1,0.0
timloughton,oksuse,mention,1,0.0
timloughton,peterkyle,mention,1,0.0
timloughton,reigatian2,mention,1,0.0
timloughton,tlrailuk,mention,1,0.0
timloughton,wera_hobhouse,mention,1,0.0
tobyperkinsmp,@activatesp,mention,1,-0.7391
tobyperkinsmp,@philiphammonduk,mention,1,-0.34
tobyperkinsmp,@whitehornes,mention,1,0.4404
tobyperkinsmp,@wit_xx,mention,1,0.4404
tobyperkinsmp,activatesp,mention,1,-0.7391
tobyperkinsmp,philiphammonduk,mention,1,-0.34
tobyperkinsmp,whitehornes,mention,1,0.4404
tobyperkinsmp,wit_xx,mention,1,0.4404
tom_watson,@andrew_adonis,mention,1,-0.2732
tom_watson,@gmb,mention,1,0.3818
tom_watson,@kategarraway.,mention,1,0.3818
tom_watson,andrew_adonis,mention,1,-0.2732
tom_watson,gmb,mention,1,0.3818
tom_watson,kategarraway,mention,1,0.3818
tomtugendhat,@brandonlewis,mention,1,-0.4767
tomtugendhat,@eddiehughes4wn,mention,1,-0.7096
tomtugendhat,@freeman_george,mention,1,-0.2168
tomtugendhat,@ftmag,mention,1,-0.2168
tomtugendhat,@jocoxloneliness,mention,1,0.09
tomtugendhat,@mallingsch,mention,1,-0.296
tomtugendhat,@matturl,mention,1,0.4404
tomtugendhat,@neildotobrien,mention,1,-0.2168
tomtugendhat,@nickboles,mention,1,-0.2168
tomtugendhat,@ruthdavidsonmsp,mention,1,-0.2168
tomtugendhat,@samgyimah,mention,1,-0.2168
tomtugendhat,@tomtugendhat,mention,1,0.5411
tomtugendhat,brandonlewis,mention,1,-0.4767
tomtugendhat,eddiehughes4wn,mention,1,-0.7096
tomtugendhat,freeman_george,mention,1,-0.2168
tomtugendhat,ftmag,mention,1,-0.2168
tomtugendhat,jocoxloneliness,mention,1,0.09
tomtugendhat,mallingsch,mention,1,-0.296
tomtugendhat,matturl,mention,1,0.4404
tomtugendhat,neildotobrien,mention,1,-0.2168
tomtugendhat,nickboles,mention,1,-0.2168
tomtugendhat,ruthdavidsonmsp,mention,1,-0.2168
tomtugendhat,samgyimah,mention,1,-0.2168
tomtugendhat,tomtugendhat,mention,1,0.5411
toniaantoniazzi,@adammarkdavis,mention,1,0.7959
toniaantoniazzi,@ajogee,mention,1,0.2763
toniaantoniazzi,@cheerswines,mention,1,0.7712
toniaantoniazzi,@crowdfunderuk,mention,1,0.4374
toniaantoniazzi,@ellehcim_morgan,mention,1,0.7959
toniaantoniazzi,@emmahardymp,mention,1,-0.4019
toniaantoniazzi,@equalitytrust,mention,1,0.3612
toniaantoniazzi,@gavnewlandssnp,mention,1,0.4303
toniaantoniazzi,@hughgaffneymp,mention,1,0.2763
toniaantoniazzi,@jackiedp,mention,1,-0.4019
toniaantoniazzi,@liztv,mention,1,-0.4019
toniaantoniazzi,@llamauuk,mention,1,0.4374
toniaantoniazzi,@mblacey,mention,1,-0.4019
toniaantoniazzi,@meshgirlni,mention,1,-0.4019
toniaantoniazzi,@mm4penllergaer,mention,1,0.7959
toniaantoniazzi,@owensmith_mp,mention,1,-0.4019
toniaantoniazzi,@rhihi,mention,1,0.7959
toniaantoniazzi,@toniaantoniazzi,mention,2,0.57855
toniaantoniazzi,adammarkdavis,mention,1,0.7959
toniaantoniazzi,ajogee,mention,1,0.2763
toniaantoniazzi,cheerswines,mention,1,0.7712
toniaantoniazzi,crowdfunderuk,mention,1,0.4374
toniaantoniazzi,ellehcim_morgan,mention,1,0.7959
toniaantoniazzi,emmahardymp,mention,1,-0.4019
toniaantoniazzi,equalitytrust,mention,1,0.3612
toniaantoniazzi,gavnewlandssnp,mention,1,0.4303
toniaantoniazzi,hughgaffneymp,mention,1,0.2763
toniaantoniazzi,jackiedp,mention,1,-0.4019
toniaantoniazzi,liztv,mention,1,-0.4019
toniaantoniazzi,llamauuk,mention,1,0.4374
toniaantoniazzi,mblacey,mention,1,-0.4019
toniaantoniazzi,meshgirlni,mention,1,-0.4019
toniaantoniazzi,mm4penllergaer,mention,1,0.7959
toniaantoniazzi,owensmith_mp,mention,1,-0.4019
toniaantoniazzi,rhihi,mention,1,0.7959
toniaantoniazzi,toniaantoniazzi,mention,2,0.57855
tony4rochdale,@angelarayner,mention,1,-0.1759
tony4rochdale,angelarayner,mention,1,-0.1759
tracey_crouch,@tracey_crouch,mention,1,0.8074
tracey_crouch,tracey_crouch,mention,1,0.8074
tracybrabin,@annepugh,mention,1,0.0
tracybrabin,@emmalewellbuck,mention,1,-0.4215
tracybrabin,@nickywasp,mention,1,0.0
tracybrabin,@oxfamwastesaver,mention,1,0.0
tracybrabin,@pollyn1,mention,1,0.0
tracybrabin,@tracybrabin,mention,1,0.4491
tracybrabin,@yorkshiretea,mention,1,0.0
tracybrabin,annepugh,mention,1,0.0
tracybrabin,emmalewellbuck,mention,1,-0.4215
tracybrabin,nickywasp,mention,1,0.0
tracybrabin,oxfamwastesaver,mention,1,0.0
tracybrabin,pollyn1,mention,1,0.0
tracybrabin,tracybrabin,mention,1,0.4491
tracybrabin,yorkshiretea,mention,1,0.0
trussliz,@mulberrythet,mention,1,0.6239
trussliz,@thelivelycrew,mention,1,0.6239
trussliz,@thetfordbforum,mention,1,0.6239
trussliz,@thetfordmayor,mention,1,0.6239
trussliz,mulberrythet,mention,1,0.6239
trussliz,thelivelycrew,mention,1,0.6239
trussliz,thetfordbforum,mention,1,0.6239
trussliz,thetfordmayor,mention,1,0.6239
valerie_vazmp,@mrbrendancox,mention,1,0.6908
valerie_vazmp,@valerie_vazmp,mention,1,0.7351
valerie_vazmp,mrbrendancox,mention,1,0.6908
valerie_vazmp,valerie_vazmp,mention,1,0.7351
vernon_coaker,@asabenn.,mention,1,0.624
vernon_coaker,@owenpaterson,mention,1,0.624
vernon_coaker,@pmdfoster,mention,1,0.624
vernon_coaker,@telegraph's,mention,1,0.624
vernon_coaker,@vernon_coaker,mention,1,0.624
vernon_coaker,asabenn,mention,1,0.624
vernon_coaker,owenpaterson,mention,1,0.624
vernon_coaker,pmdfoster,mention,1,0.624
vernon_coaker,telegraph,mention,1,0.624
vernon_coaker,vernon_coaker,mention,1,0.624
vickyford,@britishsugar,mention,1,0.7964
vickyford,@michaelgove,mention,1,0.7964
vickyford,@nfueastanglia,mention,1,0.7964
vickyford,@nfutweets,mention,1,0.7964
vickyford,@theresa_may,mention,1,0.7964
vickyford,britishsugar,mention,1,0.7964
vickyford,michaelgove,mention,1,0.7964
vickyford,nfueastanglia,mention,1,0.7964
vickyford,nfutweets,mention,1,0.7964
vickyford,theresa_may,mention,1,0.7964
vickyfoxcroft,@brenda_dacres,mention,1,0.743
vickyfoxcroft,@londoncouncils,mention,1,0.5423
vickyfoxcroft,@pauljmas,mention,1,0.743
vickyfoxcroft,@uklabour,mention,1,0.9779
vickyfoxcroft,@whiteribbon_uk,mention,1,0.5423
vickyfoxcroft,brenda_dacres,mention,1,0.743
vickyfoxcroft,londoncouncils,mention,1,0.5423
vickyfoxcroft,pauljmas,mention,1,0.743
vickyfoxcroft,uklabour,mention,1,0.9779
vickyfoxcroft,whiteribbon_uk,mention,1,0.5423
victoriaprentis,@handsupfound,mention,1,0.4003
victoriaprentis,handsupfound,mention,1,0.4003
votepursglove,@dailymailuk,mention,1,-0.5574
votepursglove,@hls1978,mention,1,0.6114
votepursglove,@liamfox,mention,1,0.8225
votepursglove,dailymailuk,mention,1,-0.5574
votepursglove,hls1978,mention,1,0.6114
votepursglove,liamfox,mention,1,0.8225
walkerworcester,@hmsqnlz,mention,1,-0.1027
walkerworcester,@royalfamily,mention,1,-0.1027
walkerworcester,@smallbizsatuk,mention,2,0.8650500000000001
walkerworcester,@visitworcester,mention,1,0.9231
walkerworcester,@walkerworcester,mention,1,0.807
walkerworcester,@worcesterbid,mention,1,0.9231
walkerworcester,hmsqnlz,mention,1,-0.1027
walkerworcester,royalfamily,mention,1,-0.1027
walkerworcester,smallbizsatuk,mention,2,0.8650500000000001
walkerworcester,visitworcester,mention,1,0.9231
walkerworcester,walkerworcester,mention,1,0.807
walkerworcester,worcesterbid,mention,1,0.9231
wesstreeting,@anna_soubry,mention,2,0.7454000000000001
wesstreeting,@appgbritmuslims,mention,1,0.7845
wesstreeting,@jojohnsonuk,mention,1,-0.5106
wesstreeting,@mattgoddin,mention,1,0.0
wesstreeting,@nadinedorries,mention,1,0.024
wesstreeting,@nicholaspitch,mention,1,0.5927
wesstreeting,@sayeedawarsi,mention,1,0.7845
wesstreeting,@spellar,mention,1,0.8519
wesstreeting,@sussexfriends,mention,1,0.5927
wesstreeting,@wesstreeting,mention,3,0.3267333333333333
wesstreeting,anna_soubry,mention,2,0.7454000000000001
wesstreeting,appgbritmuslims,mention,1,0.7845
wesstreeting,jojohnsonuk,mention,1,-0.5106
wesstreeting,mattgoddin,mention,1,0.0
wesstreeting,nadinedorries,mention,1,0.024
wesstreeting,nicholaspitch,mention,1,0.5927
wesstreeting,sayeedawarsi,mention,1,0.7845
wesstreeting,spellar,mention,1,0.8519
wesstreeting,sussexfriends,mention,1,0.5927
wesstreeting,wesstreeting,mention,3,0.3267333333333333
willquince,@bevcol1,mention,1,-0.1531
willquince,@cake_lover9,mention,1,-0.3018
willquince,@cchqpress,mention,1,-0.3018
willquince,@colchesterviews,mention,1,-0.1531
willquince,@dapcoach,mention,1,0.4019
willquince,@erinsummersn,mention,1,0.4019
willquince,@katie_gazette,mention,1,-0.1531
willquince,@marchharetales,mention,1,0.4926
willquince,@parliamentview,mention,1,-0.1779
willquince,@ribbonlabelsupp,mention,1,-0.3018
willquince,@thegazette,mention,2,0.12439999999999998
willquince,@theresa_may,mention,1,0.4215
willquince,@tim4labour,mention,1,-0.1531
willquince,@willquince,mention,2,0.5783
willquince,@yourcolchester,mention,1,0.6514
willquince,bevcol1,mention,1,-0.1531
willquince,cake_lover9,mention,1,-0.3018
willquince,cchqpress,mention,1,-0.3018
willquince,colchesterviews,mention,1,-0.1531
willquince,dapcoach,mention,1,0.4019
willquince,erinsummersn,mention,1,0.4019
willquince,katie_gazette,mention,1,-0.1531
willquince,marchharetales,mention,1,0.4926
willquince,parliamentview,mention,1,-0.1779
willquince,ribbonlabelsupp,mention,1,-0.3018
willquince,thegazette,mention,2,0.12439999999999998
willquince,theresa_may,mention,1,0.4215
willquince,tim4labour,mention,1,-0.1531
willquince,willquince,mention,2,0.5783
willquince,yourcolchester,mention,1,0.6514
y_fovarguemp,@gwynnemp,mention,1,-0.5267
y_fovarguemp,gwynnemp,mention,1,-0.5267
zacgoldsmith,@carriesymonds,mention,1,0.7184
zacgoldsmith,@foreignoffice,mention,1,0.9348
zacgoldsmith,@nsoames:,mention,1,0.7845
zacgoldsmith,carriesymonds,mention,1,0.7184
zacgoldsmith,foreignoffice,mention,1,0.9348
zacgoldsmith,nsoames,mention,1,0.7845
