Id,Label,party,tweet_count,times_mentioned
cchqpress,cchqpress,Unknown,0,2
nickboles,nickboles,Conservative,1,2
@wesstreeting,@wesstreeting,Unknown,0,5
@benmlake,@benmlake,Unknown,0,2
@jreynoldsmp,@jreynoldsmp,Unknown,0,1
stewartmcdonald,stewartmcdonald,Scottish National Party,8,2
wearesfgh,wearesfgh,Unknown,0,2
forbes,forbes,Unknown,0,3
@hounslowccg,@hounslowccg,Unknown,0,1
@fergusewingmsp,@fergusewingmsp,Unknown,0,1
@autism,@autism,Unknown,0,1
@deniskeefe,@deniskeefe,Unknown,0,1
orieloxford,orieloxford,Unknown,0,2
downsmail,downsmail,Unknown,0,2
unisonhull,unisonhull,Unknown,0,2
@ukparliament.,@ukparliament.,Unknown,0,2
stephentwigg,stephentwigg,Labour (Co-op),2,0
fedfsupplychain,fedfsupplychain,Unknown,0,2
@ldn_ambulance,@ldn_ambulance,Unknown,0,1
willquince,willquince,Conservative,8,8
@savesthospital,@savesthospital,Unknown,0,3
@msrachelkelly,@msrachelkelly,Unknown,0,1
junesarpong,junesarpong,Unknown,0,2
r0k_life,r0k_life,Unknown,0,2
@pmhramsgate,@pmhramsgate,Unknown,0,1
@johnmcnallymp,@johnmcnallymp,Unknown,0,1
loulouross15,loulouross15,Unknown,0,2
elliejprice,elliejprice,Unknown,0,4
bma_juniordocs,bma_juniordocs,Unknown,0,2
@jopike3,@jopike3,Unknown,0,1
@glaikitgeezer,@glaikitgeezer,Unknown,0,1
dickwinchester,dickwinchester,Unknown,0,2
@politicalhackuk,@politicalhackuk,Unknown,0,1
@blackpoolunltd,@blackpoolunltd,Unknown,0,1
shaldonangler,shaldonangler,Unknown,0,2
@bramleyvbramley,@bramleyvbramley,Unknown,0,1
goldeneagle147,goldeneagle147,Unknown,0,2
@landg_homes,@landg_homes,Unknown,0,1
@cheesetits2011,@cheesetits2011,Unknown,0,1
labourdwp,labourdwp,Unknown,0,2
ciobwales,ciobwales,Unknown,0,2
@forduk,@forduk,Unknown,0,1
rhianbrewster9,rhianbrewster9,Unknown,0,2
@royston_smith.,@royston_smith.,Unknown,0,1
exeterlabour,exeterlabour,Unknown,0,2
nus_ghani,nus_ghani,Conservative,3,2
@geraldjoneslab,@geraldjoneslab,Unknown,0,2
mrmarksteel,mrmarksteel,Unknown,0,2
@alanmakmp,@alanmakmp,Unknown,0,1
bill_esterson,bill_esterson,Labour,7,6
@lordfrinton,@lordfrinton,Unknown,0,1
jocoxloneliness,jocoxloneliness,Unknown,0,12
bbclookeast,bbclookeast,Unknown,0,2
@oxfamwastesaver,@oxfamwastesaver,Unknown,0,1
michaellcrick,michaellcrick,Unknown,0,2
@sahfos,@sahfos,Unknown,0,1
olly4northfield,olly4northfield,Unknown,0,2
jackeyers,jackeyers,Unknown,0,2
@cpjelmore,@cpjelmore,Unknown,0,5
happy_creative,happy_creative,Unknown,0,2
suellabraverman,suellabraverman,Conservative,1,0
cottrellstephen,cottrellstephen,Unknown,0,2
leftlost_pltcs,leftlost_pltcs,Unknown,0,2
ukgoingglobal,ukgoingglobal,Unknown,0,2
activecitizens,activecitizens,Unknown,0,2
@mrtomgray,@mrtomgray,Unknown,0,1
theresamep,theresamep,Unknown,0,2
@angelasmithmp,@angelasmithmp,Unknown,0,3
worcesterbid,worcesterbid,Unknown,0,2
@activatesp,@activatesp,Unknown,0,1
cskidmoreuk,cskidmoreuk,Conservative,2,4
@lizsavagelabour,@lizsavagelabour,Unknown,0,1
@defragovuk,@defragovuk,Unknown,0,2
erinsummersn,erinsummersn,Unknown,0,2
cphillips_ippso,cphillips_ippso,Unknown,0,2
@albertowenmp,@albertowenmp,Unknown,0,2
zeynmo,zeynmo,Unknown,0,2
steve_mccabe,steve_mccabe,Labour,2,4
commonsjustice,commonsjustice,Unknown,0,4
stephenmorganmp,stephenmorganmp,Labour,4,2
@lgim,@lgim,Unknown,0,1
@daviddavismp,@daviddavismp,Unknown,0,6
michael4mdnp,michael4mdnp,Conservative,1,2
@ayeshahazarika,@ayeshahazarika,Unknown,0,2
@iainoverton,@iainoverton,Unknown,0,1
philippa_perry,philippa_perry,Unknown,0,2
neildotobrien,neildotobrien,Conservative,1,2
@haveigotnews,@haveigotnews,Unknown,0,1
@emmabridgewater,@emmabridgewater,Unknown,0,1
@thesun,@thesun,Unknown,0,1
alistairburtuk,alistairburtuk,Conservative,1,0
richardburden27,richardburden27,Labour,1,0
murraylyoung,murraylyoung,Unknown,0,2
jochurchill4,jochurchill4,Conservative,1,2
@lisanandy,@lisanandy,Unknown,0,3
@rcorbettmep,@rcorbettmep,Unknown,0,1
tes,tes,Unknown,0,11
tamoort,tamoort,Unknown,0,2
@gospelshow1,@gospelshow1,Unknown,0,1
@sandidee25,@sandidee25,Unknown,0,1
@brianwilson1967,@brianwilson1967,Unknown,0,1
@stevepeers,@stevepeers,Unknown,0,1
@kirkleesparks,@kirkleesparks,Unknown,0,1
cwhittaker_mp,cwhittaker_mp,Conservative,1,0
@solent_waspi,@solent_waspi,Unknown,0,1
@wyp_specials,@wyp_specials,Unknown,0,1
@atttweet,@atttweet,Unknown,0,1
@cllrkleach,@cllrkleach,Unknown,0,1
steel_valley,steel_valley,Unknown,0,2
@mrbrendancox,@mrbrendancox,Unknown,0,1
@matturl,@matturl,Unknown,0,1
dawnbutlerbrent,dawnbutlerbrent,Labour,4,6
@2017hull,@2017hull,Unknown,0,3
heidiallen75,heidiallen75,Conservative,4,0
soniasodha,soniasodha,Unknown,0,4
anna_soubry,anna_soubry,Conservative,2,18
jennyniv,jennyniv,Unknown,0,2
@manics,@manics,Unknown,0,1
@labourleft,@labourleft,Unknown,0,1
@columeastwood,@columeastwood,Unknown,0,1
bbccountryfile,bbccountryfile,Unknown,0,2
hackneyhaz,hackneyhaz,Unknown,0,2
@missjones_14,@missjones_14,Unknown,0,1
@mattwestern_,@mattwestern_,Unknown,0,1
@anne_w_strike,@anne_w_strike,Unknown,0,1
laidmanr,laidmanr,Unknown,0,2
@ukef,@ukef,Unknown,0,1
haynesdeborah,haynesdeborah,Unknown,0,2
@mikegapes,@mikegapes,Unknown,0,4
burynorthlabour,burynorthlabour,Unknown,0,2
juliansmithuk,juliansmithuk,Conservative,1,0
@eventscotnews,@eventscotnews,Unknown,0,1
@equalcps,@equalcps,Unknown,0,1
@socialbite_​'s,@socialbite_​'s,Unknown,0,1
lucy_cavalier,lucy_cavalier,Unknown,0,2
jeremy_hunt,jeremy_hunt,Unknown,0,8
@hershamhub,@hershamhub,Unknown,0,1
victoriaprentis,victoriaprentis,Conservative,1,0
dimayray,dimayray,Unknown,0,2
ellehcim_morgan,ellehcim_morgan,Unknown,0,2
@fibroidnetwork,@fibroidnetwork,Unknown,0,2
savesthospital,savesthospital,Unknown,0,6
@speakingout_swa,@speakingout_swa,Unknown,0,1
junckereu,junckereu,Unknown,0,2
alcoholconcern,alcoholconcern,Unknown,0,4
@murraylyoung,@murraylyoung,Unknown,0,1
activatesp,activatesp,Unknown,0,2
@stowdiary,@stowdiary,Unknown,0,1
ardenhotel,ardenhotel,Unknown,0,2
@officialpdc,@officialpdc,Unknown,0,1
drewhendrysnp,drewhendrysnp,Scottish National Party,7,4
ianclucas,ianclucas,Labour,2,2
@thequentinletts,@thequentinletts,Unknown,0,1
@peterjluff,@peterjluff,Unknown,0,1
@kirkleesshares,@kirkleesshares,Unknown,0,1
@leonardcheshire,@leonardcheshire,Unknown,0,1
redditchrachel,redditchrachel,Conservative,11,4
@circus250,@circus250,Unknown,0,1
@emmakennytv,@emmakennytv,Unknown,0,1
jamescaan,jamescaan,Unknown,0,4
networkrail,networkrail,Unknown,0,2
bbcnewsat10,bbcnewsat10,Unknown,0,2
woodsman_uk,woodsman_uk,Unknown,0,2
@royalsocbio,@royalsocbio,Unknown,0,1
john2win,john2win,Conservative,1,0
@luisefitz,@luisefitz,Unknown,0,1
gradysnp,gradysnp,Scottish National Party,2,0
@sayeedawarsi,@sayeedawarsi,Unknown,0,1
@newcastlelabour,@newcastlelabour,Unknown,0,1
mikearmiger,mikearmiger,Unknown,0,2
icr_london,icr_london,Unknown,0,2
@sjbc_london,@sjbc_london,Unknown,0,1
jashedwards,jashedwards,Unknown,0,2
@coopuk,@coopuk,Unknown,0,1
davekeenwmp,davekeenwmp,Unknown,0,2
@thetfordbforum,@thetfordbforum,Unknown,0,1
@southgatelabour,@southgatelabour,Unknown,0,1
@oxfamscotland,@oxfamscotland,Unknown,0,1
@davidgoosey2,@davidgoosey2,Unknown,0,1
suehayman1,suehayman1,Labour,1,6
@lornafillingham,@lornafillingham,Unknown,0,1
dcms,dcms,Unknown,0,10
stellacreasy,stellacreasy,Labour (Co-op),10,8
paulasherriff,paulasherriff,Labour,5,6
safoodforlife,safoodforlife,Unknown,0,2
@elnacionalcaten,@elnacionalcaten,Unknown,0,1
@s_a_somerville,@s_a_somerville,Unknown,0,1
scotmid,scotmid,Unknown,0,2
@emmahowardboyd,@emmahowardboyd,Unknown,0,1
@uselesshackney,@uselesshackney,Unknown,0,1
transportgovuk,transportgovuk,Unknown,0,2
scunnyhospital,scunnyhospital,Unknown,0,2
@stevereedmp,@stevereedmp,Unknown,0,1
catsmithmp,catsmithmp,Unknown,0,6
greglabour,greglabour,Unknown,0,2
@northsheffield,@northsheffield,Unknown,0,1
@savewomanbyst,@savewomanbyst,Unknown,0,1
bethrigby,bethrigby,Unknown,0,2
lindsayhoyle_mp,lindsayhoyle_mp,Unknown,0,22
bbradley_mans,bbradley_mans,Conservative,5,0
@kenzeroharm,@kenzeroharm,Unknown,0,2
@ianaustinmp,@ianaustinmp,Unknown,0,1
@iwannaretire63,@iwannaretire63,Unknown,0,1
woodthorpeji,woodthorpeji,Unknown,0,2
@thesnp,@thesnp,Unknown,0,7
@iambullivant,@iambullivant,Unknown,0,1
ps100group,ps100group,Unknown,0,2
annasoubrymp,annasoubrymp,Unknown,0,2
@uofginfostudies,@uofginfostudies,Unknown,0,1
@johnnymerceruk,@johnnymerceruk,Unknown,0,3
@dartmouth_mih,@dartmouth_mih,Unknown,0,1
@conservaitves',@conservaitves',Unknown,0,1
@canddthomas,@canddthomas,Unknown,0,1
crisis_bham,crisis_bham,Unknown,0,2
manranofficial,manranofficial,Unknown,0,2
bbctees,bbctees,Unknown,0,2
@lucyallan,@lucyallan,Unknown,0,1
bbcbreakfast,bbcbreakfast,Unknown,0,4
@bengoldacre,@bengoldacre,Unknown,0,1
@roathbrooktrees,@roathbrooktrees,Unknown,0,1
@dave_787,@dave_787,Unknown,0,1
georgeaylett,georgeaylett,Unknown,0,2
ianlaverymp,ianlaverymp,Unknown,0,2
fishypaul,fishypaul,Unknown,0,2
@dimayray,@dimayray,Unknown,0,1
knotgirl1,knotgirl1,Unknown,0,2
canddjamesw,canddjamesw,Unknown,0,2
adrianhare_2010,adrianhare_2010,Unknown,0,2
teamdomenica,teamdomenica,Unknown,0,2
frintonscorer,frintonscorer,Unknown,0,2
glasgowcitydeal,glasgowcitydeal,Unknown,0,2
@labourhometeam,@labourhometeam,Unknown,0,1
sapperpantsoff,sapperpantsoff,Unknown,0,2
neilsmithgmb,neilsmithgmb,Unknown,0,4
@tom_watson,@tom_watson,Unknown,0,1
@flbhatti,@flbhatti,Unknown,0,1
@tomjhugh,@tomjhugh,Unknown,0,2
@leavemnsleave,@leavemnsleave,Unknown,0,1
aliceyarr,aliceyarr,Unknown,0,2
@scubageoff,@scubageoff,Unknown,0,1
thewaterside1,thewaterside1,Unknown,0,2
@jhowelluk,@jhowelluk,Unknown,0,1
@skinnock,@skinnock,Unknown,0,3
scunnylabour,scunnylabour,Unknown,0,2
@southendnhs,@southendnhs,Unknown,0,1
@davieclegg,@davieclegg,Unknown,0,1
grahamemorris,grahamemorris,Labour,1,4
easstransport,easstransport,Unknown,0,2
@karinsmyth,@karinsmyth,Unknown,0,1
@robertnesta18,@robertnesta18,Unknown,0,1
kenquinn71,kenquinn71,Unknown,0,2
@sandbach,@sandbach,Unknown,0,3
@youtube,@youtube,Unknown,0,3
@jochurchill4,@jochurchill4,Unknown,0,1
sajidjavid,sajidjavid,Conservative,1,10
@bbccountryfile,@bbccountryfile,Unknown,0,1
valerie_vazmp,valerie_vazmp,Labour,2,2
@amberruddhr,@amberruddhr,Unknown,0,2
@seemakennedy.,@seemakennedy.,Unknown,0,1
radioappg,radioappg,Unknown,0,2
emmahardymp,emmahardymp,Labour,11,16
@pollytoynbee,@pollytoynbee,Unknown,0,1
helenjonesmp,helenjonesmp,Unknown,0,2
survation,survation,Unknown,0,6
@lewishamlabour,@lewishamlabour,Unknown,0,1
@michaelbullock,@michaelbullock,Unknown,0,1
houseofcommons,houseofcommons,Unknown,0,28
stuartandrew,stuartandrew,Unknown,0,2
@carriesymonds,@carriesymonds,Unknown,0,3
@gilliankeegan,@gilliankeegan,Unknown,0,2
r_latter,r_latter,Unknown,0,2
nursessikh,nursessikh,Unknown,0,2
transparencyuk,transparencyuk,Unknown,0,2
@robbehrens1884,@robbehrens1884,Unknown,0,1
@aberlourvc,@aberlourvc,Unknown,0,1
@stephengreek,@stephengreek,Unknown,0,1
chwaraeteg,chwaraeteg,Unknown,0,2
@pauljsweeney,@pauljsweeney,Unknown,0,1
scullyp,scullyp,Conservative,5,2
starprojpaisley,starprojpaisley,Unknown,0,2
@marathonshine,@marathonshine,Unknown,0,1
@janefae,@janefae,Unknown,0,1
carer49,carer49,Unknown,0,2
@catgriffith,@catgriffith,Unknown,0,1
@joannaccherry,@joannaccherry,Unknown,0,2
thornhillca,thornhillca,Unknown,0,2
duncanhames,duncanhames,Unknown,0,2
commotiondance1,commotiondance1,Unknown,0,2
cgreenuk,cgreenuk,Conservative,1,4
jacobmason,jacobmason,Unknown,0,2
@emilythornberry,@emilythornberry,Unknown,0,2
pholmes8,pholmes8,Unknown,0,2
cllrsuequinn,cllrsuequinn,Unknown,0,2
@beatson_charity,@beatson_charity,Unknown,0,1
@rocketfunduk,@rocketfunduk,Unknown,0,1
@justinegreening:,@justinegreening:,Unknown,0,1
@schofieldrosie,@schofieldrosie,Unknown,0,1
@keir_starmer,@keir_starmer,Unknown,0,4
swemeshsupport,swemeshsupport,Unknown,0,2
lisanandy,lisanandy,Labour,1,6
@ducatiglasgow,@ducatiglasgow,Unknown,0,1
@chrisstephens,@chrisstephens,Unknown,0,2
@rupahuq,@rupahuq,Unknown,0,3
welshgovernment,welshgovernment,Unknown,0,4
jaxwolf61,jaxwolf61,Unknown,0,2
stevedeacon63,stevedeacon63,Unknown,0,2
@theoneshow,@theoneshow,Unknown,0,1
@celestite66,@celestite66,Unknown,0,1
scotparl,scotparl,Unknown,0,2
jimfromoldham,jimfromoldham,Labour (Co-op),2,8
@40commando,@40commando,Unknown,0,1
annamcmorrin,annamcmorrin,Labour,2,2
@pauline_latham,@pauline_latham,Unknown,0,2
laca_uk,laca_uk,Unknown,0,2
@mikeamesbury,@mikeamesbury,Unknown,0,3
garrywstewart,garrywstewart,Unknown,0,2
@bobblackman,@bobblackman,Unknown,0,2
@greenpeaceuk,@greenpeaceuk,Unknown,0,1
suemcdonald342,suemcdonald342,Unknown,0,2
@kas_wantage,@kas_wantage,Unknown,0,1
@jenthornton01,@jenthornton01,Unknown,0,1
kirkleesparks,kirkleesparks,Unknown,0,2
hounslowccg,hounslowccg,Unknown,0,2
@asurreylady,@asurreylady,Unknown,0,1
@johnmcdonnellmp,@johnmcdonnellmp,Unknown,0,5
@dianajohnsonmp,@dianajohnsonmp,Unknown,0,2
@mayoroflondon,@mayoroflondon,Unknown,0,2
louhaigh,louhaigh,Labour,6,12
lukegrahamuk,lukegrahamuk,Conservative,3,0
ukparleducation,ukparleducation,Unknown,0,2
@taylor3july2008,@taylor3july2008,Unknown,0,1
nsead1,nsead1,Unknown,0,2
@prsformusic,@prsformusic,Unknown,0,1
@copasturkeys,@copasturkeys,Unknown,0,1
@pinstripedline,@pinstripedline,Unknown,0,1
gloucesterroad,gloucesterroad,Unknown,0,2
@annietrev,@annietrev,Unknown,0,1
seanmchale9,seanmchale9,Unknown,0,2
wyattd,wyattd,Unknown,0,2
@nottmcommunity,@nottmcommunity,Unknown,0,1
@sschospices,@sschospices,Unknown,0,2
andrewrosindell,andrewrosindell,Conservative,3,2
@jon_trickett,@jon_trickett,Unknown,0,1
lotrust,lotrust,Unknown,0,2
@tog4shortlives.,@tog4shortlives.,Unknown,0,2
@helengoodmanmp,@helengoodmanmp,Unknown,0,1
@ftmag,@ftmag,Unknown,0,1
@markdurkan,@markdurkan,Unknown,0,1
@davalia610,@davalia610,Unknown,0,1
@bishopbangor,@bishopbangor,Unknown,0,1
@bbcbreakfast,@bbcbreakfast,Unknown,0,2
@patel4witham,@patel4witham,Unknown,0,1
@andywightman,@andywightman,Unknown,0,1
@bbcjamescook,@bbcjamescook,Unknown,0,1
@pauljmas,@pauljmas,Unknown,0,1
daviddavismp,daviddavismp,Unknown,0,12
@theeconomist.,@theeconomist.,Unknown,0,1
@parlyapp,@parlyapp,Unknown,0,1
matthewvizard,matthewvizard,Unknown,0,2
@jojohnsonuk,@jojohnsonuk,Unknown,0,7
@owenpaterson,@owenpaterson,Unknown,0,3
landsecgroup,landsecgroup,Unknown,0,2
@thebpltower,@thebpltower,Unknown,0,1
@ad_gmaintenance,@ad_gmaintenance,Unknown,0,1
hannahb4livimp,hannahb4livimp,Scottish National Party,7,2
portsmouthcab,portsmouthcab,Unknown,0,2
ntarail,ntarail,Unknown,0,2
pickardje,pickardje,Unknown,0,2
alanwhiteheadmp,alanwhiteheadmp,Unknown,0,2
rthondavehanson,rthondavehanson,Labour,1,0
ad_gmaintenance,ad_gmaintenance,Unknown,0,2
@glasgowcc,@glasgowcc,Unknown,0,3
cllrdavidmellen,cllrdavidmellen,Unknown,0,2
@deansofcardiff,@deansofcardiff,Unknown,0,1
commonshomeaffs,commonshomeaffs,Unknown,0,2
@davidnberman,@davidnberman,Unknown,0,1
@bmacymru,@bmacymru,Unknown,0,1
@bbcstrictly,@bbcstrictly,Unknown,0,1
jo_coburn,jo_coburn,Unknown,0,2
@shuranjeet,@shuranjeet,Unknown,0,1
@phmlearn,@phmlearn,Unknown,0,1
lsrplaid,lsrplaid,Plaid Cymru,4,8
@rbmind_,@rbmind_,Unknown,0,1
@gilliankeegan.,@gilliankeegan.,Unknown,0,1
@upperrhymney,@upperrhymney,Unknown,0,1
natcen,natcen,Unknown,0,2
@krls,@krls,Unknown,0,1
@nickcohen4,@nickcohen4,Unknown,0,1
@nomerseytolls,@nomerseytolls,Unknown,0,1
nigeldoddsdup,nigeldoddsdup,Democratic Unionist Party,3,6
rcorbettmep,rcorbettmep,Unknown,0,2
tristancorkpost,tristancorkpost,Unknown,0,2
@hywelplaidcymru,@hywelplaidcymru,Unknown,0,1
@toniaantoniazzi,@toniaantoniazzi,Unknown,0,6
@johnhealey_mp.,@johnhealey_mp.,Unknown,0,1
sw_help,sw_help,Unknown,0,2
funmusicuk,funmusicuk,Unknown,0,2
@dadbloguk,@dadbloguk,Unknown,0,1
thehistoryguy,thehistoryguy,Unknown,0,4
granadareports,granadareports,Unknown,0,4
gwrhelp,gwrhelp,Unknown,0,4
@bma_juniordocs,@bma_juniordocs,Unknown,0,1
futuresgreen,futuresgreen,Unknown,0,2
beckybarnesblog,beckybarnesblog,Unknown,0,2
@rmtunion,@rmtunion,Unknown,0,1
@forbes,@forbes,Unknown,0,1
@sajidjavid's,@sajidjavid's,Unknown,0,1
@unisoneastern,@unisoneastern,Unknown,0,1
mayflowerwtw,mayflowerwtw,Unknown,0,2
atttweet,atttweet,Unknown,0,2
@awmurrison,@awmurrison,Unknown,0,1
@whiteribbon_uk,@whiteribbon_uk,Unknown,0,1
@michaelgove.,@michaelgove.,Unknown,0,1
@neilbendelow,@neilbendelow,Unknown,0,1
_ginger_kid,_ginger_kid,Unknown,0,2
@survation,@survation,Unknown,0,3
lucyallan,lucyallan,Conservative,3,2
bbcnickrobinson,bbcnickrobinson,Unknown,0,6
risecs,risecs,Unknown,0,2
@ukparliament,@ukparliament,Unknown,0,4
mulberrythet,mulberrythet,Unknown,0,2
@burynorthlabour,@burynorthlabour,Unknown,0,1
@erskine1916,@erskine1916,Unknown,0,1
ictevangelist,ictevangelist,Unknown,0,2
nickywasp,nickywasp,Unknown,0,2
@shinydh,@shinydh,Unknown,0,1
elunedstenner,elunedstenner,Unknown,0,2
@oliverhealduk,@oliverhealduk,Unknown,0,2
catharinehoey,catharinehoey,Labour,1,0
@fishypaul,@fishypaul,Unknown,0,1
@bestforbritain,@bestforbritain,Unknown,0,2
km_newsroom,km_newsroom,Unknown,0,2
timfarron,timfarron,Liberal Democrat,8,2
derbychrisw,derbychrisw,Labour,3,0
architectse17,architectse17,Unknown,0,2
@glindonmary,@glindonmary,Unknown,0,1
@welshlabour,@welshlabour,Unknown,0,6
mikejwood,mikejwood,Conservative,2,0
brentcyounglab,brentcyounglab,Unknown,0,2
@uklabour,@uklabour,Unknown,0,33
hughgaffneyccb,hughgaffneyccb,Labour,6,0
helengrantmp,helengrantmp,Conservative,1,0
asabenn,asabenn,Unknown,0,2
@mckonomy,@mckonomy,Unknown,0,1
number10gov,number10gov,Unknown,0,4
ukhouseoflords,ukhouseoflords,Unknown,0,2
@buckinghamuni,@buckinghamuni,Unknown,0,1
@nigel_farage,@nigel_farage,Unknown,0,2
savenhsnascot,savenhsnascot,Unknown,0,2
@unisondave,@unisondave,Unknown,0,1
@owensmith_mp,@owensmith_mp,Unknown,0,3
@martwhitfieldmp,@martwhitfieldmp,Unknown,0,1
@rozakthegoon,@rozakthegoon,Unknown,0,1
ukef,ukef,Unknown,0,2
@neildotobrien,@neildotobrien,Unknown,0,1
terri_white,terri_white,Unknown,0,2
@ukspaceacademy.,@ukspaceacademy.,Unknown,0,1
southwarklabour,southwarklabour,Unknown,0,2
@learnworkuk,@learnworkuk,Unknown,0,1
huffpostuk,huffpostuk,Unknown,0,2
jacklopresti,jacklopresti,Conservative,1,0
e17arttrail,e17arttrail,Unknown,0,2
@vickyford,@vickyford,Unknown,0,1
@hls1978,@hls1978,Unknown,0,1
thegazette,thegazette,Unknown,0,4
colchesterviews,colchesterviews,Unknown,0,2
phildouglasdon,phildouglasdon,Unknown,0,2
triumphglasgow,triumphglasgow,Unknown,0,2
@easstransport,@easstransport,Unknown,0,1
grundyblackpool,grundyblackpool,Unknown,0,2
wiconstruction,wiconstruction,Unknown,0,2
dawnhfoster,dawnhfoster,Unknown,0,2
s_a_somerville,s_a_somerville,Unknown,0,2
mikegapes,mikegapes,Labour (Co-op),11,8
angusrobertson,angusrobertson,Unknown,0,2
giantomkins,giantomkins,Unknown,0,2
biamcc,biamcc,Unknown,0,2
@ukparleducation's,@ukparleducation's,Unknown,0,1
jonathanbadyal,jonathanbadyal,Unknown,0,2
@thisgraeme,@thisgraeme,Unknown,0,1
@nacoauk,@nacoauk,Unknown,0,4
protect_wldlife,protect_wldlife,Unknown,0,2
lewishamlabour,lewishamlabour,Unknown,0,2
bestforbritain,bestforbritain,Unknown,0,4
@nhs,@nhs,Unknown,0,4
@samaritans,@samaritans,Unknown,0,1
thequentinletts,thequentinletts,Unknown,0,2
tomtugendhat,tomtugendhat,Conservative,7,4
luisefitz,luisefitz,Unknown,0,2
savewomanbyst,savewomanbyst,Unknown,0,2
laurapidcockmp,laurapidcockmp,Unknown,0,6
@commotiondance1,@commotiondance1,Unknown,0,1
janemerrick23,janemerrick23,Unknown,0,2
@pestononsunday,@pestononsunday,Unknown,0,1
bphillipsonmp,bphillipsonmp,Labour,1,0
leonalewis,leonalewis,Unknown,0,2
rachlittlewood,rachlittlewood,Unknown,0,2
@alewermbe,@alewermbe,Unknown,0,1
@bolsoverbeast,@bolsoverbeast,Unknown,0,1
ianblackford_mp,ianblackford_mp,Scottish National Party,5,0
stevereedmp,stevereedmp,Labour (Co-op),4,2
@wyattd,@wyattd,Unknown,0,1
@tandhesi,@tandhesi,Unknown,0,5
thetfordbforum,thetfordbforum,Unknown,0,2
@bbctheoneshow,@bbctheoneshow,Unknown,0,1
@mariamilleruk,@mariamilleruk,Unknown,0,2
snpsoosie,snpsoosie,Unknown,0,2
@marrshow,@marrshow,Unknown,0,2
davidgauke,davidgauke,Conservative,4,16
@markfielduk!,@markfielduk!,Unknown,0,1
chrisdaviesmp,chrisdaviesmp,Unknown,0,2
@theeconomist,@theeconomist,Unknown,0,2
@charlottejones0,@charlottejones0,Unknown,0,1
@thelma_walkermp,@thelma_walkermp,Unknown,0,3
@attitudemag,@attitudemag,Unknown,0,1
@kateforbesmsp’s,@kateforbesmsp’s,Unknown,0,1
philipdaviesuk,philipdaviesuk,Conservative,2,0
nicolasturgeon,nicolasturgeon,Unknown,0,4
peterboneuk,peterboneuk,Unknown,0,2
@glasterlaw1,@glasterlaw1,Unknown,0,1
yougov,yougov,Unknown,0,2
@paulawakefield2,@paulawakefield2,Unknown,0,1
potus,potus,Unknown,0,2
@laboursinglemkt?,@laboursinglemkt?,Unknown,0,1
torstenbell,torstenbell,Unknown,0,2
chrislawsnp,chrislawsnp,Scottish National Party,2,0
@skynews,@skynews,Unknown,0,3
mundellaschool,mundellaschool,Unknown,0,2
emmahowardboyd,emmahowardboyd,Unknown,0,2
ptnaughton,ptnaughton,Unknown,0,2
syncsmith,syncsmith,Unknown,0,2
thangammp,thangammp,Labour,7,6
@shaldonangler,@shaldonangler,Unknown,0,1
kirstysnp,kirstysnp,Scottish National Party,3,4
@suberbos,@suberbos,Unknown,0,1
helengoodmanmp,helengoodmanmp,Unknown,0,2
directorserg,directorserg,Unknown,0,2
sachrshah,sachrshah,Unknown,0,2
@jashedwards,@jashedwards,Unknown,0,1
@e17central,@e17central,Unknown,0,1
nicdakin55,nicdakin55,Labour,5,0
wenurses,wenurses,Unknown,0,2
helen_whately,helen_whately,Conservative,2,0
@londoncouncils,@londoncouncils,Unknown,0,1
@rspca_official,@rspca_official,Unknown,0,1
@homebuildersfed.,@homebuildersfed.,Unknown,0,1
@dpastaire,@dpastaire,Unknown,0,1
@rencouncilnews,@rencouncilnews,Unknown,0,1
@official_ncfc,@official_ncfc,Unknown,0,1
@halfon4harlowmp,@halfon4harlowmp,Unknown,0,6
haveigotnews,haveigotnews,Unknown,0,2
@ksbscotland,@ksbscotland,Unknown,0,1
@channel4news.,@channel4news.,Unknown,0,1
@welcome_hudds,@welcome_hudds,Unknown,0,1
hbaldwin,hbaldwin,Conservative,2,0
martwhitfieldmp,martwhitfieldmp,Unknown,0,2
@john_pats,@john_pats,Unknown,0,1
@zoebrigley,@zoebrigley,Unknown,0,1
supplycsschool,supplycsschool,Unknown,0,2
pmhramsgate,pmhramsgate,Unknown,0,2
caabu,caabu,Unknown,0,4
@labourrichard,@labourrichard,Unknown,0,3
@arron_banks,@arron_banks,Unknown,0,1
@mpsgraveneyvw,@mpsgraveneyvw,Unknown,0,1
kirkleesshares,kirkleesshares,Unknown,0,2
@andykemptweets,@andykemptweets,Unknown,0,1
@sevenbarrows,@sevenbarrows,Unknown,0,1
mgreenwoodww,mgreenwoodww,Labour,1,0
@jacqueline_gold,@jacqueline_gold,Unknown,0,1
@ukbf_finds,@ukbf_finds,Unknown,0,1
@jreast_official,@jreast_official,Unknown,0,1
@queenstown_lp,@queenstown_lp,Unknown,0,1
nptcgroup,nptcgroup,Unknown,0,2
mpsgraveneyvw,mpsgraveneyvw,Unknown,0,2
@euromove,@euromove,Unknown,0,1
@blackthorn23,@blackthorn23,Unknown,0,1
@bbc5live,@bbc5live,Unknown,0,2
aluncairns,aluncairns,Unknown,0,6
@syncsmith,@syncsmith,Unknown,0,1
themoraycouncil,themoraycouncil,Unknown,0,2
@britainelects,@britainelects,Unknown,0,1
@markdrakeford,@markdrakeford,Unknown,0,2
mybodybackproj,mybodybackproj,Unknown,0,2
@chelsee_kate,@chelsee_kate,Unknown,0,1
@aw_bell,@aw_bell,Unknown,0,1
@theresecoffey,@theresecoffey,Unknown,0,3
cwunews,cwunews,Unknown,0,4
ladyf67,ladyf67,Unknown,0,2
ukbf_finds,ukbf_finds,Unknown,0,2
@transportforall,@transportforall,Unknown,0,2
@neilmclaughlin2,@neilmclaughlin2,Unknown,0,1
chrisstephens,chrisstephens,Scottish National Party,1,4
parlyapp,parlyapp,Unknown,0,2
@gutoaberconwy,@gutoaberconwy,Unknown,0,1
@ukip,@ukip,Unknown,0,1
virgin_trainsec,virgin_trainsec,Unknown,0,2
bromleytrombone,bromleytrombone,Unknown,0,2
wera_hobhouse,wera_hobhouse,Unknown,0,2
@zeynmo,@zeynmo,Unknown,0,1
e17central,e17central,Unknown,0,2
@silksbrewery,@silksbrewery,Unknown,0,1
@bill_esterson,@bill_esterson,Unknown,0,3
s_hammond,s_hammond,Conservative,4,4
@donnaludford,@donnaludford,Unknown,0,1
itnproductions,itnproductions,Unknown,0,2
@sarahbutler1981,@sarahbutler1981,Unknown,0,1
@abzayed,@abzayed,Unknown,0,1
pollyn1,pollyn1,Unknown,0,2
@georgehowarthmp,@georgehowarthmp,Unknown,0,1
@fuse_online,@fuse_online,Unknown,0,1
@offord4hendon,@offord4hendon,Unknown,0,1
@neilturkewitz,@neilturkewitz,Unknown,0,1
@ukhomeoffice,@ukhomeoffice,Unknown,0,1
joepike,joepike,Unknown,0,2
forwardassist1,forwardassist1,Unknown,0,2
marchharetales,marchharetales,Unknown,0,2
southgatelabour,southgatelabour,Unknown,0,2
bloodypolitics,bloodypolitics,Unknown,0,2
@davidedrew,@davidedrew,Unknown,0,1
@deb_cohen,@deb_cohen,Unknown,0,1
@kirstysnp,@kirstysnp,Unknown,0,2
cmonaghansnp,cmonaghansnp,Scottish National Party,1,4
@childrensairamb,@childrensairamb,Unknown,0,1
@chemistdruggist,@chemistdruggist,Unknown,0,1
@ed_miliband,@ed_miliband,Unknown,0,1
johnrentoul,johnrentoul,Unknown,0,2
@mayorofgm,@mayorofgm,Unknown,0,1
@portsmouthcab.,@portsmouthcab.,Unknown,0,1
@domwalsh13,@domwalsh13,Unknown,0,1
daveandersonmp,daveandersonmp,Unknown,0,2
@southern_trains,@southern_trains,Unknown,0,1
@siemensuknews,@siemensuknews,Unknown,0,1
@seemakennedy,@seemakennedy,Unknown,0,5
manics,manics,Unknown,0,2
5050parliament,5050parliament,Unknown,0,2
ucu,ucu,Unknown,0,2
@nfueastanglia,@nfueastanglia,Unknown,0,1
schofieldrosie,schofieldrosie,Unknown,0,2
kellytolhurst,kellytolhurst,Conservative,2,0
@stellacreasy,@stellacreasy,Unknown,0,4
danielzeichner,danielzeichner,Unknown,0,2
ruairidhskye,ruairidhskye,Unknown,0,2
@duncanhames,@duncanhames,Unknown,0,1
@joplattmp,@joplattmp,Unknown,0,1
@premierleague,@premierleague,Unknown,0,1
@matthewrycroft1,@matthewrycroft1,Unknown,0,1
bevcol1,bevcol1,Unknown,0,2
@lesleyriddoch,@lesleyriddoch,Unknown,0,1
@mytimesplus,@mytimesplus,Unknown,0,1
@ethical_pr,@ethical_pr,Unknown,0,1
@pashleyjackson,@pashleyjackson,Unknown,0,1
@whitehornes,@whitehornes,Unknown,0,1
ceitlinlrsmith,ceitlinlrsmith,Unknown,0,2
@bloodypolitics,@bloodypolitics,Unknown,0,1
@channel4news,@channel4news,Unknown,0,2
mrtomgray,mrtomgray,Unknown,0,2
@oliverbullough,@oliverbullough,Unknown,0,1
@sarahwollaston,@sarahwollaston,Unknown,0,1
leodochertyuk,leodochertyuk,Conservative,1,2
scottr0gers,scottr0gers,Unknown,0,2
bbcpolitics,bbcpolitics,Unknown,0,2
nhsdigital,nhsdigital,Unknown,0,2
jeremycorbyn,jeremycorbyn,Unknown,0,30
@theresa_may:,@theresa_may:,Unknown,0,4
@terryelaineh1,@terryelaineh1,Unknown,0,1
catgriffith,catgriffith,Unknown,0,2
@janbrogger,@janbrogger,Unknown,0,1
iusher,iusher,Unknown,0,2
@rosieduffield1,@rosieduffield1,Unknown,0,1
daaronovitch,daaronovitch,Unknown,0,2
emmabridgewater,emmabridgewater,Unknown,0,2
no1carol,no1carol,Unknown,0,2
peelports,peelports,Unknown,0,2
@bushtheatre,@bushtheatre,Unknown,0,1
siobhain_mc,siobhain_mc,Labour,5,0
@amcarmichaelmp,@amcarmichaelmp,Unknown,0,2
geraldjoneslab,geraldjoneslab,Labour,6,4
@councillortumi,@councillortumi,Unknown,0,1
frankfletcher,frankfletcher,Unknown,0,2
@ruthcadbury,@ruthcadbury,Unknown,0,3
@rachelreevesmp,@rachelreevesmp,Unknown,0,4
jackiedp,jackiedp,Conservative,1,6
elizabefrances,elizabefrances,Unknown,0,2
stephenctimms,stephenctimms,Labour,2,4
whiteribbonscot,whiteribbonscot,Unknown,0,2
@thehistoryguy,@thehistoryguy,Unknown,0,2
fitz_xmp,fitz_xmp,Labour,2,0
@nhsorgandonor,@nhsorgandonor,Unknown,0,1
kirkleescomplus,kirkleescomplus,Unknown,0,2
@carter6d's,@carter6d's,Unknown,0,1
orourkeclaire1,orourkeclaire1,Unknown,0,2
@greglabour,@greglabour,Unknown,0,1
@5wrightstuff,@5wrightstuff,Unknown,0,1
@asabenn.,@asabenn.,Unknown,0,1
nhbc,nhbc,Unknown,0,2
@itnproductions,@itnproductions,Unknown,0,1
@nickymorgan01,@nickymorgan01,Unknown,0,1
@stchrishospice,@stchrishospice,Unknown,0,1
@brtmerrill..,@brtmerrill..,Unknown,0,1
@youngvulgarian,@youngvulgarian,Unknown,0,1
chrislesliemp,chrislesliemp,Unknown,0,2
@education.gov.uk,@education.gov.uk,Unknown,0,1
oxfamscotland,oxfamscotland,Unknown,0,2
@marcthevet,@marcthevet,Unknown,0,1
carenduhig,carenduhig,Unknown,0,2
crowdfunderuk,crowdfunderuk,Unknown,0,2
@davidhansonmp,@davidhansonmp,Unknown,0,1
@bbclaurak,@bbclaurak,Unknown,0,2
@navylookout,@navylookout,Unknown,0,1
@wood5y,@wood5y,Unknown,0,1
@bethnalmemorial,@bethnalmemorial,Unknown,0,1
bbcwestminhour,bbcwestminhour,Unknown,0,2
@anniebtransport,@anniebtransport,Unknown,0,1
@rte,@rte,Unknown,0,1
trussliz,trussliz,Conservative,1,0
edvaizey,edvaizey,Conservative,3,2
@@halfon4harlowmp,@@halfon4harlowmp,Unknown,0,1
@cphillips_ippso,@cphillips_ippso,Unknown,0,1
@cambriannews,@cambriannews,Unknown,0,2
smale_ann,smale_ann,Unknown,0,2
@alcoholconcern,@alcoholconcern,Unknown,0,2
carilliongov,carilliongov,Unknown,0,2
john_pats,john_pats,Unknown,0,2
@news_letter,@news_letter,Unknown,0,1
@hazelt1610,@hazelt1610,Unknown,0,1
@pressjournal,@pressjournal,Unknown,0,2
my_dales,my_dales,Unknown,0,2
@gary_rae,@gary_rae,Unknown,0,1
@stmcrewe,@stmcrewe,Unknown,0,1
@scotparl,@scotparl,Unknown,0,1
@mimsdavies,@mimsdavies,Unknown,0,1
@grahamknowles4,@grahamknowles4,Unknown,0,1
@wimbledonhigh,@wimbledonhigh,Unknown,0,1
rosiemillard,rosiemillard,Unknown,0,2
janbrogger,janbrogger,Unknown,0,2
@dickwinchester,@dickwinchester,Unknown,0,1
keepnhspublic,keepnhspublic,Unknown,0,2
@itvwalespress,@itvwalespress,Unknown,0,3
fitzmp,fitzmp,Unknown,0,4
@bmastudents,@bmastudents,Unknown,0,1
@adambilliald,@adambilliald,Unknown,0,1
mattnoble_,mattnoble_,Unknown,0,2
2ndek_bb,2ndek_bb,Unknown,0,2
stephengethins,stephengethins,Scottish National Party,3,6
@scallyjj,@scallyjj,Unknown,0,1
fergusewingmsp,fergusewingmsp,Unknown,0,2
labourrichard,labourrichard,Unknown,0,6
glasgowcc,glasgowcc,Unknown,0,6
gofundme,gofundme,Unknown,0,2
@22magoo,@22magoo,Unknown,0,1
@mrlongdenextra,@mrlongdenextra,Unknown,0,1
@bbcpanorama,@bbcpanorama,Unknown,0,1
@ncsmiff,@ncsmiff,Unknown,0,1
ldn_ambulance,ldn_ambulance,Unknown,0,2
@nicktorfaenmp,@nicktorfaenmp,Unknown,0,1
@mbrendansweeney,@mbrendansweeney,Unknown,0,2
@groganjim,@groganjim,Unknown,0,1
brandonlewis,brandonlewis,Conservative,5,4
@mulberrythet,@mulberrythet,Unknown,0,1
@glasgowwarriors,@glasgowwarriors,Unknown,0,1
@mo_farah.,@mo_farah.,Unknown,0,1
cnagpaul,cnagpaul,Unknown,0,2
@fbunational,@fbunational,Unknown,0,1
davidedrew,davidedrew,Labour (Co-op),1,2
@bbcpolitics,@bbcpolitics,Unknown,0,1
@carenduhig,@carenduhig,Unknown,0,1
biancajagger,biancajagger,Unknown,0,2
sianceol,sianceol,Unknown,0,2
@nigeldoddsdup,@nigeldoddsdup,Unknown,0,3
insidecroydon,insidecroydon,Unknown,0,2
@gavinshuker,@gavinshuker,Unknown,0,1
vickyfoxcroft,vickyfoxcroft,Labour,3,0
@theneweuropean,@theneweuropean,Unknown,0,1
nmcnews,nmcnews,Unknown,0,2
@labourwomensnet,@labourwomensnet,Unknown,0,1
isabelhardman,isabelhardman,Unknown,0,4
hywelplaidcymru,hywelplaidcymru,Plaid Cymru,1,2
nes_nesil,nes_nesil,Unknown,0,2
the_mpa,the_mpa,Unknown,0,2
@plaid_cymru,@plaid_cymru,Unknown,0,5
@knotgirl1,@knotgirl1,Unknown,0,1
commonsleader,commonsleader,Unknown,0,2
@stephenmorganmp,@stephenmorganmp,Unknown,0,1
@havencentre,@havencentre,Unknown,0,1
beathhigh,beathhigh,Unknown,0,2
abcommuters,abcommuters,Unknown,0,2
heraldscotland,heraldscotland,Unknown,0,4
premierleague,premierleague,Unknown,0,2
metcalfe_sbet,metcalfe_sbet,Conservative,2,4
marianorajoy,marianorajoy,Unknown,0,2
@davidcrausby,@davidcrausby,Unknown,0,2
@lorand_bartels,@lorand_bartels,Unknown,0,1
@judithgregory28,@judithgregory28,Unknown,0,1
staustellbrew,staustellbrew,Unknown,0,2
@diplomog,@diplomog,Unknown,0,1
@realdonaldtrump's,@realdonaldtrump's,Unknown,0,1
@nmcnews,@nmcnews,Unknown,0,1
scubageoff,scubageoff,Unknown,0,2
janefae,janefae,Unknown,0,2
@graham_galpin,@graham_galpin,Unknown,0,1
@leytonsown,@leytonsown,Unknown,0,1
@drlisacameronmp,@drlisacameronmp,Unknown,0,4
drlisacameronmp,drlisacameronmp,Scottish National Party,5,8
marghickman,marghickman,Unknown,0,2
@harriet1marsden,@harriet1marsden,Unknown,0,1
easyjet,easyjet,Unknown,0,2
@bexbailey,@bexbailey,Unknown,0,1
@littlelegend5,@littlelegend5,Unknown,0,1
robbehrens1884,robbehrens1884,Unknown,0,2
@thetfordmayor,@thetfordmayor,Unknown,0,1
gussyjackson,gussyjackson,Unknown,0,2
peachlawuk,peachlawuk,Unknown,0,2
markdurkan,markdurkan,Unknown,0,2
@sueperkins,@sueperkins,Unknown,0,1
@ippr,@ippr,Unknown,0,2
@cherylgillan,@cherylgillan,Unknown,0,3
paul_r_kenny,paul_r_kenny,Unknown,0,2
@joepike,@joepike,Unknown,0,1
@equalitytrust,@equalitytrust,Unknown,0,2
@wyp_halifax,@wyp_halifax,Unknown,0,1
marshallmedia,marshallmedia,Unknown,0,4
@annclwyd,@annclwyd,Unknown,0,1
@rhonddabryant,@rhonddabryant,Unknown,0,1
pritipatel,pritipatel,Conservative,1,0
@sarahmillican75,@sarahmillican75,Unknown,0,1
@preetkgillmp,@preetkgillmp,Unknown,0,4
@bromleytrombone,@bromleytrombone,Unknown,0,1
@r0k_life,@r0k_life,Unknown,0,1
@stefaanderynck,@stefaanderynck,Unknown,0,1
@katehoeymp,@katehoeymp,Unknown,0,1
@merthyrtesco,@merthyrtesco,Unknown,0,1
bbcnewcastle,bbcnewcastle,Unknown,0,2
socialbite_,socialbite_,Unknown,0,4
@cheerswines,@cheerswines,Unknown,0,1
owenpaterson,owenpaterson,Unknown,0,6
@ianj104,@ianj104,Unknown,0,1
bbc_joe_lynam,bbc_joe_lynam,Unknown,0,2
@un,@un,Unknown,0,10
@thhamilton,@thhamilton,Unknown,0,1
@westyorkspolice,@westyorkspolice,Unknown,0,1
bbc5live,bbc5live,Unknown,0,4
oliverbullough,oliverbullough,Unknown,0,2
weegieking,weegieking,Unknown,0,2
doglostuk,doglostuk,Unknown,0,2
@henrysmithuk,@henrysmithuk,Unknown,0,2
@jsheappey,@jsheappey,Unknown,0,1
ameet_jogia,ameet_jogia,Unknown,0,2
@weetabixface,@weetabixface,Unknown,0,1
dancrawford85,dancrawford85,Unknown,0,2
@scholesy63,@scholesy63,Unknown,0,1
hamishmacdonell,hamishmacdonell,Unknown,0,2
adamramsay,adamramsay,Unknown,0,2
wyp_specials,wyp_specials,Unknown,0,2
mblacey,mblacey,Unknown,0,8
@jgarratt1,@jgarratt1,Unknown,0,1
@ebrd,@ebrd,Unknown,0,1
@paulflynnmp,@paulflynnmp,Unknown,0,3
@fedfsupplychain,@fedfsupplychain,Unknown,0,1
jimforcovsouth,jimforcovsouth,Unknown,0,4
edwarddaviescsj,edwarddaviescsj,Unknown,0,2
@techuk,@techuk,Unknown,0,1
@jasongroves,@jasongroves,Unknown,0,1
basildonhosp,basildonhosp,Unknown,0,2
welcome_hudds,welcome_hudds,Unknown,0,2
@beezeypedro,@beezeypedro,Unknown,0,1
dexeugov,dexeugov,Unknown,0,2
sevenbarrows,sevenbarrows,Unknown,0,2
kent_police,kent_police,Unknown,0,2
owenjones84,owenjones84,Unknown,0,2
charlottejones0,charlottejones0,Unknown,0,2
pm4eastren,pm4eastren,Unknown,0,4
carolineflintmp,carolineflintmp,Unknown,0,10
@potus,@potus,Unknown,0,1
queensparkarts,queensparkarts,Unknown,0,2
@starsports_bet,@starsports_bet,Unknown,0,1
asmaali,asmaali,Unknown,0,2
canddthomas,canddthomas,Unknown,0,2
askjeeveswij,askjeeveswij,Unknown,0,2
ebrd,ebrd,Unknown,0,2
@movieblort,@movieblort,Unknown,0,1
@lfpme,@lfpme,Unknown,0,1
@theathchronicle,@theathchronicle,Unknown,0,1
kirstywark,kirstywark,Unknown,0,2
@thelpff,@thelpff,Unknown,0,1
wycombeswan,wycombeswan,Unknown,0,2
@emmalewellbuck,@emmalewellbuck,Unknown,0,9
@nextbikeuk,@nextbikeuk,Unknown,0,1
solent_waspi,solent_waspi,Unknown,0,2
globalncap,globalncap,Unknown,0,2
@jasonfarrellsky,@jasonfarrellsky,Unknown,0,1
majgenrmagowan,majgenrmagowan,Unknown,0,2
@johnrentoul,@johnrentoul,Unknown,0,1
bbcpanorama,bbcpanorama,Unknown,0,2
scottmann4nc,scottmann4nc,Unknown,0,4
ryanair,ryanair,Unknown,0,2
accessincluded,accessincluded,Unknown,0,2
@rogmull,@rogmull,Unknown,0,1
@basildonhosp,@basildonhosp,Unknown,0,1
northlincsccg,northlincsccg,Unknown,0,2
annalangside,annalangside,Unknown,0,2
@primarywhite,@primarywhite,Unknown,0,1
@jbrokenshire,@jbrokenshire,Unknown,0,1
quintonwmp,quintonwmp,Unknown,0,2
@jonashworth's,@jonashworth's,Unknown,0,1
eddie_vermeer,eddie_vermeer,Unknown,0,2
@peterkyle,@peterkyle,Unknown,0,1
nadams,nadams,Conservative,3,0
thhamilton,thhamilton,Unknown,0,2
@mark4wyreforest,@mark4wyreforest,Unknown,0,1
@ps100group,@ps100group,Unknown,0,1
@biancajagger,@biancajagger,Unknown,0,1
un,un,Unknown,0,92
@hkane,@hkane,Unknown,0,1
@swanncaron,@swanncaron,Unknown,0,1
@royalmarines,@royalmarines,Unknown,0,3
@readingnottm,@readingnottm,Unknown,0,1
@kevin_nicholas5,@kevin_nicholas5,Unknown,0,1
lucianaberger,lucianaberger,Labour (Co-op),2,6
geraintdaviesmp,geraintdaviesmp,Unknown,0,2
@mikearmiger,@mikearmiger,Unknown,0,1
@wera_hobhouse,@wera_hobhouse,Unknown,0,1
paulwilliamsmp,paulwilliamsmp,Unknown,0,2
@amberruddhr:,@amberruddhr:,Unknown,0,1
@drsarahmain,@drsarahmain,Unknown,0,1
@stephengethins:,@stephengethins:,Unknown,0,1
whiteribbon_uk,whiteribbon_uk,Unknown,0,2
@juflag,@juflag,Unknown,0,1
@spelmanc,@spelmanc,Unknown,0,1
@carolineflintmp,@carolineflintmp,Unknown,0,5
@rogergodsiff,@rogergodsiff,Unknown,0,1
liambyrnemp,liambyrnemp,Labour,12,10
parkstlocal,parkstlocal,Unknown,0,2
ianmearnsmp,ianmearnsmp,Unknown,0,6
nadineshah,nadineshah,Unknown,0,2
@intdevalliance,@intdevalliance,Unknown,0,1
alanbrownsnp,alanbrownsnp,Scottish National Party,3,0
@cavelltrust,@cavelltrust,Unknown,0,1
mayoroflondon,mayoroflondon,Unknown,0,4
themonsterist,themonsterist,Unknown,0,2
huwthomas_wales,huwthomas_wales,Unknown,0,2
@thangammp,@thangammp,Unknown,0,3
johnglenuk,johnglenuk,Conservative,2,2
labourlewis,labourlewis,Labour,1,2
@woodsman_uk,@woodsman_uk,Unknown,0,1
gmb_union,gmb_union,Unknown,0,8
juliahb1,juliahb1,Unknown,0,2
jonashworth,jonashworth,Labour (Co-op),1,10
unece,unece,Unknown,0,2
mollymep,mollymep,Unknown,0,2
rees4neath,rees4neath,Labour (Co-op),2,2
simon4ndorset,simon4ndorset,Conservative,1,2
@lizmcinnes_mp,@lizmcinnes_mp,Unknown,0,1
@transparencyuk,@transparencyuk,Unknown,0,1
@coaisathing,@coaisathing,Unknown,0,2
jasongroves,jasongroves,Unknown,0,2
@wycombeswan,@wycombeswan,Unknown,0,1
shoplocal_,shoplocal_,Unknown,0,2
thelma_walkermp,thelma_walkermp,Unknown,0,6
byclive,byclive,Unknown,0,2
pollytoynbee,pollytoynbee,Unknown,0,2
jamesduddridge,jamesduddridge,Conservative,2,4
sandbach,sandbach,Conservative,6,6
@nicholadrummond,@nicholadrummond,Unknown,0,1
@broadstreetrfc.,@broadstreetrfc.,Unknown,0,1
@bournemouthecho,@bournemouthecho,Unknown,0,1
bmafoundationmr,bmafoundationmr,Unknown,0,2
anggallacher,anggallacher,Unknown,0,2
@chionwurah,@chionwurah,Unknown,0,4
marklancastermk,marklancastermk,Conservative,2,4
safercaerphilly,safercaerphilly,Unknown,0,2
@morayeconomy,@morayeconomy,Unknown,0,1
@dawnbutlerbrent,@dawnbutlerbrent,Unknown,0,3
cleanupscotland,cleanupscotland,Unknown,0,2
buckinghamuni,buckinghamuni,Unknown,0,2
@sarah_hayward,@sarah_hayward,Unknown,0,1
aw_bell,aw_bell,Unknown,0,2
lordmvee,lordmvee,Unknown,0,4
mattwarman,mattwarman,Conservative,5,0
@bwc_nhs,@bwc_nhs,Unknown,0,1
ftmag,ftmag,Unknown,0,2
aberlourvc,aberlourvc,Unknown,0,2
@mundellaschool,@mundellaschool,Unknown,0,1
@thornhillca,@thornhillca,Unknown,0,1
davidlinden,davidlinden,Scottish National Party,3,8
@southernrailuk,@southernrailuk,Unknown,0,2
mohamedbinzayed,mohamedbinzayed,Unknown,0,2
krls,krls,Unknown,0,2
mbrendansweeney,mbrendansweeney,Unknown,0,4
@gwynnecllr,@gwynnecllr,Unknown,0,1
@cake_lover9,@cake_lover9,Unknown,0,1
@junesarpong,@junesarpong,Unknown,0,1
prestondr,prestondr,Unknown,0,2
appgswrail,appgswrail,Unknown,0,2
@angleseyscmedia,@angleseyscmedia,Unknown,0,1
simonclarkemp,simonclarkemp,Conservative,2,0
@brendanoharasnp,@brendanoharasnp,Unknown,0,3
blackthorn23,blackthorn23,Unknown,0,2
vernon_coaker,vernon_coaker,Labour,1,2
akindoftrouble,akindoftrouble,Unknown,0,2
tobyperkinsmp,tobyperkinsmp,Labour,3,0
marshadecordova,marshadecordova,Labour,5,4
@charityoars,@charityoars,Unknown,0,1
@peterboneuk,@peterboneuk,Unknown,0,1
@olly4northfield,@olly4northfield,Unknown,0,1
open_britain,open_britain,Unknown,0,8
@protect_wldlife,@protect_wldlife,Unknown,0,1
cllrkleach,cllrkleach,Unknown,0,2
@thegazette,@thegazette,Unknown,0,2
scotgov,scotgov,Unknown,0,8
vgnett,vgnett,Unknown,0,2
@joesalterbris,@joesalterbris,Unknown,0,1
@gigimaltese,@gigimaltese,Unknown,0,2
mrbrendancox,mrbrendancox,Unknown,0,2
nlcaregroup,nlcaregroup,Unknown,0,2
@julieforburnley,@julieforburnley,Unknown,0,1
toby__morgan,toby__morgan,Unknown,0,2
@brentcyounglab,@brentcyounglab,Unknown,0,1
kerrymp,kerrymp,Labour,5,2
paulawakefield2,paulawakefield2,Unknown,0,2
rheawolfson,rheawolfson,Unknown,0,2
liliangreenwood,liliangreenwood,Labour,3,2
@chukaumunna,@chukaumunna,Unknown,0,5
haltonbc,haltonbc,Unknown,0,4
norwichlabour,norwichlabour,Unknown,0,2
twrhq,twrhq,Unknown,0,2
coventry2021,coventry2021,Unknown,0,4
laurasmithmp,laurasmithmp,Unknown,0,2
rachcsteele,rachcsteele,Unknown,0,2
@jsross119,@jsross119,Unknown,0,1
karinsmyth,karinsmyth,Unknown,0,2
gloriadepiero,gloriadepiero,Labour,1,0
lamberchelo,lamberchelo,Unknown,0,2
havencentre,havencentre,Unknown,0,2
@marshallmedia,@marshallmedia,Unknown,0,2
@michaelgasiorek,@michaelgasiorek,Unknown,0,1
@ellmac93,@ellmac93,Unknown,0,1
@michaellcrick,@michaellcrick,Unknown,0,1
takenuk1,takenuk1,Unknown,0,2
@fentiger001,@fentiger001,Unknown,0,1
@spellar,@spellar,Unknown,0,3
westyorkspolice,westyorkspolice,Unknown,0,2
@alzheimerssoc,@alzheimerssoc,Unknown,0,1
essexpfcc,essexpfcc,Unknown,0,2
ncsmiff,ncsmiff,Unknown,0,2
charityoars,charityoars,Unknown,0,2
@matthewdorrance,@matthewdorrance,Unknown,0,1
@13pilgrim,@13pilgrim,Unknown,0,3
@news_rcni,@news_rcni,Unknown,0,1
peterstefanovi2,peterstefanovi2,Unknown,0,2
@joy4bishoptown,@joy4bishoptown,Unknown,0,1
@euvsdisinfo,@euvsdisinfo,Unknown,0,1
diplomog,diplomog,Unknown,0,2
@eastayrshire,@eastayrshire,Unknown,0,1
bma_ni,bma_ni,Unknown,0,2
@hmsqnlz.,@hmsqnlz.,Unknown,0,1
@cariadcampaign,@cariadcampaign,Unknown,0,1
derekbateman2,derekbateman2,Unknown,0,2
@georgeaylett,@georgeaylett,Unknown,0,1
catalystcomms,catalystcomms,Unknown,0,2
@theapmg,@theapmg,Unknown,0,1
tvkev,tvkev,Unknown,0,2
@thercn,@thercn,Unknown,0,2
@mychangingplace,@mychangingplace,Unknown,0,1
@paulmaynarduk?,@paulmaynarduk?,Unknown,0,1
@stewartmcdonald,@stewartmcdonald,Unknown,0,1
@getbritainout,@getbritainout,Unknown,0,1
stephenlloydebn,stephenlloydebn,Liberal Democrat,1,0
@conormcginn,@conormcginn,Unknown,0,1
ukhomeoffice,ukhomeoffice,Unknown,0,2
matthewrycroft1,matthewrycroft1,Unknown,0,2
lucympowell,lucympowell,Labour (Co-op),6,6
martintenorsax,martintenorsax,Unknown,0,2
nickyconnorfife,nickyconnorfife,Unknown,0,2
@alanwhiteheadmp,@alanwhiteheadmp,Unknown,0,1
mattchorley,mattchorley,Unknown,0,2
limmuduk,limmuduk,Unknown,0,2
@eleanor_smithmp,@eleanor_smithmp,Unknown,0,1
@nicolamcalley,@nicolamcalley,Unknown,0,1
totneslabour,totneslabour,Unknown,0,2
rcpsych,rcpsych,Unknown,0,2
@rees4neath,@rees4neath,Unknown,0,1
@actoflovemusic,@actoflovemusic,Unknown,0,1
@marghickman,@marghickman,Unknown,0,1
@shoplocal_,@shoplocal_,Unknown,0,1
thebarcouncil,thebarcouncil,Unknown,0,2
flbhatti,flbhatti,Unknown,0,2
@women2win,@women2win,Unknown,0,1
@scottories?,@scottories?,Unknown,0,1
peternorthdevon,peternorthdevon,Conservative,2,0
keir_starmer,keir_starmer,Unknown,0,8
@radioappg,@radioappg,Unknown,0,1
foodbanknorwood,foodbanknorwood,Unknown,0,2
kate_hollernmp,kate_hollernmp,Labour,2,0
@nicolasturgeon,@nicolasturgeon,Unknown,0,2
@jackeyers,@jackeyers,Unknown,0,1
@dexeugov,@dexeugov,Unknown,0,1
landg_homes,landg_homes,Unknown,0,2
@_robinsonm,@_robinsonm,Unknown,0,1
wit_xx,wit_xx,Unknown,0,2
@cllrdavidmellen,@cllrdavidmellen,Unknown,0,1
ukinkenya,ukinkenya,Unknown,0,2
fibroidnetwork,fibroidnetwork,Unknown,0,4
@virendrasharma,@virendrasharma,Unknown,0,1
@iainmacwhirter,@iainmacwhirter,Unknown,0,1
joplattleigh,joplattleigh,Labour (Co-op),2,0
@ryanair,@ryanair,Unknown,0,1
@labourmuslims,@labourmuslims,Unknown,0,2
@wmpolice,@wmpolice,Unknown,0,2
mydoncaster,mydoncaster,Unknown,0,2
@lucianaberger,@lucianaberger,Unknown,0,3
@jdjanogly,@jdjanogly,Unknown,0,1
@hivscotland,@hivscotland,Unknown,0,1
@rideltd,@rideltd,Unknown,0,1
engagenews1,engagenews1,Unknown,0,2
@cwgc,@cwgc,Unknown,0,1
northlindsey,northlindsey,Unknown,0,2
@burmacampaignuk,@burmacampaignuk,Unknown,0,1
dominicraab,dominicraab,Conservative,6,2
@labourhealth,@labourhealth,Unknown,0,1
@supplycsschool,@supplycsschool,Unknown,0,1
@thebma,@thebma,Unknown,0,1
@yorkshirepost,@yorkshirepost,Unknown,0,1
dianajohnsonmp,dianajohnsonmp,Labour,4,4
@hullferens,@hullferens,Unknown,0,1
@r_latter,@r_latter,Unknown,0,1
@blacksmithtom,@blacksmithtom,Unknown,0,1
@sapperpantsoff,@sapperpantsoff,Unknown,0,1
@danielkorski,@danielkorski,Unknown,0,1
craftydevilbrew,craftydevilbrew,Unknown,0,2
snewtonuk,snewtonuk,Conservative,2,4
andrew_adonis,andrew_adonis,Unknown,0,6
adammarkdavis,adammarkdavis,Unknown,0,2
alison_mcgovern,alison_mcgovern,Labour,5,2
pmdfoster,pmdfoster,Unknown,0,2
councillortumi,councillortumi,Unknown,0,2
@ianmearnsmp,@ianmearnsmp,Unknown,0,3
@soverysorry,@soverysorry,Unknown,0,1
@rheawolfson,@rheawolfson,Unknown,0,1
@councillorsuzie,@councillorsuzie,Unknown,0,1
emmareynoldsmp,emmareynoldsmp,Unknown,0,2
@foreignoffice,@foreignoffice,Unknown,0,1
missjones_14,missjones_14,Unknown,0,2
@morfofporth,@morfofporth,Unknown,0,1
davalia610,davalia610,Unknown,0,2
jponpolitics,jponpolitics,Unknown,0,2
kath_wic,kath_wic,Unknown,0,2
jocoxcommission,jocoxcommission,Unknown,0,2
angusmacneilsnp,angusmacneilsnp,Scottish National Party,8,6
hms_albion,hms_albion,Unknown,0,2
freeman_george,freeman_george,Unknown,0,6
jopike3,jopike3,Unknown,0,2
@jeffsmithmp,@jeffsmithmp,Unknown,0,1
trawslinkcymru,trawslinkcymru,Unknown,0,4
@sunpolitics,@sunpolitics,Unknown,0,1
laboursj,laboursj,Labour,1,0
robertcraigchf,robertcraigchf,Unknown,0,2
annclwyd,annclwyd,Labour,2,2
pow_rebecca,pow_rebecca,Unknown,0,2
cheerfulpodcast,cheerfulpodcast,Unknown,0,2
ahmadiyyauk,ahmadiyyauk,Unknown,0,2
darrenpjones,darrenpjones,Labour,1,4
ruthcadbury,ruthcadbury,Labour,5,6
tamilsforum,tamilsforum,Unknown,0,2
@royalderngate,@royalderngate,Unknown,0,1
ukparliament,ukparliament,Unknown,0,8
@trusselltrust,@trusselltrust,Unknown,0,3
@lselaw,@lselaw,Unknown,0,1
andyburnhamgm,andyburnhamgm,Unknown,0,2
danny_wright,danny_wright,Unknown,0,2
@tootingprss,@tootingprss,Unknown,0,1
commonstrans,commonstrans,Unknown,0,2
@csbungo,@csbungo,Unknown,0,1
ep_president,ep_president,Unknown,0,2
@imran_hussainmp,@imran_hussainmp,Unknown,0,2
@rbs’s,@rbs’s,Unknown,0,1
madeleinemoon,madeleinemoon,Labour,1,0
tedcruz,tedcruz,Unknown,0,2
wolfie_smythe,wolfie_smythe,Unknown,0,2
doelawel,doelawel,Unknown,0,2
fbunational,fbunational,Unknown,0,2
eluned_morgan,eluned_morgan,Unknown,0,4
@huffpostuk,@huffpostuk,Unknown,0,1
@basw_uk,@basw_uk,Unknown,0,1
@e17arttrail,@e17arttrail,Unknown,0,1
@jimfromoldham,@jimfromoldham,Unknown,0,4
huddlestonnigel,huddlestonnigel,Conservative,1,0
@bevcol1,@bevcol1,Unknown,0,1
royalsocbio,royalsocbio,Unknown,0,2
@jocoxcommission.,@jocoxcommission.,Unknown,0,1
timmyblowers,timmyblowers,Unknown,0,2
labourwomensnet,labourwomensnet,Unknown,0,2
amandaball77,amandaball77,Unknown,0,2
richardhrbenyon,richardhrbenyon,Conservative,1,0
@speyejoe,@speyejoe,Unknown,0,1
@jesse_norman,@jesse_norman,Unknown,0,1
@conorpope,@conorpope,Unknown,0,1
@dawnhfoster,@dawnhfoster,Unknown,0,1
bublang,bublang,Unknown,0,2
@thewiffs,@thewiffs,Unknown,0,1
@rhunapiorwerth,@rhunapiorwerth,Unknown,0,1
skeathy1967,skeathy1967,Unknown,0,2
jreynoldsmp,jreynoldsmp,Labour (Co-op),6,2
oxfamwastesaver,oxfamwastesaver,Unknown,0,2
stewarthosiesnp,stewarthosiesnp,Scottish National Party,1,0
justinmadders,justinmadders,Labour,8,8
@ribbonlabelsupp,@ribbonlabelsupp,Unknown,0,1
electionmapsuk,electionmapsuk,Unknown,0,2
owensmith_mp,owensmith_mp,Unknown,0,6
laura_k_hughes,laura_k_hughes,Unknown,0,2
@mtpennycook,@mtpennycook,Unknown,0,3
@telegraphnews,@telegraphnews,Unknown,0,1
@keeleymp,@keeleymp,Unknown,0,1
helengoodmanba,helengoodmanba,Labour,1,0
@mpaiton,@mpaiton,Unknown,0,1
@labourlist,@labourlist,Unknown,0,1
@stmungos,@stmungos,Unknown,0,1
@suehayman1’s,@suehayman1’s,Unknown,0,1
@nhs_needsyou,@nhs_needsyou,Unknown,0,1
commonsinttrade,commonsinttrade,Unknown,0,2
justinegreening,justinegreening,Conservative,5,20
deniskeefe,deniskeefe,Unknown,0,2
lewii,lewii,Unknown,0,2
@hossiendaboy,@hossiendaboy,Unknown,0,1
guyopperman,guyopperman,Conservative,2,2
@twrhq,@twrhq,Unknown,0,1
margaretdunne13,margaretdunne13,Unknown,0,2
buses_mcgills,buses_mcgills,Unknown,0,2
bexbailey,bexbailey,Unknown,0,2
jenthornton01,jenthornton01,Unknown,0,2
debbie_abrahams,debbie_abrahams,Labour,5,14
movieblort,movieblort,Unknown,0,2
itvwalespress,itvwalespress,Unknown,0,6
angelasmithmp,angelasmithmp,Labour,3,6
@danjarvismp:,@danjarvismp:,Unknown,0,1
pinstripedline,pinstripedline,Unknown,0,2
@abelliorailbus,@abelliorailbus,Unknown,0,1
@millenniumpoint,@millenniumpoint,Unknown,0,1
@ellehcim_morgan,@ellehcim_morgan,Unknown,0,1
@iusher,@iusher,Unknown,0,1
gorsewoodprimar,gorsewoodprimar,Unknown,0,2
@elizabethfilkin.,@elizabethfilkin.,Unknown,0,1
@ons,@ons,Unknown,0,2
imajsaclaimant,imajsaclaimant,Unknown,0,2
@mrjamesob,@mrjamesob,Unknown,0,1
@davidlammy,@davidlammy,Unknown,0,4
@suehayman1,@suehayman1,Unknown,0,3
@mrjoemcfadden,@mrjoemcfadden,Unknown,0,1
@jostevenslabour,@jostevenslabour,Unknown,0,1
jackdromeymp,jackdromeymp,Labour,1,0
drrosena,drrosena,Labour,5,10
bw_businesswest,bw_businesswest,Unknown,0,2
@robertbuckland,@robertbuckland,Unknown,0,3
@thetimes,@thetimes,Unknown,0,1
@grahamemorris,@grahamemorris,Unknown,0,2
thetimes,thetimes,Unknown,0,2
@architectse17,@architectse17,Unknown,0,1
@reigatian2,@reigatian2,Unknown,0,1
@cllrandygibbons,@cllrandygibbons,Unknown,0,1
@ciobwales,@ciobwales,Unknown,0,1
organiclea,organiclea,Unknown,0,2
crisis_uk,crisis_uk,Unknown,0,4
@danielzeichner,@danielzeichner,Unknown,0,1
emilythornberry,emilythornberry,Labour,1,4
natlibscot,natlibscot,Unknown,0,2
coopparty,coopparty,Unknown,0,4
@corr_matt,@corr_matt,Unknown,0,1
politicalyeti,politicalyeti,Unknown,0,2
cllrsutton,cllrsutton,Unknown,0,2
garystreeterswd,garystreeterswd,Conservative,1,0
@mattnoble_,@mattnoble_,Unknown,0,1
officialtmufc,officialtmufc,Unknown,0,2
@ladyf67,@ladyf67,Unknown,0,1
thecgf,thecgf,Unknown,0,2
cheshamsociety,cheshamsociety,Unknown,0,2
baesystemsair,baesystemsair,Unknown,0,2
ippr,ippr,Unknown,0,4
@zacgoldsmith,@zacgoldsmith,Unknown,0,3
mike_fabricant,mike_fabricant,Conservative,3,4
sjamcbride,sjamcbride,Unknown,0,2
@thexfactor,@thexfactor,Unknown,0,2
@ross_greer,@ross_greer,Unknown,0,1
samgyimah,samgyimah,Conservative,4,2
conorpope,conorpope,Unknown,0,2
@laura_k_hughes,@laura_k_hughes,Unknown,0,1
@thewaterside1,@thewaterside1,Unknown,0,1
rnibscotland,rnibscotland,Unknown,0,2
22magoo,22magoo,Unknown,0,2
@normanlamb,@normanlamb,Unknown,0,7
rossthomson_abz,rossthomson_abz,Conservative,1,0
uk_music,uk_music,Unknown,0,2
@emmalewellbuck's,@emmalewellbuck's,Unknown,0,1
@andrewtipler,@andrewtipler,Unknown,0,1
@wyp_paulmoney,@wyp_paulmoney,Unknown,0,1
shabanamahmood,shabanamahmood,Labour,1,0
upperrhymney,upperrhymney,Unknown,0,2
southwestwater,southwestwater,Unknown,0,2
@diplomog...,@diplomog...,Unknown,0,1
@ongocommunities,@ongocommunities,Unknown,0,1
nickymorgan01,nickymorgan01,Conservative,2,2
amcarmichaelmp,amcarmichaelmp,Liberal Democrat,1,4
karenpbuckmp,karenpbuckmp,Labour,7,0
ayeshahazarika,ayeshahazarika,Unknown,0,4
alexsobel,alexsobel,Unknown,0,2
apsetweets,apsetweets,Unknown,0,2
@helenhayes_,@helenhayes_,Unknown,0,3
@margarethodge,@margarethodge,Unknown,0,1
eastleighfc,eastleighfc,Unknown,0,2
jojohnsonuk,jojohnsonuk,Conservative,3,14
neilturkewitz,neilturkewitz,Unknown,0,2
@harrietharman,@harrietharman,Unknown,0,1
@steel_valley,@steel_valley,Unknown,0,1
gordonmarsden,gordonmarsden,Labour,8,4
@thedebbiemcgee!,@thedebbiemcgee!,Unknown,0,1
@gorsewoodprimar,@gorsewoodprimar,Unknown,0,1
bbcradioscot,bbcradioscot,Unknown,0,2
@cleanupscotland,@cleanupscotland,Unknown,0,1
@cliffyboy13,@cliffyboy13,Unknown,0,1
healthwatchuk,healthwatchuk,Unknown,0,2
@thekonsept,@thekonsept,Unknown,0,1
@angusrobertson,@angusrobertson,Unknown,0,1
@kategreensu,@kategreensu,Unknown,0,3
@haynesdeborah,@haynesdeborah,Unknown,0,1
jsross119,jsross119,Unknown,0,2
andywightman,andywightman,Unknown,0,2
roathbrooktrees,roathbrooktrees,Unknown,0,2
@louhaigh,@louhaigh,Unknown,0,6
@globalncap,@globalncap,Unknown,0,1
@_davelv,@_davelv,Unknown,0,1
@richardlochhead,@richardlochhead,Unknown,0,1
@starbucksuk!,@starbucksuk!,Unknown,0,1
scotrail,scotrail,Unknown,0,2
joncruddas_1,joncruddas_1,Labour,1,0
nazshahbfd,nazshahbfd,Labour,2,0
sisofrida,sisofrida,Unknown,0,2
@cllrmarksmith,@cllrmarksmith,Unknown,0,1
@nickherbertmp,@nickherbertmp,Unknown,0,1
ukspaceacademy,ukspaceacademy,Unknown,0,2
@scotgov,@scotgov,Unknown,0,4
eleanor_smithmp,eleanor_smithmp,Unknown,0,2
kateosamor,kateosamor,Unknown,0,4
wilesy999,wilesy999,Unknown,0,2
brenda_dacres,brenda_dacres,Unknown,0,2
ladyhermonmp,ladyhermonmp,Unknown,0,2
danbaynes94,danbaynes94,Unknown,0,2
cherylgillan,cherylgillan,Conservative,3,6
erskine1916,erskine1916,Unknown,0,2
bbchughpym,bbchughpym,Unknown,0,2
westcoasthd,westcoasthd,Unknown,0,2
jimmymaez,jimmymaez,Unknown,0,2
@swcw24,@swcw24,Unknown,0,1
@bbcradio4,@bbcradio4,Unknown,0,2
@ukun_newyork.,@ukun_newyork.,Unknown,0,1
@paalfrisvold,@paalfrisvold,Unknown,0,1
@stn_airport,@stn_airport,Unknown,0,1
calemre,calemre,Unknown,0,2
amyfentonnwem,amyfentonnwem,Unknown,0,2
tkatacademies,tkatacademies,Unknown,0,2
@steve_mccabe,@steve_mccabe,Unknown,0,2
phmlearn,phmlearn,Unknown,0,2
@aspirecharity,@aspirecharity,Unknown,0,1
@alexsobel,@alexsobel,Unknown,0,1
@dailymailuk,@dailymailuk,Unknown,0,2
gary_rae,gary_rae,Unknown,0,2
kas_wantage,kas_wantage,Unknown,0,2
davidcrausby,davidcrausby,Labour,1,4
ceramfed,ceramfed,Unknown,0,2
@frankfletcher,@frankfletcher,Unknown,0,1
@juliejamesam,@juliejamesam,Unknown,0,2
@activecitizens,@activecitizens,Unknown,0,1
y_fovarguemp,y_fovarguemp,Labour,1,0
@wearesfgh,@wearesfgh,Unknown,0,1
@peelports,@peelports,Unknown,0,1
@christia_allard,@christia_allard,Unknown,0,1
stuart_mcdonald,stuart_mcdonald,Scottish National Party,3,2
@lewis_alee,@lewis_alee,Unknown,0,1
@liberalvision,@liberalvision,Unknown,0,1
@commonstrans,@commonstrans,Unknown,0,1
@syedkamall,@syedkamall,Unknown,0,1
@cajardinemp.,@cajardinemp.,Unknown,0,1
@britishsugar,@britishsugar,Unknown,0,1
@rcpsych,@rcpsych,Unknown,0,1
@duponline,@duponline,Unknown,0,1
@jliffe,@jliffe,Unknown,0,1
wimbledonhigh,wimbledonhigh,Unknown,0,2
@jonathanbadyal.,@jonathanbadyal.,Unknown,0,1
@studentsofien,@studentsofien,Unknown,0,1
nicktorfaen,nicktorfaen,Labour,1,2
@debbie_abrahams,@debbie_abrahams,Unknown,0,7
tcwcatloco,tcwcatloco,Unknown,0,2
faisalislam,faisalislam,Unknown,0,2
pauline_latham,pauline_latham,Conservative,2,4
marshglobal,marshglobal,Unknown,0,2
plaid_cymru,plaid_cymru,Unknown,0,10
lewis_alee,lewis_alee,Unknown,0,2
@elunedstenner,@elunedstenner,Unknown,0,1
dajcameron,dajcameron,Unknown,0,2
ccriadoperez,ccriadoperez,Unknown,0,2
@divamanc,@divamanc,Unknown,0,1
@ccriadoperez,@ccriadoperez,Unknown,0,1
pashleyjackson,pashleyjackson,Unknown,0,2
@chrisgiles_,@chrisgiles_,Unknown,0,1
alexburghart,alexburghart,Conservative,3,0
@llamauuk,@llamauuk,Unknown,0,1
ruthsmeeth,ruthsmeeth,Labour,1,0
pennymordaunt,pennymordaunt,Conservative,5,6
@jonashworth,@jonashworth,Unknown,0,5
@scotmid,@scotmid,Unknown,0,1
equalitytrust,equalitytrust,Unknown,0,4
@engagenews1,@engagenews1,Unknown,0,1
@nickyconnorfife,@nickyconnorfife,Unknown,0,1
shelinavisram,shelinavisram,Unknown,0,2
@policy_centre,@policy_centre,Unknown,0,1
@borisjohnson,@borisjohnson,Unknown,0,4
@abcommuters,@abcommuters,Unknown,0,1
@mybodybackproj,@mybodybackproj,Unknown,0,1
@conservativepf,@conservativepf,Unknown,0,1
@jeremycorbyn,@jeremycorbyn,Unknown,0,15
ukgovwales,ukgovwales,Unknown,0,2
@km_newsroom,@km_newsroom,Unknown,0,1
danielkorski,danielkorski,Unknown,0,2
@kevin_j_foster,@kevin_j_foster,Unknown,0,2
@ucu,@ucu,Unknown,0,1
emmadentcoad,emmadentcoad,Labour,1,2
@independent,@independent,Unknown,0,2
@stephenctimms,@stephenctimms,Unknown,0,2
davepiperdj,davepiperdj,Unknown,0,2
lfpme,lfpme,Unknown,0,2
@commonsjustice,@commonsjustice,Unknown,0,2
@wfcouncil,@wfcouncil,Unknown,0,2
@swemeshsupport,@swemeshsupport,Unknown,0,1
policechiefs,policechiefs,Unknown,0,2
@lewii,@lewii,Unknown,0,1
@emmadentcoad,@emmadentcoad,Unknown,0,1
@s_hammond,@s_hammond,Unknown,0,2
@lellyland,@lellyland,Unknown,0,1
matthancock,matthancock,Conservative,7,6
britishcouncil,britishcouncil,Unknown,0,2
rivierafm,rivierafm,Unknown,0,2
@defencehq,@defencehq,Unknown,0,1
@morageyrie,@morageyrie,Unknown,0,1
@rnibscotland,@rnibscotland,Unknown,0,1
starbucksuk,starbucksuk,Unknown,0,2
siobhain_mp,siobhain_mp,Unknown,0,2
@davewardell,@davewardell,Unknown,0,1
@anthonyholford,@anthonyholford,Unknown,0,1
aspirecharity,aspirecharity,Unknown,0,2
@theresa_may,@theresa_may,Unknown,0,26
@iainastewart,@iainastewart,Unknown,0,1
groganjim,groganjim,Unknown,0,2
@oldandrewuk,@oldandrewuk,Unknown,0,1
cabinetofficeuk,cabinetofficeuk,Unknown,0,4
deidrebrock,deidrebrock,Scottish National Party,3,0
@peterstefanovi2,@peterstefanovi2,Unknown,0,1
labourmuslims,labourmuslims,Unknown,0,4
@heraldscotland,@heraldscotland,Unknown,0,2
lee4ned,lee4ned,Conservative,2,0
@heartofengland,@heartofengland,Unknown,0,1
annemilton,annemilton,Unknown,0,4
@andyburnhamgm,@andyburnhamgm,Unknown,0,1
fentiger001,fentiger001,Unknown,0,2
@chrislesliemp,@chrislesliemp,Unknown,0,1
annietrev,annietrev,Conservative,3,2
@guyverhofstadt,@guyverhofstadt,Unknown,0,1
lowri_turner,lowri_turner,Unknown,0,2
lizsavagelabour,lizsavagelabour,Unknown,0,2
@thembauk,@thembauk,Unknown,0,1
@hmsqnlz,@hmsqnlz,Unknown,0,6
@dollytheis,@dollytheis,Unknown,0,1
ronniecowan,ronniecowan,Scottish National Party,4,4
labourhometeam,labourhometeam,Unknown,0,2
@mattgoddin,@mattgoddin,Unknown,0,1
jolyonmaugham,jolyonmaugham,Unknown,0,2
lesleyacrowe,lesleyacrowe,Unknown,0,2
@lakenutrition,@lakenutrition,Unknown,0,1
gmbcampaigns,gmbcampaigns,Unknown,0,4
@brandonlewis,@brandonlewis,Unknown,0,2
onlyboysaloud,onlyboysaloud,Unknown,0,2
dighesj,dighesj,Unknown,0,2
peterjluff,peterjluff,Unknown,0,2
jimshannonmp,jimshannonmp,Unknown,0,2
shuranjeet,shuranjeet,Unknown,0,2
tesco_wales,tesco_wales,Unknown,0,2
@dawn_bowden,@dawn_bowden,Unknown,0,1
@nickywasp,@nickywasp,Unknown,0,1
dementiaview,dementiaview,Unknown,0,2
@amandaball77,@amandaball77,Unknown,0,1
jostevenslabour,jostevenslabour,Labour,9,2
euromove,euromove,Unknown,0,2
@amyfentonnwem,@amyfentonnwem,Unknown,0,1
cphilpofficial,cphilpofficial,Conservative,4,0
@michaelwhite,@michaelwhite,Unknown,0,1
@isabelhardman,@isabelhardman,Unknown,0,2
stowdiary,stowdiary,Unknown,0,2
@michael4mdnp,@michael4mdnp,Unknown,0,1
@jessicaelgot,@jessicaelgot,Unknown,0,1
theneweuropean,theneweuropean,Unknown,0,2
helenhayes_,helenhayes_,Labour,3,6
stevedouble,stevedouble,Conservative,1,0
victorialive,victorialive,Unknown,0,2
@beckybarnesblog,@beckybarnesblog,Unknown,0,1
attitudemag,attitudemag,Unknown,0,2
@laca_uk,@laca_uk,Unknown,0,1
anne_w_strike,anne_w_strike,Unknown,0,2
@ruthdavidsonmsp,@ruthdavidsonmsp,Unknown,0,4
sw_railway,sw_railway,Unknown,0,2
@miss_mcinerney,@miss_mcinerney,Unknown,0,1
@derekmackaysnp,@derekmackaysnp,Unknown,0,2
visitworcester,visitworcester,Unknown,0,2
@matthewvizard,@matthewvizard,Unknown,0,1
cllrluketaylor,cllrluketaylor,Unknown,0,2
dr_philippaw,dr_philippaw,Scottish National Party,16,12
@jonathanplaid,@jonathanplaid,Unknown,0,1
marierimmer,marierimmer,Unknown,0,4
officejtmp,officejtmp,Unknown,0,2
@hospicestclare,@hospicestclare,Unknown,0,1
@lesleyacrowe,@lesleyacrowe,Unknown,0,1
the2ndsource,the2ndsource,Unknown,0,2
@lancashiremb,@lancashiremb,Unknown,0,1
@jolyonmaugham,@jolyonmaugham,Unknown,0,1
@toby__morgan,@toby__morgan,Unknown,0,1
cochraneuk,cochraneuk,Unknown,0,2
@stephsearle90,@stephsearle90,Unknown,0,1
@rhihi,@rhihi,Unknown,0,1
bishopbangor,bishopbangor,Unknown,0,2
nichstarling,nichstarling,Unknown,0,2
lordfrinton,lordfrinton,Unknown,0,2
@bondngo.,@bondngo.,Unknown,0,1
valleyschurch,valleyschurch,Unknown,0,2
arcstockton,arcstockton,Unknown,0,2
philiphammonduk,philiphammonduk,Unknown,0,10
@rossevansurbane,@rossevansurbane,Unknown,0,1
@meaglemp,@meaglemp,Unknown,0,4
@officejtmp,@officejtmp,Unknown,0,1
@snewtonuk,@snewtonuk,Unknown,0,2
nacoauk,nacoauk,Unknown,0,8
@bma_ni,@bma_ni,Unknown,0,1
@thebclinic,@thebclinic,Unknown,0,1
@ictevangelist,@ictevangelist,Unknown,0,1
mikeamesburymp,mikeamesburymp,Labour,7,0
donnaludford,donnaludford,Unknown,0,2
thebclinic,thebclinic,Unknown,0,2
cambriannews,cambriannews,Unknown,0,4
@walkerworcester,@walkerworcester,Unknown,0,1
@maxnbessiesmum,@maxnbessiesmum,Unknown,0,1
davewardell,davewardell,Unknown,0,2
jamescracknell,jamescracknell,Unknown,0,2
jrf_uk,jrf_uk,Unknown,0,10
@matthancock:,@matthancock:,Unknown,0,1
@heywoodhill,@heywoodhill,Unknown,0,1
firestationsun,firestationsun,Unknown,0,2
paulwilliamslab,paulwilliamslab,Labour,1,0
eilidhc_,eilidhc_,Unknown,0,2
@ianlaverymp,@ianlaverymp,Unknown,0,1
@peterkgeoghegan,@peterkgeoghegan,Unknown,0,1
hillaryclinton,hillaryclinton,Unknown,0,2
jessphillips,jessphillips,Labour,20,18
@bbcnewcastle,@bbcnewcastle,Unknown,0,1
clarehogg2016,clarehogg2016,Unknown,0,2
sarahmillican75,sarahmillican75,Unknown,0,2
@alanduncanmp,@alanduncanmp,Unknown,0,1
welshlabour,welshlabour,Unknown,0,12
@ptnaughton,@ptnaughton,Unknown,0,1
morayeconomy,morayeconomy,Unknown,0,2
@natcen,@natcen,Unknown,0,1
@rlong_bailey,@rlong_bailey,Unknown,0,3
@pm4eastren,@pm4eastren,Unknown,0,2
onlytimaloud,onlytimaloud,Unknown,0,2
actoflovemusic,actoflovemusic,Unknown,0,2
morfofporth,morfofporth,Unknown,0,2
saferleeds,saferleeds,Unknown,0,2
ivan_mckee,ivan_mckee,Unknown,0,2
@jprestondiggles,@jprestondiggles,Unknown,0,1
cllrrobbenham,cllrrobbenham,Unknown,0,4
@parliamentview,@parliamentview,Unknown,0,1
dadbloguk,dadbloguk,Unknown,0,2
scottishlabour,scottishlabour,Unknown,0,4
bbc,bbc,Unknown,0,52
@seanmchale9,@seanmchale9,Unknown,0,1
@circlehousing,@circlehousing,Unknown,0,1
@liamfox,@liamfox,Unknown,0,4
40commando,40commando,Unknown,0,2
@tamilsforum.,@tamilsforum.,Unknown,0,1
@waspigl1,@waspigl1,Unknown,0,1
@jolyonrubs,@jolyonrubs,Unknown,0,1
lordwalney,lordwalney,Labour,7,0
@woodthorpeji,@woodthorpeji,Unknown,0,1
@valerie_vazmp,@valerie_vazmp,Unknown,0,1
afzal4gorton,afzal4gorton,Labour,3,2
chukaumunna,chukaumunna,Labour,5,10
ianj104,ianj104,Unknown,0,2
@archillect,@archillect,Unknown,0,1
@angliarailforum,@angliarailforum,Unknown,0,1
diomanchester,diomanchester,Unknown,0,2
@libdems,@libdems,Unknown,0,1
albertocostamp,albertocostamp,Conservative,1,2
marcthevet,marcthevet,Unknown,0,2
hants_fire,hants_fire,Unknown,0,2
festival_learn,festival_learn,Unknown,0,2
stowbrothers,stowbrothers,Unknown,0,2
@citzgirl,@citzgirl,Unknown,0,1
@nhsmillion,@nhsmillion,Unknown,0,1
@landsecgroup,@landsecgroup,Unknown,0,1
oliverhealduk,oliverhealduk,Unknown,0,4
cdml,cdml,Unknown,0,2
@hughgaffneymp,@hughgaffneymp,Unknown,0,1
@bbc_joe_lynam,@bbc_joe_lynam,Unknown,0,1
stuey_norris,stuey_norris,Unknown,0,2
@stefanstern,@stefanstern,Unknown,0,2
@andy4wm,@andy4wm,Unknown,0,3
@ft,@ft,Unknown,0,2
@agcolehamilton,@agcolehamilton,Unknown,0,1
@coventry2021,@coventry2021,Unknown,0,2
mikeamesbury,mikeamesbury,Unknown,0,6
danjarvismp,danjarvismp,Labour,3,8
tfl,tfl,Unknown,0,2
@rhianbrewster9,@rhianbrewster9,Unknown,0,1
@vgnett,@vgnett,Unknown,0,1
@will_hingley,@will_hingley,Unknown,0,1
@lsrplaid,@lsrplaid,Unknown,0,4
leavemnsleave,leavemnsleave,Unknown,0,2
spelmanc,spelmanc,Unknown,0,2
motivator_miche,motivator_miche,Unknown,0,2
@helencbelcher,@helencbelcher,Unknown,0,1
dorsetecho,dorsetecho,Unknown,0,2
@unisontweets,@unisontweets,Unknown,0,1
@rushanaraali,@rushanaraali,Unknown,0,2
@apsetweets!,@apsetweets!,Unknown,0,1
@pennymordaunt,@pennymordaunt,Unknown,0,3
fabianleedsne,fabianleedsne,Labour,2,0
charlot84851771,charlot84851771,Unknown,0,2
@humanrightsctte,@humanrightsctte,Unknown,0,1
@mtm19311,@mtm19311,Unknown,0,1
trusselltrust,trusselltrust,Unknown,0,6
@scripture36,@scripture36,Unknown,0,1
croxtethhall,croxtethhall,Unknown,0,2
@queensparkarts,@queensparkarts,Unknown,0,1
@timesredbox,@timesredbox,Unknown,0,1
@pholmes8,@pholmes8,Unknown,0,1
martyndaysnp,martyndaysnp,Unknown,0,2
aguerosergiokun,aguerosergiokun,Unknown,0,2
ons,ons,Unknown,0,58
@socialbite_,@socialbite_,Unknown,0,2
@lotrust,@lotrust,Unknown,0,1
@bbclookeast,@bbclookeast,Unknown,0,1
marthatyddyn,marthatyddyn,Unknown,0,2
@houseofcommons,@houseofcommons,Unknown,0,14
johnmcnallymp,johnmcnallymp,Unknown,0,2
tootinglabour,tootinglabour,Unknown,0,2
kevinbrennanmp,kevinbrennanmp,Labour,1,0
pestononsunday,pestononsunday,Unknown,0,2
danieljhannan,danieljhannan,Unknown,0,6
@arcstockton,@arcstockton,Unknown,0,1
@marianorajoy,@marianorajoy,Unknown,0,1
@elainesmithmsp,@elainesmithmsp,Unknown,0,1
unisoneastern,unisoneastern,Unknown,0,2
j_donaldson_mp,j_donaldson_mp,Democratic Unionist Party,1,0
@marxuquera,@marxuquera,Unknown,0,1
victorias,victorias,Unknown,0,2
essexpoliceuk,essexpoliceuk,Unknown,0,2
@essexpoliceuk,@essexpoliceuk,Unknown,0,1
mktheatre,mktheatre,Unknown,0,2
@telegraphsci,@telegraphsci,Unknown,0,1
@elliejprice,@elliejprice,Unknown,0,2
@unisonhull,@unisonhull,Unknown,0,1
@offigouk,@offigouk,Unknown,0,1
policy_centre,policy_centre,Unknown,0,2
joannaccherry,joannaccherry,Scottish National Party,3,4
pcs_union,pcs_union,Unknown,0,2
cariadcampaign,cariadcampaign,Unknown,0,2
davidlammy,davidlammy,Unknown,0,8
thisgraeme,thisgraeme,Unknown,0,2
andythegreenie,andythegreenie,Unknown,0,2
helencbelcher,helencbelcher,Unknown,0,2
theeconomist,theeconomist,Unknown,0,4
@lowri_turner,@lowri_turner,Unknown,0,1
circlehousing,circlehousing,Unknown,0,2
spellar,spellar,Labour,1,6
@cheshamsociety,@cheshamsociety,Unknown,0,1
wandsworthmayor,wandsworthmayor,Unknown,0,2
bengoldacre,bengoldacre,Unknown,0,2
bwallacemp,bwallacemp,Conservative,1,0
@kath_wic,@kath_wic,Unknown,0,1
mirrorpolitics,mirrorpolitics,Unknown,0,2
@skynewsniall,@skynewsniall,Unknown,0,1
@nhbc,@nhbc,Unknown,0,1
@paisley2021,@paisley2021,Unknown,0,1
floetry,floetry,Unknown,0,2
nicdakinmp,nicdakinmp,Unknown,0,6
votepursglove,votepursglove,Conservative,3,0
@quintonwmp,@quintonwmp,Unknown,0,1
kevin_nicholas5,kevin_nicholas5,Unknown,0,2
@tameside4good,@tameside4good,Unknown,0,1
@soniasodha,@soniasodha,Unknown,0,2
jacqueline_gold,jacqueline_gold,Unknown,0,2
queenstown_lp,queenstown_lp,Unknown,0,2
realstephenkerr,realstephenkerr,Conservative,1,0
@ladyhermonmp,@ladyhermonmp,Unknown,0,1
unwomenuk,unwomenuk,Unknown,0,2
annaturley,annaturley,Labour (Co-op),6,0
musicvenuetrust,musicvenuetrust,Unknown,0,2
blackpoolunltd,blackpoolunltd,Unknown,0,2
acuthbrt,acuthbrt,Unknown,0,2
emmalewellbuck,emmalewellbuck,Labour,9,18
deelicious_nk,deelicious_nk,Unknown,0,2
@gordonmarsden,@gordonmarsden,Unknown,0,2
carolineflint,carolineflint,Labour,2,10
pdcofficial,pdcofficial,Unknown,0,2
@pcs_union's,@pcs_union's,Unknown,0,1
@bmafoundationmr,@bmafoundationmr,Unknown,0,1
ayrshirecancer,ayrshirecancer,Unknown,0,2
@clarehogg2016,@clarehogg2016,Unknown,0,1
@appgbritmuslims,@appgbritmuslims,Unknown,0,2
@rnib,@rnib,Unknown,0,1
wok_chi_steve,wok_chi_steve,Unknown,0,2
dapcoach,dapcoach,Unknown,0,2
@ishousecroft,@ishousecroft,Unknown,0,1
@crisis_bham,@crisis_bham,Unknown,0,1
jamescleverly,jamescleverly,Conservative,3,8
laylamoran,laylamoran,Unknown,0,2
elnacionalcaten,elnacionalcaten,Unknown,0,2
richardlochhead,richardlochhead,Unknown,0,2
communityincity,communityincity,Unknown,0,2
@paulasherriff,@paulasherriff,Unknown,0,3
michaelbullock,michaelbullock,Unknown,0,2
@btharris93,@btharris93,Unknown,0,1
@bmascotland,@bmascotland,Unknown,0,1
lfb_croydon,lfb_croydon,Unknown,0,2
@timmyblowers,@timmyblowers,Unknown,0,1
@laidmanr,@laidmanr,Unknown,0,1
@vaughanroderick,@vaughanroderick,Unknown,0,1
@mblacey,@mblacey,Unknown,0,4
@guardian,@guardian,Unknown,0,3
libdems,libdems,Unknown,0,2
offigouk,offigouk,Unknown,0,2
@azhar4pendle,@azhar4pendle,Unknown,0,1
lesleyriddoch,lesleyriddoch,Unknown,0,2
silksbrewery,silksbrewery,Unknown,0,2
@yorkshiretea,@yorkshiretea,Unknown,0,1
@peterchapman6,@peterchapman6,Unknown,0,1
@grundymavis,@grundymavis,Unknown,0,1
@ray_tindall,@ray_tindall,Unknown,0,1
hershamhub,hershamhub,Unknown,0,2
@teamdomenica,@teamdomenica,Unknown,0,1
@biotic_warlock,@biotic_warlock,Unknown,0,1
readingnottm,readingnottm,Unknown,0,2
@networkrail,@networkrail,Unknown,0,1
@jane738,@jane738,Unknown,0,1
elizabethfilkin,elizabethfilkin,Unknown,0,2
lukepollard,lukepollard,Labour (Co-op),7,0
angliarailforum,angliarailforum,Unknown,0,2
burmacampaignuk,burmacampaignuk,Unknown,0,2
ukip,ukip,Unknown,0,2
@kirkleesyc,@kirkleesyc,Unknown,0,2
leedargue,leedargue,Unknown,0,2
stace_ann1,stace_ann1,Unknown,0,2
gileswatling,gileswatling,Conservative,2,0
morageyrie,morageyrie,Unknown,0,2
nickherbertcbe,nickherbertcbe,Conservative,1,0
corr_matt,corr_matt,Unknown,0,2
smallbizsatuk,smallbizsatuk,Unknown,0,8
@sharonhodgsonmp,@sharonhodgsonmp,Unknown,0,7
richstockdale_,richstockdale_,Unknown,0,2
tog4shortlives,tog4shortlives,Unknown,0,4
@the2ndsource's,@the2ndsource's,Unknown,0,1
@eeren83,@eeren83,Unknown,0,1
@tucnews,@tucnews,Unknown,0,1
@commonsforeign,@commonsforeign,Unknown,0,1
@scottishlabour,@scottishlabour,Unknown,0,2
@imajsaclaimant,@imajsaclaimant,Unknown,0,1
@acuthbrt,@acuthbrt,Unknown,0,1
wimbledonrfc,wimbledonrfc,Unknown,0,2
guidofawkes,guidofawkes,Unknown,0,2
@tvkev,@tvkev,Unknown,0,1
@parliament.uk,@parliament.uk,Unknown,0,7
georgehowarthmp,georgehowarthmp,Unknown,0,2
peter_dowd,peter_dowd,Unknown,0,2
@rosieoglesby,@rosieoglesby,Unknown,0,1
@rharrisongmb,@rharrisongmb,Unknown,0,1
@britishcouncil,@britishcouncil,Unknown,0,1
rupahuq,rupahuq,Labour,4,6
@directorserg,@directorserg,Unknown,0,1
falconsupport_,falconsupport_,Unknown,0,2
realdonaldtrump,realdonaldtrump,Unknown,0,10
@rachlittlewood,@rachlittlewood,Unknown,0,1
conservaitves,conservaitves,Unknown,0,2
maxnbessiesmum,maxnbessiesmum,Unknown,0,2
mrjamesob,mrjamesob,Unknown,0,2
@refugeetales,@refugeetales,Unknown,0,1
@examiner,@examiner,Unknown,0,1
thomasbrake,thomasbrake,Liberal Democrat,1,6
reigatian2,reigatian2,Unknown,0,2
angelaeagle,angelaeagle,Labour,1,0
grovetheatre,grovetheatre,Unknown,0,2
@nfutweets,@nfutweets,Unknown,0,1
liztv,liztv,Unknown,0,4
nickherbertmp,nickherbertmp,Unknown,0,2
@jaxwolf61,@jaxwolf61,Unknown,0,1
@tcwcatloco,@tcwcatloco,Unknown,0,1
thebma,thebma,Unknown,0,2
@michelbarnier:,@michelbarnier:,Unknown,0,1
christia_allard,christia_allard,Unknown,0,2
@emmahardymp,@emmahardymp,Unknown,0,8
amandamilling,amandamilling,Conservative,1,2
@royalnavy,@royalnavy,Unknown,0,6
mo_i_vs,mo_i_vs,Unknown,0,2
thelivelycrew,thelivelycrew,Unknown,0,2
@thecgf,@thecgf,Unknown,0,1
speakingout_swa,speakingout_swa,Unknown,0,2
@paulblomfieldmp?,@paulblomfieldmp?,Unknown,0,1
@kennybellwmp,@kennybellwmp,Unknown,0,1
gilliankeegan,gilliankeegan,Conservative,1,4
@danbaynes94,@danbaynes94,Unknown,0,1
@prestondr,@prestondr,Unknown,0,1
mariacaulfield,mariacaulfield,Unknown,0,2
raildaily,raildaily,Unknown,0,2
labourpress,labourpress,Unknown,0,2
@firestationsun,@firestationsun,Unknown,0,1
@christopherhope,@christopherhope,Unknown,0,1
sarahchampionmp,sarahchampionmp,Labour,3,6
mikekanemp,mikekanemp,Unknown,0,2
alewermbe,alewermbe,Unknown,0,2
@weegieking,@weegieking,Unknown,0,1
sschospices,sschospices,Unknown,0,4
@livuni,@livuni,Unknown,0,1
@eilidhc_,@eilidhc_,Unknown,0,1
@orourkeclaire1,@orourkeclaire1,Unknown,0,1
jonregnart,jonregnart,Unknown,0,2
angleseyscmedia,angleseyscmedia,Unknown,0,2
@nicholaspitch,@nicholaspitch,Unknown,0,1
@commonsleader,@commonsleader,Unknown,0,1
millenniumpoint,millenniumpoint,Unknown,0,2
@nlcpeople,@nlcpeople,Unknown,0,1
royalnavy,royalnavy,Unknown,0,12
@broomfieldnhs,@broomfieldnhs,Unknown,0,1
@stowbrothers,@stowbrothers,Unknown,0,1
christopherhope,christopherhope,Unknown,0,2
@kirstywark,@kirstywark,Unknown,0,1
cllrandygibbons,cllrandygibbons,Unknown,0,2
neilbendelow,neilbendelow,Unknown,0,2
@haltonbc,@haltonbc,Unknown,0,2
wto,wto,Unknown,0,6
carolinelucas,carolinelucas,Green Party,2,6
@nichstarling,@nichstarling,Unknown,0,1
@skeathy1967,@skeathy1967,Unknown,0,1
@mo_farah,@mo_farah,Unknown,0,2
scholesy63,scholesy63,Unknown,0,2
rammylabour,rammylabour,Unknown,0,2
blackpoolcarers,blackpoolcarers,Unknown,0,2
glaikitgeezer,glaikitgeezer,Unknown,0,2
@mydoncaster,@mydoncaster,Unknown,0,1
danirowley,danirowley,Labour,1,0
@westcoasthd,@westcoasthd,Unknown,0,1
adambilliald,adambilliald,Unknown,0,2
rharrisongmb,rharrisongmb,Unknown,0,2
@number10gov,@number10gov,Unknown,0,2
thedebbiemcgee,thedebbiemcgee,Unknown,0,2
@aguerosergiokun!!,@aguerosergiokun!!,Unknown,0,1
rblackmanwoods,rblackmanwoods,Labour,1,0
@swrailtaskforce,@swrailtaskforce,Unknown,0,1
jesse_norman,jesse_norman,Conservative,2,2
@scotgovfm,@scotgovfm,Unknown,0,1
@thcat1,@thcat1,Unknown,0,1
@rammylabour,@rammylabour,Unknown,0,1
@ros_sack,@ros_sack,Unknown,0,1
@anyoneschild,@anyoneschild,Unknown,0,1
techuk,techuk,Unknown,0,2
@tlrailuk,@tlrailuk,Unknown,0,1
tomjhugh,tomjhugh,Unknown,0,4
labourhealth,labourhealth,Unknown,0,2
@laylamoran,@laylamoran,Unknown,0,1
@labour,@labour,Unknown,0,14
@bethrigby,@bethrigby,Unknown,0,1
@hammersmithandy,@hammersmithandy,Unknown,0,5
@seemamalhotra1,@seemamalhotra1,Unknown,0,1
ipprnorth,ipprnorth,Unknown,0,2
rte,rte,Unknown,0,7
@angusmacneilsnp,@angusmacneilsnp,Unknown,0,3
@lkpleasehold,@lkpleasehold,Unknown,0,2
c0pe,c0pe,Unknown,0,2
timesredbox,timesredbox,Unknown,0,2
starsports_bet,starsports_bet,Unknown,0,2
@jessphillips,@jessphillips,Unknown,0,9
yourcolchester,yourcolchester,Unknown,0,2
azhar4pendle,azhar4pendle,Unknown,0,2
@faisalrashid6,@faisalrashid6,Unknown,0,2
@anneliesedodds,@anneliesedodds,Unknown,0,1
sunpolitics,sunpolitics,Unknown,0,2
@dancardenmp,@dancardenmp,Unknown,0,2
@giantomkins,@giantomkins,Unknown,0,1
@sussexfriends,@sussexfriends,Unknown,0,1
@bw_businesswest,@bw_businesswest,Unknown,0,1
unistrathclyde,unistrathclyde,Unknown,0,2
exiletoffee,exiletoffee,Unknown,0,2
@ryanrdavid,@ryanrdavid,Unknown,0,1
nadhimzahawi,nadhimzahawi,Conservative,2,0
mattgoddin,mattgoddin,Unknown,0,2
mottyleafe,mottyleafe,Unknown,0,2
dougchapmansnp,dougchapmansnp,Scottish National Party,3,2
@insidecroydon,@insidecroydon,Unknown,0,1
jbrokenshire,jbrokenshire,Unknown,0,2
conormcginn,conormcginn,Unknown,0,2
@dcms,@dcms,Unknown,0,5
@willquince,@willquince,Unknown,0,4
@lintonajs,@lintonajs,Unknown,0,1
@jrf_uk,@jrf_uk,Unknown,0,5
sarah_hayward,sarah_hayward,Unknown,0,2
sixerrmc,sixerrmc,Unknown,0,2
@ardenhotel?,@ardenhotel?,Unknown,0,1
ft,ft,Unknown,0,10
michaelwhite,michaelwhite,Unknown,0,2
parliament,parliament,Unknown,0,21
iancawsey,iancawsey,Unknown,0,2
waverleycare,waverleycare,Unknown,0,2
@dorsetecho,@dorsetecho,Unknown,0,1
arron_banks,arron_banks,Unknown,0,2
robertnesta18,robertnesta18,Unknown,0,2
hollylynch5,hollylynch5,Labour,2,4
christinasnp,christinasnp,Unknown,0,2
@cskidmoreuk,@cskidmoreuk,Unknown,0,2
@soodabehb,@soodabehb,Unknown,0,1
@sadiqkhan,@sadiqkhan,Unknown,0,2
@alysonbarnes17,@alysonbarnes17,Unknown,0,1
kevin_j_foster,kevin_j_foster,Conservative,5,4
stevebakerhw,stevebakerhw,Conservative,2,2
jon_trickett,jon_trickett,Labour,1,2
@katie_gazette,@katie_gazette,Unknown,0,1
@will_m_anderson,@will_m_anderson,Unknown,0,1
catherinewest1,catherinewest1,Labour,5,6
@orieloxford,@orieloxford,Unknown,0,1
@sisofrida,@sisofrida,Unknown,0,1
lynbrownmp,lynbrownmp,Labour,1,2
@leftlost_pltcs,@leftlost_pltcs,Unknown,0,1
rocketfunduk,rocketfunduk,Unknown,0,2
nhs_needsyou,nhs_needsyou,Unknown,0,2
@danny_wright,@danny_wright,Unknown,0,1
@leonalewis,@leonalewis,Unknown,0,1
beisgovuk,beisgovuk,Unknown,0,2
@carolynharris24,@carolynharris24,Unknown,0,4
@staustellbrew,@staustellbrew,Unknown,0,1
skynews,skynews,Unknown,0,6
@sw_railway,@sw_railway,Unknown,0,1
@_ginger_kid,@_ginger_kid,Unknown,0,1
sharonhodgsonmp,sharonhodgsonmp,Labour,12,14
meshgirlni,meshgirlni,Unknown,0,4
coyleneil,coyleneil,Unknown,0,2
kenpenton,kenpenton,Unknown,0,2
@paulasherriff.,@paulasherriff.,Unknown,0,1
gwynnecllr,gwynnecllr,Unknown,0,2
divamanc,divamanc,Unknown,0,2
rbs,rbs,Unknown,0,8
ianblackfordmp,ianblackfordmp,Unknown,0,16
@ajogee,@ajogee,Unknown,0,1
chrisgiles_,chrisgiles_,Unknown,0,2
rencouncilnews,rencouncilnews,Unknown,0,2
@hackneyhaz,@hackneyhaz,Unknown,0,1
@stuart_mcdonald,@stuart_mcdonald,Unknown,0,1
@jimcuthbert,@jimcuthbert,Unknown,0,1
@catsmithmp,@catsmithmp,Unknown,0,3
carriesymonds,carriesymonds,Unknown,0,6
@frankfieldteam?,@frankfieldteam?,Unknown,0,1
llamauuk,llamauuk,Unknown,0,2
thelpff,thelpff,Unknown,0,2
@mike_fabricant,@mike_fabricant,Unknown,0,2
borisjohnson,borisjohnson,Unknown,0,8
lorand_bartels,lorand_bartels,Unknown,0,2
wfculture19,wfculture19,Unknown,0,2
@funmusicuk,@funmusicuk,Unknown,0,1
@cmonaghansnp,@cmonaghansnp,Unknown,0,2
@21lva!!,@21lva!!,Unknown,0,1
eastayrshire,eastayrshire,Unknown,0,2
jwoodcockmp,jwoodcockmp,Unknown,0,4
barrygardiner,barrygardiner,Labour,1,0
nyebevannews,nyebevannews,Unknown,0,2
rozakthegoon,rozakthegoon,Unknown,0,2
@investstirling,@investstirling,Unknown,0,1
@marthatyddyn,@marthatyddyn,Unknown,0,1
@joycewatsonam,@joycewatsonam,Unknown,0,1
@mattjholding,@mattjholding,Unknown,0,1
@sprintexec,@sprintexec,Unknown,0,2
@ianclucas,@ianclucas,Unknown,0,1
toniaantoniazzi,toniaantoniazzi,Labour,7,12
wesstreeting,wesstreeting,Labour,7,10
carolinenokes,carolinenokes,Conservative,1,4
@twitter,@twitter,Unknown,0,1
@lordmvee,@lordmvee,Unknown,0,2
zacgoldsmith,zacgoldsmith,Conservative,3,6
@bbcwestminhour,@bbcwestminhour,Unknown,0,1
joanryanenfield,joanryanenfield,Labour,2,0
paisley2021,paisley2021,Unknown,0,2
@musicvenuetrust,@musicvenuetrust,Unknown,0,1
@prueleith,@prueleith,Unknown,0,1
nickcohen4,nickcohen4,Unknown,0,2
btharris93,btharris93,Unknown,0,2
marrshow,marrshow,Unknown,0,4
@coopparty,@coopparty,Unknown,0,2
@jamescleverly,@jamescleverly,Unknown,0,4
royalmail,royalmail,Unknown,0,8
ongocommunities,ongocommunities,Unknown,0,2
karenredrow,karenredrow,Unknown,0,2
cmackinlay,cmackinlay,Conservative,1,0
@tmbc_highways,@tmbc_highways,Unknown,0,1
@jacobmason,@jacobmason,Unknown,0,1
tandhesi,tandhesi,Labour,4,10
coaisathing,coaisathing,Unknown,0,4
cheveningfco,cheveningfco,Unknown,0,2
_davelv,_davelv,Unknown,0,2
@accessincluded,@accessincluded,Unknown,0,1
andyverity,andyverity,Unknown,0,2
keithbrownsnp,keithbrownsnp,Unknown,0,2
uselesshackney,uselesshackney,Unknown,0,2
@heidi_mp,@heidi_mp,Unknown,0,1
nicktorfaenmp,nicktorfaenmp,Unknown,0,2
@transformdrugs,@transformdrugs,Unknown,0,1
awmurrison,awmurrison,Conservative,1,2
acunninghammp,acunninghammp,Labour,2,0
@andrealeadsom,@andrealeadsom,Unknown,0,1
scotgovfm,scotgovfm,Unknown,0,2
baronessjenkin,baronessjenkin,Unknown,0,4
@scotrail,@scotrail,Unknown,0,1
refugeetales,refugeetales,Unknown,0,2
@andythegreenie,@andythegreenie,Unknown,0,1
taylor3july2008,taylor3july2008,Unknown,0,2
@jamescracknell,@jamescracknell,Unknown,0,1
sylviademars,sylviademars,Unknown,0,2
will_hingley,will_hingley,Unknown,0,2
@emirates,@emirates,Unknown,0,1
jolyonrubs,jolyonrubs,Unknown,0,2
@triumphglasgow,@triumphglasgow,Unknown,0,1
lellyland,lellyland,Unknown,0,2
@welshgovernment,@welshgovernment,Unknown,0,2
bmastudents,bmastudents,Unknown,0,2
@limmuduk,@limmuduk,Unknown,0,1
frankfieldteam,frankfieldteam,Unknown,0,10
@scullyp.,@scullyp.,Unknown,0,1
johnmcdonnellmp,johnmcdonnellmp,Labour,1,10
calderdale,calderdale,Unknown,0,2
nhsorgandonor,nhsorgandonor,Unknown,0,2
wyp_halifax,wyp_halifax,Unknown,0,2
joesalterbris,joesalterbris,Unknown,0,2
@exeterlabour,@exeterlabour,Unknown,0,1
andy4wm,andy4wm,Unknown,0,6
lnrailway,lnrailway,Unknown,0,4
@appgbc,@appgbc,Unknown,0,1
susanwojcicki,susanwojcicki,Unknown,0,2
@eluned_morgan,@eluned_morgan,Unknown,0,2
jdwtweet,jdwtweet,Unknown,0,2
cllrrshori,cllrrshori,Unknown,0,2
@markfielduk,@markfielduk,Unknown,0,3
yorkshiretea,yorkshiretea,Unknown,0,2
@chrisdaviesmp,@chrisdaviesmp,Unknown,0,1
yorkshirepost,yorkshirepost,Unknown,0,2
@terri_white,@terri_white,Unknown,0,1
homessedgemoor,homessedgemoor,Unknown,0,2
@cheveningfco,@cheveningfco,Unknown,0,1
telegraphsci,telegraphsci,Unknown,0,2
whitehornes,whitehornes,Unknown,0,2
eventscotnews,eventscotnews,Unknown,0,2
@kirkleescomplus,@kirkleescomplus,Unknown,0,1
siemensuknews,siemensuknews,Unknown,0,2
meaglemp,meaglemp,Labour,6,8
equalcps,equalcps,Unknown,0,2
nicholadrummond,nicholadrummond,Unknown,0,2
@scunnyhospital,@scunnyhospital,Unknown,0,1
@johnglenuk,@johnglenuk,Unknown,0,1
@sdoughtymp,@sdoughtymp,Unknown,0,2
andymycock1,andymycock1,Unknown,0,2
rhinofive,rhinofive,Unknown,0,2
@pret,@pret,Unknown,0,1
@beisgovuk,@beisgovuk,Unknown,0,1
montie,montie,Unknown,0,4
wood5y,wood5y,Unknown,0,2
faybijou,faybijou,Unknown,0,2
@officialtmufc,@officialtmufc,Unknown,0,1
rmtunion,rmtunion,Unknown,0,2
swrailtaskforce,swrailtaskforce,Unknown,0,2
alisonthewliss,alisonthewliss,Scottish National Party,15,10
hughgaffneymp,hughgaffneymp,Unknown,0,2
@jamesfrith,@jamesfrith,Unknown,0,3
@loulouross15,@loulouross15,Unknown,0,1
handsupfound,handsupfound,Unknown,0,4
onepunchuk,onepunchuk,Unknown,0,2
lizmcinnes_mp,lizmcinnes_mp,Unknown,0,2
@samgyimah,@samgyimah,Unknown,0,1
broadstreetrfc,broadstreetrfc,Unknown,0,2
@kenshaz,@kenshaz,Unknown,0,2
@mirrorpolitics,@mirrorpolitics,Unknown,0,1
@cllrsuequinn,@cllrsuequinn,Unknown,0,1
@faybijou,@faybijou,Unknown,0,1
lizmcinnes60,lizmcinnes60,Labour,3,0
meshcampaign,meshcampaign,Unknown,0,2
@dogstrust,@dogstrust,Unknown,0,1
@paulosborn,@paulosborn,Unknown,0,1
@justinmadders,@justinmadders,Unknown,0,4
cake_lover9,cake_lover9,Unknown,0,2
@cnagpaul,@cnagpaul,Unknown,0,1
@andrew4pendle,@andrew4pendle,Unknown,0,1
heartofengland,heartofengland,Unknown,0,2
shinydh,shinydh,Unknown,0,2
cpjelmore,cpjelmore,Labour,6,10
@metcalfe_sbet,@metcalfe_sbet,Unknown,0,2
youtube,youtube,Unknown,0,6
guyverhofstadt,guyverhofstadt,Unknown,0,2
@guidofawkes,@guidofawkes,Unknown,0,1
neilmerriman,neilmerriman,Unknown,0,2
cheesetits2011,cheesetits2011,Unknown,0,2
southendnhs,southendnhs,Unknown,0,2
@traceylsl,@traceylsl,Unknown,0,1
@tonydowling,@tonydowling,Unknown,0,1
nhs,nhs,Unknown,0,11
offord4hendon,offord4hendon,Conservative,1,2
@jimforcovsouth,@jimforcovsouth,Unknown,0,2
@keithbrownsnp,@keithbrownsnp,Unknown,0,1
@royalfamily,@royalfamily,Unknown,0,1
@marionfellows,@marionfellows,Unknown,0,1
mckonomy,mckonomy,Unknown,0,2
chemistdruggist,chemistdruggist,Unknown,0,2
dlidington,dlidington,Conservative,2,0
@edwarddaviescsj,@edwarddaviescsj,Unknown,0,1
@ukhouseoflords,@ukhouseoflords,Unknown,0,1
@dajcameron,@dajcameron,Unknown,0,1
harrow_council,harrow_council,Unknown,0,2
@jacquimorley,@jacquimorley,Unknown,0,1
@dr_philippaw,@dr_philippaw,Unknown,0,6
rtenews,rtenews,Unknown,0,2
@doelawel,@doelawel,Unknown,0,1
2017hull,2017hull,Unknown,0,6
@onlytimaloud,@onlytimaloud,Unknown,0,1
@mariacaulfield,@mariacaulfield,Unknown,0,1
bondngo,bondngo,Unknown,0,2
thebpltower,thebpltower,Unknown,0,2
@normanlamb.,@normanlamb.,Unknown,0,1
@phildouglasdon,@phildouglasdon,Unknown,0,1
@ukgoingglobal,@ukgoingglobal,Unknown,0,1
@cityregiondeal,@cityregiondeal,Unknown,0,1
ros_sack,ros_sack,Unknown,0,2
marsrovers,marsrovers,Unknown,0,2
@cheerfulpodcast,@cheerfulpodcast,Unknown,0,1
@dancrawford85,@dancrawford85,Unknown,0,1
mariestopesuk,mariestopesuk,Unknown,0,2
sdoughtymp,sdoughtymp,Labour (Co-op),6,4
officialpdc,officialpdc,Unknown,0,2
@lumierelondon,@lumierelondon,Unknown,0,1
homebuildersfed,homebuildersfed,Unknown,0,2
jreast_official,jreast_official,Unknown,0,2
@sachrshah,@sachrshah,Unknown,0,1
@worcesterbid,@worcesterbid,Unknown,0,1
lydiardpark,lydiardpark,Unknown,0,2
@release_drugs,@release_drugs,Unknown,0,1
lkpleasehold,lkpleasehold,Unknown,0,4
@scottories,@scottories,Unknown,0,8
uk_feminista,uk_feminista,Unknown,0,2
ross_greer,ross_greer,Unknown,0,2
@sianceol,@sianceol,Unknown,0,1
@jimshannonmp,@jimshannonmp,Unknown,0,1
@bbcnickrobinson,@bbcnickrobinson,Unknown,0,3
eeroteppo,eeroteppo,Unknown,0,2
blacksmithtom,blacksmithtom,Unknown,0,2
emmaereynolds,emmaereynolds,Labour,1,0
peoplesmomentum,peoplesmomentum,Unknown,0,2
@toryboypierce,@toryboypierce,Unknown,0,1
benmlake,benmlake,Plaid Cymru,6,4
rachelreevesmp,rachelreevesmp,Labour,2,8
bbcr4today,bbcr4today,Unknown,0,6
mtm19311,mtm19311,Unknown,0,2
@richwooduk,@richwooduk,Unknown,0,1
@snpsoosie,@snpsoosie,Unknown,0,1
leicesterliz,leicesterliz,Labour,2,0
@grovetheatre,@grovetheatre,Unknown,0,1
fiona_onasanya,fiona_onasanya,Labour,1,0
@ntarail,@ntarail,Unknown,0,1
@saferleeds,@saferleeds,Unknown,0,1
@sideviewliz,@sideviewliz,Unknown,0,1
@rbs,@rbs,Unknown,0,4
@brenda_dacres,@brenda_dacres,Unknown,0,1
@ripoffsurcharge,@ripoffsurcharge,Unknown,0,1
@colchesterviews,@colchesterviews,Unknown,0,1
philwilsonxmp,philwilsonxmp,Labour,2,0
@wenurses,@wenurses,Unknown,0,1
@psmithpes,@psmithpes,Unknown,0,1
@virgin_trainsec,@virgin_trainsec,Unknown,0,1
gospelshow1,gospelshow1,Unknown,0,2
@paulwilliamsmp,@paulwilliamsmp,Unknown,0,1
harrietharman,harrietharman,Labour,2,2
@metofficeuk”,@metofficeuk”,Unknown,0,1
nhsmillion,nhsmillion,Unknown,0,2
stocktoncouncil,stocktoncouncil,Unknown,0,2
neilgraysnp,neilgraysnp,Scottish National Party,1,0
@stevedeacon63,@stevedeacon63,Unknown,0,1
petewishart,petewishart,Scottish National Party,3,6
@northlindsey,@northlindsey,Unknown,0,1
@nes_nesil,@nes_nesil,Unknown,0,1
sideliner61,sideliner61,Unknown,0,2
labourleft,labourleft,Unknown,0,2
@justinegreening,@justinegreening,Unknown,0,10
eeren83,eeren83,Unknown,0,2
@cllrsutton,@cllrsutton,Unknown,0,1
@tracybrabin,@tracybrabin,Unknown,0,3
andykemptweets,andykemptweets,Unknown,0,2
argus_joela,argus_joela,Unknown,0,2
@jennyniv,@jennyniv,Unknown,0,1
sprintexec,sprintexec,Unknown,0,4
hls1978,hls1978,Unknown,0,2
tootingprss,tootingprss,Unknown,0,2
pauljsweeney,pauljsweeney,Labour (Co-op),6,2
bernardjenkin,bernardjenkin,Conservative,2,6
@argus_joela,@argus_joela,Unknown,0,1
mattjholding,mattjholding,Unknown,0,2
@themoraycouncil,@themoraycouncil,Unknown,0,1
dancardenmp,dancardenmp,Labour,1,4
theoneshow,theoneshow,Unknown,0,3
mrsroberts0814,mrsroberts0814,Unknown,0,2
@vernon_coaker,@vernon_coaker,Unknown,0,1
bambosmp,bambosmp,Unknown,0,8
beezeypedro,beezeypedro,Unknown,0,2
@djohnsonmsp,@djohnsonmsp,Unknown,0,1
merseygateway,merseygateway,Unknown,0,2
hospicestclare,hospicestclare,Unknown,0,2
gmb,gmb,Unknown,0,18
@susanwojcicki,@susanwojcicki,Unknown,0,1
@nsead1,@nsead1,Unknown,0,1
@anna_soubry,@anna_soubry,Unknown,0,9
geek_of_nature,geek_of_nature,Unknown,0,2
@freeman_george:,@freeman_george:,Unknown,0,1
chelsee_kate,chelsee_kate,Unknown,0,2
@mallingsch,@mallingsch,Unknown,0,1
@scottr0gers,@scottr0gers,Unknown,0,1
@royston_smith,@royston_smith,Unknown,0,2
zoesqwilliams,zoesqwilliams,Unknown,0,2
tameside_tories,tameside_tories,Unknown,0,2
grahamknowles4,grahamknowles4,Unknown,0,2
@commonspacac,@commonspacac,Unknown,0,1
@andrewboff,@andrewboff,Unknown,0,1
eastantrimmp,eastantrimmp,Democratic Unionist Party,1,0
@police_now,@police_now,Unknown,0,1
@handsupfound,@handsupfound,Unknown,0,2
@gedk,@gedk,Unknown,0,1
examiner,examiner,Unknown,0,2
@gareth_snell,@gareth_snell,Unknown,0,1
@coyleneil,@coyleneil,Unknown,0,1
lynne_garvey,lynne_garvey,Unknown,0,2
@nuwfcofficial,@nuwfcofficial,Unknown,0,1
@cgreenuk,@cgreenuk,Unknown,0,2
@teamranil,@teamranil,Unknown,0,1
dave_787,dave_787,Unknown,0,2
nlcpeople,nlcpeople,Unknown,0,2
@nsoames:,@nsoames:,Unknown,0,1
domwalsh13,domwalsh13,Unknown,0,2
pauljmas,pauljmas,Unknown,0,2
@electionmapsuk,@electionmapsuk,Unknown,0,1
mo_farah,mo_farah,Unknown,0,4
@no1carol,@no1carol,Unknown,0,1
npa1921,npa1921,Unknown,0,2
transportforall,transportforall,Unknown,0,4
@tkatacademies,@tkatacademies,Unknown,0,1
tucnews,tucnews,Unknown,0,2
@5050parliament,@5050parliament,Unknown,0,1
carerssupportnl,carerssupportnl,Unknown,0,2
bwc_nhs,bwc_nhs,Unknown,0,2
@shelinavisram,@shelinavisram,Unknown,0,1
cheerswines,cheerswines,Unknown,0,2
judithralston,judithralston,Unknown,0,2
@katiesdad52,@katiesdad52,Unknown,0,1
@annepugh,@annepugh,Unknown,0,1
ukgovscotland,ukgovscotland,Unknown,0,2
@breastcancernow,@breastcancernow,Unknown,0,1
@mollymep,@mollymep,Unknown,0,1
studentsofien,studentsofien,Unknown,0,2
@sw_help,@sw_help,Unknown,0,1
@cronusspidermod,@cronusspidermod,Unknown,0,1
peterward09,peterward09,Unknown,0,4
@huwthomas_wales,@huwthomas_wales,Unknown,0,1
@provostcameron,@provostcameron,Unknown,0,1
@cdml,@cdml,Unknown,0,1
@7sinzmcc,@7sinzmcc,Unknown,0,1
electoralcommuk,electoralcommuk,Unknown,0,2
@hackneyabbott,@hackneyabbott,Unknown,0,5
marycreagh_,marycreagh_,Labour,1,0
@healthwatchuk,@healthwatchuk,Unknown,0,1
glasterlaw1,glasterlaw1,Unknown,0,2
@ahdamnsoper,@ahdamnsoper,Unknown,0,1
@fionanicolson4,@fionanicolson4,Unknown,0,1
nca_uk,nca_uk,Unknown,0,2
@pdcofficial,@pdcofficial,Unknown,0,1
@wardenpark,@wardenpark,Unknown,0,1
@wit_xx,@wit_xx,Unknown,0,1
@gmb,@gmb,Unknown,0,8
theapmg,theapmg,Unknown,0,2
@realdonaldtrump,@realdonaldtrump,Unknown,0,5
rorystewartuk,rorystewartuk,Conservative,3,0
londoncouncils,londoncouncils,Unknown,0,2
jhowelluk,jhowelluk,Unknown,0,2
langside_cafe,langside_cafe,Unknown,0,2
@thetemplechurch,@thetemplechurch,Unknown,0,1
peterkyle,peterkyle,Labour,3,2
britainelects,britainelects,Unknown,0,2
bactauk,bactauk,Unknown,0,2
albertowenmp,albertowenmp,Unknown,0,4
taycities,taycities,Unknown,0,2
sarahwollaston,sarahwollaston,Conservative,2,2
@faisalislam,@faisalislam,Unknown,0,1
@exiletoffee,@exiletoffee,Unknown,0,1
@jponpolitics,@jponpolitics,Unknown,0,1
derekmackaysnp,derekmackaysnp,Unknown,0,4
waspigl1,waspigl1,Unknown,0,2
@albertocostamp,@albertocostamp,Unknown,0,1
nsoames,nsoames,Conservative,17,6
@chrism4chester,@chrism4chester,Unknown,0,2
swcw24,swcw24,Unknown,0,2
grundymavis,grundymavis,Unknown,0,2
sahfos,sahfos,Unknown,0,2
@mattchorley,@mattchorley,Unknown,0,1
davieclegg,davieclegg,Unknown,0,2
@visitworcester,@visitworcester,Unknown,0,1
petergrantmp,petergrantmp,Scottish National Party,16,0
leonardcheshire,leonardcheshire,Unknown,0,2
@risecs,@risecs,Unknown,0,1
@erinsummersn,@erinsummersn,Unknown,0,1
kitmalthouse,kitmalthouse,Conservative,2,0
alexnorrisnn,alexnorrisnn,Labour (Co-op),1,0
karen_karenelee,karen_karenelee,Labour,3,0
sussexfriends,sussexfriends,Unknown,0,2
rbmind_,rbmind_,Unknown,0,2
@hr_darren,@hr_darren,Unknown,0,1
ducatiglasgow,ducatiglasgow,Unknown,0,2
bobmidd,bobmidd,Unknown,0,2
@_uk2020,@_uk2020,Unknown,0,1
pfizer,pfizer,Unknown,0,2
rnib,rnib,Unknown,0,2
nomerseytolls,nomerseytolls,Unknown,0,2
@wandsworthmayor,@wandsworthmayor,Unknown,0,1
@torstenbell,@torstenbell,Unknown,0,1
@my_dales,@my_dales,Unknown,0,1
stefanstern,stefanstern,Unknown,0,4
lakenutrition,lakenutrition,Unknown,0,2
@kateosamor,@kateosamor,Unknown,0,2
dwp,dwp,Unknown,0,3
@wiconstruction,@wiconstruction,Unknown,0,1
benpbradshaw,benpbradshaw,Labour,3,4
copasturkeys,copasturkeys,Unknown,0,2
@asmaali.,@asmaali.,Unknown,0,1
education,education,Unknown,0,5
@princestrust,@princestrust,Unknown,0,1
@ameet_jogia,@ameet_jogia,Unknown,0,1
helpmusiciansuk,helpmusiciansuk,Unknown,0,2
heidi_ldn,heidi_ldn,Labour,4,0
faisalrashid6,faisalrashid6,Unknown,0,4
@calderdale,@calderdale,Unknown,0,1
wfcouncil,wfcouncil,Unknown,0,4
hr_darren,hr_darren,Unknown,0,2
@carilliongov,@carilliongov,Unknown,0,1
humanrightsctte,humanrightsctte,Unknown,0,2
iainastewart,iainastewart,Conservative,1,2
bbctheoneshow,bbctheoneshow,Unknown,0,2
@takenuk1,@takenuk1,Unknown,0,1
iainoverton,iainoverton,Unknown,0,2
@victorias,@victorias,Unknown,0,1
@jonregnart,@jonregnart,Unknown,0,1
@starprojpaisley,@starprojpaisley,Unknown,0,1
@thomasforth,@thomasforth,Unknown,0,1
@johnmcdonnellmp's,@johnmcdonnellmp's,Unknown,0,1
labour,labour,Unknown,0,72
thexfactor,thexfactor,Unknown,0,4
@deelicious_nk,@deelicious_nk,Unknown,0,1
@tracey_crouch,@tracey_crouch,Unknown,0,2
@richstockdale_,@richstockdale_,Unknown,0,1
@bobmidd,@bobmidd,Unknown,0,1
seemamalhotra1,seemamalhotra1,Labour (Co-op),1,2
nicholaspitch,nicholaspitch,Unknown,0,2
@cerysfurlong,@cerysfurlong,Unknown,0,1
bbcradio4,bbcradio4,Unknown,0,4
@smeallianceltd,@smeallianceltd,Unknown,0,1
@adamramsay,@adamramsay,Unknown,0,1
heidi_mp,heidi_mp,Unknown,0,2
@jocoxloneliness,@jocoxloneliness,Unknown,0,6
andrew__kennedy,andrew__kennedy,Unknown,0,2
@nadineshah,@nadineshah,Unknown,0,1
judithgregory28,judithgregory28,Unknown,0,2
@petewishart,@petewishart,Unknown,0,3
crisisscotland,crisisscotland,Unknown,0,2
@sloumarsh,@sloumarsh,Unknown,0,1
iambullivant,iambullivant,Unknown,0,2
virgintrains,virgintrains,Unknown,0,2
@wfculture19,@wfculture19,Unknown,0,1
@hillaryclinton,@hillaryclinton,Unknown,0,1
@gwrhelp,@gwrhelp,Unknown,0,2
harriet1marsden,harriet1marsden,Unknown,0,2
peterkgeoghegan,peterkgeoghegan,Unknown,0,2
@ianblackfordmp,@ianblackfordmp,Unknown,0,8
@margaretdunne13,@margaretdunne13,Unknown,0,1
@davekeenwmp,@davekeenwmp,Unknown,0,1
@npa1921,@npa1921,Unknown,0,1
@ceitlinlrsmith,@ceitlinlrsmith,Unknown,0,1
@buses_mcgills,@buses_mcgills,Unknown,0,1
@sat_k_j,@sat_k_j,Unknown,0,1
@croxtethhall,@croxtethhall,Unknown,0,1
@am_hc,@am_hc,Unknown,0,1
soodabehb,soodabehb,Unknown,0,2
paddybriggs,paddybriggs,Unknown,0,2
hammersmithandy,hammersmithandy,Labour,7,10
@neill_bob,@neill_bob,Unknown,0,6
@yasminqureshimp,@yasminqureshimp,Unknown,0,1
tonydowling,tonydowling,Unknown,0,2
burylabour,burylabour,Unknown,0,2
@themonsterist,@themonsterist,Unknown,0,1
@geraintdaviesmp,@geraintdaviesmp,Unknown,0,1
@e_linsey,@e_linsey,Unknown,0,1
@tedcruz:,@tedcruz:,Unknown,0,1
@guyopperman,@guyopperman,Unknown,0,1
billbrowder,billbrowder,Unknown,0,2
@huw4ogmore,@huw4ogmore,Unknown,0,1
learnworkuk,learnworkuk,Unknown,0,2
gedk,gedk,Labour (Co-op),5,2
terryelaineh1,terryelaineh1,Unknown,0,2
iwannaretire63,iwannaretire63,Unknown,0,2
vaughanroderick,vaughanroderick,Unknown,0,2
@jackiedp,@jackiedp,Unknown,0,3
hardmanmcneal,hardmanmcneal,Unknown,0,2
@michaelrosenyes,@michaelrosenyes,Unknown,0,1
@jo_coburn,@jo_coburn,Unknown,0,1
elainesmithmsp,elainesmithmsp,Unknown,0,2
mrhazzers,mrhazzers,Unknown,0,2
basw_uk,basw_uk,Unknown,0,2
@daviddavismp’s,@daviddavismp’s,Unknown,0,1
@alison_mcgovern,@alison_mcgovern,Unknown,0,1
bournemouthecho,bournemouthecho,Unknown,0,2
@iancawsey,@iancawsey,Unknown,0,1
@marchharetales,@marchharetales,Unknown,0,1
@neilsmithgmb,@neilsmithgmb,Unknown,0,2
@joglasg,@joglasg,Unknown,0,1
alanmakmp,alanmakmp,Conservative,1,2
@motivator_miche,@motivator_miche,Unknown,0,1
joswinson,joswinson,Liberal Democrat,4,0
@thelivelycrew,@thelivelycrew,Unknown,0,1
matthewdorrance,matthewdorrance,Unknown,0,2
@lucympowell,@lucympowell,Unknown,0,3
andrew4pendle,andrew4pendle,Conservative,1,2
kateforbesmsp,kateforbesmsp,Unknown,0,2
henrysmithuk,henrysmithuk,Conservative,2,4
autism,autism,Unknown,0,2
sideviewliz,sideviewliz,Unknown,0,2
@rjd_crowther,@rjd_crowther,Unknown,0,1
@frankfieldteam,@frankfieldteam,Unknown,0,5
ericvanderburg,ericvanderburg,Unknown,0,2
@helenjonesmp,@helenjonesmp,Unknown,0,1
artmaccarmaig,artmaccarmaig,Unknown,0,2
seemakennedy,seemakennedy,Conservative,2,10
cronusspidermod,cronusspidermod,Unknown,0,2
bramleyvbramley,bramleyvbramley,Unknown,0,2
women2win,women2win,Unknown,0,2
rhonddabryant,rhonddabryant,Labour,8,2
@adrianhare_2010,@adrianhare_2010,Unknown,0,1
@jdwtweet,@jdwtweet,Unknown,0,1
@ruairidhskye,@ruairidhskye,Unknown,0,1
sadiqkhan,sadiqkhan,Unknown,0,4
@natlibscot,@natlibscot,Unknown,0,1
@the_mpa,@the_mpa,Unknown,0,1
@commonshomeaffs,@commonshomeaffs,Unknown,0,1
@belloslinda,@belloslinda,Unknown,0,1
@judithralston,@judithralston,Unknown,0,1
tmbc_highways,tmbc_highways,Unknown,0,2
davidgoosey2,davidgoosey2,Unknown,0,2
jdjanogly,jdjanogly,Unknown,0,2
@borisjohnson.,@borisjohnson.,Unknown,0,1
belloslinda,belloslinda,Unknown,0,2
@gavnewlandssnp,@gavnewlandssnp,Unknown,0,4
politicalhackuk,politicalhackuk,Unknown,0,2
skinnock,skinnock,Labour,4,6
@lindsayhoyle_mp,@lindsayhoyle_mp,Unknown,0,11
maithripalas,maithripalas,Unknown,0,2
@petertatchell,@petertatchell,Unknown,0,1
vadundee,vadundee,Unknown,0,2
neill_bob,neill_bob,Conservative,14,12
@cllrrshori,@cllrrshori,Unknown,0,1
@philiphammonduk,@philiphammonduk,Unknown,0,5
@yvettecoopermp,@yvettecoopermp,Unknown,0,1
@oksuse,@oksuse,Unknown,0,1
@thebarcouncil,@thebarcouncil,Unknown,0,1
hch_hill,hch_hill,Unknown,0,2
@gmb_union,@gmb_union,Unknown,0,4
telegraph,telegraph,Unknown,0,6
stephengreek,stephengreek,Unknown,0,2
@nsoames,@nsoames,Unknown,0,3
@sixerrmc,@sixerrmc,Unknown,0,1
paulosborn,paulosborn,Unknown,0,2
@eddiehughes4wn,@eddiehughes4wn,Unknown,0,1
celestite66,celestite66,Unknown,0,2
@marshglobal,@marshglobal,Unknown,0,1
nigel_farage,nigel_farage,Unknown,0,4
@harrow_council,@harrow_council,Unknown,0,1
@annasoubrymp,@annasoubrymp,Unknown,0,1
@dougchapmansnp,@dougchapmansnp,Unknown,0,1
ksbscotland,ksbscotland,Unknown,0,2
eppgroup,eppgroup,Unknown,0,2
@cllrkieranquinn,@cllrkieranquinn,Unknown,0,1
primarywhite,primarywhite,Unknown,0,2
@hms_albion,@hms_albion,Unknown,0,1
@mikekanemp,@mikekanemp,Unknown,0,1
jimcuthbert,jimcuthbert,Unknown,0,2
nextbikeuk,nextbikeuk,Unknown,0,2
thcat1,thcat1,Unknown,0,2
@andrew__kennedy,@andrew__kennedy,Unknown,0,1
@timfarron,@timfarron,Unknown,0,1
@nhsengland,@nhsengland,Unknown,0,1
conorburnsuk,conorburnsuk,Unknown,0,2
@uk_feminista,@uk_feminista,Unknown,0,1
@tracey_crouch.,@tracey_crouch.,Unknown,0,1
@jwoodcockmp,@jwoodcockmp,Unknown,0,2
@simon4ndorset?!,@simon4ndorset?!,Unknown,0,1
laytoncharlotte,laytoncharlotte,Unknown,0,2
@nptcgroup,@nptcgroup,Unknown,0,1
cp_consortium,cp_consortium,Unknown,0,2
@hardmanmcneal,@hardmanmcneal,Unknown,0,1
@rtenews,@rtenews,Unknown,0,1
@cp_consortium,@cp_consortium,Unknown,0,1
@neunion,@neunion,Unknown,0,1
@mrhazzers,@mrhazzers,Unknown,0,1
nfutweets,nfutweets,Unknown,0,2
stephsearle90,stephsearle90,Unknown,0,2
conviktion,conviktion,Unknown,0,2
@bbc,@bbc,Unknown,0,26
euvsdisinfo,euvsdisinfo,Unknown,0,2
@organiclea,@organiclea,Unknown,0,1
royston_smith,royston_smith,Conservative,2,4
bambos_mp,bambos_mp,Labour,4,0
appgforlondon,appgforlondon,Unknown,0,2
kennybellwmp,kennybellwmp,Unknown,0,2
@vadundee,@vadundee,Unknown,0,1
@biamcc,@biamcc,Unknown,0,1
soverysorry,soverysorry,Unknown,0,2
@educationgovuk,@educationgovuk,Unknown,0,1
@marierimmer,@marierimmer,Unknown,0,2
citzgirl,citzgirl,Unknown,0,2
mtpennycook,mtpennycook,Labour,2,6
@carer49,@carer49,Unknown,0,1
educationgovuk,educationgovuk,Unknown,0,2
richardburdenmp,richardburdenmp,Unknown,0,6
@keyeseyecare,@keyeseyecare,Unknown,0,1
@neilmerriman,@neilmerriman,Unknown,0,1
@afzal4gorton,@afzal4gorton,Unknown,0,1
@fisherandrew79,@fisherandrew79,Unknown,0,1
pret,pret,Unknown,0,2
@pmdfoster,@pmdfoster,Unknown,0,1
@pollyn1,@pollyn1,Unknown,0,1
@wilesy999,@wilesy999,Unknown,0,1
@liztv,@liztv,Unknown,0,2
@iaindale,@iaindale,Unknown,0,1
am_hc,am_hc,Unknown,0,2
jacquimorley,jacquimorley,Unknown,0,2
abzayed,abzayed,Unknown,0,2
drdavidbull,drdavidbull,Unknown,0,2
mrlongdenextra,mrlongdenextra,Unknown,0,2
@martyndaysnp,@martyndaysnp,Unknown,0,1
richwooduk,richwooduk,Unknown,0,2
@jeffcuthbert,@jeffcuthbert,Unknown,0,1
journostephen,journostephen,Unknown,0,2
rjd_crowther,rjd_crowther,Unknown,0,2
@1034sunfm,@1034sunfm,Unknown,0,1
@guardian:,@guardian:,Unknown,0,1
kategreensu,kategreensu,Labour,3,6
@bbcr4today,@bbcr4today,Unknown,0,3
@scunnylabour,@scunnylabour,Unknown,0,1
@langside_cafe,@langside_cafe,Unknown,0,1
@bikerrebel1,@bikerrebel1,Unknown,0,3
@theresamep,@theresamep,Unknown,0,1
@reecefranciss,@reecefranciss,Unknown,0,1
brianwilson1967,brianwilson1967,Unknown,0,2
brendanoharamp,brendanoharamp,Scottish National Party,1,0
@adammarkdavis,@adammarkdavis,Unknown,0,1
@whiteribbonscot,@whiteribbonscot,Unknown,0,1
buckstv,buckstv,Unknown,0,2
@bpi_music,@bpi_music,Unknown,0,1
andrewboff,andrewboff,Unknown,0,2
@cabinetofficeuk,@cabinetofficeuk,Unknown,0,2
@charlot84851771,@charlot84851771,Unknown,0,1
@labourpress,@labourpress,Unknown,0,1
@redditchrachel,@redditchrachel,Unknown,0,2
marionfellows,marionfellows,Unknown,0,2
@karenredrow,@karenredrow,Unknown,0,1
lintonajs,lintonajs,Unknown,0,2
iaindale,iaindale,Unknown,0,2
@hollylynch5,@hollylynch5,Unknown,0,2
@tim4labour,@tim4labour,Unknown,0,1
@paddybriggs,@paddybriggs,Unknown,0,1
@downsmail,@downsmail,Unknown,0,1
@baesystemsair,@baesystemsair,Unknown,0,1
@jharryd13,@jharryd13,Unknown,0,1
@southwestwater,@southwestwater,Unknown,0,1
smeallianceltd,smeallianceltd,Unknown,0,2
sloumarsh,sloumarsh,Unknown,0,2
@byportmeirion,@byportmeirion,Unknown,0,1
@bernardjenkin,@bernardjenkin,Unknown,0,3
johnnymerceruk,johnnymerceruk,Conservative,4,6
harrydecarter,harrydecarter,Unknown,0,2
oldandrewuk,oldandrewuk,Unknown,0,2
@crowdfunderuk,@crowdfunderuk,Unknown,0,1
lornafillingham,lornafillingham,Unknown,0,2
@unwomenuk,@unwomenuk,Unknown,0,1
@the_tuc,@the_tuc,Unknown,0,3
@norwichlabour,@norwichlabour,Unknown,0,1
@nursessikh,@nursessikh,Unknown,0,1
sdsdriller,sdsdriller,Unknown,0,2
@yourcolchester,@yourcolchester,Unknown,0,1
@mrsroberts0814,@mrsroberts0814,Unknown,0,1
@hch_hill,@hch_hill,Unknown,0,1
mhragovuk,mhragovuk,Unknown,0,2
@andrewrosindell.,@andrewrosindell.,Unknown,0,1
ianmurraymp,ianmurraymp,Labour,2,2
stmcrewe,stmcrewe,Unknown,0,2
@maithripalas,@maithripalas,Unknown,0,1
liamfox,liamfox,Conservative,3,8
@rivierafm,@rivierafm,Unknown,0,1
rogmull,rogmull,Unknown,0,2
thelma_dwalker,thelma_dwalker,Labour,1,0
@sajidjavid,@sajidjavid,Unknown,0,5
jessicamordenmp,jessicamordenmp,Labour,2,0
gareththomasmp,gareththomasmp,Labour (Co-op),2,0
fiafdn,fiafdn,Unknown,0,2
@sideliner61,@sideliner61,Unknown,0,1
defragovuk,defragovuk,Unknown,0,4
georgefreemanmp,georgefreemanmp,Conservative,5,0
intdevalliance,intdevalliance,Unknown,0,2
thesnp,thesnp,Unknown,0,14
chocopaul,chocopaul,Unknown,0,2
@jamie_wallis,@jamie_wallis,Unknown,0,1
@wto,@wto,Unknown,0,2
pressjournal,pressjournal,Unknown,0,4
@brtmerrill,@brtmerrill,Unknown,0,1
stn_airport,stn_airport,Unknown,0,2
nfueastanglia,nfueastanglia,Unknown,0,2
nuwfcofficial,nuwfcofficial,Unknown,0,2
@alisonthewliss,@alisonthewliss,Unknown,0,5
@nhsfife,@nhsfife,Unknown,0,1
@smallbizsatuk,@smallbizsatuk,Unknown,0,4
@theresa_may’s,@theresa_may’s,Unknown,0,1
tracey_crouch,tracey_crouch,Conservative,1,4
@laytoncharlotte,@laytoncharlotte,Unknown,0,1
commonsforeign,commonsforeign,Unknown,0,2
@westcliffcomm,@westcliffcomm,Unknown,0,1
joplattmp,joplattmp,Unknown,0,2
@trawslinkcymru,@trawslinkcymru,Unknown,0,2
@juliahb1,@juliahb1,Unknown,0,1
hkane,hkane,Unknown,0,2
preetkgillmp,preetkgillmp,Labour (Co-op),6,8
royalmarines,royalmarines,Unknown,0,6
psmithpes,psmithpes,Unknown,0,2
parliamentview,parliamentview,Unknown,0,2
@carolinelucas,@carolinelucas,Unknown,0,3
@louhaigh.,@louhaigh.,Unknown,0,1
@_no_60,@_no_60,Unknown,0,1
@garrywstewart,@garrywstewart,Unknown,0,1
@goldeneagle147,@goldeneagle147,Unknown,0,1
@stephenkb,@stephenkb,Unknown,0,1
@williegeemcc,@williegeemcc,Unknown,0,1
southernrailuk,southernrailuk,Unknown,0,4
hivscotland,hivscotland,Unknown,0,2
imran_hussainmp,imran_hussainmp,Labour,2,4
@byclive,@byclive,Unknown,0,1
bethnalmemorial,bethnalmemorial,Unknown,0,2
stevepeers,stevepeers,Unknown,0,2
wyp_paulmoney,wyp_paulmoney,Unknown,0,2
@nyebevannews,@nyebevannews,Unknown,0,1
@floetry,@floetry,Unknown,0,1
ofstednews,ofstednews,Unknown,0,2
politicshome,politicshome,Unknown,0,2
sarahbutler1981,sarahbutler1981,Unknown,0,2
@gofundme,@gofundme,Unknown,0,1
glindonmary,glindonmary,Unknown,0,2
@sylviademars,@sylviademars,Unknown,0,1
paulflynnmp,paulflynnmp,Labour,1,6
@granadareports,@granadareports,Unknown,0,2
edwardjdavey,edwardjdavey,Liberal Democrat,3,0
gigimaltese,gigimaltese,Unknown,0,4
@akindoftrouble,@akindoftrouble,Unknown,0,1
@icr_london,@icr_london,Unknown,0,1
@askjeeveswij,@askjeeveswij,Unknown,0,1
@dawnbutlerbrent’s,@dawnbutlerbrent’s,Unknown,0,1
@nlcaregroup,@nlcaregroup,Unknown,0,1
@ahmadiyyauk,@ahmadiyyauk,Unknown,0,1
@frankfieldteam.,@frankfieldteam.,Unknown,0,1
@marshadecordova,@marshadecordova,Unknown,0,2
news_rcni,news_rcni,Unknown,0,2
nadinedorries,nadinedorries,Conservative,1,4
reecefranciss,reecefranciss,Unknown,0,2
appgbritmuslims,appgbritmuslims,Unknown,0,4
newcastlelabour,newcastlelabour,Unknown,0,2
liberalvision,liberalvision,Unknown,0,2
hmsqnlz,hmsqnlz,Unknown,0,12
@open_britain,@open_britain,Unknown,0,4
@c0pe,@c0pe,Unknown,0,1
@ep_president,@ep_president,Unknown,0,1
@liambyrnemp,@liambyrnemp,Unknown,0,5
@nickhurduk,@nickhurduk,Unknown,0,1
@christinasnp,@christinasnp,Unknown,0,1
@totneslabour,@totneslabour,Unknown,0,1
ahdamnsoper,ahdamnsoper,Unknown,0,2
@rachcsteele,@rachcsteele,Unknown,0,1
neunion,neunion,Unknown,0,2
britishsugar,britishsugar,Unknown,0,2
@grundyblackpool,@grundyblackpool,Unknown,0,1
merthyrtesco,merthyrtesco,Unknown,0,2
prsformusic,prsformusic,Unknown,0,2
fionanicolson4,fionanicolson4,Unknown,0,2
councillorsuzie,councillorsuzie,Unknown,0,2
karlturnermp,karlturnermp,Labour,9,4
@lynne_garvey,@lynne_garvey,Unknown,0,1
telegraphnews,telegraphnews,Unknown,0,2
@communityincity,@communityincity,Unknown,0,1
leytonsown,leytonsown,Unknown,0,2
rossevansurbane,rossevansurbane,Unknown,0,2
@laurapidcockmp,@laurapidcockmp,Unknown,0,3
tom_watson,tom_watson,Labour,2,2
@hamishmacdonell,@hamishmacdonell,Unknown,0,1
@paul_r_kenny,@paul_r_kenny,Unknown,0,1
@johnstonepolice,@johnstonepolice,Unknown,0,2
theathchronicle,theathchronicle,Unknown,0,2
@tamoort,@tamoort,Unknown,0,1
kategarraway,kategarraway,Unknown,0,2
@bbctees,@bbctees,Unknown,0,1
stchrishospice,stchrishospice,Unknown,0,2
@mo_i_vs,@mo_i_vs,Unknown,0,1
frozenwarning,frozenwarning,Unknown,0,2
yvettecoopermp,yvettecoopermp,Unknown,0,2
mrjoemcfadden,mrjoemcfadden,Unknown,0,2
huw4ogmore,huw4ogmore,Unknown,0,2
channel4news,channel4news,Unknown,0,4
@rhinofive,@rhinofive,Unknown,0,1
@ronniecowan,@ronniecowan,Unknown,0,2
michaelgasiorek,michaelgasiorek,Unknown,0,2
gavinshuker,gavinshuker,Unknown,0,2
estates_17,estates_17,Unknown,0,2
7sinzmcc,7sinzmcc,Unknown,0,2
@baronessjenkin,@baronessjenkin,Unknown,0,2
jamesfrith,jamesfrith,Labour,3,6
@ianmulheirn,@ianmulheirn,Unknown,0,2
@huddsmission,@huddsmission,Unknown,0,1
@southwarklabour,@southwarklabour,Unknown,0,1
ellmac93,ellmac93,Unknown,0,2
andrewbowie_mp,andrewbowie_mp,Conservative,1,0
@ayrshirecancer,@ayrshirecancer,Unknown,0,1
rspca_official,rspca_official,Unknown,0,2
markdrakeford,markdrakeford,Unknown,0,4
@elizabefrances,@elizabefrances,Unknown,0,1
nhsfife,nhsfife,Unknown,0,2
@bobbyipsosmori,@bobbyipsosmori,Unknown,0,1
@jimmymaez,@jimmymaez,Unknown,0,1
jimmystrength47,jimmystrength47,Unknown,0,2
rogergodsiff,rogergodsiff,Unknown,0,2
@drdavidbull,@drdavidbull,Unknown,0,1
@artmaccarmaig,@artmaccarmaig,Unknown,0,1
official_ncfc,official_ncfc,Unknown,0,2
@transportgovuk,@transportgovuk,Unknown,0,1
matturl,matturl,Unknown,0,2
@pow_rebecca,@pow_rebecca,Unknown,0,1
nhsengland,nhsengland,Unknown,0,2
@waverleycare,@waverleycare,Unknown,0,1
scallyjj,scallyjj,Unknown,0,2
westcliffcomm,westcliffcomm,Unknown,0,2
iainmacwhirter,iainmacwhirter,Unknown,0,2
@karlturnermp,@karlturnermp,Unknown,0,2
bmascotland,bmascotland,Unknown,0,2
@sarahgillettfco,@sarahgillettfco,Unknown,0,1
bbcstrictly,bbcstrictly,Unknown,0,2
emirates,emirates,Unknown,0,2
beatson_charity,beatson_charity,Unknown,0,2
@thomasbrake,@thomasbrake,Unknown,0,3
@tes:,@tes:,Unknown,0,1
sueperkins,sueperkins,Unknown,0,2
ray_tindall,ray_tindall,Unknown,0,2
marxuquera,marxuquera,Unknown,0,2
douglas4moray,douglas4moray,Conservative,3,2
glasgowwarriors,glasgowwarriors,Unknown,0,2
@bbcradioscot,@bbcradioscot,Unknown,0,1
kirkleesyc,kirkleesyc,Unknown,0,4
@daaronovitch,@daaronovitch,Unknown,0,1
markfielduk,markfielduk,Conservative,2,6
@gmbcampaigns,@gmbcampaigns,Unknown,0,2
@telegraph's,@telegraph's,Unknown,0,1
@harrydecarter,@harrydecarter,Unknown,0,1
huddsmission,huddsmission,Unknown,0,2
@ericvanderburg,@ericvanderburg,Unknown,0,1
ripoffsurcharge,ripoffsurcharge,Unknown,0,2
sikhs4labour,sikhs4labour,Unknown,0,2
cavelltrust,cavelltrust,Unknown,0,2
katehoeymp,katehoeymp,Unknown,0,2
robertsyms,robertsyms,Conservative,1,0
getbritainout,getbritainout,Unknown,0,2
@royalnavy.,@royalnavy.,Unknown,0,1
sat_k_j,sat_k_j,Unknown,0,2
lordjohnmann,lordjohnmann,Labour,1,0
@catalystcomms,@catalystcomms,Unknown,0,1
traceylsl,traceylsl,Unknown,0,2
damiancollins,damiancollins,Conservative,1,0
toryboypierce,toryboypierce,Unknown,0,2
@bwmarkettooting,@bwmarkettooting,Unknown,0,1
@mariestopesuk,@mariestopesuk,Unknown,0,1
@stuey_norris,@stuey_norris,Unknown,0,1
fuse_online,fuse_online,Unknown,0,2
jsheappey,jsheappey,Unknown,0,2
@merseygateway,@merseygateway,Unknown,0,1
sayeedawarsi,sayeedawarsi,Unknown,0,2
spinshed,spinshed,Unknown,0,2
gareth_snell,gareth_snell,Labour (Co-op),3,2
@gloucesterroad,@gloucesterroad,Unknown,0,1
bbcnews,bbcnews,Unknown,0,8
cajardinemp,cajardinemp,Unknown,0,2
livuni,livuni,Unknown,0,2
annepugh,annepugh,Unknown,0,2
@scottmann4nc,@scottmann4nc,Unknown,0,2
@yellabelly6,@yellabelly6,Unknown,0,3
@falconsupport_,@falconsupport_,Unknown,0,1
@conorburnsuk,@conorburnsuk,Unknown,0,1
broomfieldnhs,broomfieldnhs,Unknown,0,2
@kategarraway.,@kategarraway.,Unknown,0,1
@angelarayner,@angelarayner,Unknown,0,12
@wimbledonrfc,@wimbledonrfc,Unknown,0,1
cllrkieranquinn,cllrkieranquinn,Unknown,0,2
@mktheatre,@mktheatre,Unknown,0,1
@beathhigh,@beathhigh,Unknown,0,1
gutoaberconwy,gutoaberconwy,Conservative,2,2
@safoodforlife,@safoodforlife,Unknown,0,1
@canddjamesw,@canddjamesw,Unknown,0,1
@northlincsccg,@northlincsccg,Unknown,0,1
wmpolice,wmpolice,Unknown,0,4
andrealsimpson,andrealsimpson,Unknown,0,2
appgbc,appgbc,Unknown,0,2
huwmerriman,huwmerriman,Conservative,1,0
youngvulgarian,youngvulgarian,Unknown,0,2
mark4wyreforest,mark4wyreforest,Conservative,1,2
jane738,jane738,Unknown,0,2
@ukgovwales,@ukgovwales,Unknown,0,1
@unece's,@unece's,Unknown,0,1
hackneyabbott,hackneyabbott,Labour,3,10
rhihi,rhihi,Unknown,0,2
andrewtipler,andrewtipler,Unknown,0,2
barrysheerman,barrysheerman,Labour (Co-op),10,0
@ukinkenya,@ukinkenya,Unknown,0,1
@carerssupportnl,@carerssupportnl,Unknown,0,1
@peter_dowd,@peter_dowd,Unknown,0,1
@mohamedbinzayed,@mohamedbinzayed,Unknown,0,1
@sile_lane,@sile_lane,Unknown,0,1
neilmclaughlin2,neilmclaughlin2,Unknown,0,2
@patmcfaddenmp,@patmcfaddenmp,Unknown,0,1
@ivan_mckee:,@ivan_mckee:,Unknown,0,1
brichaimbeul,brichaimbeul,Unknown,0,2
lgim,lgim,Unknown,0,2
anyoneschild,anyoneschild,Unknown,0,2
commonscms,commonscms,Unknown,0,2
ianaustinmp,ianaustinmp,Unknown,0,2
@jeanetteorrey,@jeanetteorrey,Unknown,0,1
@edvaizey,@edvaizey,Unknown,0,1
forduk,forduk,Unknown,0,2
@eddie_vermeer,@eddie_vermeer,Unknown,0,1
@drewhendrysnp,@drewhendrysnp,Unknown,0,2
dartmouth_mih,dartmouth_mih,Unknown,0,2
@sarahchampionmp,@sarahchampionmp,Unknown,0,3
dpastaire,dpastaire,Unknown,0,2
bimafolami,bimafolami,Conservative,1,0
princestrust,princestrust,Unknown,0,2
@kingscollegenhs.,@kingscollegenhs.,Unknown,0,1
@lnrailway,@lnrailway,Unknown,0,2
@nhsdigital,@nhsdigital,Unknown,0,1
@appgswrail,@appgswrail,Unknown,0,1
@conservatives!,@conservatives!,Unknown,0,1
@lewishamtories,@lewishamtories,Unknown,0,1
@ipprnorth,@ipprnorth,Unknown,0,1
jonathanplaid,jonathanplaid,Unknown,0,2
rachaelmaskell,rachaelmaskell,Labour (Co-op),3,12
julieforburnley,julieforburnley,Labour,4,2
@aliceyarr,@aliceyarr,Unknown,0,1
anneliesedodds,anneliesedodds,Labour (Co-op),1,2
@lucy_cavalier,@lucy_cavalier,Unknown,0,1
@suemcdonald342,@suemcdonald342,Unknown,0,1
tombeckett2285,tombeckett2285,Unknown,0,2
littlelegend5,littlelegend5,Unknown,0,2
@victorialive,@victorialive,Unknown,0,1
@essexpfcc,@essexpfcc,Unknown,0,1
thewiffs,thewiffs,Unknown,0,2
@danjarvismp,@danjarvismp,Unknown,0,4
stefaanderynck,stefaanderynck,Unknown,0,2
bbcjamescook,bbcjamescook,Unknown,0,2
_no_60,_no_60,Unknown,0,2
johnhealey_mp,johnhealey_mp,Unknown,0,2
greghands,greghands,Conservative,2,0
@ianmurraymp,@ianmurraymp,Unknown,0,1
georgewparker,georgewparker,Unknown,0,2
dollytheis,dollytheis,Unknown,0,2
robynhitchcock,robynhitchcock,Unknown,0,2
@zoesqwilliams,@zoesqwilliams,Unknown,0,1
ianmulheirn,ianmulheirn,Unknown,0,4
@andymycock1.,@andymycock1.,Unknown,0,1
meg_hilliermp,meg_hilliermp,Unknown,0,2
csbungo,csbungo,Unknown,0,2
labourlist,labourlist,Unknown,0,2
thesun,thesun,Unknown,0,2
@peterward09,@peterward09,Unknown,0,2
@danieljhannan,@danieljhannan,Unknown,0,3
commonspacac,commonspacac,Unknown,0,2
vickyford,vickyford,Conservative,1,2
@drrosena,@drrosena,Unknown,0,5
@virgintrains,@virgintrains,Unknown,0,1
@manranofficial,@manranofficial,Unknown,0,1
laboursinglemkt,laboursinglemkt,Unknown,0,2
@kerrymp,@kerrymp,Unknown,0,1
@chocopaul,@chocopaul,Unknown,0,1
@richardburdenmp,@richardburdenmp,Unknown,0,3
tony4rochdale,tony4rochdale,Labour,1,0
@matthancock,@matthancock,Unknown,0,3
lordianaustin,lordianaustin,Labour,5,0
lindsaygrahamuk,lindsaygrahamuk,Unknown,0,4
@diomanchester,@diomanchester,Unknown,0,1
21lva,21lva,Unknown,0,2
@carolinenokes,@carolinenokes,Unknown,0,2
hullferens,hullferens,Unknown,0,2
@cchqpress,@cchqpress,Unknown,0,1
@happy_creative,@happy_creative,Unknown,0,1
tim4labour,tim4labour,Unknown,0,2
@cwunews,@cwunews,Unknown,0,2
@onepunchuk,@onepunchuk,Unknown,0,1
bpi_music,bpi_music,Unknown,0,2
zoebrigley,zoebrigley,Unknown,0,2
deansofcardiff,deansofcardiff,Unknown,0,2
alanduncanmp,alanduncanmp,Unknown,0,2
@politicalyeti,@politicalyeti,Unknown,0,1
bobbyipsosmori,bobbyipsosmori,Unknown,0,2
circus250,circus250,Unknown,0,2
richardgrahamuk,richardgrahamuk,Conservative,2,0
@peoplesmomentum,@peoplesmomentum,Unknown,0,1
@appgforlondon.,@appgforlondon.,Unknown,0,1
@fitzmp,@fitzmp,Unknown,0,2
cliffyboy13,cliffyboy13,Unknown,0,2
@mm4penllergaer,@mm4penllergaer,Unknown,0,1
@marsrovers,@marsrovers,Unknown,0,1
@journostephen,@journostephen,Unknown,0,1
@hants_fire,@hants_fire,Unknown,0,1
@mrmarksteel,@mrmarksteel,Unknown,0,1
duponline,duponline,Unknown,0,2
xhnews,xhnews,Unknown,0,2
@dwp,@dwp,Unknown,0,1
@junckereu,@junckereu,Unknown,0,1
@bactauk,@bactauk,Unknown,0,1
@estates_17,@estates_17,Unknown,0,1
@2ndek_bb,@2ndek_bb,Unknown,0,1
alzheimerssoc,alzheimerssoc,Unknown,0,2
theresa_may,theresa_may,Conservative,1,52
@nataliedon89,@nataliedon89,Unknown,0,1
talktogenesis,talktogenesis,Unknown,0,2
ishousecroft,ishousecroft,Unknown,0,2
upourstreet,upourstreet,Unknown,0,2
@frintonscorer,@frintonscorer,Unknown,0,1
bikerrebel1,bikerrebel1,Unknown,0,6
twitter,twitter,Unknown,0,2
tracybrabin,tracybrabin,Labour (Co-op),4,6
gorstewart,gorstewart,Unknown,0,2
@caabu,@caabu,Unknown,0,2
fisherandrew79,fisherandrew79,Unknown,0,2
@tootinglabour,@tootinglabour,Unknown,0,1
@helpmusiciansuk,@helpmusiciansuk,Unknown,0,1
anthonyholford,anthonyholford,Unknown,0,2
syedkamall,syedkamall,Unknown,0,2
@royalmail,@royalmail,Unknown,0,4
@rosiemillard,@rosiemillard,Unknown,0,1
citywesthomes,citywesthomes,Unknown,0,2
@taycities,@taycities,Unknown,0,1
jeffcuthbert,jeffcuthbert,Unknown,0,2
stmungos,stmungos,Unknown,0,2
mphendrick,mphendrick,Labour (Co-op),1,0
ukun_newyork,ukun_newyork,Unknown,0,2
@wok_chi_steve,@wok_chi_steve,Unknown,0,1
laurasmithcrewe,laurasmithcrewe,Labour,3,0
padstowxmas,padstowxmas,Unknown,0,2
mpaiton,mpaiton,Unknown,0,2
jgarratt1,jgarratt1,Unknown,0,2
wardenpark,wardenpark,Unknown,0,2
@annemilton,@annemilton,Unknown,0,2
@sikhs4labour!,@sikhs4labour!,Unknown,0,1
@doglostuk,@doglostuk,Unknown,0,1
sjbc_london,sjbc_london,Unknown,0,2
@catherinewest1,@catherinewest1,Unknown,0,3
biotic_warlock,biotic_warlock,Unknown,0,2
mariamilleruk,mariamilleruk,Unknown,0,4
@benpbradshaw,@benpbradshaw,Unknown,0,2
@mhragovuk,@mhragovuk,Unknown,0,1
weetabixface,weetabixface,Unknown,0,2
@cllrrobbenham,@cllrrobbenham,Unknown,0,2
@sdsdriller,@sdsdriller,Unknown,0,1
robertbuckland,robertbuckland,Conservative,2,6
peterchapman6,peterchapman6,Unknown,0,2
jasonfarrellsky,jasonfarrellsky,Unknown,0,2
@tommysheppard,@tommysheppard,Unknown,0,1
@_taraki__,@_taraki__,Unknown,0,1
suberbos,suberbos,Unknown,0,2
@cottrellstephen,@cottrellstephen,Unknown,0,1
columeastwood,columeastwood,Unknown,0,2
@justtreatmentuk,@justtreatmentuk,Unknown,0,1
navylookout,navylookout,Unknown,0,2
skynewsniall,skynewsniall,Unknown,0,2
@conviktion,@conviktion,Unknown,0,1
ethical_pr,ethical_pr,Unknown,0,2
patmcfaddenmp,patmcfaddenmp,Labour,1,2
@meshgirlni,@meshgirlni,Unknown,0,2
@janemerrick23,@janemerrick23,Unknown,0,1
uofginfostudies,uofginfostudies,Unknown,0,2
@eeroteppo,@eeroteppo,Unknown,0,1
@nicdakinmp,@nicdakinmp,Unknown,0,3
eddiehughes4wn,eddiehughes4wn,Conservative,3,2
@tesco_wales,@tesco_wales,Unknown,0,1
@jamescaan,@jamescaan,Unknown,0,2
@stocktoncouncil,@stocktoncouncil,Unknown,0,1
guardian,guardian,Unknown,0,6
@darrenpjones,@darrenpjones,Unknown,0,2
anniebtransport,anniebtransport,Unknown,0,2
thetemplechurch,thetemplechurch,Unknown,0,2
womeninfit_out,womeninfit_out,Unknown,0,2
martinjdocherty,martinjdocherty,Scottish National Party,2,0
@sjamcbride,@sjamcbride,Unknown,0,1
chionwurah,chionwurah,Labour,8,8
@richardburgon,@richardburgon,Unknown,0,1
@andrealsimpson,@andrealsimpson,Unknown,0,1
@ukgovscotland,@ukgovscotland,Unknown,0,1
@nickboles,@nickboles,Unknown,0,1
@tristancorkpost,@tristancorkpost,Unknown,0,1
@forwardassist1,@forwardassist1,Unknown,0,1
@lynbrownmp,@lynbrownmp,Unknown,0,1
@camphillscot,@camphillscot,Unknown,0,1
mychangingplace,mychangingplace,Unknown,0,2
@jeremy_hunt,@jeremy_hunt,Unknown,0,4
@tameside_tories,@tameside_tories,Unknown,0,1
@freeman_george,@freeman_george,Unknown,0,3
@waspi_campaign,@waspi_campaign,Unknown,0,3
breastcancernow,breastcancernow,Unknown,0,2
independent,independent,Unknown,0,4
rideltd,rideltd,Unknown,0,2
dawn_bowden,dawn_bowden,Unknown,0,2
juliejamesam,juliejamesam,Unknown,0,4
@chwaraeteg,@chwaraeteg,Unknown,0,1
@pfizer,@pfizer,Unknown,0,1
andrealeadsom,andrealeadsom,Unknown,0,2
southern_trains,southern_trains,Unknown,0,2
@houseofcommons.,@houseofcommons.,Unknown,0,1
@ayrshirecancer.,@ayrshirecancer.,Unknown,0,1
@crisisscotland,@crisisscotland,Unknown,0,1
@tomtugendhat,@tomtugendhat,Unknown,0,2
tameside4good,tameside4good,Unknown,0,2
foreignoffice,foreignoffice,Unknown,0,2
@kenpenton,@kenpenton,Unknown,0,1
oksuse,oksuse,Unknown,0,2
albertowen2020,albertowen2020,Labour,5,0
@stuartandrew,@stuartandrew,Unknown,0,1
@dapcoach,@dapcoach,Unknown,0,1
bobblackman,bobblackman,Conservative,8,4
archillect,archillect,Unknown,0,2
timloughton,timloughton,Conservative,3,0
@martintenorsax,@martintenorsax,Unknown,0,1
halfon4harlowmp,halfon4harlowmp,Conservative,11,10
yasminqureshimp,yasminqureshimp,Unknown,0,2
@eastleighfc,@eastleighfc,Unknown,0,1
margarethodge,margarethodge,Unknown,0,2
@billbrowder.,@billbrowder.,Unknown,0,1
@philippa_perry,@philippa_perry,Unknown,0,1
chrisleslieuk,chrisleslieuk,Labour (Co-op),1,0
cllrmarksmith,cllrmarksmith,Unknown,0,2
@safercaerphilly,@safercaerphilly,Unknown,0,1
@calemre,@calemre,Unknown,0,1
5wrightstuff,5wrightstuff,Unknown,0,2
byportmeirion,byportmeirion,Unknown,0,2
@spinshed,@spinshed,Unknown,0,1
waspi_campaign,waspi_campaign,Unknown,0,6
@paulblewis1,@paulblewis1,Unknown,0,1
sandyofipswich,sandyofipswich,Unknown,0,6
heywoodhill,heywoodhill,Unknown,0,2
keyeseyecare,keyeseyecare,Unknown,0,2
carter6d,carter6d,Unknown,0,2
@stephengethins,@stephengethins,Unknown,0,3
brendanoharasnp,brendanoharasnp,Unknown,0,6
wagamama_uk,wagamama_uk,Unknown,0,4
@steve_hawkes,@steve_hawkes,Unknown,0,1
unisondave,unisondave,Unknown,0,2
michelbarnier,michelbarnier,Unknown,0,2
emmakennytv,emmakennytv,Unknown,0,2
deb_cohen,deb_cohen,Unknown,0,2
camphillscot,camphillscot,Unknown,0,2
cityregiondeal,cityregiondeal,Unknown,0,2
@padstowxmas,@padstowxmas,Unknown,0,1
ribbonlabelsupp,ribbonlabelsupp,Unknown,0,2
bolsoverbeast,bolsoverbeast,Unknown,0,2
hossiendaboy,hossiendaboy,Unknown,0,2
@wolfie_smythe,@wolfie_smythe,Unknown,0,1
@dominicraab,@dominicraab,Unknown,0,1
samaritans,samaritans,Unknown,0,2
@mottyleafe,@mottyleafe,Unknown,0,1
transformdrugs,transformdrugs,Unknown,0,2
joglasg,joglasg,Unknown,0,2
@smale_ann,@smale_ann,Unknown,0,1
@annalangside,@annalangside,Unknown,0,1
@valleyschurch,@valleyschurch,Unknown,0,1
@politicshome,@politicshome,Unknown,0,1
tommysheppard,tommysheppard,Unknown,0,2
@nus_ghani,@nus_ghani,Unknown,0,1
michaelgove,michaelgove,Unknown,0,14
@andyverity,@andyverity,Unknown,0,1
lewishamtories,lewishamtories,Unknown,0,2
scripture36,scripture36,Unknown,0,2
kenshaz,kenshaz,Unknown,0,4
@85vickyc,@85vickyc,Unknown,0,1
@crisis_uk,@crisis_uk,Unknown,0,2
nataliedon89,nataliedon89,Unknown,0,2
hazelt1610,hazelt1610,Unknown,0,2
david_duguid,david_duguid,Conservative,1,0
jonathancowie,jonathancowie,Unknown,0,2
@bambosmp,@bambosmp,Unknown,0,4
juflag,juflag,Unknown,0,2
rosieduffield1,rosieduffield1,Unknown,0,2
thekonsept,thekonsept,Unknown,0,2
stephenjardine,stephenjardine,Unknown,0,2
@futuresgreen,@futuresgreen,Unknown,0,1
@stevebakerhw,@stevebakerhw,Unknown,0,1
sile_lane,sile_lane,Unknown,0,2
thercn,thercn,Unknown,0,4
@kent_police,@kent_police,Unknown,0,1
1034sunfm,1034sunfm,Unknown,0,2
@dighesj,@dighesj,Unknown,0,1
bbclaurak,bbclaurak,Unknown,0,4
@upourstreet,@upourstreet,Unknown,0,1
mayorofgm,mayorofgm,Unknown,0,2
virendrasharma,virendrasharma,Unknown,0,2
williegeemcc,williegeemcc,Unknown,0,2
cwgc,cwgc,Unknown,0,2
@mayflowerwtw,@mayflowerwtw,Unknown,0,1
@meg_hilliermp,@meg_hilliermp,Unknown,0,1
@bbcnewsat10,@bbcnewsat10,Unknown,0,1
@foodbanknorwood,@foodbanknorwood,Unknown,0,1
davidnberman,davidnberman,Unknown,0,2
thembauk,thembauk,Unknown,0,2
@craftydevilbrew,@craftydevilbrew,Unknown,0,1
police_now,police_now,Unknown,0,2
@marklancastermk,@marklancastermk,Unknown,0,2
bmacymru,bmacymru,Unknown,0,2
jharryd13,jharryd13,Unknown,0,2
@liliangreenwood,@liliangreenwood,Unknown,0,1
@homessedgemoor,@homessedgemoor,Unknown,0,1
scottories,scottories,Unknown,0,16
nicolamcalley,nicolamcalley,Unknown,0,2
cerysfurlong,cerysfurlong,Unknown,0,2
@bbchughpym,@bbchughpym,Unknown,0,1
paalfrisvold,paalfrisvold,Unknown,0,2
amberruddhr,amberruddhr,Unknown,0,4
@citywesthomes,@citywesthomes,Unknown,0,1
@georgewparker,@georgewparker,Unknown,0,1
bluemeanie10,bluemeanie10,Unknown,0,2
@westmidrailway,@westmidrailway,Unknown,0,1
@paulblomfieldmp,@paulblomfieldmp,Unknown,0,2
@savenhsnascot,@savenhsnascot,Unknown,0,1
@laurasmithmp,@laurasmithmp,Unknown,0,1
@lfb_croydon,@lfb_croydon,Unknown,0,1
e_linsey,e_linsey,Unknown,0,2
@annamcmorrin,@annamcmorrin,Unknown,0,1
release_drugs,release_drugs,Unknown,0,2
@derekbateman2,@derekbateman2,Unknown,0,1
@hcnichailey,@hcnichailey,Unknown,0,1
_robinsonm,_robinsonm,Unknown,0,2
@lydiardpark,@lydiardpark,Unknown,0,1
jeffsmithmp,jeffsmithmp,Unknown,0,2
@johnnymerceruk:,@johnnymerceruk:,Unknown,0,1
brtmerrill,brtmerrill,Unknown,0,2
onnmel,onnmel,Labour,7,0
@stephenjardine,@stephenjardine,Unknown,0,1
djohnsonmsp,djohnsonmsp,Unknown,0,2
@leedargue,@leedargue,Unknown,0,1
lselaw,lselaw,Unknown,0,2
royalderngate,royalderngate,Unknown,0,2
marathonshine,marathonshine,Unknown,0,2
@jennychapman,@jennychapman,Unknown,0,3
defencehq,defencehq,Unknown,0,2
nickhurduk,nickhurduk,Conservative,4,2
uklabour,uklabour,Unknown,0,66
@cllrluketaylor,@cllrluketaylor,Unknown,0,1
@daveandersonmp,@daveandersonmp,Unknown,0,1
alysonbarnes17,alysonbarnes17,Unknown,0,2
rlong_bailey,rlong_bailey,Unknown,0,6
joycewatsonam,joycewatsonam,Unknown,0,2
patel4witham,patel4witham,Unknown,0,2
rushanaraali,rushanaraali,Labour,2,4
lumierelondon,lumierelondon,Unknown,0,2
@robynhitchcock,@robynhitchcock,Unknown,0,1
@fiafdn,@fiafdn,Unknown,0,1
@labourlewis,@labourlewis,Unknown,0,1
@tombeckett2285,@tombeckett2285,Unknown,0,1
provostcameron,provostcameron,Unknown,0,2
mm4penllergaer,mm4penllergaer,Unknown,0,2
johnstonepolice,johnstonepolice,Unknown,0,4
@hannahb4livimp,@hannahb4livimp,Unknown,0,1
sarahgillettfco,sarahgillettfco,Unknown,0,2
tlrailuk,tlrailuk,Unknown,0,2
@aluncairns,@aluncairns,Unknown,0,3
westmidrailway,westmidrailway,Unknown,0,2
@raildaily,@raildaily,Unknown,0,1
richardburgon,richardburgon,Labour,1,2
@nadinedorries,@nadinedorries,Unknown,0,2
@bluemeanie10,@bluemeanie10,Unknown,0,1
_uk2020,_uk2020,Unknown,0,2
@burylabour,@burylabour,Unknown,0,1
@xhnews,@xhnews,Unknown,0,1
teamranil,teamranil,Unknown,0,2
@bbcnews,@bbcnews,Unknown,0,4
@dementiaview,@dementiaview,Unknown,0,1
swanncaron,swanncaron,Unknown,0,2
@jimmystrength47,@jimmystrength47,Unknown,0,1
@wagamama_uk,@wagamama_uk,Unknown,0,2
davidhansonmp,davidhansonmp,Unknown,0,2
@jamesduddridge,@jamesduddridge,Unknown,0,2
rhunapiorwerth,rhunapiorwerth,Unknown,0,2
graham_galpin,graham_galpin,Unknown,0,2
@nigeldoddsdup:,@nigeldoddsdup:,Unknown,0,1
@eppgroup,@eppgroup,Unknown,0,1
@bublang,@bublang,Unknown,0,1
@uk_music,@uk_music,Unknown,0,1
katiesdad52,katiesdad52,Unknown,0,2
@cochraneuk,@cochraneuk,Unknown,0,1
@siobhain_mp,@siobhain_mp,Unknown,0,1
dogstrust,dogstrust,Unknown,0,2
jamie_wallis,jamie_wallis,Unknown,0,2
mimsdavies,mimsdavies,Conservative,7,2
85vickyc,85vickyc,Unknown,0,2
@andy4wm!,@andy4wm!,Unknown,0,1
bushtheatre,bushtheatre,Unknown,0,2
@commonscms,@commonscms,Unknown,0,1
@meshcampaign,@meshcampaign,Unknown,0,1
@michaelgove,@michaelgove,Unknown,0,7
jennychapman,jennychapman,Unknown,0,6
conservatives,conservatives,Unknown,0,34
stephenkb,stephenkb,Unknown,0,2
jeanetteorrey,jeanetteorrey,Unknown,0,2
gwynnemp,gwynnemp,Labour,16,10
@keepnhspublic,@keepnhspublic,Unknown,0,1
yellabelly6,yellabelly6,Unknown,0,6
thetfordmayor,thetfordmayor,Unknown,0,2
nottmcommunity,nottmcommunity,Unknown,0,2
carolynharris24,carolynharris24,Labour,10,8
hcnichailey,hcnichailey,Unknown,0,2
conservativepf,conservativepf,Unknown,0,2
mattwestern_,mattwestern_,Labour,2,2
@brichaimbeul,@brichaimbeul,Unknown,0,1
@easyjet,@easyjet,Unknown,0,1
the_tuc,the_tuc,Unknown,0,6
kingscollegenhs,kingscollegenhs,Unknown,0,2
@blackpoolcarers,@blackpoolcarers,Unknown,0,1
ed_miliband,ed_miliband,Labour,3,2
@commonsinttrade,@commonsinttrade,Unknown,0,1
greenpeaceuk,greenpeaceuk,Unknown,0,2
chrism4chester,chrism4chester,Labour,1,4
normanlamb,normanlamb,Liberal Democrat,11,14
@parkstlocal,@parkstlocal,Unknown,0,1
mytimesplus,mytimesplus,Unknown,0,2
@majgenrmagowan,@majgenrmagowan,Unknown,0,1
paulmaynarduk,paulmaynarduk,Unknown,0,2
@conservatives,@conservatives,Unknown,0,17
mallingsch,mallingsch,Unknown,0,2
royalfamily,royalfamily,Unknown,0,2
paulblewis1,paulblewis1,Unknown,0,2
coopuk,coopuk,Unknown,0,2
marcusfysh,marcusfysh,Conservative,2,0
@talktogenesis,@talktogenesis,Unknown,0,1
@ceramfed:,@ceramfed:,Unknown,0,1
@geek_of_nature,@geek_of_nature,Unknown,0,1
@tfl,@tfl,Unknown,0,1
jessicaelgot,jessicaelgot,Unknown,0,2
@pickardje,@pickardje,Unknown,0,1
@rachaelmaskell,@rachaelmaskell,Unknown,0,6
aloksharma_rdg,aloksharma_rdg,Conservative,1,4
theresecoffey,theresecoffey,Conservative,2,6
news_letter,news_letter,Unknown,0,2
@gwynnemp,@gwynnemp,Unknown,0,5
keeleymp,keeleymp,Labour,3,2
petertatchell,petertatchell,Unknown,0,2
@montie,@montie,Unknown,0,2
@robertcraigchf,@robertcraigchf,Unknown,0,1
thomasforth,thomasforth,Unknown,0,2
justtreatmentuk,justtreatmentuk,Unknown,0,2
unisontweets,unisontweets,Unknown,0,2
@sandyofipswich,@sandyofipswich,Unknown,0,3
@aloksharma_rdg,@aloksharma_rdg,Unknown,0,2
@festival_learn,@festival_learn,Unknown,0,1
childrensairamb,childrensairamb,Unknown,0,2
@leodochertyuk,@leodochertyuk,Unknown,0,1
kenzeroharm,kenzeroharm,Unknown,0,4
michaelrosenyes,michaelrosenyes,Unknown,0,2
bwmarkettooting,bwmarkettooting,Unknown,0,2
walkerworcester,walkerworcester,Conservative,3,2
@davidgauke,@davidgauke,Unknown,0,8
@lamberchelo,@lamberchelo,Unknown,0,1
@onlyboysaloud,@onlyboysaloud,Unknown,0,1
joy4bishoptown,joy4bishoptown,Unknown,0,2
@jonathancowie,@jonathancowie,Unknown,0,1
@peachlawuk,@peachlawuk,Unknown,0,1
miss_mcinerney,miss_mcinerney,Unknown,0,2
angelarayner,angelarayner,Labour,1,24
asurreylady,asurreylady,Unknown,0,2
investstirling,investstirling,Unknown,0,2
rosieoglesby,rosieoglesby,Unknown,0,2
northsheffield,northsheffield,Unknown,0,2
prueleith,prueleith,Unknown,0,2
abelliorailbus,abelliorailbus,Unknown,0,2
@lindsaygrahamuk,@lindsaygrahamuk,Unknown,0,2
@amandamilling,@amandamilling,Unknown,0,1
@frozenwarning,@frozenwarning,Unknown,0,1
@womeninfit_out,@womeninfit_out,Unknown,0,1
jprestondiggles,jprestondiggles,Unknown,0,2
@electoralcommuk,@electoralcommuk,Unknown,0,1
gavnewlandssnp,gavnewlandssnp,Scottish National Party,5,8
13pilgrim,13pilgrim,Unknown,0,6
@glasgowcitydeal,@glasgowcitydeal,Unknown,0,1
@policechiefs,@policechiefs,Unknown,0,1
@emmareynoldsmp!),@emmareynoldsmp!),Unknown,0,1
@labourdwp,@labourdwp,Unknown,0,1
@andrew_adonis,@andrew_adonis,Unknown,0,3
@gussyjackson,@gussyjackson,Unknown,0,1
@unistrathclyde,@unistrathclyde,Unknown,0,1
paulblomfieldmp,paulblomfieldmp,Unknown,0,4
lancashiremb,lancashiremb,Unknown,0,2
@yougov,@yougov,Unknown,0,1
metofficeuk,metofficeuk,Unknown,0,2
rebeccaharrismp,rebeccaharrismp,Conservative,2,0
@nca_uk,@nca_uk,Unknown,0,1
ruthdavidsonmsp,ruthdavidsonmsp,Unknown,0,8
ajogee,ajogee,Unknown,0,2
agcolehamilton,agcolehamilton,Unknown,0,2
@stace_ann1,@stace_ann1,Unknown,0,1
@ofstednews,@ofstednews,Unknown,0,1
@davidlinden,@davidlinden,Unknown,0,4
@buckstv,@buckstv,Unknown,0,1
ryanrdavid,ryanrdavid,Unknown,0,2
@owenjones84,@owenjones84,Unknown,0,1
_taraki__,_taraki__,Unknown,0,2
@anggallacher,@anggallacher,Unknown,0,1
steve_hawkes,steve_hawkes,Unknown,0,2
jliffe,jliffe,Unknown,0,2
speyejoe,speyejoe,Unknown,0,2
sandidee25,sandidee25,Unknown,0,2
@gorstewart,@gorstewart,Unknown,0,1
will_m_anderson,will_m_anderson,Unknown,0,2
@kenquinn71,@kenquinn71,Unknown,0,1
drsarahmain,drsarahmain,Unknown,0,2
dailymailuk,dailymailuk,Unknown,0,4
msrachelkelly,msrachelkelly,Unknown,0,2
katie_gazette,katie_gazette,Unknown,0,2
@davepiperdj,@davepiperdj,Unknown,0,1
@douglas4moray,@douglas4moray,Unknown,0,1
