date,username,party_value,tweet,reftweet_username,ments,year_month
2017-12-01,alexsobel,Labour (Co-op),Great to be back at @forcebball as chair of the All Party Parliamentary Group on Basketball https://t.co/RAzcjjdkOj,,@forcebball,2017-12
2017-12-01,johnnymerceruk,Conservative,"Brilliant by @JohnnyMercerUK: The special relationship will outlast Trump, because it's about people not presidents https://t.co/laq7Ep92nR",brushingboots,@JohnnyMercerUK:,2017-12
2017-12-01,patmcfaddenmp,Labour,@DoreenTipton on stage ready to switch on the Bilston Christmas lights. https://t.co/V7GpZH9ULS,,@DoreenTipton,2017-12
2017-12-01,mikeamesburymp,Labour,Today I demanded Jeremy Hunt come to Commons to explain to our constituents why they will have to wait longer for operations as a result of Tory underfunding of our NHS https://t.co/YNdzCUgR1X,JonAshworth,,2017-12
2017-12-01,carolinenokes,Conservative,Romsey’s fantastically talented young people performing in @romseyabbey tonight in aid of @GeorgesTrust - great performances from @Romseyyouth and others,,"@romseyabbey, @GeorgesTrust, @Romseyyouth",2017-12
2017-12-01,bobblackman,Conservative,"Wonderful community event organised by #FriendsofHarrowWealdRecreation Centre celebrating new Christmas lights attended by: #HarrowEast #Conservatives #BobBlackman MP, #Councillors, @StephenGreek, FHWRC Member: @CarenDuhig, Leader of #HarrowCouncil @SachRShah, musicians &amp; public! https://t.co/pJN31WLBgg",deanne_keanne,"@StephenGreek,, @CarenDuhig,, @SachRShah,",2017-12
2017-12-01,alison_mcgovern,Labour,this is an extraordinary thread: https://t.co/QsliDJmXzP,faisalislam,,2017-12
2017-12-01,rhonddabryant,Labour,@wbinfo61 Stop flirting.,,@wbinfo61,2017-12
2017-12-01,davidlinden,Scottish National Party,@carbunclebuck  https://t.co/mJ9ahtsc8G,,@carbunclebuck,2017-12
2017-12-01,mimsdavies,Conservative,We are discussing constitutional &amp; voting changes and once again no sign of the #LibDems. Thought this was their favourite subject ? https://t.co/rUPsh06KWy,,,2017-12
2017-12-01,peterboneuk,Conservative,Now to 2nd Reading vote - no division this time... Parly Constituencies Bill now goes to Committee. A googlie for Govt.....,DArcyTiP,,2017-12
2017-12-01,peterkyle,Labour,@lamberchelo @SouthernRailUK @Southern_Trains @Argus_JoelA It was in the Tory manifesto too! I have pressed and challenged and begged them to get on and implement it,lamberchelo,"@lamberchelo, @SouthernRailUK, @Southern_Trains, @Argus_JoelA",2017-12
2017-12-01,mikegapes,Labour (Co-op),Donald Trump's former national security adviser pleads guilty to lying to FBI over contacts with Russia https://t.co/0UUzAS4gYO,SkyNews,,2017-12
2017-12-01,liamfox,Conservative,Visit to Cicada Innovations Tech Hub in Sydney https://t.co/UnUeGSVHBe,,,2017-12
2017-12-01,s_hammond,Conservative,"My latest community email went out yesterday, with news on Wimbledon Police Station, Brexit, #MuckyMerton and more. You can read it on my website here: https://t.co/NTTmiYFkYH",,,2017-12
2017-12-01,angelasmithmp,Labour,The very same @angelasmithmp who graced @BBCCountryfile in person few weeks back https://t.co/Q9g7vM2iSo,tomheapmedia,"@angelasmithmp, @BBCCountryfile",2017-12
2017-12-01,meaglemp,Labour,WATCH: @meaglemp gives me her reaction to the #OldTyresKill bill being opposed in Parliament. https://t.co/tTN5OgNlvb,GeorgieProRadio,@meaglemp,2017-12
2017-12-01,stuart_mcdonald,Scottish National Party,A very special evening at @TheTempleChurch with @thebarcouncil &amp; @RefugeeTales discussing Indefinite Detention &amp; #theRuleofLaw. Beautiful reading by Niamh Cusack. Pleased to reassure audience of @theSNP MPs support for an end to indefinite detention https://t.co/v6Tf1Kr21W,joannaccherry,"@TheTempleChurch, @thebarcouncil, @RefugeeTales, @theSNP",2017-12
2017-12-01,lordwalney,Labour,"This story ... 
”Poppi Worthington's father refuses to answer questions AGAIN”
 https://t.co/ToYWHcdCPc",theJeremyVine,,2017-12
2017-12-01,jochurchill4,Conservative,It’s cold and wet today so if in town why not take a few minutes and pop in to the Apex and have a cuppa and look around. Worth a visit  #opif @Jochurchill4 https://t.co/x5esaPl3Vf,BuryFlyer,@Jochurchill4,2017-12
2017-12-01,karlturnermp,Labour,Donald Trump is promoting the propaganda of a racist far right group. His invite to visit the UK in 2018 should be immediately withdrawn. https://t.co/oOxRG7TTmj,ChukaUmunna,,2017-12
2017-12-01,j_donaldson_mp,Democratic Unionist Party,And if the UK offer is unacceptable to the EU then they clearly want a hard Brexit and that will be devastating for the Irish Republic. Dublin has a clear choice to make. EU inspired hard Brexit or move to next stage of negotiations and resolve Irish border issues pragmatically. https://t.co/lnM85pZLYv,rtenews,,2017-12
2017-12-01,wesstreeting,Labour,Roding Valley #SixthForm #OpenEvening Thurs 7th December. Doors open at 6pm. External students welcome. #Aspiration #Respect #Endeavour #Loughton #ALevel #Success https://t.co/Lmkm4nGXvE,RodingValleyHS,,2017-12
2017-12-01,jreynoldsmp,Labour (Co-op),MPs are voting on a closure motion to stop the Tory filisbuster of the #BoundariesBill result around 1.10pm,labourwhips,,2017-12
2017-12-01,hywelplaidcymru,Plaid Cymru,Thanks for your support #everycanhelps https://t.co/nvDBXcLKLF,Tesco_Wales,,2017-12
2017-12-01,liamfox,Conservative,A fantastic setting and GREAT speech by Secretary of State for International Trade @LiamFox https://t.co/BuweZZ8SYT,tradegovukAUS,@LiamFox,2017-12
2017-12-01,chukaumunna,Labour,Our School council and Eco warriors are volunteering at @foodbankNorwood today #Pupilvoice #community #Streatham #Lambeth https://t.co/u5WzF2vaXe,SunnyhillSW16,@foodbankNorwood,2017-12
2017-12-01,tracybrabin,Labour (Co-op),Whizzing down on train from #batleyandspen for votes supporting @Afzal4Gorton and his bill to get rid of Govt's cynical boundary changes review. https://t.co/HpOVDJUfcs,,@Afzal4Gorton,2017-12
2017-12-01,greghands,Conservative,"We have launched recruitment for the Director General - Chief Exports Officer, in DIT, to lead delivery of the Government's exports strategy &amp; put exports at the heart of 🇬🇧 growth. Find out more: https://t.co/RMN9cwafV0 https://t.co/QJBhS7vw9n",AntoniaRomeoUK,,2017-12
2017-12-01,louhaigh,Labour,I’ve written to Theresa May: today’s allegations about Damian Green show we need part 2 of the Leveson Inquiry. https://t.co/U0cPzZrMdo,tom_watson,,2017-12
2017-12-01,laboursj,Labour,"Announcing 50:50 press release for inspirational #AskHerToStand event in Parliament on Monday 4 Dec - start with a rally on the railings at 5.30. Look here:
https://t.co/nczIYPpnnN …
Book tickets at 
https://t.co/z8L7fsrxq0 … https://t.co/4DOpXwpIjm",5050Parliament,,2017-12
2017-12-01,dawnbutlerbrent,Labour,Independent analysis shows 86% of cuts have fallen on the shoulders of women. I have signed a letter to @JustineGreening demanding they publish a comprehensive equality impact assessment of #Budget2017 and future policies https://t.co/0j1Xzn8663,SharonHodgsonMP,@JustineGreening,2017-12
2017-12-01,lukepollard,Labour (Co-op),Absolutely right questions to be asking. https://t.co/ZPNqMGR0LY,AndyMcDonaldMP,,2017-12
2017-12-01,mike_fabricant,Conservative,"""Obnoxious comments""????
#dogetoutmore https://t.co/da9TUCWxpc",Oodleew1987,,2017-12
2017-12-01,stephengethins,Scottish National Party,"Happy #StAndrewsDay! 2 days to go for our celebrations this Sat 2nd Dec For more info: https://t.co/7ZJurHkfSB. Watch First Minister Nicola Sturgeon celebrate St Andrew’s Day, a time to highlight the values of compassion and solidarity #BeLikeStAndrew @ScotGovFM @EventScotNews https://t.co/AOifeAIUt0",BidStAndrews,"@ScotGovFM, @EventScotNews",2017-12
2017-12-01,barrysheerman,Labour (Co-op),Govt determination to leave Customs Union &amp; Single Market has brought this crisis over Irish border down on them @BBCNews,,@BBCNews,2017-12
2017-12-01,karenpbuckmp,Labour,This Saturday is #smallbizsatuk    It will be a huge opportunity for communities to show their support for small businesses that play such a critical role. Our research shows over 90% of small businesses believe they have an important role to play in their community. https://t.co/9dvX7e72eb,FSBGtrLondon,,2017-12
2017-12-01,tobyperkinsmp,Labour,"How did @Whitehornes end up with Blue, White and Gold company colours? Come on @wit_xx , I expect better of you. https://t.co/8z5qThoKnj",Whitehornes,"@Whitehornes, @wit_xx",2017-12
2017-12-01,jimfromoldham,Labour (Co-op),@flbhatti @Afzal4Gorton @mariacaulfield @HouseofCommons @PeterBoneUK @meaglemp Thanks for your hard work Farrah,flbhatti,"@flbhatti, @Afzal4Gorton, @mariacaulfield, @HouseofCommons, @PeterBoneUK, @meaglemp",2017-12
2017-12-01,cpjelmore,Labour,"It would most definitely not be appropriate for Donald Trump to attend the Royal Wedding. Re-tweeting Britain First is just a symptom of why he must not be given this privilege: 
https://t.co/w4swuOPXSL",,,2017-12
2017-12-01,joswinson,Liberal Democrat,@LiberalVision Not true. These were not 'facts everyone knew' at the time and the women do not regard it that way. https://t.co/IZIoH5gE9Z,LiberalVision,@LiberalVision,2017-12
2017-12-01,bambos_mp,Labour,It is with great sadness that the #mesh community learns of the death of Chrissy who became resistant to #antibiotics after a #TVT implant to fix #incontinence @OwenSmith_MP @LizTV @EmmaHardyMP @MBLacey @JackieDP  @Meshgirlni Seen here in #CTV documentary https://t.co/Rp2M4ikJWJ https://t.co/9LeY5nQDsC,MeshCampaign,"@OwenSmith_MP, @LizTV, @EmmaHardyMP, @MBLacey, @JackieDP, @Meshgirlni",2017-12
2017-12-01,jimfromoldham,Labour (Co-op),"Surely a significant contributing factor is the investment made in new technologies, plant and machinery, as well as decent technical education #Productivity https://t.co/81rrGg3vSH",FullFact,,2017-12
2017-12-01,sharonhodgsonmp,Labour,Independent analysis shows 86% of cuts have fallen on the shoulders of women. I have signed a letter to @JustineGreening demanding they publish a comprehensive equality impact assessment of #Budget2017 and future policies https://t.co/0j1Xzn8663,,@JustineGreening,2017-12
2017-12-01,rupahuq,Labour,Muslim attacks four British youth. @realDonaldTrump https://t.co/Ab0vlhVGEx,m_tisserand,@realDonaldTrump,2017-12
2017-12-01,emmahardymp,Labour,Raised in Commons the potential removal from Hull of the replica of Amy Johnson’s Jason plane built by inmates at Hull Prison that has been displayed at Hull’s Paragon Station during City of Culture 2017. https://t.co/VyFBZxnCVv,DianaJohnsonMP,,2017-12
2017-12-01,stevebakerhw,Conservative,"Following so soon after the opening of nearby Chiltern Taps, the renovation of O’Neill’s is good news for nights out in #HighWycombe https://t.co/SuqpW6148Y",WycombeToday,,2017-12
2017-12-01,nadinedorries,Conservative,GQ Staff Wish They’d Never Met Corbyn https://t.co/1AyQnTxipU,GuidoFawkes,,2017-12
2017-12-01,valerie_vazmp,Labour,Thank you @MrBrendanCox for continuing to show the world what moral courage is https://t.co/2Jq2zit3Ue,ChelseaClinton,@MrBrendanCox,2017-12
2017-12-01,toniaantoniazzi,Labour,It is with great sadness that the #mesh community learns of the death of Chrissy who became resistant to #antibiotics after a #TVT implant to fix #incontinence @OwenSmith_MP @LizTV @EmmaHardyMP @MBLacey @JackieDP  @Meshgirlni Seen here in #CTV documentary https://t.co/Rp2M4ikJWJ https://t.co/9LeY5nQDsC,MeshCampaign,"@OwenSmith_MP, @LizTV, @EmmaHardyMP, @MBLacey, @JackieDP, @Meshgirlni",2017-12
2017-12-01,nickherbertcbe,Conservative,"Brilliant to see @nickherbertmp speaking up for #UKaid 🇬🇧 👍

""The clear majority of studies show that aid has a long-term, positive effect on a wide range of development-related indicators."" 🌍 🙌 https://t.co/uznfAZ2EIt",ONEintheUK,@nickherbertmp,2017-12
2017-12-01,dominicraab,Conservative,"Up early for an In Conversation breakfast event with local business group, Connect. Good discussion on student debt, Brexit, home ownership and reaching out to younger voters. https://t.co/RXuMulJszB",,,2017-12
2017-12-01,gradysnp,Scottish National Party,"An Aids-free generation is possible, but efforts can't stop - great to support @RestlessDev &amp; friends for #WorldAidsDay #ItAintOver https://t.co/MNQCm7APIF",,@RestlessDev,2017-12
2017-12-01,marklancastermk,Conservative,"@MarkLancasterMK @DefenceHQ @DenisKeefe @mo_i_vs @CWGC Minister for UK Armed Forces @MarkLancasterMK in Belgrade:
""Celebrating our longstanding and fruitful bilateral relationship with #Serbia""

#uksrb180🇬🇧🇷🇸 #GlobalBritain https://t.co/J7yofPfct0",ukinserbia,"@MarkLancasterMK, @DefenceHQ, @DenisKeefe, @mo_i_vs, @CWGC, @MarkLancasterMK",2017-12
2017-12-01,wesstreeting,Labour,"Have you seen 14-year-old Natalia Sheridan who is missing from South Woodford? Last seen on Thursday, 30 November. Please call police on 101 if you spot her https://t.co/wvl7Sqy6lp",MPSRedbridge,,2017-12
2017-12-01,nadhimzahawi,Conservative,RT @StratfordBForum: Fantastic news https://t.co/ib7vm8Yo7M,,@StratfordBForum:,2017-12
2017-12-01,afzal4gorton,Labour,My Private Members Bill on Parliamentary Constituencies has its second reading this morning. Here's why I'm proposing it: https://t.co/k1EUMeRg6V,,,2017-12
2017-12-01,danjarvismp,Labour,Much appreciated @DanJarvisMP It was a cracking crowd to perform for. https://t.co/Bocx3A3ILR,LukeDickson1,@DanJarvisMP,2017-12
2017-12-01,wesstreeting,Labour,Great to drop into the Barkingside Christmas lights switch on in between surgery appointments today. Disability cuts the big theme of casework.,,,2017-12
2017-12-01,tpearce003,Labour,FT WEEKEND: Flynn pleads guilty to lying over Russian ties #tomorrowspaperstoday https://t.co/t08I01ihHV,hendopolis,,2017-12
2017-12-01,drewhendrysnp,Scottish National Party,Admire @BBCJamesCook writing this. I recall him as approximating fair-dealing in his 2014 questioning during #indyref: https://t.co/rsVRotbZiZ https://t.co/1fc3AsuKlg,thoughtland,@BBCJamesCook,2017-12
2017-12-01,virendrasharma,Labour,Britain deserves a holiday. Sign and share this campaign. #RoyalWedding #bankholiday  https://t.co/F8BbvgI4za,,,2017-12
2017-12-01,sharonhodgsonmp,Labour,Join call from @rcpsych to #StopMHCuts - if £ do not come through children &amp; young people will continue to be turned away from mental health services as they are not ill enough https://t.co/n7dg4EVdFU,KeeleyMP,@rcpsych,2017-12
2017-12-01,pritipatel,Conservative,Today is World AIDS Day 1 Dec https://t.co/wrHcMZMgHr,GlobalFund,,2017-12
2017-12-01,alewermbe,Conservative,"Tomorrow is #SmallBusinessSaturday We need to support #Northampton small businesses like Arthur's, He owns Chata Restaurant in St Giles St. @NorthamptonBID #BTW Excellent food and such a warm welcome https://t.co/FbRryd520A",,@NorthamptonBID,2017-12
2017-12-01,angelarayner,Labour,"@MissJones_14 It raises the importance of basic skills that is the building blocks of learning, but we shouldn't be drawn to a false equivalence between that &amp; play-based learning, which we know plays an important role in wider child development; the best early years education balances both.",MsJones_14,@MissJones_14,2017-12
2017-12-01,benmlake,Plaid Cymru,"Cafodd @BenMLake fis Tachwedd prysur tu hwnt yn gweithio dros Geredigion a Chymru / Ben Lake MP had a very busy November working for #Ceredigion and #Wales. Here's what he's been doing:
https://t.co/Ds2dzvTwzg",Plaid_Cymru,@BenMLake,2017-12
2017-12-01,wesstreeting,Labour,Deeply concerning that Uber drivers are allowed to drive for 60+ hours a week. Now asking Uber AGAIN how many are driving for 70/80 hours. More needed from Uber to ensure safety on our streets. https://t.co/lhT4dlFhKC,RachelReevesMP,,2017-12
2017-12-01,patmcfaddenmp,Labour,Huge crowd here in Bilston now for the switch on. @signal107 @DickyDodd @DoreenTipton https://t.co/iM8kvb1cCu,,"@signal107, @DickyDodd, @DoreenTipton",2017-12
2017-12-01,hollylynch5,Labour,"Ever fancied becoming a Firefighter? @WYFRS are having a recruitment open day on 9th Dec, 10am-12noon at Halifax station. More info here; https://t.co/aamM071muB",,@WYFRS,2017-12
2017-12-01,bphillipsonmp,Labour,@Lellyland Can you please contact my office by telephone or send an email with further details if you need assistance? Thanks very much.,Lellyland,@Lellyland,2017-12
2017-12-01,karlturnermp,Labour,"Search term today ""advantages of rejecting a Part 36 offer"".",CivilLitTweet,,2017-12
2017-12-01,annaturley,Labour (Co-op),"House of Commons' Brexit committee warns they ""do not currently see"" how a customs border can be avoided with Ireland https://t.co/GYzcBLdnNO",SkyNews,,2017-12
2017-12-01,angusmacneilsnp,Scottish National Party,"#GoodNews ""Royal Bank"" have already climbed down (after my correspondence with them) on their threat to the cash-machine in Castlebay Barra - but fight for sense &amp; reason continues. https://t.co/vZZ9K7jiFC",AngusMacNeilSNP,,2017-12
2017-12-01,stevereedmp,Labour (Co-op),Remarkable to reflect that if Trump was still a mere TV star he would now have been fired over the myriad sexual assault allegations against him.,mrjamesob,,2017-12
2017-12-01,skinnock,Labour,Carl Sargeant's close friend speaking at his funeral today said Mr Sargeant will be remembered for 'the kindness and justice that he showed in the campaigns he fought.' https://t.co/XihAFaxBRa https://t.co/ngFxlhD4OJ,ITVWales,,2017-12
2017-12-01,greghands,Conservative,"Unbelievably three of my prosthetic legs were stolen from my car on Sunday in SW6 by Megan's restaurant, no value to anyone other than me. Please share with anyone who lives in Fulham area just in case they randomly see them discarded somewhere! Thank you x",VmilliganMe,,2017-12
2017-12-01,alisonthewliss,Scottish National Party,Feeling very festive at @TownheadVillage! Forgot to bring my Santa hat to my surgery. ❄️ ☃️ 🤶🎄 https://t.co/2zUN1DZJwl,,@TownheadVillage!,2017-12
2017-12-01,dominicraab,Conservative,The @Conservatives are helping more people get on the housing ladder and buy a home of their own🏡 https://t.co/p4dZjHz1v5,carriesymonds,@Conservatives,2017-12
2017-12-01,kitmalthouse,Conservative,Calling all Andoverians - Xmas food collection at @Tesco today and tomorrow 10-5pm.  Well done to all the team. https://t.co/iTKYHz9un1,,@Tesco,2017-12
2017-12-01,angelaeagle,Labour,Shame on them #OldTyresKill https://t.co/pjjvSi1wCT,tyreduk,,2017-12
2017-12-01,hannahb4livimp,Scottish National Party,"Today is #WorldAIDSDay A day to unite in the fight against HIV, show support for people living with HIV and to commemorate those who've died from an AIDS-related illness, we're #ByYourSide. So much respect for @HIVScotland @WaverleyCare campaigning tirelessly on HIV issues",StonewallScot,"@HIVScotland, @WaverleyCare",2017-12
2017-12-01,drrosena,Labour,"2 x fantastic opportunities to canvas this weekend on behalf of our wonderful local candidates. 

1️⃣ Saturday @ 2pm meet at Tooting Bec Tube 🚇

2️⃣ Sunday @ 2pm meet at Earlsfield Station 🚂

It’s time for a change in Wandsworth
#VoteLabour https://t.co/Mu4femvQOo",TootingLabour,,2017-12
2017-12-01,toniaantoniazzi,Labour,Nadolig llawen! Join us for some hot gin punch @CheersWines tomorrow from 11am 💙🌲💙#ginmas https://t.co/ail57FmnyO,GowerGinCompany,@CheersWines,2017-12
2017-12-01,liliangreenwood,Labour,"Great to see #Nottingham featured live on #ThisMorning for Harry &amp; Meghan’s first official engagement, receiving a fabulous #nottingham welcome. https://t.co/K6zbEBh0j4",sally_radford60,,2017-12
2017-12-01,greghands,Conservative,"The UK Single Market is the most important market for Northern Ireland, accounting for 60% of exports, far far more than the EU. Irish Sea trade barriers make no sense for NI (or RoI). https://t.co/ErfpIWRxam",CJCHowarth,,2017-12
2017-12-01,mimsdavies,Conservative,"SPORT: #England have been drawn alongside Panama, Belgium and Tunisia for the 2018 football World Cup in Russia",wave105radio,,2017-12
2017-12-01,nadhimzahawi,Conservative,#OTD 1919: Nancy Astor became the first woman to sit as an MP in the @HouseofCommons. https://t.co/od4uonFgwK https://t.co/AUSXBUAN9H,UKParliament,@HouseofCommons.,2017-12
2017-12-01,theresecoffey,Conservative,"After visiting Copenhagen, have crossed ""The Bridge"" to Malmo and will look at the Swedish DRS system",,,2017-12
2017-12-01,afzal4gorton,Labour,Much appreciated Tracy! https://t.co/faI0zc7TFf,TracyBrabin,,2017-12
2017-12-01,hollylynch5,Labour,Good to see the UN taking plastic waste so seriously. The more international cooperation on this the better. 'Zero tolerance' plan eyed for plastic pollution https://t.co/JYMeZPrv1Q,,,2017-12
2017-12-01,robertbuckland,Conservative,"Very busy &amp; productive @bw_businesswest meeting at @OfficeJTMP with @RobertBuckland to discuss the Budget, Brexit, Industrial Strategy, Regeneration, Institute of Technology &amp; the proposed new Art Gallery 📊 https://t.co/c292jntFoX",JustinTomlinson,"@bw_businesswest, @OfficeJTMP, @RobertBuckland",2017-12
2017-12-01,sdoughtymp,Labour (Co-op),Just... what?? Look forward to @Jacob_Rees_Mogg explaining this one next week in Commons. Sinister. https://t.co/JEi84zGhzo,,@Jacob_Rees_Mogg,2017-12
2017-12-01,benmlake,Plaid Cymru,Mae'n dod yn fwyfwy amlwg bod amgen i ni gyflwyno model newydd o fancio - model sy'n gwneud gwell ymgais i ymrwymo i gefnogi cymunedau lleol.,BenMLake,,2017-12
2017-12-01,willquince,Conservative,"This Christmas tree debate turned very nasty 
https://t.co/rB6tOypwpI",TheGazette,,2017-12
2017-12-01,stevebakerhw,Conservative,"The Speen Church Advent Calendar is back at https://t.co/kpl0ysaRE0. 

1 Dec:

""For God loved the… https://t.co/mMW32jutHh",,,2017-12
2017-12-01,nickhurduk,Conservative,"On this 30th #WorldAIDSDay, I am proud to wear the red ribbon in support of everyone living with HIV. https://t.co/OXkPvisYdi",theresa_may,,2017-12
2017-12-01,hughgaffneyccb,Labour,"Today is #WorldAIDSDay

With education, early detection and treatment we can end AIDS.",jon_trickett,,2017-12
2017-12-01,jackdromeymp,Labour,Congratulations to Mike Sharpe and @MickBrown3 on being selected to run as #Erdington @UKLabour candidates for #May18,,"@MickBrown3, @UKLabour",2017-12
2017-12-01,halfon4harlowmp,Conservative,Talking to the impressive students @StewardsAcademy about the importance of @TeachingSTEM apprenticeships and the importance of them in this current economic climate https://t.co/Fl5JEwAv9W,,"@StewardsAcademy, @TeachingSTEM",2017-12
2017-12-01,kerrymp,Labour,"@MarkAvery That's the response from Defra to my latest WPQ, received this morning.",,@MarkAvery,2017-12
2017-12-01,chrisstephens,Scottish National Party,I have set the record straight on broadband in Scotland after weeks of misinformation from the Tories – letter here: https://t.co/J3yXlXoVPu,FergusEwingSNP,,2017-12
2017-12-01,ruthsmeeth,Labour,"@hms_albion deploys 200 @RoyalMarines Cdos &amp; 175t kit by LC&amp;CdoMerlin - flexible, scalable &amp; agile. @RoyalNavy @MajGenRMagowan @40commando https://t.co/NgCcR4uGNb",hms_albion,"@hms_albion, @RoyalMarines, @RoyalNavy, @MajGenRMagowan, @40commando",2017-12
2017-12-01,dougchapmansnp,Scottish National Party,"Such a momentous occasion and proud to be flying the flag for #healthvisiting and @nhsfife En route to #QNISawards, excited to celebrate with everyone
@nickyconnorfife @KenQuinn71 @lynne_garvey @DougChapmanSNP @S_A_Somerville https://t.co/7yLKueyHri",GemMac_RM_HV_QN,"@nhsfife, @nickyconnorfife, @KenQuinn71, @lynne_garvey, @DougChapmanSNP, @S_A_Somerville",2017-12
2017-12-01,jojohnsonuk,Conservative,"Best wishes, from all of us here at the British High Commission, to everyone who is today celebrating #EidMiladunNabi - in Pakistan, in the U.K. and around the world. https://t.co/4eKiacWTn4",TomDrewUK,,2017-12
2017-12-01,tomtugendhat,Conservative,"Carbon monoxide is a silent killer - around 4,000 people go to A&amp;E each year with symptoms of carbon monoxide poisoning. I therefore support @EddieHughes4WN bill to protect the 12 million households still at risk. #silentkiller",CPhilpOfficial,@EddieHughes4WN,2017-12
2017-12-01,andrewrosindell,Conservative,"A great day in Romford Market with Foreign Secretary, Boris Johnson - a fantastic welcome from everyone, shoppers, market traders and local residents....all supporting the campaign to ""Keep Havering Special!"" and looking forward to getting out of the EU! 🇬🇧 https://t.co/OnNzjBCIIe",,,2017-12
2017-12-01,jreynoldsmp,Labour (Co-op),"FOX NEWS HOST TO @tedcruz: You cool working with alleged child molester Roy Moore if he's elected?

CRUZ: Sure, no problem, that's up to the voters.

FOX NEWS HOST: And what about alleged groper Al Franken?

CRUZ: Now that's a very serious problem. I'm extremely concerned. https://t.co/1QzMq0Hud5",atrupar,@tedcruz:,2017-12
2017-12-01,drewhendrysnp,Scottish National Party,🔍 FACTCHECK: Scotland is leading the way on broadband expansion. Read more: https://t.co/s2k5jPtHlF #FMQs https://t.co/e6j0BOLJR0,theSNP,,2017-12
2017-12-01,carolinenokes,Conservative,@AbbieBartley_ Of course - can you drop me an email and we can sort out dates?,,@AbbieBartley_,2017-12
2017-12-01,richardburgon,Labour,My new piece for the Huffington Post on how the battle to reverse Legal Aid cuts is stepping up a gear. https://t.co/BHQujOWHDv,,,2017-12
2017-12-01,bill_esterson,Labour,@Bill_Esterson can you please give this your support today Bill? https://t.co/7E77gN2Xx8,magicianjohn,@Bill_Esterson,2017-12
2017-12-02,richardgrahamuk,Conservative,"Awarding Bryson, Mike &amp; Adam their book tokens &amp; copies of my Xmas card done by them #Coney Hill Primary. An Outstanding school in all ways https://t.co/v4wnblaP5E",,,2017-12
2017-12-02,huwmerriman,Conservative,"When there is so much negativity to be found, this is a beautiful and moving piece of work. Well done #BBC. https://t.co/rDNOvlonAn",BBCOne,,2017-12
2017-12-02,mikegapes,Labour (Co-op),"General Flynn. 
A primer for Brits.
Had contract with Cambridge Analytica - now being investigated by Electoral Commission over Brexit role. In this extraordinary video he talks about ‘digital soldiers’ engaged in ‘irregular warfare’ run ‘like an insurgency’. https://t.co/BcJehBnDL9",carolecadwalla,,2017-12
2017-12-02,ruthsmeeth,Labour,Lovely visit to @barewall in Burslem for #SmallBizSat. Beautiful local artwork and huge thanks to Amanda for being such a local dynamo https://t.co/8GXM7iE53n,,@barewall,2017-12
2017-12-02,ianclucas,Labour,Work in progress https://t.co/lwWff4F3yz,BrynLaw,,2017-12
2017-12-02,huddlestonnigel,Conservative,Starting my tour of businesses in the constituency as part of small businesses Saturday at Mr Chill's Traditional Tweet Emporium in Evesham.  #SmallBizSatUK @SmallBizSatUK https://t.co/v3KVWovX0Q,,@SmallBizSatUK,2017-12
2017-12-02,rachaelmaskell,Labour (Co-op),Celebrating #York ability and talent at #YorkDisabilityPride https://t.co/qpBOq74QIo,,,2017-12
2017-12-02,alanmakmp,Conservative,A great place for lunch on Small Business Saturday or any other day is #Emsworth's Cafe Moka! @SmallBizSatUK #SmallBizSatUK #Havant https://t.co/Uk1wrNeaVA,,@SmallBizSatUK,2017-12
2017-12-02,wera_hobhouse,Liberal Democrat,Today is small business Saturday. Small businesses are the backbone of our communities. Let’s support them! https://t.co/ESrbsrQ9Fy,,,2017-12
2017-12-02,lucympowell,Labour (Co-op),I’ll be a strong pro-Europe voice on Labour’s National Executive Committee. We have to work together if we’re going to make a world that works for everyone. https://t.co/4im6zrT0dE,eddieizzard,,2017-12
2017-12-02,jessphillips,Labour,"RT @EllieCumbo: You know, it isn't difficult to criticise police behaviour re Damian Green *and* agree that downloading porn at work is una…",,@EllieCumbo:,2017-12
2017-12-02,walkerworcester,Conservative,Happy Small Business Saturday 🎊 #SmallBizSatUK Join us throughout the day on @VisitWorcester @WorcesterBID as we celebrate our wonderful #local #independent #business @SmallBizSatUK,phoebe_d1,"@VisitWorcester, @WorcesterBID, @SmallBizSatUK",2017-12
2017-12-02,justinmadders,Labour,Very pleased to pop in to @Tesco on Sutton Way today to support their food bank collection campaign https://t.co/KoYdLjh3R5,,@Tesco,2017-12
2017-12-02,kate_hollernmp,Labour,"Just been revealed that the private companies running the East Coast Line have failed and the taxpayer will have to pick up a bill of up to £2bn.

We must end the scandal of privatisation of our railways and bring them into public ownership so they work for the many, not the few. https://t.co/tx0GPAsBYs",AndyMcDonaldMP,,2017-12
2017-12-02,jessphillips,Labour,@Ros_Sack It's phenomenal! Hope you are well x,Ros_Sack,@Ros_Sack,2017-12
2017-12-02,oliverhealduk,Conservative,Well done to Knights Templar Music on the great carol video. Happy Christmas.,,,2017-12
2017-12-02,neill_bob,Conservative,"Germaine Tillion was an anthropologist sent to Ravensbrück aged 26 for fighting in the French resistance. While there, she staged a full-length satirical operetta and wrote the definitive ethnographic account of life inside the camp. She lived until she was 101. https://t.co/RUBjnia9qK",CharlieDinkin,,2017-12
2017-12-02,cajardinemp,Liberal Democrat,When I set up the Social Mobility Commission I told Alan Milburn that his job was to tell truth to power. Looks like this government doesn’t want to listen. His resignation is a huge setback to the social mobility cause. This Brexit fixated government should be ashamed of itself.,nickclegg,,2017-12
2017-12-02,robertsyms,Conservative,@bublang @NadineDorries In Parliament it is normal for staff to access MPs computers also for people to share computers !,bublang,"@bublang, @NadineDorries",2017-12
2017-12-02,stellacreasy,Labour (Co-op),Am 5ft 6 AND 3/4! who are you calling little...... https://t.co/yWBWESoOq6,,,2017-12
2017-12-02,ajonesmp,Conservative,Arrived at @EliteMeatGordon for delicious pork pies on #SmallBizSatUK. https://t.co/jbHj2aDZFR,,@EliteMeatGordon,2017-12
2017-12-02,mikegapes,Labour (Co-op),The confusions that people are getting into over the Damian Green alleged porn case are now so multiple that many may never recover. For journalists there are two stories here: the porn and the police. They don't cancel each other out.,DAaronovitch,,2017-12
2017-12-02,lukegrahamuk,Conservative,Today we’re celebrating #SmallBizSatUK! Did you know that the #RegionalGrowthFund has invested £2.6 billion to help local businesses grow? https://t.co/fLW1oK8IZD @SmallBizSatUK https://t.co/ykcC8NbTie,mhclg,@SmallBizSatUK,2017-12
2017-12-02,stevebakerhw,Conservative,The Autumn Budget is backing small businesses by keeping taxes low and investing in skills and infrastructure https://t.co/doP9PXmto4 #SmallBizSatUK  @SmallBizSatUK https://t.co/EIDmGsFFvh,hmtreasury,@SmallBizSatUK,2017-12
2017-12-02,grahamemorris,Labour,"Just been revealed that the private companies running the East Coast Line have failed and the taxpayer will have to pick up a bill of up to £2bn.

We must end the scandal of privatisation of our railways and bring them into public ownership so they work for the many, not the few. https://t.co/tx0GPAsBYs",AndyMcDonaldMP,,2017-12
2017-12-02,andrewbowie_mp,Conservative,Last week I visited Platform 22 to mark #SmallBusinessSaturday so lucky to have so many small businesses doing great work across West Aberdeenshire and Kincardine! https://t.co/8YbR9JgI4F,,,2017-12
2017-12-02,lucympowell,Labour (Co-op),Lots of Manchester Labour members out in new Deansgate and Piccadilly wards today #Labour #labourdoorstep https://t.co/jm0rk3YZOx,GarryBridges,,2017-12
2017-12-02,stephenmorganmp,Labour,Great to pop into @Aldingbourne_T MAKE in Fratton today for their Christmas market today. Must confess I’m a big fan of what they’re doing in Pompey https://t.co/XsoyuoKVsU,,@Aldingbourne_T,2017-12
2017-12-02,mikeamesburymp,Labour,@DivaManc @MikeKaneMP @JimfromOldham Very supportive but never saw the letter to sign. Thanks  Mike A,DivaManc,"@DivaManc, @MikeKaneMP, @JimfromOldham",2017-12
2017-12-02,niagriffithmp,Labour,Mae Sion Corn yn trio dawnsio yn ystod perfformiad gwych gan @ysgoldewisant47     ar gyfer Te ffrindiau Ysbyty #Llanelli https://t.co/8EWQis4YMV,,@ysgoldewisant47,2017-12
2017-12-02,willquince,Conservative,@willquince Secret Vintage World is on at 37 Queen St with loads of wonderful and quirky stalls. 😃,pinkteapot3,@willquince,2017-12
2017-12-02,chrislawsnp,Scottish National Party,"You have a mass shooting every single day in your country, your murder rate is many times that of the UK, your healthcare system is a disgrace, you can’t pass anything through a congress that you control. I would focus on that. https://t.co/SNcqOZGvLQ",MrBrendanCox,,2017-12
2017-12-02,darrenpjones,Labour,"Rather we didn't need #foodbanks, but heartwarming generosity from shoppers and volunteers @TescoGoldenHill. @TrussellTrust #everycanhelps https://t.co/hP5yKE95Io",,"@TescoGoldenHill., @TrussellTrust",2017-12
2017-12-02,preetkgillmp,Labour (Co-op),Please donate food to the Quinton Food Bank at Tescos today. Volunteers from the Trussell Trust are there to help. https://t.co/zptf7h001o,Quinton_Kate,,2017-12
2017-12-02,louhaigh,Labour,"Campaigning w @NorwichLabour @labourlewis and @UNISONEastern today against disastrous cuts to PCSOs 

#CutsHaveConsequences #cutcrimenotPCSOs https://t.co/ZZZFM4Olfs",,"@NorwichLabour, @labourlewis, @UNISONEastern",2017-12
2017-12-02,hannahb4livimp,Scottish National Party,RBS wants to close its Linlithgow branch one of 62 and that's after closing Whitburn. What branches will be left? https://t.co/yNqzlyqy5e,FionaHyslop,,2017-12
2017-12-02,royston_smith,Conservative,"Miss Ellie’s Cafe in the Triangle is a small cafe in the heart of Bitterne Park. Stewart serves all day breakfast, sandwiches and home cooked meals. You only have to look on TripAdvisor to see how popular this little gem is. @SmallBizSatUK #SmallBizSaturday https://t.co/N3hBlBNItA",,@SmallBizSatUK,2017-12
2017-12-02,stephengethins,Scottish National Party,Remember it's #SmallBizSatUK @FSB_Scotland so pls drop in on your local business. Got my steak pie from @MinickStAndrews thanks Stewart https://t.co/efViYMgpRY,,"@FSB_Scotland, @MinickStAndrews",2017-12
2017-12-02,mimsdavies,Conservative,Lovely to see Karen in #FairOak for my last visit on #SmallBizSatUK at The Village Blooms on Fair Oak Rd. I’ve been lucky enough to be sent beautiful flowers 💐 from there before!They are doing some Christmas wreath making classes if you fancy a try on 6th December at Evelyn’s https://t.co/qOfvzlHh1Q,,,2017-12
2017-12-02,geraldjoneslab,Labour,"As Christmas gets closer, business has picked up in Shuzz. Why not drop by and take a look for yourself at the wide range of shoes, handbags and other accessories on offer #SmallBusinessSaturday https://t.co/TlUnfd6uUz",,,2017-12
2017-12-02,jonashworth,Labour (Co-op),"If you're a child of s/one who drinks too much, remember: you're not alone; it's not your fault - &amp; there's help out there for you @NacoaUK https://t.co/3yFPCX5KeA",liambyrnemp,@NacoaUK,2017-12
2017-12-02,amberrudduk,Conservative,Great to meet the small business owners @boroughmarket today and hear how they've pulled together following the horrific events of last June #SmallBizSatUK https://t.co/mV0f5vFVUU,,@boroughmarket,2017-12
2017-12-02,julieforburnley,Labour,Well done Afzal! https://t.co/IzhPYMeAOQ,Afzal4Gorton,,2017-12
2017-12-02,chukaumunna,Labour,Christmas going live!! #Streatham https://t.co/CyHkVAixlY,instreatham,,2017-12
2017-12-02,liliangreenwood,Labour,"🎄🎁 With great new shops, bars and restaurants opened in 2017, plus ample car parking and stress-free public transport options, Christmas shopping in Nottingham is a breeze!  🎁🎄

 https://t.co/I8CnBN3Zgr https://t.co/9TLY5oeF5S",MyNottingham,,2017-12
2017-12-02,lordianaustin,Labour,"David Davis has threatened to resign twice in a fortnight - first over Michael Gove &amp; Boris Johnson's letter on Brexit &amp; now over the Damian Green issue.
Am I alone in wondering if he's actually looking for a way out because the Brexit negotiations are such a complete car crash?",,,2017-12
2017-12-02,lordianaustin,Labour,@nashienet @thetimes Educated properly in Dudley.,,"@nashienet, @thetimes",2017-12
2017-12-02,nus_ghani,Conservative,"This morning @bbcnickrobinson interviewed former neo-#Nazi Nigel Bromage and I about #BritainFirst, #FarRight extremism and the UK #Prevent programme. From 1hr 10m @bbcradio4 @BBCr4today https://t.co/Zp65VGTLfz",WillBaldet,"@bbcnickrobinson, @bbcradio4, @BBCr4today",2017-12
2017-12-02,pauljsweeney,Labour (Co-op),@MatthewDorrance You're welcome to return any time! :),MatthewDorrance,@MatthewDorrance,2017-12
2017-12-02,gradysnp,Scottish National Party,#Maryhill Road lights up as @TracysTree is switched on outside @maryhill_halls - sharing memories of loved ones as Christmas approaches 🎄⭐️❤️🎅 https://t.co/tWwhwBnPKN,,"@TracysTree, @maryhill_halls",2017-12
2017-12-02,hannahb4livimp,Scottish National Party,Compare &amp; contrast independent Ireland’s power inside EU 27 with Scotland’s powerlessness inside UK 4. https://t.co/fr9OSu7PaZ,MrJohnNicolson,,2017-12
2017-12-02,lukegrahamuk,Conservative,"@tinmanrocks @mikemulraney1 @KeithBrownSNP @ClacksCouncil Already contacted On this, will be fighting the decision",,"@tinmanrocks, @mikemulraney1, @KeithBrownSNP, @ClacksCouncil",2017-12
2017-12-02,jessphillips,Labour,@rozakthegoon Very,Olly4Northfield,@rozakthegoon,2017-12
2017-12-02,dianajohnsonmp,Labour,"The new prime minister of Iceland is Katrín Jakobsdóttir: a 41-year-old democratic socialist, feminist, anti-militarist who says Iceland will expand its health-care system, ""go farther than the Paris Accord"" in fighting climate change and strive for increased gender equality. https://t.co/vjYeYMLHjA",NicholsUprising,,2017-12
2017-12-02,andrewrosindell,Conservative,"@GigiMaltese @CllrRobBenham @BorisJohnson ""Irrelevant"" says the losing candidate of a Party who have lost every single election and been defeated in 3 referendums in Romford over the past 20 years! #LabourFreeZone",GigiMaltese,"@GigiMaltese, @CllrRobBenham, @BorisJohnson",2017-12
2017-12-02,wesstreeting,Labour,Great resource for smaller charities. I really benefited from The FSI's training when I became a charity chief exec. https://t.co/oIme6qIczm,TheFSI,,2017-12
2017-12-02,gordonmarsden,Labour,Today marks five years since the inception of Small Business Saturday. The campaign has been so successful in highlighting and promoting the 5.5 million small businesses and self-employed working hard across the UK.  #SmallBizSatUK https://t.co/UoHugIOzaX,FSBLinseyLuke,,2017-12
2017-12-02,liliangreenwood,Labour,We can follow EASA or hope EU let us stay in. Going it alone isn’t an option. Realities of Brexit &gt; https://t.co/IcBP2rTMGM,,,2017-12
2017-12-02,dr_philippaw,Scottish National Party,Retweet if you’re smiling. https://t.co/vrulU5HrM3,AngryScotland,,2017-12
2017-12-02,gareth_snell,Labour (Co-op),"@ceramfed: Commemorative ceramics pieces with a ‘made in the UK’ backstamp are particularly valued for cherished items that hold pride of place in people’s homes in the UK and overseas. @EmmaBridgewater @byportmeirion 

#sot2021 We make art from dirt! 
https://t.co/0GpfQTbAD0",PaulWilliams207,"@ceramfed:, @EmmaBridgewater, @byportmeirion",2017-12
2017-12-02,gordonmarsden,Labour,"Blackpool 's palace of varieties -a guitar shop, trampoline park, home baked cakes in S Shore, screen prints in an Art coffeeshop &amp; a pop up venue near N Pier with local artists  - all in my #SmallBizSatUK visits today. Great to have @cllrluketaylor &amp;cllrAlistair Humphries w us ! https://t.co/T236tOehsm",GordonMarsden,@cllrluketaylor,2017-12
2017-12-02,bill_esterson,Labour,"It's #SmallBizSatUK! 

Take a look at just a few of the businesses @huw4ogmore and I have been promoting over the last 10 days. 

Why not pop out on the high street today and #shoplocal? https://t.co/qvxcQMb0bQ",CPJElmore,@huw4ogmore,2017-12
2017-12-02,karlturnermp,Labour,Determined to take our #NHS from us. Aided and abetted by the #NHS hating #Tory Govt? https://t.co/SUvheV3v3a,TomLondon6,,2017-12
2017-12-02,gordonmarsden,Labour,Parents left ‘humiliated’ by ‘over-zealous’ border staff questioning children’s surnames https://t.co/1Flb1xzDSZ via @PoliticsHome,,@PoliticsHome,2017-12
2017-12-02,greghands,Conservative,Last stop for #SmallBizSatUK is Don Bigote male grooming on Fulham High Street. Expanding their business quickly! Open 7 days a week. https://t.co/KtGZPfsTP1,,,2017-12
2017-12-02,carolinelucas,Green Party,"Gove calling for Government to overhaul (i.e. reduce) regulations ""to give UK big advantages over EU members."" Surely not the same Gove who styles himself as ""environmental defender"" &amp; promises ""Green Brexit""?? - https://t.co/FrZCeeKgAk",,,2017-12
2017-12-02,emmahardymp,Labour,Alan Milburn &amp; entire social mobility commission resign saying May has “zero” chance of achieving her goal of a country fair for everyone. It leaves her opening pitch as PM in tatters #ForTheFewNotTheMany,AngelaRayner,,2017-12
2017-12-02,dianajohnsonmp,Labour,We're proud to stock local products and you can't get more local than Avenues honey by our pal Hull Bees #SmallBizSatUK #vintagecafehull #ChantsAve #shoplocal https://t.co/SS0K4cJFOc,angus_young61,,2017-12
2017-12-02,mimsdavies,Conservative,"It was great to be in Twyford in my constituency on #SmallBizSatUK. Small businesses mean so much - they are the backbone of our communities, they are the backbone of our economy. https://t.co/VsnKd7sKFR",theresa_may,,2017-12
2017-12-02,alisonthewliss,Scottish National Party,"Off to start my #SmallBizSat rounds - I’m spoilt for choice in Glasgow Central, but hoping to get to as many as possible!",,,2017-12
2017-12-02,nadhimzahawi,Conservative,This is fantastic. We need these in every port. https://t.co/mgl5rYkAFy,ziyatong,,2017-12
2017-12-02,dianajohnsonmp,Labour,This guy came from a galaxy far far away just to #Goole switch it's lights on https://t.co/1GiBeKVyLC,TerenceSmith14,,2017-12
2017-12-02,robertsyms,Conservative,"Forgive me for my naivety but I would have thought the UK was quite an  important cog in Ireland’s economy. The Emerald Isle’s belligerence, egged on by EU’S tiresome Tusk slightly surprises me! There is a need to show constraint over this tricky issue!",truemagic68,,2017-12
2017-12-02,ruthcadbury,Labour,How about a film this evening? Visit @WatermansArts for #SmallBizSatUk https://t.co/tnpbatgHjs,,@WatermansArts,2017-12
2017-12-02,barrysheerman,Labour (Co-op),Grant Shapps cannot get away with this we will not build enough homes for our citizens without building on some green land @BBCr4today,,@BBCr4today,2017-12
2017-12-02,dr_philippaw,Scottish National Party,"Here are some helpful hints what to give to food banks, pls share, lots of families need the help of food banks
https://t.co/rdrSybh2IN",DrAdrianHeald,,2017-12
2017-12-02,guyopperman,Conservative,"It’s today! #SmallBizSatUK
Don’t go to the supermarket 
Support your local small businesses!
#usethemorlosethem https://t.co/ERPi8TySye",,,2017-12
2017-12-02,mikegapes,Labour (Co-op),Ah.  I asked a question yesterday.   Here is the answer.   Typical NIMBY Lib Dem’s https://t.co/DQrsk5p6V7,DamCou,,2017-12
2017-12-02,dougchapmansnp,Scottish National Party,My last visit on #SmallBusinessSaturday to Finely Pressed Ironing and Laundry Service - a real personal service and attention to detail https://t.co/UuUuYC4cIg,,,2017-12
2017-12-02,lukepollard,Labour (Co-op),Are you at all surprised that the #UniversalCredit roll out is being delayed in the areas represented by senior Tory MPs?  https://t.co/gJ81vfxpyt,,,2017-12
2017-12-02,dr_philippaw,Scottish National Party,@AngGallacher @BloodyPolitics Don’t see how this equates to Naylor Report which proposes English hospitals should be pressurised into selling off land and buildings,AngGallacher,"@AngGallacher, @BloodyPolitics",2017-12
2017-12-02,greghands,Conservative,"My Brexit interview in the Rheinische Post. Nobody does this in Britain any more: all the questions and answers printed, ie an actual interview!  https://t.co/JlHfP98yrF",,,2017-12
2017-12-02,jessphillips,Labour,@EveThomasSAFE @LBC @mandiejosh Yes but was sacked from his chair position,,"@EveThomasSAFE, @LBC, @mandiejosh",2017-12
2017-12-02,mike_fabricant,Conservative,Awaiting my fate: the stocks for teasing #Tamworth on @theJeremyVine show. @TamworthCastle https://t.co/UpLcYW4ORf,,"@theJeremyVine, @TamworthCastle",2017-12
2017-12-02,walkerworcester,Conservative,A quick pit stop and refuel at new business Black&amp;Whit3. Another great independent business for the city Centre and great to see them so busy! #SmallBizSatUK @SmallBizSatUK @WalkerWorcester #christmasinworcester https://t.co/NJzdnxvmnQ,WorcesterBID,"@SmallBizSatUK, @WalkerWorcester",2017-12
2017-12-02,blaenaugwentmp,Labour,"Good to be out supporting Small Business Saturday and the Tudor  Brewery, Eileen Davies florists and the Rolling... https://t.co/iKcMhAJmcc",,,2017-12
2017-12-02,afzal4gorton,Labour,I had a wonderful time at the Fallowfield Christmas Lights switch on last night with the @FallowfieldLab team. The lights at @ThePlaceM14 look great! 🎄 https://t.co/O3lenEsvA5,,"@FallowfieldLab, @ThePlaceM14",2017-12
2017-12-02,karlturnermp,Labour,Incredible performance by @England_RL truly courageous defeat. Well done!,,@England_RL,2017-12
2017-12-02,marcus4nuneaton,Conservative,Next stop at the Village Cycle Centre. Christmas is coming!#SmallBusinessSaturday https://t.co/4eWMzrCYSp,,,2017-12
2017-12-02,jessphillips,Labour,@frankfletcher Thank you,frankfletcher,@frankfletcher,2017-12
2017-12-02,tomtugendhat,Conservative,https://t.co/TH6JBW4q7y,willquince,,2017-12
2017-12-02,stevereedmp,Labour (Co-op),At our Labour street stall in Thornton Heath this afternoon https://t.co/WzO2Wik7Dp,,,2017-12
2017-12-02,justinegreening,Conservative,Education Secretary @JustineGreening will be joining @skynewsniall on Sunday #skynews #paterson 10am https://t.co/nktCGe9eoV,RidgeOnSunday,"@JustineGreening, @skynewsniall",2017-12
2017-12-02,helenhayes_,Labour,Lovely morning out listening to residents in Gipsy Hill with our MP @helenhayes_ https://t.co/4cO4Dg9ty1,GipsyHillLab,@helenhayes_,2017-12
2017-12-02,neill_bob,Conservative,Delighted that every penny of VAT collected on @TheXFactor song will go to charities @SSChospices and @Tog4ShortLives. #XFactorFinal,PhilipHammondUK,"@TheXFactor, @SSChospices, @Tog4ShortLives.",2017-12
2017-12-02,sdoughtymp,Labour (Co-op),Wow. Tusk announces in Dublin that Irish Government gets formal veto over Brexit sufficient progress - he will consult with Varadkar to sign off any move to next phase https://t.co/nMpPqxpiQL,faisalislam,,2017-12
2017-12-02,mattwarman,Conservative,@yellabelly6 @13pilgrim @UKIP I’ve raised the barrier at the most recent DEFRA questions. And I’ve welcomed UKIP councillors to the Conservative party too.,yellabelly6,"@yellabelly6, @13pilgrim, @UKIP",2017-12
2017-12-02,douglas4moray,Conservative,Lots of support for @OutfitMoray at their fundraising abseil today in #Lossiemouth.  A great organisation and good to see the community getting behind their efforts. https://t.co/6zH82FOJ3h,,@OutfitMoray,2017-12
2017-12-02,jamesfrith,Labour,First stop on my #SmallBizSatUK walkabout in #Ramsbottom is @Ramsbottom_Ice - a bit cold for an ice cream today though so getting one of their lovely coffees instead! https://t.co/EEjiNMBoTa,,@Ramsbottom_Ice,2017-12
2017-12-02,richardburgon,Labour,Great to have @jeremycorbyn in our constituency of East Leeds with our MP @RichardBurgon https://t.co/yNO55xReTv,CllrSalmaArif,"@jeremycorbyn, @RichardBurgon",2017-12
2017-12-02,derbychrisw,Labour,Just on the way to #LatAmerica17,,,2017-12
2017-12-02,stellacreasy,Labour (Co-op),Guess who walthamstow..😏 proud we are a community that can pack out a fundraiser for a refugee… https://t.co/1jbTgL5RxK,,,2017-12
2017-12-02,alison_mcgovern,Labour,"Truly inspiring - forget her politics, anyone who thinks that children are condemned to failure at birth and cannot succeed should be forced to read this. https://t.co/eMzNhjjeNd",alansherwell,,2017-12
2017-12-02,halfon4harlowmp,Conservative,@ian4newforest @ToryWorkers Thank you Ian :),,"@ian4newforest, @ToryWorkers",2017-12
2017-12-03,lordwalney,Labour,"@zoesqwilliams @Fishypaul @dancrawford85 @guardian In fact, then Work and Pensions secretary James Purnell legislated to make tackling child poverty a legal requirement. The Tories reversed it when they came in.",LordWalney,"@zoesqwilliams, @Fishypaul, @dancrawford85, @guardian",2017-12
2017-12-03,cphilpofficial,Conservative,Thank you Woodside @LFB_Croydon for attending so promptly this morning when we smelt gas at a residents home in #Addiscombe and fitting him and his neighbour with smoke alarms,MargaretBird3,@LFB_Croydon,2017-12
2017-12-03,jostevenslabour,Labour,Do listen back to @pcs_union's Mark Serwotka sharing his heart transplant story with @VaughanRoderick on this morning's #SundaySupplement. It's a year since Mark's op &amp; 50 years since Barnard's first heart transplant. (27:42 on iplayer/23:44 on podcast): https://t.co/k76KkXg6dA,michellejfinney,"@pcs_union's, @VaughanRoderick",2017-12
2017-12-03,peternorthdevon,Conservative,To soften the blow of the end of the weekend: heart-warming story about my fellow Devon MP @kevin_j_foster https://t.co/GJHcA27rys,TheSTMagazine,@kevin_j_foster,2017-12
2017-12-03,johnmcdonnellmp,Labour,"Labour will build a more prosperous, economically and environmentally sustainable economy where that prosperity is shared by everybody. https://t.co/7fQ5LZXtf3",,,2017-12
2017-12-03,laurapidcock,Labour,"Yesterday, I joined @NWDurhamLabour &amp; @Unite_Community to highlight the issues around the upcoming roll-out of Universal Credit. The Govt are ignoring our communities &amp; advice agencies in ploughing on with this shambolic system. It's time to stop it, now. Video: @mattjamesssmith https://t.co/SSJpDF7VZ5",,"@NWDurhamLabour, @Unite_Community, @mattjamesssmith",2017-12
2017-12-03,jamesfrith,Labour,If you live in #Ramsbottom or #Bury Greenmount Butchers stock these #Chritmas #Turkeys and believe me they are so delicious @CopasTurkeys @JamesFrith RT please #supportlocal business https://t.co/hnuY0HgrAp,jackscruiseclub,"@CopasTurkeys, @JamesFrith",2017-12
2017-12-03,stevebakerhw,Conservative,"Mental health and well-being is important at any age, support for young people in Schools and Colleges is a great step to helping those that need it when they need it. https://t.co/Odp34a1jC6",WycombeTories,,2017-12
2017-12-03,sdoughtymp,Labour (Co-op),Productive first meeting with @huwthomas_Wales and his team at County Hall. #Taxi #Cardiff,CardiffDrivers,@huwthomas_Wales,2017-12
2017-12-03,angelaeagle,Labour,Well done Paul! https://t.co/LZc2sEPKFN,SeacombeLabour,,2017-12
2017-12-03,meaglemp,Labour,A sea of Santas. #SantaDash #liverpoolsantadash https://t.co/39HpigtYr7,RoyalBlueStuey,,2017-12
2017-12-03,stevereedmp,Labour (Co-op),Trump and Brexit leave Britain facing isolation  https://t.co/se4L0dcPQe,,,2017-12
2017-12-03,mattwestern_,Labour,Peston right to point out it will take years for wages to reach pre-2008 levels. Living standards are stagnating and too many people are feeling the squeeze #Peston,,,2017-12
2017-12-03,jostevenslabour,Labour,@hackneyhaz An excellent @craftydevilbrew choice 🍺,hackneyhaz,"@hackneyhaz, @craftydevilbrew",2017-12
2017-12-03,rhonddabryant,Labour,Great tour around parliament by our local mp https://t.co/7EqxDl6UVj,parsnisp,,2017-12
2017-12-03,andrewrosindell,Conservative,"@Ianj104 @GigiMaltese @CllrRobBenham @BorisJohnson @MikeGapes Nobody at Margaret Thatcher House would ever call @Ianj104 extreme...he's our favourite, but why has @Ianj104 allowed the loony left to take control? Town Hall in real danger if this gang get anywhere near the Council Chamber! #KeepHaveringSpecial",Ianj104,"@Ianj104, @GigiMaltese, @CllrRobBenham, @BorisJohnson, @MikeGapes, @Ianj104, @Ianj104",2017-12
2017-12-03,samgyimah,Conservative,well said https://t.co/i8sjbE4RYw,,,2017-12
2017-12-03,angusmacneilsnp,Scottish National Party,New app aims to boost Gaelic by helping with pronunciation https://t.co/3ovDo9Vtb5,JNicdhomhnaill,,2017-12
2017-12-03,martinjdocherty,Scottish National Party,Did Bannon give Rees-Mogg a master class in media manipulation when they met in London? RM’s public utterances increasingly alt-right https://t.co/DNoTO4R3ns,PeterKGeoghegan,,2017-12
2017-12-03,mike_fabricant,Conservative,"Happy #Caturday from Katrina and her winter coat.
Can't believe how long she's been here. She came in heavily pregnant and all her kittens were homed really quickly, but she and all her gorgeousness have not attracted any attention
#AdoptDontShop #cats https://t.co/UIUeUSLafV",KeighleyCatCare,,2017-12
2017-12-03,gwynnemp,Labour,Loneliness is everybody's business ... https://t.co/v2DCus6WKE,Joanne13Harding,,2017-12
2017-12-03,tracybrabin,Labour (Co-op),Costa Coffee to open in Dewsbury and it's already looking for staff! Here's how to apply https://t.co/I3NVo5GWKz,Examiner,,2017-12
2017-12-03,jessphillips,Labour,"Calamitous roll out of Universal Credit is being secretly delayed in Theresa May's backyard
https://t.co/0u0pq33dX8 https://t.co/6QMPFRgaoc",MirrorPolitics,,2017-12
2017-12-03,neill_bob,Conservative,"""Imagine J Corbyn was PM instead of T May.."" UK would get a better Brexit deal 25%; Worse 36%; Similar 19%; DK 20% @Survation",JohnRentoul,@Survation,2017-12
2017-12-03,petewishart,Scottish National Party,Phew! That’s alright then..... https://t.co/qkMZpTLfv9,,,2017-12
2017-12-03,greghands,Conservative,Corbyn calls Venezuela an “inspiration to all of us fighting back against austerity and neo-liberal economics.” #VoteConservative #LabourChaos https://t.co/9AvL5YAG0V,nytimesworld,,2017-12
2017-12-03,davidcrausby,Labour,A great initiative from Aldi. Hopefully a number of local Bolton charities can benefit from it. https://t.co/kcWyNliRUm,AldiUK,,2017-12
2017-12-03,rupahuq,Labour,Big majority want second referendum on final deal as they fear we will be worse off when we leave EU | Daily Mail Online https://t.co/Ro8pXkSfkK,RolandRudd,,2017-12
2017-12-03,paulflynnmp,Labour,What? Jeremy Hunt 'Back May or they'll  be no BREXIT'  It's as easy as that?...Yippee!,,,2017-12
2017-12-03,jonashworth,Labour (Co-op),The NHS going through biggest financial squeeze in its history plus Tories will break pledge on head for head funding #peston https://t.co/4iVRMVMX0B,,,2017-12
2017-12-03,sandbach,Conservative,"Extraordinary thing for McDonnell to admit - effectively saying he won't tell voters how much nationalisation will cost, because they won't like it. https://t.co/hIJ0XDvc7H",wallaceme,,2017-12
2017-12-03,andrewrosindell,Conservative,https://t.co/TMFMPEPasG,,,2017-12
2017-12-03,peternorthdevon,Conservative,"This is very welcome. Mental health conditions in young people are increasingly prevalent, yet too often go unnoticed and untreated, with terrible consequences. https://t.co/5dRyeMsrH8",ConservativeMH,,2017-12
2017-12-03,mikegapes,Labour (Co-op),Indeed https://t.co/w51XZuVC3z,RichardTurner,,2017-12
2017-12-03,alison_mcgovern,Labour,@Alison_McGovern @ianmulheirn And they're currently being reconsidered with the help of the NIC. This is where the NIC Comissioners live. https://t.co/BFdV45EdnV,thomasforth,"@Alison_McGovern, @ianmulheirn",2017-12
2017-12-03,nigeldoddsdup,Democratic Unionist Party,"Coming up with @JPonPolitics 10-11am on 5 Live:

@GeorgeWParker @Laura_K_Hughes @mrmarksteel @NigelDoddsDUP @Debbie_abrahams @neill_bob and @prueleith #PienaarsPolitics https://t.co/xutyo1Yhb5",bbc5live,"@JPonPolitics, @GeorgeWParker, @Laura_K_Hughes, @mrmarksteel, @NigelDoddsDUP, @Debbie_abrahams, @neill_bob, @prueleith",2017-12
2017-12-03,gwynnemp,Labour,@charityoars More “Our kid” than “my lad” 🤣,charityoars,@charityoars,2017-12
2017-12-03,mimsdavies,Conservative,Eliminating Hepatitis B! This video aims to encourage people to ask their doctor about a HepB test. https://t.co/nsJpm3DJez #NoHepB,HIOW_ICS,,2017-12
2017-12-03,vincecable,Liberal Democrat,This is a serious vote of no confidence in the government's social policies. Brexit is sucking all the life out of government so that it has no time or energy to address inequality and lack of opportunity for young people. https://t.co/nWuW9atAHW,BBCNews,,2017-12
2017-12-03,thelma_dwalker,Labour,The Social Mobilty Commission have resigned. I'll leave this here..,,,2017-12
2017-12-03,debbie_abrahams,Labour,"So @Nigel_Farage just confirmed on @MarrShow he will be keeping his £73K a year Pension from the EU! As he put it ""well of course, why should my family suffer even more!"" Just unbelievable!!! https://t.co/ZpIRTQ31TO",PeterStefanovi2,"@Nigel_Farage, @MarrShow",2017-12
2017-12-03,cpjelmore,Labour,Nigel Farage defends Donald Trump’s tweets. That’s all you need to know. #Marr,lucianaberger,,2017-12
2017-12-03,liambyrnemp,Labour,@FT brilliant on #Legatum https://t.co/mFFK2h7GWI,lionelbarber,@FT,2017-12
2017-12-03,preetkgillmp,Labour (Co-op),At our community meeting last week @havencentre it great to hear that @RISEcs from Welsh House Farm have been invited by @PreetKGillMP to be part of this mentoring group.  https://t.co/lYCFLJdMnd This is why I love my job as a CDW helping to make a difference for local people. https://t.co/xN7r1XXBIE,Michael_Thawe,"@havencentre, @RISEcs, @PreetKGillMP",2017-12
2017-12-03,walkerworcester,Conservative,"So sorry to hear, hope you can get it fixed quickly as such a busy time for you https://t.co/SruCI68kmA",WiseowltoysWorc,,2017-12
2017-12-03,stuart_mcdonald,Scottish National Party,Thousands of children are growing up in the UK without one of their parents because of @theresa_may 's #hostileenvironment   #whatpricelove #bringthemhome #TogetheratChristmas,JCWI_UK,@theresa_may,2017-12
2017-12-03,alistairburtuk,Conservative,@OwenPaterson @LeaveMnsLeave @theresa_may @Number10gov @BBCBreakfast @rtenews @rte @BBCr4today @BBCRadio4 @bbcnickrobinson @bbc5live @_UK2020 #i’dtakeavaliumifiwasyouandcalmdown,NSoames,"@OwenPaterson, @LeaveMnsLeave, @theresa_may, @Number10gov, @BBCBreakfast, @rtenews, @rte, @BBCr4today, @BBCRadio4, @bbcnickrobinson, @bbc5live, @_UK2020",2017-12
2017-12-03,chrisleslieuk,Labour (Co-op),Join us tomorrow @my_dales at 2pm for our Christmas lights switch on. @CllrDavidMellen @ChrisLeslieMP  @NottmCommunity  @readingnottm #ChristmasTree #ChristmasTogether #CountdowntoChristmas https://t.co/xwg9jKNvR3,CllrNeghat,"@my_dales, @CllrDavidMellen, @ChrisLeslieMP, @NottmCommunity, @readingnottm",2017-12
2017-12-03,jennychapman,Labour,I wish there were more Alan Milburns.,,,2017-12
2017-12-03,emmaereynolds,Labour,"I am supporting my constituent Paulette Wilson in demanding an apology from the government.
Family of woman facing deportation after 50 years in UK demand apology | UK news | The Guardian https://t.co/Uj3Bso2uJl",,,2017-12
2017-12-03,laurapidcock,Labour,Nice to pop into @SteelTownMusic in Consett on Saturday and talk to Matt about how they keep their superb music shop going in difficult times. Look forward to continuing this discussion &amp; seeing how we can support small businesses like this in the constituency. #SmallBizSatUK https://t.co/qCMlBaU4Wb,,@SteelTownMusic,2017-12
2017-12-03,gareth_snell,Labour (Co-op),"🎼 ‘Oh, Ang-el-a Ray-ner’
🎼 ‘Oh, Ang-el-a Ray-ner’
 https://t.co/R0BNYyYhI8",,,2017-12
2017-12-03,nadinedorries,Conservative,@cphillips_ippso @BBCNews I’m not the Gov. I’m an MP with a computer in a shared office upon which lives an email account. That’s as exciting as my computer gets,cphillips_ippso,"@cphillips_ippso, @BBCNews",2017-12
2017-12-03,alison_mcgovern,Labour,"@ianmulheirn @thomasforth Now imagine much of that policy expertise (not all, but most) is in London.",Alison_McGovern,"@ianmulheirn, @thomasforth",2017-12
2017-12-03,halfon4harlowmp,Conservative,Tomorrow will be making speech to @jrf_uk on their #StateoftheNation report. Will be setting out how social injustice is endemic throughout all stages of our education system and proposing one or two ideas to deal with it.  Here is report in @thesundaytimes by @cazjwheeler: https://t.co/X26PI9W3TQ,,"@jrf_uk, @thesundaytimes, @cazjwheeler:",2017-12
2017-12-03,drrosena,Labour,We are delighted to be a sponsor of @OfficialTmufc and to see @DrRosena there supporting our local Team shows she the MP we need @cllrandygibbons @TootingPRSS https://t.co/Nnyj3NgxUi,RambleTooting,"@OfficialTmufc, @DrRosena, @cllrandygibbons, @TootingPRSS",2017-12
2017-12-03,gareththomasmp,Labour (Co-op),"Any chance of £100 million of UK govt money for renewable energy co-ops; a radical idea that gives consumers real market power, helps reduce CO2 emissions &amp; would challenge the dominance of the Big Six energy co’s? @CoopParty @serauk @GdnPolitics @gdh1961  https://t.co/fgFVkXWWtC",,"@CoopParty, @serauk, @GdnPolitics, @gdh1961",2017-12
2017-12-03,gwynnemp,Labour,"Austerity IS a political choice: Banks get a £4.7bn tax cut in budget while our Councils face a £2bn funding crisis in Children’s Services. 

#SameOldTories

https://t.co/RpGsu93fvn",,,2017-12
2017-12-03,mikeamesburymp,Labour,"Westminster voting intention:

LAB: 45% (+1)
CON: 37% (-1)
LDEM: 6% (-1)
UKIP: 4% (-)
GRN: 1% (-)

via @Survation, 30 Nov - 01 Dec",BritainElects,"@Survation,",2017-12
2017-12-03,rupahuq,Labour,"Sunday Times reporting Trump ‘flying visit’ has been pencilled in for 26-27 February. Save the date, he’s going to be met by the biggest protest this country has ever seen. https://t.co/YtMCgc4s6p",DavidLammy,,2017-12
2017-12-03,halfon4harlowmp,Conservative,This morning at #Harlow #StPaulsChurch @martininharlow  for special @heart4harlow Carol Service #loveHarlow #BigUpHarlow,,"@martininharlow, @heart4harlow",2017-12
2017-12-03,redditchrachel,Conservative,Delighted that every penny of VAT collected on @TheXFactor song will go to charities @SSChospices and @Tog4ShortLives. #XFactorFinal,PhilipHammondUK,"@TheXFactor, @SSChospices, @Tog4ShortLives.",2017-12
2017-12-03,richardburgon,Labour,Very concerning news. I hope the situation can be resolved without anyone coming to any harm. https://t.co/aWUd33JxWy,SkyNewsBreak,,2017-12
2017-12-03,keeleymp,Labour,Sad to see the @BBC giving yet more air time to #Farage on #marr this morning to spout the most outrageous lies on #brexit and defend #Trump on his support for far right,RichardGCorbett,@BBC,2017-12
2017-12-03,sharonhodgsonmp,Labour,@Virgin_TrainsEC @SharonHodgsonMP It was a cross country service. Should have made that clear. X,Michelle64W,"@Virgin_TrainsEC, @SharonHodgsonMP",2017-12
2017-12-03,davidlinden,Scottish National Party,It’s an old video by @LindsayHoyle_MP looks good in his new outfit at the end. 😂 https://t.co/jMcfazBuOZ,tradasro,@LindsayHoyle_MP,2017-12
2017-12-03,metcalfe_sbet,Conservative,@Metcalfe_SBET budding Future MPs me thinks https://t.co/Le82NYhSFM,suemorganlittle,@Metcalfe_SBET,2017-12
2017-12-03,rachelreevesmp,Labour,"They also want educational psychologists to help. Not sure if they got this memo 📝 
https://t.co/8SQYsrVVOO",lucianaberger,,2017-12
2017-12-03,labourlewis,Labour,"""It's absurd.""

Yep. https://t.co/eV8J8lXpak",PeoplesMomentum,,2017-12
2017-12-03,elliereeves,Labour,"Today is UN International Day of Persons with Disabilities, when we celebrate the important contribution disabled people make to our communities. I'm proud to be part of a Labour Party that champions the rights of disabled people 🌹 #DisabilityRightsAreHumanRights https://t.co/OgEjL9AgfD",MarshadeCordova,,2017-12
2017-12-03,annaturley,Labour (Co-op),@NadineDorries Don’t be ridiculous.,,@NadineDorries,2017-12
2017-12-03,greghands,Conservative,"Yes, I have been to Venezuela. During Chavez’s violent but unsuccessful Army coup attempt in 1992. I saw the bombing of the President’s building, armoured cars &amp; tear gas in the streets and the burning of bodies. https://t.co/P3nnlpYfGj",padwitter,,2017-12
2017-12-03,jeremycorbyn,Labour,"Today is UN International Day of Persons with Disabilities, when we celebrate the important contribution disabled people make to our communities. I'm proud to be part of a Labour Party that champions the rights of disabled people 🌹 #DisabilityRightsAreHumanRights https://t.co/OgEjL9AgfD",MarshadeCordova,,2017-12
2017-12-03,labourlewis,Labour,@LouHaigh @NorwichLabour @labourlewis @UNISONEastern Thanks for coming down and stomping around our version of ‘The North’ ;),ComHealthUnison,"@LouHaigh, @NorwichLabour, @labourlewis, @UNISONEastern",2017-12
2017-12-03,peternorthdevon,Conservative,Advice whilst South West ambulance service experiencing serious problems with its power supplies https://t.co/tDGdazJxNv,BBCSpotlight,,2017-12
2017-12-03,hywelplaidcymru,Plaid Cymru,If you’re popping into @Tesco_Wales stores in Bangor or Caernarfon then please support their food collection initiative to help local @TrussellTrust food bank. Thanks. #everycanhelps https://t.co/ll8jlWp7SH,HywelPlaidCymru,"@Tesco_Wales, @TrussellTrust",2017-12
2017-12-03,stephenlloydebn,Liberal Democrat,"Do go along and see Eastbourne’s Neon Noel for yourselves folks at the town hall; it really is an amazing experience. It’s on tonight (Sunday) at 4.30, 5.30 and 6.30 and next two weekends on the Fri/Sat and Sunday. https://t.co/cdbFExrNTV https://t.co/9JtdX5xaHV",,,2017-12
2017-12-03,alexsobel,Labour (Co-op),Delighted to be drawing the raffle at @WeetwoodPrimary Christmas Fayre. A great event for parents and children organised by the PTA https://t.co/6l2o3SSPcI,,@WeetwoodPrimary,2017-12
2017-12-03,nicktorfaen,Labour,My speech on the challenge of archiving in the digital age (as Chair of the All-Party Parliamentary Group on Archives and History) on International Digital Preservation Day 2017 @RecordDNA #IDPD2017 https://t.co/mpkxNdI3a8 https://t.co/21JT2XQPhk,,@RecordDNA,2017-12
2017-12-03,barrysheerman,Labour (Co-op),"Could it be that these children accused of being ""possessed"" are in fact merely on a special educational needs spectrum?@BBCR4Sunday",,@BBCR4Sunday,2017-12
2017-12-03,halfon4harlowmp,Conservative,.@Jeremy_Hunt sets out our new £300 million plan to improve support for children and young people’s mental health by treating and stopping childrens' mental ill health before it turns into something more serious https://t.co/p3PZKfGLjB,Conservatives,@Jeremy_Hunt,2017-12
2017-12-04,karenpbuckmp,Labour,@Ed_Miliband You *told* @PickardJE about the ‘giant lava sinkhole’ plan?,Ed_Miliband,"@Ed_Miliband, @PickardJE",2017-12
2017-12-04,ianclucas,Labour,The Tory Brexiteers are hankering after an imperial Britain in a post-imperial world. Their policy will bring economic disaster.,,,2017-12
2017-12-04,jostevenslabour,Labour,Think it might take more than the weather..... 🙁🏏 #Ashes2017 https://t.co/kEQQTrnug3,SimonOKing,,2017-12
2017-12-04,alanmakmp,Conservative,CaSE director @drsarahmain discussed roadmap to R&amp;D at 3% GDP to support 4th industrial revolution with @AlanMakMP today #4IR,sciencecampaign,"@drsarahmain, @AlanMakMP",2017-12
2017-12-04,toniaantoniazzi,Labour,.@ToniaAntoniazzi is #1forEquality Thank you for joining 38 other MPs behind EDM 591 to call on the Government to bring the socio-economic duty into effect https://t.co/Lxyi01MANf cc @equalitytrust https://t.co/Ix8HyEGEJ2,JustFairUK,"@ToniaAntoniazzi, @equalitytrust",2017-12
2017-12-04,petergrantmp,Scottish National Party,"@Christia_Allard @RuthDavidsonMSP Because she had no proof she could support herself This is quite outrageous Suddenly Tory party is the party where women HAVE to work full-time Even when couples arrange their lives differently 
Makes you wonder what'll happen to EU nationals on a pension Will it be enough?",mireille_pouget,"@Christia_Allard, @RuthDavidsonMSP",2017-12
2017-12-04,suellabraverman,Conservative,We have today announced an extension to the UK Blue Belt to protect rare seabirds - protecting our planet for future generations. https://t.co/jFpmRdcFGL,Conservatives,,2017-12
2017-12-04,scullyp,Conservative,"@conViktion @ICR_London Very much so. The aim should be for a fairer immigration system. Better control, not shutting up shop.",conViktion,"@conViktion, @ICR_London",2017-12
2017-12-04,barrysheerman,Labour (Co-op),@halfon4harlowMP @PrincesTrust I agree but hasn't there been a fall of 62% in apprentice starts this year?,halfon4harlowMP,"@halfon4harlowMP, @PrincesTrust",2017-12
2017-12-04,alisonthewliss,Scottish National Party,"🏘️ Major changes to the law have come into effect for Scotland’s 760,000 private renters.

Read out more here: https://t.co/StwFd41xfj https://t.co/3LxOq9aENO",theSNP,,2017-12
2017-12-04,catharinehoey,Labour,"Despite media speculation for 4 hours, no EU-UK deal has been agreed today - numerous interventions are shown to have been premature! Juncker explains that May is being a ""tough negotiator"" while she says there needs to be more negotiation and consultation later this week.",isaby,,2017-12
2017-12-04,petergrantmp,Scottish National Party,"No, it is the time to amend it.   Both the Welsh and Scottish Government drafted amendments which are being debated tonight.  @PM4EastRen and the other 12 Tory MPs from Scotland could  - and should - secure the change we have requested by voting for them. https://t.co/6BRzjTxj5c",Feorlean,@PM4EastRen,2017-12
2017-12-04,nigeldoddsdup,Democratic Unionist Party,“We will not accept any form of regulatory divergence which separates Northern Ireland economically or politically from the rest of the United Kingdom. “ https://t.co/9WaHfn0gLj,,,2017-12
2017-12-04,petergrantmp,Scottish National Party,"🇪🇺 BREXIT UPDATE:

""If these reports are confirmed it will show that other parts of the UK can avoid the worst of the Tories’ Hard Brexit disaster... There is now no good reason why Scotland cannot remain within the Single Market."" says @Ross_Greer

https://t.co/56bBM5WIPQ https://t.co/cMO1yJKSbZ",scottishgreens,@Ross_Greer,2017-12
2017-12-04,jesse_norman,Conservative,@DAaronovitch Thanks,DAaronovitch,@DAaronovitch,2017-12
2017-12-04,rupahuq,Labour,Very good to have Ealing Fine Arts and Decorative Society in Parliament today to marvel at the works of Pugin and Barry https://t.co/S7LjCqcZad,,,2017-12
2017-12-04,ianclucas,Labour,How we are supposed to consider devolution amendments today when a coach and horses has just been driven through the constitution? https://t.co/ExV1m2e4sI,IanDunt,,2017-12
2017-12-04,louhaigh,Labour,Thank you for having me. One of the best bits of the job. Fab questions from fab pupils @MundellaSchool https://t.co/KVr7iGflJP,headteacher20,@MundellaSchool,2017-12
2017-12-04,willquince,Conservative,"Some special items are now on sale here at the Colchester Roman circus visitor centre: so that's your Christmas shopping sorted! We are now selling a high-quality tea towel, hand-made shoulder bag &amp; purse, all of which include designs based on our modern Roman circus mosaic. 1/2 https://t.co/5UvHKMa8HK",CATRomanCircus,,2017-12
2017-12-04,john2win,Conservative,"The @ScotTories MPs have met with senior bankers from @RBS today to put forward our serious concerns about the closure of banks across Scotland. Six branches being shut in #ScottishBorders
The bank should NOT be turning its back on rural Scotland.",,"@ScotTories, @RBS",2017-12
2017-12-04,y_fovarguemp,Labour,"Over 7000 vulnerable children will be at risk this Christmas warns @GwynneMP

☑️ Read our Local Government Health Check here:
https://t.co/eI82ot218r https://t.co/AFgVjz9La4",LabourCLG,@GwynneMP,2017-12
2017-12-04,chrisleslieuk,Labour (Co-op),The clear solution to this government chaos is a deal that protects both the Good Friday agreement and our national economy after Brexit - UK remaining in the single market and customs union.,SadiqKhan,,2017-12
2017-12-04,alisonthewliss,Scottish National Party,"No, it is the time to amend it.   Both the Welsh and Scottish Government drafted amendments which are being debated tonight.  @PM4EastRen and the other 12 Tory MPs from Scotland could  - and should - secure the change we have requested by voting for them. https://t.co/6BRzjTxj5c",Feorlean,@PM4EastRen,2017-12
2017-12-04,willquince,Conservative,Extreme ice slide given thumbs up after launching in Colchester - Gazette https://t.co/wHDXT3sPN7,ExtremeSports36,,2017-12
2017-12-04,davidlinden,Scottish National Party,"Guardian front page, Monday 4 December 2017: Sharp rise in child poverty as cuts bite https://t.co/hYTMHuABOG",guardian,,2017-12
2017-12-04,siobhain_mc,Labour,"Ms N seeks £1,500 reimbursement for booking new @easyJet flights to Belfast for Christmas. @Ryanair cancelled her flights. None 'til March. https://t.co/ZZUSMFZJbR",Ryanair,"@easyJet, @Ryanair",2017-12
2017-12-04,bobblackman,Conservative,"We are expanding the Blue Belt to help protect our seabirds. 

The latest expansion will add a 24-mile stretch of coastline between Falmouth Bay and St Austell Bay in Cornwall, helping to protect over 150,000 rare seabirds 🐦 https://t.co/PAsSfDpYQi",carriesymonds,,2017-12
2017-12-04,wesstreeting,Labour,"This is shocking and based on nothing other then saving money. We either want proper armed forces, to keep us safe, or we don't. I do. But let's not let the government pretend we can get away with doing it on the cheap. https://t.co/CeVGHFJ6hO",RuthSmeeth,,2017-12
2017-12-04,brandonlewis,Conservative,"The @Conservatives are protecting our environment for future generations:

🐘Banned the ivory trade
📹CCTV mandatory in all slaughterhouses
🐬Banned microbeads 
👮🏼‍♀️Increased sentences for animal cruelty
♻️Working to cut single-use plastics
🐝Banned harmful pesticides",CCHQPress,@Conservatives,2017-12
2017-12-04,joannaccherry,Scottish National Party,Nicola Sturgeon's statement on the Brexit talks https://t.co/NPqQjr1BhG,KirstyS_Hughes,,2017-12
2017-12-04,robertbuckland,Conservative,Lovely transition portraits of Sir John St.John @LydiardPark from aged 17 to aged 45. Time definitely sobered him. As did the antics of his sisters. #TheLydiardChronicles #KeepitStuart #17thC #AmWriting #SaturdayMorning #HistoricalFiction https://t.co/ARIV7v0wyU https://t.co/qdkJQTYdf4,ElizStJohn,@LydiardPark,2017-12
2017-12-04,peternorthdevon,Conservative,Excellent news. https://t.co/nNtSksI0Nl,RodneySCann,,2017-12
2017-12-04,eddiehughes4wn,Conservative,I've joined the West Midlands Mayor's call for fairer West Midlands Police funding | Eddie Hughes MP https://t.co/XGXrGxyh1t,,,2017-12
2017-12-04,rachaelmaskell,Labour (Co-op),Powerful speech from @RachaelMaskell in #payupnow debate in Westminster Hall - let’s hope the Government are listening https://t.co/1TW6LpowRK,CatMcKinnell,@RachaelMaskell,2017-12
2017-12-04,nicdakin55,Labour,Interesting response https://t.co/8iWwiD4DOG,ArleneFosterUK,,2017-12
2017-12-04,alisonthewliss,Scottish National Party,"@thisGRAEME ""Have you brought enough for everyone in the class?""",thisGRAEME,@thisGRAEME,2017-12
2017-12-04,nicdakin55,Labour,Hugely important report by @jrf_uk on rising poverty &amp; its causes: less state support for those on low incomes; increasing rents; rising employment is no longer reducing poverty https://t.co/7mXxa77TW7,leicesterliz,@jrf_uk,2017-12
2017-12-04,petergrantmp,Scottish National Party,"This disgraceful situation is actually easy and pretty inexpensive to fix. Why won't the Tories allow dying people dignity and fairness? #UniversalCredit 
https://t.co/zI2Y37LtwV",drewhendrySNP,,2017-12
2017-12-04,jackiedp,Conservative,Conservatives delivering a better Britain where everyone can be the best they can be https://t.co/oi7Xc5xgCb,CCHQPress,,2017-12
2017-12-04,sdoughtymp,Labour (Co-op),"Speaking with passion, @RachaelMaskell describes the impact of the public sector pay cap on ordinary workers and on the level of safe staffing in our hospitals #payupnow #paydebate",unisontheunion,@RachaelMaskell,2017-12
2017-12-04,lordwalney,Labour,An inquest into the death of Poppi Worthington has resumed today. This morning we are hearing from Home Office pathologist Dr Alison Armour...,CBarberJourno,,2017-12
2017-12-04,willquince,Conservative,"Colchester's iconic Victorian Water Tower, Jumbo, is named after the world's 'first animal superstar'. Watch his story, told by Sir David Attenborough, on BBC1 this Sunday. 

(Thanks to @marchharetales for the tip-off!)

https://t.co/I3j9OkcKCk",VisitColchester,@marchharetales,2017-12
2017-12-04,gwynnemp,Labour,Do you think my Q to @sajidjavid was answered (hint: it’s about local authority funding)? Like for Yes. RT for No. https://t.co/0dSciD4gnc,lucianaberger,@sajidjavid,2017-12
2017-12-04,j_donaldson_mp,Democratic Unionist Party,"Message to Leo.  On the subject of unionist consent, trying to go over our head didn't work today and it won't work tomorrow! https://t.co/5002FXY7f9",rtenews,,2017-12
2017-12-04,stephenctimms,Labour,.@stephenctimms is #1forEquality Thank you for joining 38 other MPs behind EDM 591 to call on the Government to bring the socio-economic duty into effect https://t.co/Lxyi01MANf cc @equalitytrust https://t.co/YNA246ehmJ,JustFairUK,"@stephenctimms, @equalitytrust",2017-12
2017-12-04,karlturnermp,Labour,Lack of Govt action! https://t.co/8wdIOIk2aC,RadioHumberside,,2017-12
2017-12-04,lucyallan,Conservative,Our response to the government's consultation on New Town Development Corporations. https://t.co/HINF1O04aH,theTCPA,,2017-12
2017-12-04,stephenmorganmp,Labour,"The Royal Guard made up of 96 sailors and officers, practising for the commissioning ceremony. https://t.co/ce0JfZORW1",HMSQNLZ,,2017-12
2017-12-04,markfielduk,Conservative,@MarkFieldUK @BritishCouncil @cheveningfco @DiploMog Thank you @MarkFieldUK! Although we can't compete with @DiploMog...,InsightBritish,"@MarkFieldUK, @BritishCouncil, @cheveningfco, @DiploMog, @MarkFieldUK!, @DiploMog...",2017-12
2017-12-04,paulasherriff,Labour,"Want to help out this Xmas?

We’re operating foodbank collection points and raising money on behalf of @Welcome_Hudds (https://t.co/8iPXuOolUp).

Our friends at the @Examiner, meanwhile, are encouraging people to donate to/volunteer at @huddsmission (https://t.co/xie8Wem8Cr). https://t.co/XGsZA3aNC4",officialhtsa,"@Welcome_Hudds, @Examiner,, @huddsmission",2017-12
2017-12-04,gareththomasmp,Labour (Co-op),The reason for today’s failure in the Brexit talks is the grubby deal the Tories did with the DUP after the election. Each passing day provides further evidence that @Theresa_May’s Government is completely ill-equipped to negotiate a successful deal for our country.,jeremycorbyn,@Theresa_May’s,2017-12
2017-12-04,andrewbowie_mp,Conservative,"The most British story ever:

For 12 years, my husband gave his neighbour a six-pack of beer at Christmas, and received a box of chocolates. They thanked each other warmly.

My husband couldn’t eat the chocolates as he’s vegan, and later found out that his neighbour was teetotal.",ArianeSherine,,2017-12
2017-12-04,annaturley,Labour (Co-op),We're #proud to be recognised for investing in our people and #excited to be up for 2 more awards this week for the #ManufacturingChampion awards #buildingstrongerfutures https://t.co/JJ3NDSVgjH,BritishSteelUK,,2017-12
2017-12-04,jhowelluk,Conservative,I have produced a blog to tackle the nonsense being talked about Thames Farm nr Henley https://t.co/iaOJPc5ce7,,,2017-12
2017-12-04,nickymorgan01,Conservative,@oldandrewuk @iusher @miss_mcinerney They are very different.  Parliament and Departmental e-mails and IT kept completely separate.,oldandrewuk,"@oldandrewuk, @iusher, @miss_mcinerney",2017-12
2017-12-04,rees4neath,Labour (Co-op),Thank you to everyone that supported our elves this weekend! All money donated will be used to buy presents for children in NPT &amp; Morriston hospitals this Christmas 🎅🎅 https://t.co/freZGFxE52,NeathRoundTable,,2017-12
2017-12-04,kirstysnp,Scottish National Party,The coffee shop at @ABZ_Airport has outdone itself this morning. ☕️ https://t.co/O1Mqe4Qf5L,,@ABZ_Airport,2017-12
2017-12-04,marcusfysh,Conservative,"„Overnight the UK will be the EU’s largest trade partner, bigger than the USA, China or Japan”. Of course, we need to move on now to discuss our future trading relationship - My Germany Brexit outreach continues in today’s Neue Osnabrücker Zeitung. https://t.co/eyjdJqRHez",GregHands,,2017-12
2017-12-04,aloksharma_rdg,Conservative,"PHP residents were thrilled to attend a meeting with the Minister of State for Housing &amp; Planning, @AlokSharma_RDG on 30 Nov. The Minister was holding events around the country to talk to tenants &amp; listen to their views. Big thank you to @HomesSedgemoor for being such great hosts https://t.co/T8vquSLq8D",PooleHousing,"@AlokSharma_RDG, @HomesSedgemoor",2017-12
2017-12-04,joannaccherry,Scottish National Party,"Seems to spectacularly miss the point, Brexit is the trigger for a crisis not the SNP. https://t.co/feghU3oDYH",Ianblackford_MP,,2017-12
2017-12-04,benmlake,Plaid Cymru,Rhaid i'r gwrth-bleidiau weithio â'u gilydd i atal y Llywodraeth rhag cipio pwerau yn ôl o Gymru. Dylai pob AS Llafur ddilyn @Plaid_Cymru a phleidleisio yn erbyn y Llywodraeth heno. #euwithdrawalbill https://t.co/vgdaqmFBcb,HywelPlaidCymru,@Plaid_Cymru,2017-12
2017-12-04,halfon4harlowmp,Conservative,M11 Southbound - Slow moving traffic between Junction 7 (Hastingwood Interchange/Harlow) and Junction 6 (M25,Essex_Travel,,2017-12
2017-12-04,nadhimzahawi,Conservative,Big sister having fun presenting #r4today https://t.co/YNIDCYJpkl,krishgm,,2017-12
2017-12-04,emmahardymp,Labour,📺 WATCH: At today’s Communities and Local Government Questions I’ve challenged the Government over why they’ve prioritised a £4.75billion cut in the Bank Levy while our Children’s Services need an urgent £2billion in funding to avert crisis. https://t.co/0VpnuNV5F8,GwynneMP,,2017-12
2017-12-04,dominicraab,Conservative,"London is Europe's best-performing city, according to this US think tank https://t.co/CdECwoEdjB https://t.co/q6Yqf7PWuh",CityAM,,2017-12
2017-12-04,dominicraab,Conservative,"Have your say - inform a new teacher #workload reduction toolkit, coming Spring 2018, by sending practical examples of how you are managing workload effectively to: workload.solutions@education.gov.uk by 4/12. https://t.co/Hd5JHA1o1L",educationgovuk,@education.gov.uk,2017-12
2017-12-04,samgyimah,Conservative,"WATCH: McDonnell – I refuse to a price on nationalisations, because if I did I would “lose that debate” https://t.co/x05qLQrsOf",ConHome,,2017-12
2017-12-04,faisal__rashid,Labour,Christmas Tree at Westminster Hall. https://t.co/HFP5RbQFNj,,,2017-12
2017-12-04,mikegapes,Labour (Co-op),"We will not change our red lines. The lives of millions of families are at stake. If no clear commitment is made, the @EPPGroup will not be ready to assess the progress made as sufficient to enter a 2nd phase of negotiations. #Brexit 2/2",ManfredWeber,@EPPGroup,2017-12
2017-12-04,emmalewellbuck,Labour,@EmmaLewellBuck asks what assessment the Communities Sec has made of the increase in the number of homeless people sleeping rough #CLGs,RanelaghUK,@EmmaLewellBuck,2017-12
2017-12-04,sharonhodgsonmp,Labour,"EVERYONE AN ARTIST - look at this beautiful poem, and how beautifully hand written by this member of team @TfL at Queen’s Park station. His #ARTofCALLIGRAPHY proves how #ARTCONNECTS https://t.co/OL8i6EXuoz",ST3AMCo,@TfL,2017-12
2017-12-04,liambyrnemp,Labour,"400,000 more children &amp; 300,000 more pensioners in poverty. Britain 21stC. Direct result of Tory policies. Appalling https://t.co/lbhs98F1fv",YvetteCooperMP,,2017-12
2017-12-04,davidlinden,Scottish National Party,"Depending on number of votes, could be 1am before House adjourns tonight. There must be a better way of running this place! https://t.co/57FmXSj6Qk",PARLYapp,,2017-12
2017-12-04,alisonthewliss,Scottish National Party,Very worrying to hear about the deteriorating situation in #Yemen. Aid agencies must be allowed to operate safely. https://t.co/SDRrgshc7u,jamiemcgoldric8,,2017-12
2017-12-04,bobblackman,Conservative,Thanks @Ldn_Ambulance https://t.co/MwVBGOCeZ5,backborwick,@Ldn_Ambulance,2017-12
2017-12-04,catherinewest1,Labour,"Fifth of UK population now in poverty, major report reveals https://t.co/yxNFhBkMl4",Independent,,2017-12
2017-12-04,brendanoharamp,Scottish National Party,Fantastic speech from @BrendanOHaraSNP laying down the gauntlet to the Scottish Tories to join @theSNP tonight to put the interests of Scottish farmers before the narrow interest of their party.,StewartHosieSNP,"@BrendanOHaraSNP, @theSNP",2017-12
2017-12-04,mikegapes,Labour (Co-op),"Ine Eriksen Soreide, Norwegian minister for Foreign Affairs says they ""could replace single market access with a free trade agreement"" but it gives them a ""common regulatory framework"" #r4today #Brexit",BBCr4today,,2017-12
2017-12-04,davidcrausby,Labour,"Andy Burnham wants simple ""London-style"" bus system in Greater #Manchester https://t.co/Pg9qWK0nf6 https://t.co/dvoSjhI0Fn",BBCRadioManc,,2017-12
2017-12-04,neilgraysnp,Scottish National Party,If one part of UK can retain regulatory alignment with EU and effectively stay in the single market (which is the right solution for Northern Ireland) there is surely no good practical reason why others can’t.,NicolaSturgeon,,2017-12
2017-12-04,louhaigh,Labour,Foster children excluded from Tories' flagship childcare policy. Great work by @TracyBrabin to expose this: https://t.co/KPoGv2gJRf,,@TracyBrabin,2017-12
2017-12-04,hywelplaidcymru,Plaid Cymru,Arfon MP helps out at local foodbank's winter collection in Bangor.  https://t.co/tL6za5xPoc,NorthWalesChron,,2017-12
2017-12-04,drewhendrysnp,Scottish National Party,"Right now, Ireland is powerfully demonstrating the importance of being independent when it comes to defending your vital national interests",NicolaSturgeon,,2017-12
2017-12-04,kategreensu,Labour,"We're excited to announce that shadow education secretary, @AngelaRayner MP will be speaking at our New Year conference 2018! Tickets &gt; https://t.co/HR59BZlUMj https://t.co/1Jb1Rd6sap",thefabians,@AngelaRayner,2017-12
2017-12-04,bbradley_mans,Conservative,.@Jeremy_Hunt on @pestononsunday about the @Conservatives £300m for treating and stopping childrens' mental ill health before it turns into something more serious #Peston https://t.co/PCCnYi7DjB,CCHQPress,"@Jeremy_Hunt, @pestononsunday, @Conservatives",2017-12
2017-12-04,karen_karenelee,Labour,"Rising housing costs are contributing to an increase in poverty, says new @jrf_uk report on low-income families: https://t.co/j9W5qUHkN2",Shelter,@jrf_uk,2017-12
2017-12-04,samgyimah,Conservative,@Jacqueline_Gold Tremendous news. Very happy for you.,Jacqueline_Gold,@Jacqueline_Gold,2017-12
2017-12-04,paulasherriff,Labour,It’s gonna be a late one! https://t.co/eUl38lcJde,PARLYapp,,2017-12
2017-12-04,halfon4harlowmp,Conservative,@danny_wright @jrf_uk Thank you,danny_wright,"@danny_wright, @jrf_uk",2017-12
2017-12-04,annamcmorrin,Labour,Learn how Cardiff in Wales is scoring huge cost and energy savings by deploying smart #LED lighting https://t.co/X5h0JB4eiA @Toby__Morgan,ClimateGroup,@Toby__Morgan,2017-12
2017-12-04,bobblackman,Conservative,"Since 2010 @Conservatives have:

💰Cut income tax 
📉Deficit down by ¾
⛽Frozen fuel duty
🏥Record levels of funding for NHS 
🎓1.9m children in good/outstanding schools
💷Increased the National Living Wage
🏗️Building 1.5m homes
💼1000 jobs created every day
🏘️Cut stamp duty",CCHQPress,@Conservatives,2017-12
2017-12-04,keeleymp,Labour,On-call yesterday for emergency mental health in S London. No male beds. No female beds. 20+ people waiting to come in for treatment. Police left looking after patients for hours. Mental Health services buckling under the pressure of underfunding. #Peston,DrAkshayNair,,2017-12
2017-12-04,nsoames,Conservative,@toryboypierce @realDonaldTrump #beyounearsohightheLawisyetaboveyou,toryboypierce,"@toryboypierce, @realDonaldTrump",2017-12
2017-12-04,jimfromoldham,Labour (Co-op),#EUWithdrawalBill today. 168 pages of amendments... https://t.co/9Vje4mQAgq,labourwhips,,2017-12
2017-12-04,barrysheerman,Labour (Co-op),How can pensioners &amp; children be living in poverty in one of the wealthiest countries on the planet? @BBCr4today @jrf_uk,,"@BBCr4today, @jrf_uk",2017-12
2017-12-04,jc4southsuffolk,Conservative,"Because prevention is better than cure, every secondary school now to have a teacher as a senior mental health lead trained to develop evidence-based school policies to identify risk factors and head off problems early #Youngmentalhealth",Jeremy_Hunt,,2017-12
2017-12-04,lucympowell,Labour (Co-op),"A very important report today highlighting the levels of growing poverty, much of it in-work poverty. Couldn’t be more timely coming a day after Social Mobility Commission effectively disbanded. https://t.co/8f0clzqcta",jrf_uk,,2017-12
2017-12-04,chukaumunna,Labour,Similar pattern of party political fluidity experienced across Europe - though most pronounced in UK @BobbyIpsosMORI,IntegrationAPPG,@BobbyIpsosMORI,2017-12
2017-12-04,willquince,Conservative,On Friday 22nd December I will be sleeping out in Colchester for the 5th time to raise money for Beacon House and Colchester Night Shelter please kindly support us via a donation if you able to: https://t.co/GNAiFONJUq @ColchNightShelt @TheGazette @HomelessAPPG @BBCEssex,,"@ColchNightShelt, @TheGazette, @HomelessAPPG, @BBCEssex",2017-12
2017-12-04,bobblackman,Conservative,The @Conservatives have announced that £300m will be spent to improve access to mental health services for children and young people. https://t.co/ryYm659Zf5 https://t.co/3IPDuXCMPM,BobBlackman,@Conservatives,2017-12
2017-12-04,petergrantmp,Scottish National Party,"For those that don't remember, it was originally @AngusRobertson whose raised the issues of the Irish border and separate EU deals at #PMQs in the last Parliament.  https://t.co/EWyZhV0Ad4",GrantDCostello,@AngusRobertson,2017-12
2017-12-04,petergrantmp,Scottish National Party,@faisalislam Nicola Sturgeon predicted it in a Scottish Government white paper last December.,faisalislam,@faisalislam,2017-12
2017-12-04,richard4watford,Conservative,Thanks again to @WatfordMencap for organising #watfordsantadash. It was great to see  @stJohnsprimary4 there in support! #johnnytheeagle https://t.co/VWON6uNyaI,,"@WatfordMencap, @stJohnsprimary4",2017-12
2017-12-04,marktamimp,Labour,Today I pledged to support @GBOceans 's #BackTheBlueBelt campaign. A great cause that aims to create 4 mill sq kms of protected areas in our oceans. Vital for the protection of our marine life!,,@GBOceans,2017-12
2017-12-04,samgyimah,Conservative,From @MattHancock: This tech revolution is a Tory revolution https://t.co/p86tgMT7tS,ConHome,@MattHancock:,2017-12
2017-12-04,onnmel,Labour,Sat waiting for bloods to be done @GrimsbyHospital listening to NHS staff tell patient they won’t vote again because they’ve been lied to about more money for nhs.,,@GrimsbyHospital,2017-12
2017-12-04,karlturnermp,Labour,"Another big thank you to BAE Brough who raised £884.17 generated by Heads &amp; Tails game at their awards evening, from their heritage fridge magnet sales, H4H cash tin in the restaurant and merchandise sale. Thank you to everyone who helped raise these funds #StrongerTogether https://t.co/JRmgIEJ7ki",hull4heroes,,2017-12
2017-12-04,markpawsey,Conservative,"After finding out that #FoodBank #donations were low, the Rugby Office team took it upon themselves to #raise money &amp; get it filled. Bravo team 👏 https://t.co/o8aCXezuAY",CEMEX_UK,,2017-12
2017-12-04,cmonaghansnp,Scottish National Party,"Early day motion proposed by @CMonaghanSNP in support of secure pensions for academic staff at universities. Will you support it, @PaulBlomfieldMP? @frankfieldteam? #USS https://t.co/spVgnPrF6o https://t.co/G5ADE351Uj",sheffielducu,"@CMonaghanSNP, @PaulBlomfieldMP?, @frankfieldteam?",2017-12
2017-12-04,chionwurah,Labour,Be good to put the same question to journalists... https://t.co/rGoeMkRHMr,MazzucatoM,,2017-12
2017-12-04,kevin_j_foster,Conservative,"Join us for Christians Together in Paignton Carol Singing next Saturday at 2pm in Victoria Street, Paignton.  @gospelshow1 @rivierafm #TorbayHour #BoostTorbay #Christmas @kevin_j_foster All are welcome!",ChristChurch12,"@gospelshow1, @rivierafm, @kevin_j_foster",2017-12
2017-12-04,ianmurraymp,Labour,Good luck to those taking part in #SciWestminster17 - enjoyed my week on the excellent scheme with @IanMurrayMP - though somehow it was four years ago! https://t.co/SMOAAV0rn7,stugilfillan,@IanMurrayMP,2017-12
2017-12-04,drrosena,Labour,Thank you for your help. It's appreciated. https://t.co/dYholPxIMV,THSTOfficial,,2017-12
2017-12-04,davidtcdavies,Conservative,Very useful meeting with family lawyer Alex Wilson of @HCRlaw and Rachel Child FCA of Child &amp; Child Chartered Accountants in #Monmouth during @ResFamilyLaw #Cohabitation Awareness Week https://t.co/YeZo665Czs,,"@HCRlaw, @ResFamilyLaw",2017-12
2017-12-04,ruthcadbury,Labour,"This weekend, Theresa May’s entire social mobility board quits over a ‘lack of progress’.

Today it’s revealed that under the Tories, 14 million people are living in poverty.
 
The facts are clear. This Tory Government will do nothing to #solveUKpoverty. 

https://t.co/1GLX4rd0Zq",UKLabour,,2017-12
2017-12-04,gavnewlandssnp,Scottish National Party,"Ach Douglas that’s #FakeNews
There is now all of two Scottish Labour members.
Standing up for, erm, somewhere, somewhere else.
#PowerGrab #Brexit #EUWithdrawalBill https://t.co/963xMJHZaa",DougChapmanSNP,,2017-12
2017-12-04,thelma_dwalker,Labour,"Every child should have access to high quality childcare and early years education. Foster children should have exactly the same right to access childcare as if they were with their birth parents.
More here -&gt; https://t.co/38G5zD7GCm",TracyBrabin,,2017-12
2017-12-04,mikegapes,Labour (Co-op),Cabinet met this morning. I will be making a statement on Phase I Brexit talks later today.,LeoVaradkar,,2017-12
2017-12-04,marshadecordova,Labour,"What happens to support for disabled people after Brexit? asks @Marshadecordova
https://t.co/TBfLO0p1ZP",NewStatesman,@Marshadecordova,2017-12
2017-12-04,hbaldwin,Conservative,Dunfermline based Forth Marine Textiles Ltd: “Winning the @HMSQnlz contract was incredible for our small team of six and has allowed us to gain some really great recognition.” https://t.co/dCqX6QXI4P #QNLZatsea https://t.co/ysdbxGmxW7,DefenceHQ,@HMSQnlz,2017-12
2017-12-04,stevebakerhw,Conservative,".@JustineGreening: We are seeing standards in our schools rise, we are narrowing the gap in outcomes between disadvantaged children and their better-off peers and we are improving technical education. #Marr https://t.co/17qlzXhNR0",Conservatives,@JustineGreening:,2017-12
2017-12-04,sdoughtymp,Labour (Co-op),And #Yemen descends into further chaos... grim. Need urgent ceasefire. https://t.co/JHsdEoAdS9,,,2017-12
2017-12-05,tomtugendhat,Conservative,"Foreign Affairs Committee members are today wearing marigold badges, kindly provided by the Indian High Commission to mark India's armed forces flag day on Thursday 7th November - ""India Remembers""! 🇬🇧🇮🇳🇬🇧🇮🇳@TomTugendhat https://t.co/I6PDQDezp1",AndrewRosindell,@TomTugendhat,2017-12
2017-12-05,petergrantmp,Scottish National Party,Fantastic speech from @BrendanOHaraSNP laying down the gauntlet to the Scottish Tories to join @theSNP tonight to put the interests of Scottish farmers before the narrow interest of their party.,StewartHosieSNP,"@BrendanOHaraSNP, @theSNP",2017-12
2017-12-05,barrysheerman,Labour (Co-op),Sadly remembering the battle of Ypres 100 years ago @BBCNews,,@BBCNews,2017-12
2017-12-05,lukepollard,Labour (Co-op),"@HCH_Hill No, let’s reform Parliament so it’s fit for the 21st century not 1997. Appreciate why you need to make it about Labour but with Henry VIII powers, stacking bill committees when there’s no govt majority, refusing to vote the problems are now not 20yrs ago",HCH_Hill,@HCH_Hill,2017-12
2017-12-05,mikegapes,Labour (Co-op),"If the Govt thinks ""regulatory alignment"" is good enough for NI, why can't the rest of the UK have it too and avoid breaking up the country",SteveReedMP,,2017-12
2017-12-05,julieelliottmp,Labour,#Sunderland should be #CityofCulture2021 and I’m backing the bid. Watch here to find out more: https://t.co/3aJ4okI18C. Show your support and tell @DCMS why we should win using #Sunderland2021,,@DCMS,2017-12
2017-12-05,drewhendrysnp,Scottish National Party,"Last night Tory MPs voted down key #Brexit amendments that could have protected the devolution settlement. Find out how Westminster grabbed power from the devolved nations here:
https://t.co/QwinFBGuvp",theSNP,,2017-12
2017-12-05,mikegapes,Labour (Co-op),"Juncker has suggested a further Brexit meeting with PM which was expected tomorrow now “maybe tomorrow, maybe the day after tomorrow, not on Friday and Saturday because I’m out of town, maybe on Sunday”.

Tomorrow trip to Brussels looking doubtful.",faisalislam,,2017-12
2017-12-05,onnmel,Labour,David Davis says people were told that Leave means leaving the customs union and single market. Except that’s not quite right is it @DanielJHannan https://t.co/ld5QBMGFHG,LukePollard,@DanielJHannan,2017-12
2017-12-05,stellacreasy,Labour (Co-op),Well no the awards were in London so…if you mean winners who live in other parts of country yes Jeremy - check out @PolStudiesAssoc feed for full list…and maybe put the saucer of milk down ey…😏 https://t.co/rk62o6nrPM,,@PolStudiesAssoc,2017-12
2017-12-05,derbychrisw,Labour,"Standby for a general election in the New Year
#ToryWinterCrisis https://t.co/po0MbrLgPJ",skwawkbox,,2017-12
2017-12-05,heatherwheeler,Conservative,More good news about education standards rising in the UK. Thank you to our Teachers and all involved https://t.co/IoIhJii3We,theresa_may,,2017-12
2017-12-05,peterkyle,Labour,"What is government thinking? After two years of utter misery for passengers, they think now is the right time for a record fare hike 😠 https://t.co/adStDv15dE",BrightonIndy,,2017-12
2017-12-05,dianajohnsonmp,Labour,@Rosiemillard @2017Hull @HullFerens Goldie and Rosie with the wonderful volunteers. What a great moment for Goldie. https://t.co/mhuikUxckz,shaunmarshall42,"@Rosiemillard, @2017Hull, @HullFerens",2017-12
2017-12-05,rehman_chishti,Conservative,"Put question to Sir Alan Dashwood QC: First Duty of the state anywhere in the world is to protect its citizens in an interconnected world,in fighting terrorism, all countries would share &amp; do share information, if it could help safe lives and prevent terrorist attacks:Answer Yes https://t.co/kqnwN82B5x",,,2017-12
2017-12-05,mariamilleruk,Conservative,Important to support organisations tackling all aspects of violence against women &amp; girls #16Days2017 https://t.co/DJPJViJlo4,Jessica_Asato,,2017-12
2017-12-05,lucianaberger,Labour (Co-op),Just asked DD. A strange answer was given https://t.co/Jp6RiHKVGL,Alison_McGovern,,2017-12
2017-12-05,benmlake,Plaid Cymru,"Read the 1st article by @ZoeBrigley in a *brand new series* where writers &amp; artists will respond to stretches of Wales’s rail network. What does our experience of train travel tell us about nationhood, inequality, the need for connectivity - and escape? https://t.co/5Jw9SzbtAG https://t.co/dPOiZIEXre",Planet_TWI,@ZoeBrigley,2017-12
2017-12-05,normanlamb,Liberal Democrat,Great to meet you! Loved the gig last night! Big talent - you will go far! https://t.co/u0rl8BHmT1,JoelBakerMusic,,2017-12
2017-12-05,ruthsmeeth,Labour,Good luck to the soldiers from the 2nd Battalion The Royal Regiment of Scotland (2 SCOTS) who have deployed to undertake a vital training and mentoring role in Iraq https://t.co/iTotaznbbC https://t.co/OGARW6TyUp,BritishArmy,,2017-12
2017-12-05,hackneyabbott,Labour,EU blacklist names 17 tax havens and puts Caymans and Jersey on notice https://t.co/VCsKfruq9K Time for change,,,2017-12
2017-12-05,amcarmichaelmp,Liberal Democrat,New Inquiry Launched: Future Gas Series - Part 2: The Production of Low Carbon Gas https://t.co/IChhLlwCOp @JSHeappey @alanwhiteheadmp @amcarmichaelMP,CarbonConnectUK,"@JSHeappey, @alanwhiteheadmp, @amcarmichaelMP",2017-12
2017-12-05,gavnewlandssnp,Scottish National Party,"Currently in the Lions Den, surrounded by passionate Welsh MPs extolling Swansea’s virtues as #CityofCulture2021
They are passionate but wrong as Paisley is the deserving winner for both our cultural &amp; heritage offer now &amp; the greater need for regeneration than rest
#Paisley2021",,,2017-12
2017-12-05,simon4ndorset,Conservative,With three children learning to read during this period I can attest to its success. Thank you to all the staff who are opening up the world of learning #veryprouddaddy https://t.co/cq4KkjEfTE,willquince,,2017-12
2017-12-05,jessphillips,Labour,"Morning all. Anyone who would like to send a Christmas present to Angie Evans after seeing her story last night can post it to:

St Vincent De Paul Society
St Joseph's RC Church
Mary Street 
Heywood
OL10 1EG 

Anything she can’t take will go to other children living in poverty. https://t.co/rAvpUpCMWx",PaulBrandITV,,2017-12
2017-12-05,nickboles,Conservative,https://t.co/OlvcIIwUHk,willquince,,2017-12
2017-12-05,petergrantmp,Scottish National Party,"Never thought I’d see @Jacob_Rees_Mogg, Hon Member for Vatican City Central, gushing forth his gratitude for his new besties in the DUP.",,"@Jacob_Rees_Mogg,",2017-12
2017-12-05,redditchrachel,Conservative,Packed meeting in @HouseofCommons in support of @5050Parliament @mimsdavies @Baronessjenkin https://t.co/098LVXZomj,MariaMillerUK,"@HouseofCommons, @5050Parliament, @mimsdavies, @Baronessjenkin",2017-12
2017-12-05,lukepollard,Labour (Co-op),"At the @CatsProtection reception talking about backstreet breeding of cats, pet friendly tenancies and, horribly, people shooting cats with an air gun https://t.co/lI1TyEG5ZA",,@CatsProtection,2017-12
2017-12-05,mikeamesburymp,Labour,It might just not be possible to square Dublin’s red lines with the DUP/ ERG’s... https://t.co/G8W2DwXx24,faisalislam,,2017-12
2017-12-05,dianajohnsonmp,Labour,"We can put men on the moon but we can't keep a replica of ""Jason"" in Paragon station Hull! @bbcburnsy",,@bbcburnsy,2017-12
2017-12-05,benmlake,Plaid Cymru,Rydym yn drist iawn clywed heno am farwolaeth Meic Povey  un o wir fawrion y theatr yng Nghymru a fu’n ysbrydoliaeth i genhedlaeth gyfan o awduron Cymraeg. Pleser fu cydweithio â Meic a mawr yw ein colled. https://t.co/vABhcLlHvu,TheatrGenCymru,,2017-12
2017-12-05,meaglemp,Labour,Feels like the message is getting out today. Local MPs debating passionately. Mr Parr looking flustered on @GranadaReports . Let’s keep the pressure on Please sign and RT.  #scrapmerseytolls #merseyflow #Runcorn #Widnes #Liverpool #Chester #LCR #Warrington https://t.co/d6bjiio56d,NoMerseyTolls,@GranadaReports,2017-12
2017-12-05,lisanandy,Labour,"Catch up on the highlights from @the2ndsource's first event on fighting sexual harassment in the media, with @janemerrick23, Pavan Amara from @MyBodyBackProj, @lisanandy &amp; @e_linsey from @sisofrida https://t.co/BMdHDyC4lt #secondsource",the2ndsource,"@the2ndsource's, @janemerrick23,, @MyBodyBackProj,, @lisanandy, @e_linsey, @sisofrida",2017-12
2017-12-05,dr_philippaw,Scottish National Party,@Dr_PhilippaW @mtm19311 @britainelects @Survation @davieclegg @ScotTories Looking for this story on BBC Scot website. Scot Tories vote for powers to be returned to WM. But that sort of story is taboo for them.,RedcliffeScott,"@Dr_PhilippaW, @mtm19311, @britainelects, @Survation, @davieclegg, @ScotTories",2017-12
2017-12-05,royston_smith,Conservative,https://t.co/FzsAE2AjQY,,,2017-12
2017-12-05,cpjelmore,Labour,We're with @CPJElmore - give the @WelshGovernment the means to end the #PayPinch and give public sector workers in Wales a much needed pay rise! https://t.co/1bGm29zyqs,GMBWSW,"@CPJElmore, @WelshGovernment",2017-12
2017-12-05,jostevenslabour,Labour,"""What an embarrassment,"" says Shadow Brexit Secretary @Keir_Starmer, adding ""the last 24 hours have given a new meaning to the phrase 'coalition of chaos'"" over the Government's progress on Brexit negotiations https://t.co/VRPa0PumTU",SkyNews,"@Keir_Starmer,",2017-12
2017-12-05,mikegapes,Labour (Co-op),Starmer tells Goverment it must put Customs Union and Single Market back in the table. Very welcome shift in @UKLabour position. #brexitshambles,BenPBradshaw,@UKLabour,2017-12
2017-12-05,jessphillips,Labour,Best idea ever! https://t.co/ph3jUL8Ijl,balbecdaze,,2017-12
2017-12-05,laylamoran,Liberal Democrat,"Such respect for @heidiallen75 for daring to be so human in the chamber. Heidi, you are VERY good at this job.  https://t.co/5KZBPymVUr",,@heidiallen75,2017-12
2017-12-05,lukepollard,Labour (Co-op),"Just raised v worrying reports that Chancellor wants to cut the Army to just 50,000. You can't do security on the cheap. Time for this shambles of a Government to get its act together. https://t.co/3ZKbBvo8Ji https://t.co/FiIyofOBjl",NiaGriffithMP,,2017-12
2017-12-05,greghands,Conservative,Phonics sends UK literacy amongst 9 and 10 year olds up the international rankings - huge boost for our children’s life chances. https://t.co/EpY1h7OyOh,DominicRaab,,2017-12
2017-12-05,laurapidcock,Labour,"Too much to ask for some transparency from this Govt over rollout of Universal Credit? Such arrogance to defy the Information Commissioner in refusing to publish the evidence. Something to hide? Today, @UKLabour will be trying to force them to come clean. https://t.co/hM70VwC2Wd",,@UKLabour,2017-12
2017-12-05,afzal4gorton,Labour,"Join @marciahut this Thursday for the launch of #ThePipelineProject, a great initiative which aims to support people from the Manchester African Heritage community to become councillors. 7pm, The Big Western, M16 7PA https://t.co/PhwksNQxjt https://t.co/egIcoMwZcE",,@marciahut,2017-12
2017-12-05,jamescleverly,Conservative,Now is the time to move on to trade talks. Best for UK and best for EU27. #Brexit https://t.co/zG71ZTTUH3,,,2017-12
2017-12-05,kate_hollernmp,Labour,"After @UKLabour pressure the Tories have been forced to hand over the Universal Credit reports they were trying to hide.

The botched rollout has caused misery for thousands. The full extent of the flaws must be revealed and it must be paused and fixed.

https://t.co/WbOBEQkQBY",jeremycorbyn,@UKLabour,2017-12
2017-12-05,coyleneil,Labour,Southwark Council just launched https://t.co/obtTloS0H2 website which gives background to applications to take on the site. Video of inside of the Town Hall at https://t.co/EupVx9qzIi Southwark Council officers will discuss further at Thursday's  WS meeting 155 Walworth Rd 7pm https://t.co/JmXBlbprTe,WalworthSociety,,2017-12
2017-12-05,kellytolhurst,Conservative,@ElizabeFrances Thank you,ElizabeFrances,@ElizabeFrances,2017-12
2017-12-05,preetkgillmp,Labour (Co-op),Helpful &amp; productive meeting with @lordnickbourne who agreed to assist in finalising Code of Practice for the 5Ks &amp; Sikh turban which will assist public &amp; private bodies  @TheSikhNet @SikhFedUK @SikhCouncilUK @SikhMessenger https://t.co/MpG7u1fVA1,,"@lordnickbourne, @TheSikhNet, @SikhFedUK, @SikhCouncilUK, @SikhMessenger",2017-12
2017-12-05,nazshahbfd,Labour,"What an absolutely ludicrous, incompetent, absurd, make it up as you go along, couldn’t run a piss up in a brewery bunch of jokers there are  running the government at the most critical time in a generation for the country.",Ed_Miliband,,2017-12
2017-12-05,catharinehoey,Labour,Despite representations Councillors just abandoned decision to their agents. A very sad loss for Kennington Park. #profitbeforecommunity https://t.co/sihNid1vOU,,,2017-12
2017-12-05,petergrantmp,Scottish National Party,"I don't honestly think that Lady Hermon's contributions regarding Brexit are respected enough. Here she is swarmed by DUP MPs heckling her as much as they can, and she still manages to get her point across. The DUP do not speak for all of NI. https://t.co/AJ7RYBA1AK",CLeonard1212,,2017-12
2017-12-05,normanlamb,Liberal Democrat,"""Massively damaging"" that decisions are being made on the shape of the successor to #Horizon2020 without the UK's input, says @normanlamb. ""It would be madness to walk away from that."" #UUKResearch",beckie__smith,@normanlamb.,2017-12
2017-12-05,danjarvismp,Labour,Stage 3 starts in Richmond which is said to have the largest cobbled market place in England. It then heads east to Northallerton &amp; takes in some of the North York Moors National Park before a classic finish on the Scarborough seafront. #TDY https://t.co/XCKntuBnOA,letouryorkshire,,2017-12
2017-12-05,alisonthewliss,Scottish National Party,BLOG: Ending Domestic Abuse: Are We Getting Anywhere? By @SpeakingOut_SWA https://t.co/LNuXOrHHaD #16days https://t.co/6TULDcLaEU,scotwomensaid,@SpeakingOut_SWA,2017-12
2017-12-05,petergrantmp,Scottish National Party,Yassss! https://t.co/pOh7zeVv6V,STVNews,,2017-12
2017-12-05,lordwalney,Labour,I fear for my constituents and for those families who really do struggle to feed their children says @JWoodcockMP #UniversalCredit,PARLYapp,@JWoodcockMP,2017-12
2017-12-05,preetkgillmp,Labour (Co-op),@jimmystrength47 @TonyDowling @unisontweets @BASW_UK @theRCN Always! I also worked as a social work manager.,jimmystrength47,"@jimmystrength47, @TonyDowling, @unisontweets, @BASW_UK, @theRCN",2017-12
2017-12-05,mikegapes,Labour (Co-op),"Galloway paid an agent to go to Pakistan to dig out Naz Shah's marriage certificate so he could publicly dispute the fact that she was forced to marry someone, during the election campaign in Bradford.

Think about that for a second.

Think of how low he went. https://t.co/et8KlW6lIP",khayerc,,2017-12
2017-12-05,jessphillips,Labour,@kflogan For sure,,@kflogan,2017-12
2017-12-05,justinmadders,Labour,@weegieking @NoMerseyTolls @meaglemp @ChrisM4Chester @FaisalRashid6 @DavidHansonMP @MikeAmesbury @georgehowarthmp @HelenJonesMP @DanCardenMP @ConorMcGinn @justinmadders Really impressed with all the north west MPs. Shame @Jesse_Norman and the government could not even acknowledge the financial hardship the tolls are creating in the region.,jmbainbridge,"@weegieking, @NoMerseyTolls, @meaglemp, @ChrisM4Chester, @FaisalRashid6, @DavidHansonMP, @MikeAmesbury, @georgehowarthmp, @HelenJonesMP, @DanCardenMP, @ConorMcGinn, @justinmadders, @Jesse_Norman",2017-12
2017-12-05,petergrantmp,Scottish National Party,@DerekBateman2 @ChristinaSNP I think it's brilliant how Labour in opposition have forced the SNP to do more in 10 years than Labour in administration achieved in 50.,DerekBateman2,"@DerekBateman2, @ChristinaSNP",2017-12
2017-12-05,alanbrownsnp,Scottish National Party,@alisonthewliss @markdurkan Aye. What Alison said.,alisonthewliss,"@alisonthewliss, @markdurkan",2017-12
2017-12-05,thangammp,Labour,So sorry that duty on front bench took me away before end and thanks to @TracyBrabin for stepping in to finish chairing. Everyone needs to watch #humanflow at cinema and learn about the lives of 65 million people caught up in global refugee crisis https://t.co/2JtEm6R6ps,UNHCRUK,@TracyBrabin,2017-12
2017-12-05,alexburghart,Conservative,"People really have short memories of what difficult negotiations are like. Lots of commentary this morning that govt might fall, no deal imminent etc. Calm down people",rbrharrison,,2017-12
2017-12-05,meaglemp,Labour,"This magnificent new bridge is being use to defraud the good people of the Northwest: Unclear &amp; inadequate signage, no toll booths, obscure charging, extortionate ""fines"" (but numerous successful appeals) @HaltonBC @merseygateway @meaglemp #scrapmerseytolls https://t.co/B0TSYHNu3y",whalleysteve1,"@HaltonBC, @merseygateway, @meaglemp",2017-12
2017-12-05,sdoughtymp,Labour (Co-op),"Has Starmer completed the full manoeuvre to Labour backing Single Market in these remarks? Looks like it, at least “on table for negotiations”: 
“Will the PM now rethink her reckless red lines – and put options such a CU and SM back on the table for negotiations?”",faisalislam,,2017-12
2017-12-05,heidiallen75,Conservative,A huge thank you to our wonderful Patron Sir Roger Gale MP for kindly hosting our joint event with the Conservative Environment Network tonight with speeches from the Secretary of State @michaelgove in the Commons https://t.co/mlDnstAjnH,ConservativeAWF,@michaelgove,2017-12
2017-12-05,lsrplaid,Plaid Cymru,"Bu farw'r actor, dramodydd a chyfarwyddwr Meic Povey
https://t.co/sxHPrSDuIV",BBCCymruFyw,,2017-12
2017-12-05,angusmacneilsnp,Scottish National Party,...just a few short months ago. https://t.co/Ug6oBhkh3n,_PaulMonaghan,,2017-12
2017-12-05,albertowen2020,Labour,Work and Pensions Secretary @DavidGauke confirms he will accept @UKLabour motion and give universal credit project assessments. Will they ever vote on Opposition Days?,labourwhips,"@DavidGauke, @UKLabour",2017-12
2017-12-05,drewhendrysnp,Scottish National Party,"Before you all start falling over yourselves at Ruth Davidson’s intervention here’s a useful thread on the many, many contradictory positions she has held on Brexit &amp; single market membership 👇 https://t.co/n2g2tjduYk",StewartMcDonald,,2017-12
2017-12-05,huddlestonnigel,Conservative,"With over a billion users every month, @YouTube has an awesome responsibility over its content, so I welcome these further steps in the right direction announced by @SusanWojcicki to help protect #YouTube users &amp; advertiser's from inappropriate content https://t.co/bxMO4GSkwb",SusanWojcicki,"@YouTube, @SusanWojcicki",2017-12
2017-12-05,edvaizey,Conservative,Ed Sheeran named Spotify's most streamed artist of the year - https://t.co/BOXirVuaNP,bpi_music,,2017-12
2017-12-05,anna_soubry,Conservative,If regulatory alignment is good enough for #NIreland then it’s good enough for the entire UK so let’s embrace it &amp; keep UK together,,,2017-12
2017-12-05,nickboles,Conservative,"Stats on children’s reading out today, brilliant news. @Conservatives https://t.co/ojdugb7Pyw",willquince,@Conservatives,2017-12
2017-12-05,derbychrisw,Labour,Pizza Hut Delivery on Merseyside boycotts S*n vouchers https://t.co/iUaZOLH2UQ https://t.co/OD7yOBqX05,skwawkbox,,2017-12
2017-12-05,davidcrausby,Labour,"thanks to @DavidCrausby MP for meeting with our #Bolton representatives at #sip2017 - @YasminQureshiMP at a funeral but sent her good wishes, and we were pleased to meet @CGreenUK Chris Green MP at #sip2016 https://t.co/0MBijPkgMF",SanctuaryBolton,"@DavidCrausby, @YasminQureshiMP, @CGreenUK",2017-12
2017-12-05,stellacreasy,Labour (Co-op),Sorry to hear this @architectsE17 - email me Details and happy to ask the chief execs office about timings for this? https://t.co/YvnBGg3bWb,architectsE17,@architectsE17,2017-12
2017-12-05,edvaizey,Conservative,An important report from @McKinsey_MGI on the future of automation and artificial intelligence in the world of work. Worth a read https://t.co/ZEHvZkN2DT,,@McKinsey_MGI,2017-12
2017-12-05,dominicraab,Conservative,Construction sector expanding off the back of extra home-building - welcome news. https://t.co/JN0otfdGbb,,,2017-12
2017-12-05,rorystewartuk,Conservative,Really impressive improvements in UK reading skills - a tribute to primary school teachers embracing phonics - championed by @NickGibbUK -https://t.co/rPw9KrVOPn,,@NickGibbUK,2017-12
2017-12-05,liliangreenwood,Labour,How much will your train ticket cost in the New Year? See how today's increase could hit the price of your ticket https://t.co/qgAVXhCuNU https://t.co/lljQKErS6s,TransportFocus,,2017-12
2017-12-05,dr_philippaw,Scottish National Party,@Dr_PhilippaW @ScotTories They are just there to deflect EVERY argument on to #SNPBAD. non of them could 'speak' without reading from notes. Have to stop letting them distract the debates like Thomson did with Mhairi B. took her away from it being a NATIONAL Issue1,tenaciousV56,"@Dr_PhilippaW, @ScotTories",2017-12
2017-12-05,sarahwollaston,Conservative,"Thank you Ben, beyond belief that local activists sadly including @TotnesLabour with Front Bench endorsement, thought it just fine to leave a ‘coffin’ waiting for me outside my surgery on Saturday. I found it deeply offensive &amp; upsetting but presume that was the intention https://t.co/QbsVDqVaBE",BenPBradshaw,@TotnesLabour,2017-12
2017-12-05,tracybrabin,Labour (Co-op),"What an absolutely ludicrous, incompetent, absurd, make it up as you go along, couldn’t run a piss up in a brewery bunch of jokers there are  running the government at the most critical time in a generation for the country.",Ed_Miliband,,2017-12
2017-12-05,louiseellman,Labour (Co-op),More people fall into poverty under the Tories. No wonder the Chair of the Social Mobility Commission resigned in protest! https://t.co/MxHXvn51Ov,,,2017-12
2017-12-05,paulasherriff,Labour,Know a community group in Kirklees who need some short term financial support? Our sustainability fund is open for applications until 19th December: https://t.co/gNpOpbmFhF https://t.co/fkxWJjSdol,KirkleesCouncil,,2017-12
2017-12-05,ianclucas,Labour,Russia barred from 2018 Winter Olympics in Pyeongchang over doping https://t.co/VJ0jFjs077,BBCBreaking,,2017-12
2017-12-05,angelarayner,Labour,"Thanks to all those who spoke &amp; attended this eve. If you want to go fast, go alone. If you want to go far, go together #sisterhood #FWNAGM https://t.co/e2J0yag1LK",FabianWomen,,2017-12
2017-12-05,tracybrabin,Labour (Co-op),"Today, Shadow Children's Minister @EmmaLewellBuck probed government's conflicting position on the deliberate infliction of pain on children during restraint. DH &amp; DfE say must not be used in health, social care &amp; ed settings. MoJ allows in child prisons. https://t.co/NzEkh4xnvQ",article_39,@EmmaLewellBuck,2017-12
2017-12-05,tandhesi,Labour,Good to be with the excellent Slough MP @TanDhesi at the APPG for Rail presentation on western rail access to Heathrow. Vital for his patch and business connectivity in #plymouth too #lukeMP,LukePollard,@TanDhesi,2017-12
2017-12-05,sharonhodgsonmp,Labour,@Bill_Esterson @RBS @JasonFarrellSky @Keir_Starmer @VictoriaLIVE @RLong_Bailey @andyverity @jeremycorbyn @FisherAndrew79 @SMEAllianceLtd @BBC_Joe_Lynam @PeterStefanovi2 The government must publish the FCA report on @RBS mistreatment of small businesses,CliveEfford,"@Bill_Esterson, @RBS, @JasonFarrellSky, @Keir_Starmer, @VictoriaLIVE, @RLong_Bailey, @andyverity, @jeremycorbyn, @FisherAndrew79, @SMEAllianceLtd, @BBC_Joe_Lynam, @PeterStefanovi2, @RBS",2017-12
2017-12-05,thomasbrake,Liberal Democrat,"Govt gross incompetence is turning the #Brexit negotiations into a national humiliation. To solve the Irish border issue, the UK has to stay in the Single Market and Customs Union and the people should be given a Vote on this Deal.",,,2017-12
2017-12-05,geraldjoneslab,Labour,Government accuse opposition of scaremongering over #UniversalCredit in #Parliament today. The Tories must be closing their ears to the hardship being caused. Referred them to evidence from @CHCymru @CitizensAdvice @Shelter @CPAGUK  All working to support most vulnerable.,,"@CHCymru, @CitizensAdvice, @Shelter, @CPAGUK",2017-12
2017-12-05,hackneyabbott,Labour,"'Crisis of confidence' in the justice system due to Tory privatisation of forensics service - please read &amp; RT this important piece from @HackneyAbbott ↓

https://t.co/Qb4JJVUh6Y",LabourHomeTeam,@HackneyAbbott,2017-12
2017-12-05,matthancock,Conservative,At #UKonStage celebrating the best of British on @YouTube - great night ahead https://t.co/UEEXdYkAj3,,@YouTube,2017-12
2017-12-05,fitz_xmp,Labour,"Parliamentary 1st! Watch #Deafness and #HearingLoss @HouseofCommons debate in full, with subtitles &amp; interpreted into Sign Language ↓
https://t.co/f55NlPY6WR",,@HouseofCommons,2017-12
2017-12-05,annaturley,Labour (Co-op),@ayeshahazarika Awful - it looks like a line up of football pundits on sky,ayeshahazarika,@ayeshahazarika,2017-12
2017-12-05,jeremy_hunt,Conservative,…but we’re still not as good as other countries in Western Europe so to deliver our cancer plan I’m today announcing plans to train 300 more endoscopists &amp; 200 more radiographers under our first ever Cancer Workforce Plan https://t.co/4FnAQ0PvOM #BritainAgainstCancer,,,2017-12
2017-12-05,grahamemorris,Labour,More than 700 fewer nurses training in England in first year after NHS bursary scrapped https://t.co/hriNKHZmDI,theRCN,,2017-12
2017-12-05,rhonddabryant,Labour,@ahdamnsoper What? Like in France you mean?,ahdamnsoper,@ahdamnsoper,2017-12
2017-12-05,geraldjoneslab,Labour,"What an absolutely ludicrous, incompetent, absurd, make it up as you go along, couldn’t run a piss up in a brewery bunch of jokers there are  running the government at the most critical time in a generation for the country.",Ed_Miliband,,2017-12
2017-12-05,stellacreasy,Labour (Co-op),Am counting on it @GuidoFawkes otherwise people will think you are going soft in your old age…. https://t.co/nuPPBGjIdx,GuidoFawkes,@GuidoFawkes,2017-12
2017-12-05,s_hammond,Conservative,"Big day for @WimbledonRFC this Saturday – including an event kicked off by @s_hammond to celebrate the club's new facilities. Hop down for lunch (and a few Wimbledon #beers) and give the 1st XV your support in their match against @broadstreetrfc. 

https://t.co/OtiAfvhJEt https://t.co/y0914bmR0b",WimbledonBrew,"@WimbledonRFC, @s_hammond, @broadstreetrfc.",2017-12
2017-12-05,heatherwheeler,Conservative,"Real news about life in the UK after the Brexit Referendum, growing economy in exciting areas https://t.co/qjyU04lHZr",tradegovuk,,2017-12
2017-12-05,annaturley,Labour (Co-op),Austerity and cuts for you &amp; the public services you rely on.... yet free-spending to indulge the chancellor. https://t.co/dA4eVc2lP0,SamCoatesSky,,2017-12
2017-12-05,angelasmithmp,Labour,Speeches at our @HouseofCommons reception kick off with @angelasmithmp talking about the cruel #puppysmuggling trade https://t.co/KMrpTk2Wi0,DT_Pawlitical,"@HouseofCommons, @angelasmithmp",2017-12
2017-12-05,skinnock,Labour,"PR countries outperform FPTP nations on 16/17 measures of sound government, including rule of law &amp; perception of corruption (Lijphart 2012) https://t.co/9jxqpSrLsw",MakeVotesMatter,,2017-12
2017-12-05,mimsdavies,Conservative,Wishing our AMAZING volunteers who do SO much in our communities. I have never met an unhappy volunteer &amp; I know personally helping others makes you happier. Thank you all for all you do and all you give #InternationalVolunteerDay https://t.co/qAo0F0Uxtp,,,2017-12
2017-12-05,nigelmp,Conservative,@jimwaterson So they like fake news re tuition fees and tories hating animals.... interesting Jim,,@jimwaterson,2017-12
2017-12-05,timfarron,Liberal Democrat,"@bobmidd @Wok_Chi_Steve No, just partly!",bobmidd,"@bobmidd, @Wok_Chi_Steve",2017-12
2017-12-05,lukegrahamuk,Conservative,"🎥 WATCH 2️⃣: The SNP’s manufactured “Power Grab” argument is #FakeNews

The SNP don’t want a single one of the new #Brexit powers. They want Brussels to retain all of them. The SNP would gain these powers to simply hand them back to the EU in the SNP “Great Power Giveaway”. https://t.co/NpFhFOFWca",RossThomson_Abz,,2017-12
2017-12-05,henrysmithuk,Conservative,"Honoured to share a platform with the Environment Secretary at an @ConservativeAWF event in Parliament. We are banning the ivory trade, harmful pesticides and plastic micro-beads; introducing CCTV for better welfare in slaughterhouses and increasing sentences for animal cruelty. https://t.co/oVSpoa9cKp",,@ConservativeAWF,2017-12
2017-12-05,emmalewellbuck,Labour,"Today, Shadow Children's Minister @EmmaLewellBuck probed government's conflicting position on the deliberate infliction of pain on children during restraint. DH &amp; DfE say must not be used in health, social care &amp; ed settings. MoJ allows in child prisons. https://t.co/NzEkh4xnvQ",article_39,@EmmaLewellBuck,2017-12
2017-12-05,emmalewellbuck,Labour,"For nearly 5 five years I looked after young people in LA secure accommodation, with very serious anger, violence and self-harming tendencies.

Restraint needed: many times

Suicide and/or violent harm to others prevented: every single time

Deliberate pain techniques used: NEVER https://t.co/eWKwDGutzW",Kathy_CEO_CE,,2017-12
2017-12-05,snewtonuk,Conservative,"Truro and Falmouth MP @SNewtonUK welcomes @transportgovuk announcement of a one-year extension to current Great Western Railway franchise. ""Good for Cornwall."" https://t.co/FZi0X2qGdy",ToryPressSW,"@SNewtonUK, @transportgovuk",2017-12
2017-12-05,mattwestern_,Labour,"Today I challenged David Davis on the Government's handling of the Brexit negotiations, especially in light of the fact that Ministers such as Liam Fox have previously stated that a deal would 'be one of the easiest in human history'. Davis only replied: 'It's a complete cinch'. https://t.co/fnGrkcU7kI",,,2017-12
2017-12-05,meaglemp,Labour,"Well done @GranadaReports for Putting Mr Parr under some pressure. As a Halton resident, I must have missed the questionnaire about bridge satisfaction. Seems 3 million people got it though.... Just no one we’ve asked.",NoMerseyTolls,@GranadaReports,2017-12
2017-12-05,afzal4gorton,Labour,"2/ Which were: 'equivalence of processes in analysing and dealing with all kinds of
terrorism, irrespective of ideology' and 'consistent assessment + investigation
of all terrorist threats, regardless of ideology'",Afzal4Gorton,,2017-12
2017-12-05,debbie_abrahams,Labour,"Following Labour pressure, the Government has finally backed down on Universal Credit reports - @Debbie_abrahams https://t.co/26gxZalZq1",labourpress,@Debbie_abrahams,2017-12
2017-12-05,chionwurah,Labour,@ChiOnwurah showing her support today in London for @OnePunchUK highlighting the importance of increased sentencing for one punch attacks https://t.co/WgqOTEBZaD #DontUseHandsAsWeapons #StopThinkWalkAway,OnePunchNE,"@ChiOnwurah, @OnePunchUK",2017-12
2017-12-05,onnmel,Labour,@beckybarnesblog New claimants but will gradually will be rolled out to all. And if your circs change you’ll be considered a new claimant regardless of previous benefits.,beckybarnesblog,@beckybarnesblog,2017-12
2017-12-05,henrysmithuk,Conservative,Henry Smith MP: Leave no one behind on International Day of Persons with Disabilities https://t.co/WdTHpX5Hbq https://t.co/XwVhq52HJf,CHTonline,,2017-12
2017-12-05,tracybrabin,Labour (Co-op),Labour's @TracyBrabin says the biggest cause for homelessness in a drop-in shelter near her is termination of private rental agreements. She asks what Govt are doing to make agreements more secure but doesn't get much of an answer. https://t.co/h91lb3U3oH,imajsaclaimant,@TracyBrabin,2017-12
2017-12-05,angelarayner,Labour,A powerful role model for us all @madigan_lily I’ll keep the green bench warm for you as I have no doubt you’ll be a great @UKLabour MP ❤️https://t.co/hUgH4AgScd,,"@madigan_lily, @UKLabour",2017-12
2017-12-05,stevereedmp,Labour (Co-op),"@KINDLY2016 Er... that's why I asked a question about ""reports""",,@KINDLY2016,2017-12
2017-12-05,mikegapes,Labour (Co-op),"Today, we wore Marigold pins for #IndiaRemembers to commemorate the many Indian service personnel who fought and died alongside British forces. https://t.co/FTBygKrBtd",CommonsForeign,,2017-12
2017-12-05,davidlinden,Scottish National Party,"Before you all start falling over yourselves at Ruth Davidson’s intervention here’s a useful thread on the many, many contradictory positions she has held on Brexit &amp; single market membership 👇 https://t.co/n2g2tjduYk",StewartMcDonald,,2017-12
2017-12-05,metcalfe_sbet,Conservative,"It was great to be part of #SkillsShow17 where Transport Secretary Chris Grayling, Education Minister @AnneMilton and HMG Envoy for the Year of Engineering @Metcalfe_SBET had the chance to meet engineering apprentices from some of our partner organisations #YoE #inspireanengineer https://t.co/Qs5rQT7rq0",engineeringgov,"@AnneMilton, @Metcalfe_SBET",2017-12
2017-12-05,bill_esterson,Labour,"What an absolutely ludicrous, incompetent, absurd, make it up as you go along, couldn’t run a piss up in a brewery bunch of jokers there are  running the government at the most critical time in a generation for the country.",Ed_Miliband,,2017-12
2017-12-05,timfarron,Liberal Democrat,"Now, Jeremy, remember when you voted with the Tories for hard Brexit with no conditions over Ireland, workers protections, single market or anything? Yep, that's why we're in this mess. https://t.co/wJ2ia7XJll",jeremycorbyn,,2017-12
2017-12-05,rupahuq,Labour,"New research out this eve from @jrf_uk - 700,000 more young people &amp; pensioners are now living in poverty compared to four years ago. Grim news for the Gov just 24 hours after the social mobility board resigned en masse. https://t.co/4HE1jEk4aU",ashcowburn,@jrf_uk,2017-12
2017-12-05,meaglemp,Labour,"“The DUP tail is wagging the Tory dog... What an embarrassment ... if the price of the PM’s approach is reopening of bitter NI divides, the price is too high”: @Keir_Starmer to Davis: https://t.co/8xFYYap8yr",faisalislam,@Keir_Starmer,2017-12
2017-12-05,justinmadders,Labour,In the debate on the new Mersey crossing tolls and @ChrisM4Chester highlighting the inconsistency in the Government’s approach to charging,,@ChrisM4Chester,2017-12
2017-12-05,stewartmcdonald,Scottish National Party,A Queen is never without her crown https://t.co/dXjvDtLKtj,labourwhips,,2017-12
2017-12-05,thangammp,Labour,"Christmas is coming, #EastonChallenge time. You'll be able to buy all your food shopping #locally on the day, avoiding queues and meeting your neighbours, lush and stress free @wood5y @ThangamMP @MargHickman @ethical_PR @upourstreet @ShopLocal_ @parkstlocal @GloucesterRoad",StapletonRd,"@wood5y, @ThangamMP, @MargHickman, @ethical_PR, @upourstreet, @ShopLocal_, @parkstlocal, @GloucesterRoad",2017-12
2017-12-06,samgyimah,Conservative,"Powerful piece from a teacher at HMP Feltham working to turn around lives, sometimes having to teach 16-year-old boys how to write their own names.
https://t.co/NEtloALLMo",,,2017-12
2017-12-06,jamesfrith,Labour,Am in debate now on the Effect of Israeli Demolitions on Palestinian Communities. The continuation of this further damages the prospect of peace and a secure two-state solution. Peace for Israel. Peace for Palestine. And rights for both states to co-exist.,,,2017-12
2017-12-06,simon4ndorset,Conservative,Entrepreneur Luke Johnson (Former Chairman of Channel 4 and Pizza Express) on #r4today https://t.co/38glmWq2PL,carriesymonds,,2017-12
2017-12-06,mikegapes,Labour (Co-op),"France, together with Bolivia, Egypt, Italy, Senegal, Sweden, UK &amp; Uruguay, has requested an emergency meeting of the Security Council on #Jerusalem https://t.co/QFe34HaCsj",franceonu,,2017-12
2017-12-06,annaturley,Labour (Co-op),@andytedd I hope so. Sadly I’m not in Parliament today though.,,@andytedd,2017-12
2017-12-06,toniaantoniazzi,Labour,"Speaking up in #Brexit debate for the farming community in #Gower @GowerLamb @NFUCymru @FUWpress @CllrAStevens 
Tonia Antoniazzi on European Union (Withdrawal) Bill, at TheyWorkForYou https://t.co/LaLfMbrM7X",,"@GowerLamb, @NFUCymru, @FUWpress, @CllrAStevens",2017-12
2017-12-06,kirstysnp,Scottish National Party,.@KirstySNP ridiculous to suggest devolved administrations would have to pay portion of Brexit divorce bill #EUWithdrawalBill,PARLYapp,@KirstySNP,2017-12
2017-12-06,karlturnermp,Labour,Live: David Davis arrives back at Department For Exiting the EU. https://t.co/wHX5EvbmCr,haveigotnews,,2017-12
2017-12-06,dr_philippaw,Scottish National Party,"To summarize today's #Brexit news:

18 months after referendum &amp; 8 months after triggering A50 UK gov has not

(1) had an internal discussion nor decision on its desired end state after Brexit and
(2) not conducted impact assessment of effects on diff sectors in UK economy. https://t.co/8aYueLTsyC",NvOndarza,,2017-12
2017-12-06,bernardjenkin,Conservative,"Also, EU is using NI border issue as a proxy for the trade negotiations which have not started. EU cannot abide the idea that UK leaving sets a precedent for invisible external frontiers elsewhere, though we cd all agree: Ireland case is completely exceptional. https://t.co/3HwGEvm0sj",SirSocks,,2017-12
2017-12-06,ronniecowan,Scottish National Party,John White and Simon Bradbury @bactauk at GambleAware Conference #gambleaware17 today. Very important discussions for all stakeholders.,bactauk,@bactauk,2017-12
2017-12-06,stephentwigg,Labour (Co-op),Liverpool has some of the lowest breastfeeding rates in the country and the UK has one of the worst globally. Its time to change that. Thanks to @UNICEF_uk for their fantastic new initiative to get more new mothers breastfeeding! https://t.co/TvpFPyCLJI,,@UNICEF_uk,2017-12
2017-12-06,petergrantmp,Scottish National Party,Wow 🙈- UK Govt had not done a single impact assessments on UK economy of #Brexit- Remember demands 4such assessments on impact of Scottish Indy #ToryLiars&amp;Charlatans https://t.co/JP0EEDKHs9,AamerAnwar,,2017-12
2017-12-06,davidlinden,Scottish National Party,Thank you @DavidLinden for supporting our #breastfeeding Call to Action campaign! https://t.co/NiOULStVDk,babyfriendly,@DavidLinden,2017-12
2017-12-06,mike_fabricant,Conservative,"@theresa_may @Mike_Fabricant @marianorajoy I wish England was leaving the ""UK""",Wyrdtimes,"@theresa_may, @Mike_Fabricant, @marianorajoy",2017-12
2017-12-06,gwynnemp,Labour,Ledbury Action Group met with @GwynneMP &amp; @GregLabour today @HouseofCommons to discuss #LedburyEstate tower block issues in @SouthwarkLabour &amp; discuss ways forward https://t.co/gOggZHtHeT,LedburyAction,"@GwynneMP, @GregLabour, @HouseofCommons, @SouthwarkLabour",2017-12
2017-12-06,darrenpjones,Labour,"Hear, hear!! https://t.co/hTh7quiGZd",KerryMP,,2017-12
2017-12-06,neill_bob,Conservative,The UK is leading the way with some of the highest animal welfare standards in the world. The @Conservatives are fighting back against puppy smuggling and backstreet breeders 🐶 https://t.co/I6hlKIv5uB https://t.co/OKlammq0Xh,CCHQPress,@Conservatives,2017-12
2017-12-06,keeleymp,Labour,"Hilary Benn asks, ""So the government hasn't undertaken any impact assessments for the implications on leaving the EU for different sectors of the British economy?"" David Davis - No. https://t.co/6j0GMDL0m5",RobDunsmore,,2017-12
2017-12-06,meaglemp,Labour,A right mess created by a bunch of incompetent #Brextremist clowns in other words https://t.co/KjGISytelm,BethRigby,,2017-12
2017-12-06,laylamoran,Liberal Democrat,Our Report on the growing threat of online fraud has been published. Read in full and Chair's comments https://t.co/KQorvN5dud https://t.co/3WFg2ipJL4,CommonsPAC,,2017-12
2017-12-06,lynbrownmp,Labour,"Look who our boys met in Parliament today!
@lynbrownmp MP for West Ham. https://t.co/KIPdasx4sJ",stbons,@lynbrownmp,2017-12
2017-12-06,kate_hollernmp,Labour,".@ChukaUmunna has written to the Speaker to initiate contempt proceedings against @DavidDavisMP for telling MPs in October Brexit impact assessments were being made, when in fact - according to Davis’s testimony today - no such risk assessments have been made",Peston,"@ChukaUmunna, @DavidDavisMP",2017-12
2017-12-06,mattrodda,Labour,Thanks to @BBCBerkshire for covering the roll out of Universal Credit in Reading and Woodley. We need to pause and fix this flawed benefit which will leave many people short of cash this Christmas @ReadingLabour @WoodleyLabour @Earley_Labour @westberkslabour,,"@BBCBerkshire, @ReadingLabour, @WoodleyLabour, @Earley_Labour, @westberkslabour",2017-12
2017-12-06,richardburden27,Labour,Hope colleagues in parliament will be raising situation in Jerusalem urgently tomorrow in parliament - US Consulate General put this security warning out earlier tonight: https://t.co/6dqd8j5kd1 CC: @lfpme @grahamemorris @RichardBurdenMP @wesstreeting @RuthCadbury @Dr_PhilippaW,GarySpedding,"@lfpme, @grahamemorris, @RichardBurdenMP, @wesstreeting, @RuthCadbury, @Dr_PhilippaW",2017-12
2017-12-06,hannahb4livimp,Scottish National Party,"Just out.... my thoughts on the recent UK Govt report on Primodos and suggestions for the future...

https://t.co/p4cfDe91Rn",N_Vargesson,,2017-12
2017-12-06,gileswatling,Conservative,@frintonscorer @Lordfrinton My point precisely! We don’t want the EU putting up barriers that we never had before!,frintonscorer,"@frintonscorer, @Lordfrinton",2017-12
2017-12-06,alanbrownsnp,Scottish National Party,"@FionaNicolson4 @EastAyrshire @ayrshirecancer Looking forward to this Sunday's REINDEER DASH for @ayrshirecancer.  Got my reindeer antlers ready, just need to find my running shoes now",eactourism,"@FionaNicolson4, @EastAyrshire, @ayrshirecancer, @ayrshirecancer.",2017-12
2017-12-06,sarahwollaston,Conservative,Lovely to welcome RCGP chair @HelenRCGP &amp; @arvindmadan   NHSEngland to Parliament to discuss the importance of primary care &amp; hear their update on the GP Forward View https://t.co/f5YJqqVym5,,"@HelenRCGP, @arvindmadan",2017-12
2017-12-06,joannaccherry,Scottish National Party,Bring the whole family to join in the wonderful Christmas festivities in Currie 🎅🎄🎁 9th December 4pm - 8pm https://t.co/wwTlqaJqgl,DFPentlands,,2017-12
2017-12-06,stevebakerhw,Conservative,The PM turned on the Downing Street tree lights this evening - with help from her three Christmas card competition winners! https://t.co/crRWg8OpMP,10DowningStreet,,2017-12
2017-12-06,ruthcadbury,Labour,And TM said @LouHaigh is wrong ..... Looks like Lou hit the proverbial https://t.co/vvgEQzrh43,politicshome,@LouHaigh,2017-12
2017-12-06,neill_bob,Conservative,"Not a single Labour signatory to the Early Day Motion welcoming the verdict convicting Ratko Mladic of directing the Srebrenica genocide. Bearing in mind Corbyn’s history as the EDM king, this is telling! #wehavebeenwarned #LabourLies #Corbynistacon https://t.co/xHAASQAP2a",Covbluenose,,2017-12
2017-12-06,skinnock,Labour,46 Palestinian Bedouin communities under threat of demolition by Israel in Area C says @SKinnock - includes Khan al Ahmar which he visited with @Caabu https://t.co/3hqSRklLsQ #DemolitionDebate https://t.co/FjmSHDiKij,josephwillits,"@SKinnock, @Caabu",2017-12
2017-12-06,chukaumunna,Labour,"December 2016, David Davis: ""We are in the midst of carrying out about 57 sets of analyses, each of which has implications for individual parts of 85% of the economy.""

December 2017, David Davis: ""The usefulness of such detailed impact assessments is near zero.""",PickardJE,,2017-12
2017-12-06,nsoames,Conservative,@OwenPaterson @GMB #ohgodSpodegiveusabreak!,OwenPaterson,"@OwenPaterson, @GMB",2017-12
2017-12-06,fitz_xmp,Labour,"A house fire, most likely sparked by faulty Christmas tree lights, envelopes a living room in a shocking 40 seconds. Check your Christmas tree lights are in good condition &amp; turn them off before you go to bed. Make sure you have working smoke alarms https://t.co/bkTLcNXBAY",LondonFire,,2017-12
2017-12-06,peterkyle,Labour,#ImWithNoel https://t.co/yITiutc7F6,,,2017-12
2017-12-06,tommysheppard,Scottish National Party,"Finally, I have extracted a commitment from Govt. to amend clause 11 of #EUWithdrawalBill. But they can’t say when. Shambolic or what!",,,2017-12
2017-12-06,rhonddabryant,Labour,I don't so. You're missing half the story https://t.co/m2rOcWKkHD,christopherhope,,2017-12
2017-12-06,catherinewest1,Labour,"Here is the video of Davis in June: ""I don't make guesses .... we make those based on the data .... we've got 50, nearly 60 sector analyses already done"".  Davis today:  No studies done  https://t.co/p4UFIfSJmy https://t.co/LlAIihXrCc",TonyTassell,,2017-12
2017-12-06,annemariemorris,Conservative,Happy to support @DogsTrust campaign against #puppysmuggling in Parliament yesterday! See my website for more details: https://t.co/ILlueQVLSM https://t.co/Oa1yzcxSKE,,@DogsTrust,2017-12
2017-12-06,thomasbrake,Liberal Democrat,"Does Farage have UK’s best interests at heart? Advocating walking away from Brexit talks. Used to talk up Norway/Swiss option, seems to have understood importance of free trade deal then",,,2017-12
2017-12-06,tandhesi,Labour,The government has no idea how many problem gamblers are treated by the NHS or how much treating gambling addiction costs - so we’re launching our own review. https://t.co/DQzaIiGlMM,tom_watson,,2017-12
2017-12-06,willquince,Conservative,@parliamentview Are you seriously suggesting that this is not a pledge? https://t.co/7Q5vBAbIld,parliamentview,@parliamentview,2017-12
2017-12-06,normanlamb,Liberal Democrat,Great to hear MPs value the input of scientists - @normanlamb said 'we waste public money if we don't follow the scientific evidence' @RoyalSocBio parliamentary reception https://t.co/qT5q3Yi79h,DrSarahBailey,"@normanlamb, @RoyalSocBio",2017-12
2017-12-06,bobblackman,Conservative,@harrow_council I wonder if they can sort out this mess in Canons Park? @Ameet_Jogia @BobBlackman @Councillorsuzie https://t.co/C9aahcnHtX,Superfast72,"@harrow_council, @Ameet_Jogia, @BobBlackman, @Councillorsuzie",2017-12
2017-12-06,mtpennycook,Labour,I’m incredibly proud of the role that Labour played in securing the Good Friday Agreement. Just listened to a powerful speech by @JennyChapman making clear our determination to fully protect it as we legislate for Brexit #WithdrawalBill,,@JennyChapman,2017-12
2017-12-06,marshadecordova,Labour,The @WandsworthMayor Cllr Leslie McDonnell + #Battersea’s MP @Marshadecordova &amp; our helpers from @SJBC_London at #BatterseaUnitedCharities #Christmas food parcels for pensioners event #StNicholasDay https://t.co/Ao2iFVY5G5,BatterseaUnited,"@WandsworthMayor, @Marshadecordova, @SJBC_London",2017-12
2017-12-06,owenpaterson,Conservative,Immensely helpful meeting @MidsConnect discussing the importance of the strategic corridor linking the Midlands to N Wales @WelshGovernment &amp; preparing a bid for RIS2 @transportgovuk @HighwaysEngland. Also discussed A483 submission to Major Road Network consultation @ShropCouncil https://t.co/bsTUbKK02Q,,"@MidsConnect, @WelshGovernment, @transportgovuk, @HighwaysEngland., @ShropCouncil",2017-12
2017-12-06,onnmel,Labour,New guidance published for fishermen ahead of the next phase of the discard ban in January 2018 https://t.co/EBfcdPElNJ https://t.co/KEdVytzBvc,The_MMO,,2017-12
2017-12-06,drewhendrysnp,Scottish National Party,"Scottish Tories are once again trying to spread misinformation about broadband in Scotland. 

@FergusEwingMSP sets the record straight. #ScotlandQuestions👇 https://t.co/2bMqWPOkde",theSNP,@FergusEwingMSP,2017-12
2017-12-06,leicesterliz,Labour,"#homelessness is stain on our country but am very proud Jalaram Mandir, on the fabulous Narborough Road in my constituency, is first Hindu night shelter in UK https://t.co/f7kGdttSnj",oneroofleics,,2017-12
2017-12-06,wesstreeting,Labour,"@SussexFriends @NicholasPitch Of course, but UK government position is, rightly IMHO, that the final status must be negotiated. I hope with East Jerusalem as capital of Palestinian state.",SussexFriends,"@SussexFriends, @NicholasPitch",2017-12
2017-12-06,rorystewartuk,Conservative,Urging all small food and drink businesses in Penrith and The Border to enter... https://t.co/lof9ACmdIn,askFIN,,2017-12
2017-12-06,bobblackman,Conservative,Good news! https://t.co/ui5z5SSuYV,rosaltmann,,2017-12
2017-12-06,karlturnermp,Labour,"The @ElectoralCommUK identify threat of foreign influence and transparency of digital ads as major challenges facing impartiality of elections, so what is their solution, advocating all people bring ID to the polling booth i.e voter suppression w/o evidence fraud is a major issue https://t.co/EnFTX1GVnG",labourwhips,@ElectoralCommUK,2017-12
2017-12-06,neill_bob,Conservative,Chambers would like to congratulate Richard Whittam QC for winning Crime Silk of the Year! #L500UKAWARDS2018,2BedfordRow,,2017-12
2017-12-06,preetkgillmp,Labour (Co-op),Theresa May ‘in office but not in power’ - the DUP - in power but not in office #Brexit,KevinBrennanMP,,2017-12
2017-12-06,iainastewart,Conservative,"@ClassicFM Having looked at the new weekend programming for the new year, hope there will still be a slot on the station for Nicholas Owen. He is one of your best broadcasters and I enjoy his programme while driving between constituency appointments!",,@ClassicFM,2017-12
2017-12-06,catherinewest1,Labour,@BBCPolitics Daily dose of #BrexitShambles,BBCPolitics,@BBCPolitics,2017-12
2017-12-06,lsrplaid,Plaid Cymru,"@LSRPlaid Dylai'r pŵerau yma, mewn pynciau datganoledig, ddod yn syth i Gymru. Does gan San Steffan ddim hawl i'w rhyng-gipio. #PMQs https://t.co/qixlAm0uVm",Plaid_Cymru,@LSRPlaid,2017-12
2017-12-06,johnglenuk,Conservative,Speaking this morning at @hrballiance 'Big Update' on the importance of historic churches to our #heritage and the difference the #heritagestatement will make https://t.co/zYgMkBzeyi,,@hrballiance,2017-12
2017-12-06,davidgauke,Conservative,"Labour have been making lots of claims about Universal Credit, but here are the facts: https://t.co/8aK3YyYR4X",Conservatives,,2017-12
2017-12-06,keeleymp,Labour,"@LaytonCharlotte @jeremycorbyn @MayorofGM @PeelPorts @LaytonCharlotte you know I have raised your issues. I have spoken to Salford Mayor again today, I can update you if you can email me.",LaytonCharlotte,"@LaytonCharlotte, @jeremycorbyn, @MayorofGM, @PeelPorts, @LaytonCharlotte",2017-12
2017-12-06,yvettecoopermp,Labour,Did he know &amp; lie? Or not know so is incompetent fantasist? Nightmare for UK either way - why the hell hasn't Govt assessed Brexit impact? https://t.co/c2uTyEOFa3,JohnJCrace,,2017-12
2017-12-06,ianblackford_mp,Scottish National Party,@IanBlackfordMP asks the PM about the Conservative/DUP deal and the necessity of staying in the single market and customs union #PMQs,PBConsultingUK,@IanBlackfordMP,2017-12
2017-12-06,joannaccherry,Scottish National Party,"Here is a reminder of the text of the motion passed by @HouseofCommons UNOPPOSED. NB it uses the words ""impact assessments"". @DavidDavisMP now says they don't exist. #brexit https://t.co/HAxqBC3uoa",,"@HouseofCommons, @DavidDavisMP",2017-12
2017-12-06,lukepollard,Labour (Co-op),Brexit is too important to be handled so poorly. It’s time the Brexit Secretary got a grip of his brief or shipped out  https://t.co/nnn8wcWGVu,,,2017-12
2017-12-06,nicdakin55,Labour,Wow! Thanks to everyone who has completed our #Outpatients survey. Please RT so we can hear from even more local people https://t.co/Sgah5Rteez @NicDakinMP @CarersSupportNL @ScunnyHospital @northlincsccg @NorthLindsey  @WestcliffComm @OngoCommunities @LornaFillingham @NLCareGroup https://t.co/kkfUc1Bfpy,HealthwatchNL,"@NicDakinMP, @CarersSupportNL, @ScunnyHospital, @northlincsccg, @NorthLindsey, @WestcliffComm, @OngoCommunities, @LornaFillingham, @NLCareGroup",2017-12
2017-12-06,barrygardiner,Labour,"In desperation at PMQ's today @theresa_may trotted out the same old lie about Labour and student debt! I dealt with this definitively months ago, Please RT in the hope it will eventually reach her! https://t.co/qpocXdIGjJ",PeterStefanovi2,@theresa_may,2017-12
2017-12-06,vincecable,Liberal Democrat,Unbelievably this is less serious than admission #Cabinet decided to leave #CustomsUnion without any assessment at all. Gross negligence. https://t.co/98hYQ5s7hI,BBCBusiness,,2017-12
2017-12-06,bobblackman,Conservative,"Prime Minister Benjamin Netanyahu: 
@POTUS Trump, thank you for today's historic decision to recognize Jerusalem as Israel's capital. The Jewish people and the Jewish state will be forever grateful. https://t.co/Z24lSRezYm",IsraeliPM,@POTUS,2017-12
2017-12-06,andrewrosindell,Conservative,"In 2010 we changed the way we teach our children how to read, and today's rankings show pupils in England are among the highest-performing in Europe. We're making sure our young people have the skills they need to get on in life, building an education system fit for the future. https://t.co/2i0MXRy22D",Conservatives,,2017-12
2017-12-06,petergrantmp,Scottish National Party,@LesleyRiddoch Is “quiet cultural pride” in Finland the same as “narrow minded flad-waving nationalism” in Scotland?,LesleyRiddoch,@LesleyRiddoch,2017-12
2017-12-06,niagriffithmp,Labour,"As the Tories cut our armed forces to the bone and try to run our military defence on a shoestring they use the transport of the RAF but don't pay up? They are a total disgrace, the same old double standard Tories.... https://t.co/OgcvDdNAcG",AngelaRayner,,2017-12
2017-12-06,lucianaberger,Labour (Co-op),Terrible answer from the PM about 1000 nurseries closing #pmqs,,,2017-12
2017-12-06,tpearce003,Labour,"Is London losing 3,000 police officers? https://t.co/pc7eTGONyn via @FullFact",,@FullFact,2017-12
2017-12-06,metcalfe_sbet,Conservative,"73,315 people attended #SkillsShow17! Relive the incredible event with our highlights video and photos https://t.co/j1azdNtB7s https://t.co/MsjcsQijWX",worldskillsuk,,2017-12
2017-12-06,rees4neath,Labour (Co-op),https://t.co/70ueeymO44,dwryfelin,,2017-12
2017-12-06,lordwalney,Labour,Good to be able to dial into this to push for the road and rail links we need. Well done @fedfsupplychain for bringing people together https://t.co/aAgL2Xaifu,InSouthLakes,@fedfsupplychain,2017-12
2017-12-06,hammersmithandy,Labour,Settler enterprise takes up 40% of the territory and @hammersmithandy reminds that these are planning laws in a military occupied territory,lfpme,@hammersmithandy,2017-12
2017-12-06,paulasherriff,Labour,"@KirkleesYC @KirkleesParks @KirkleesComPlus @KirkleesShares Join us this Thursday @thornhillca for a 5pm kickoff playing #FIFA18 a trophy prize up for grabs and £50 cash prize!
#unity #community #team #BuildingBridges #spirit #positive #action https://t.co/5i7RoK36cF",KumonYall,"@KirkleesYC, @KirkleesParks, @KirkleesComPlus, @KirkleesShares, @thornhillca",2017-12
2017-12-06,danjarvismp,Labour,".@DanJarvisMP: Excess winter deaths are a stain on our national conscience. But, with the right political will, we can significantly reduce them https://t.co/GncucfWvRt",theHouse_mag,@DanJarvisMP:,2017-12
2017-12-06,justinmadders,Labour,"The incompatibility of differing views on Brexit exposed here brilliantly by @LouHaigh -staggering the PM still hasn’t agreed a final strategy with her cabinet, let alone the rest of her party or her bosses at the DUP https://t.co/jrSccF0Jbq",LouHaigh,@LouHaigh,2017-12
2017-12-06,redditchrachel,Conservative,We have some vibrant small businesses in #Redditch which I was delighted to highlight on @SmallBizSatUK https://t.co/AozhQOnsuv,,@SmallBizSatUK,2017-12
2017-12-06,jessphillips,Labour,"It's often vital that defendants have access to court transcripts and judge's summaries, especially in cases of potential miscarriages of justice. I'm pleased the Minister has agreed to look into this and will be providing me with a written answer to my question https://t.co/SGi60QCFHM",LucyMPowell,,2017-12
2017-12-06,marycreagh_,Labour,"""There are a couple of things we are negotiating (on Brexit)"" May flying by seat of her pants. Which are on fire. #PMQs",,,2017-12
2017-12-06,skinnock,Labour,"""We are now in a situation where Ghaza is described as the largest open-air prison in the world"" #demolitiondebate",DemolishDebate,,2017-12
2017-12-06,sdoughtymp,Labour (Co-op),Well on this he can't have his cake and eat it - utterly astonishing from Davis on #Brexit assessments (thanks @JolyonMaugham for screen pics!) https://t.co/jFX5Ttzv0A https://t.co/A8IbFNbXGq,BBCPolitics,@JolyonMaugham,2017-12
2017-12-06,barrysheerman,Labour (Co-op),#VisionZero and the Safe System approach to achieving the @UN #roadsafety Global Goals. We’re partnering with @EBRD @FIAFdn @EASSTransport &amp; @GlobalNCAP for a one day conference. Find out more here: https://t.co/tBpwlsYtUg #drivingthechallenge https://t.co/RuefzbL1av,TowardsZeroFdn,"@UN, @EBRD, @FIAFdn, @EASSTransport, @GlobalNCAP",2017-12
2017-12-06,wesstreeting,Labour,David Davis just admits to select committee government has conducted no sector impact assessments on Brexit. Having previously said they exist in excruciating detail. Staggering,JohnJCrace,,2017-12
2017-12-06,justinmadders,Labour,Promising news for Ellesmere Port and @ATTtweet https://t.co/y7KQDiSFWt,CheshireLiveEP,@ATTtweet,2017-12
2017-12-06,lukepollard,Labour (Co-op),Subscribe for my new monthly email here. Any name suggestions are welcome. Please share #Plymouth https://t.co/QMpwBT7iX0,,,2017-12
2017-12-06,annaturley,Labour (Co-op),"These clowns don’t know anything, don’t want to know anything, are proud of not attempting to learn or do research or even speak to anyone who knows anything. The future of Northern Ireland, the car industry, finance, many thousands of jobs, determined by their ‘judgement’ alone. https://t.co/jvksTkGD6L",ProfBrianCox,,2017-12
2017-12-06,nsoames,Conservative,"Deeply moving, rousing and fitting farewell to Ant Gordon-Lennox at Southwark Cathedral this afternoon. He would have blushed, and coughed. @NSoames @HeywoodHill",DamianBeeley,"@NSoames, @HeywoodHill",2017-12
2017-12-06,richardgrahamuk,Conservative,@BlueMeanie10 No. But price of offshore wind power at latest auction means we need bespoke solutions not CFD structure for marine energy,BlueMeanie10,@BlueMeanie10,2017-12
2017-12-06,gwynnemp,Labour,This festive season you can drop off donations for local foodbanks and the @Tameside4Good Toy Appeal in any Tameside library or customer services. Find out more https://t.co/hQnS5dqgzb #Christmasgiving https://t.co/HzW4VKYncn,TamesideCouncil,@Tameside4Good,2017-12
2017-12-06,drewhendrysnp,Scottish National Party,Impact assessments that don’t assess the impacts. What a farce. https://t.co/ICPSxKtmCv,PeteWishart,,2017-12
2017-12-06,ruthcadbury,Labour,"My response to Trump's announcement on Jerusalem - even by his low standards, a breathtakingly reckless decision, which the UK government must unequivocally condemn: 

https://t.co/9kEsi4dTbC",EmilyThornberry,,2017-12
2017-12-06,alisonthewliss,Scottish National Party,"On today of all days. And this of all weeks. The UK government has just confirmed it will vote AGAINST an amendment on the Good Friday Agreement this afternoon. 

What an absolute disgrace.",jesuisELP,,2017-12
2017-12-06,redditchrachel,Conservative,Festival of winter walks lined up in Bromsgrove https://t.co/n7JoAfUEEX,Brom_Advertiser,,2017-12
2017-12-06,dianajohnsonmp,Labour,"How Port of Hull can be harbour from Brexit storm - and 'supercharge' northern economy
https://t.co/EKUrgsqV3A https://t.co/4qhgEdOODl",yorkshirepost,,2017-12
2017-12-06,willquince,Conservative,@RibbonLabelSupp @cake_lover9 @CCHQPress How is it not cool? I didn't blame anyone nor was it in any way critical of immigrants or immigration. I merely stated a fact and said we need action ie infrastructure etc. BTW the leaflet is from May 2015.,RibbonLabelSupp,"@RibbonLabelSupp, @cake_lover9, @CCHQPress",2017-12
2017-12-06,hannahb4livimp,Scottish National Party,"@scottr0gers @alasdair_clark @rheawolfson Absolutely! Well done on your campaign, you’ve all worked so hard!",,"@scottr0gers, @alasdair_clark, @rheawolfson",2017-12
2017-12-06,dr_philippaw,Scottish National Party,“May so weak DUP gets a Veto? What message does that send the EU? It’s an Embarrassment.” https://t.co/rkrxC65sPM via @nyebevannews,mojos55,@nyebevannews,2017-12
2017-12-06,liambyrnemp,Labour,"Passive drugs dog patrols at the Heartlands hospital over the last couple of days. Engaging with patients, staff and the public. All working towards cutting drugs from the community @heartofengland @WMPolice #drugsdog #wmnow #keepusinformed @DaveKeenWMP @KennyBellWMP https://t.co/HfrSiBaXcc",BordesleyWMP,"@heartofengland, @WMPolice, @DaveKeenWMP, @KennyBellWMP",2017-12
2017-12-06,darrenpjones,Labour,@joesalterbris tell the three line whip!,joesalterbris,@joesalterbris,2017-12
2017-12-06,bobblackman,Conservative,Uplifting annual parliamentary #Advent Service at @lambethpalace on Monday evening with excellent homily from Archbishop of Canterbury @JustinWelby,,"@lambethpalace, @JustinWelby",2017-12
2017-12-06,rhonddabryant,Labour,"Thanks to @GovNetUK for my Wit of the Year Award. Yes, Wit. https://t.co/A00jIZxhKT",,@GovNetUK,2017-12
2017-12-06,karlturnermp,Labour,Court of Appeal ruled that a  conditional fee agreement (CFA) can be validly transferred from one law firm to another. https://t.co/Kk94PVuJbl,hudgellsol,,2017-12
2017-12-06,mtpennycook,Labour,Watching this is excruciating #brexitreports https://t.co/L3OQlalGXP,JohnJCrace,,2017-12
2017-12-06,greghands,Conservative,Was a pleasure to be on the programme! https://t.co/37ZeBKbY3Q,BBCWorldatOne,,2017-12
2017-12-06,neill_bob,Conservative,"just returned in angry mood from today'/s  litter collection. Why do I have to share the planet with such mess-makers? Not wishing to see it, my only option is to pick it up for them.",darwinc9,,2017-12
2017-12-06,jessphillips,Labour,The announcement by @realDonaldTrump to move the USA embassy to Jerusalem is a disgrace making a two state solution more difficult and the world a less safe place,JulieElliottMP,@realDonaldTrump,2017-12
2017-12-06,dougchapmansnp,Scottish National Party,Club Statement - https://t.co/wufGwf4l1u https://t.co/aAPu23qc2j,officialdafc,,2017-12
2017-12-06,sandbach,Conservative,Full letter from 20 Tory MPs to PM criticising Brexiter colleagues who “seek to impose their own conditions on these negotiations”... and “deliberately make” WTO option “some status quo” https://t.co/mcw8hBmZMn,faisalislam,,2017-12
2017-12-06,rhonddabryant,Labour,DUP just accused Lady Hermon of being in the pocket of Dublin. Fucks sake. These are the people Tories sup with.,ayestotheright,,2017-12
2017-12-06,rachaelmaskell,Labour (Co-op),Privilege to support launch of Riding Sunbeams with @1010 and @thehistoryguy using innovative solar power to harness energy to drive our rail forward. https://t.co/f1l2Zgd1L5,,"@1010, @thehistoryguy",2017-12
2017-12-06,petergrantmp,Scottish National Party,"This is utterly, utterly ridiculous. How could any competent news broadcaster possibly cover yesterday's Brexit developments starting with what Ruth Davidson says about the SNP? Parochial nonsense. https://t.co/DAAYSic6dH",DouglasDaniel,,2017-12
2017-12-06,mikegapes,Labour (Co-op),"Theresa May: ""We disagree with the US decision to move its embassy to Jerusalem and recognise Jerusalem as the Israeli capital before a final status agreement...The British Embassy to Israel is based in Tel Aviv and we have no plans to move it.""",georgeeaton,,2017-12
2017-12-06,heidi_ldn,Labour,Thanks so much to @lewishamlabour for the car load of food donations delivered by @heidi_mp last night. We’re so grateful for your generous support and involvement. #sharinghope https://t.co/KDDn8BDYRB,bigredboxes,"@lewishamlabour, @heidi_mp",2017-12
2017-12-06,drlisacameronmp,Scottish National Party,Thank you to Sir David Amess MP and all those MPs who spoke in the interesting and informative debate about #stroke services last night @JamesDuddridge @JimShannonMP @DrLisaCameronMP Maggie Throup and Lady Hermon https://t.co/H5KERdlrGn,TheStrokeAssoc,"@JamesDuddridge, @JimShannonMP, @DrLisaCameronMP",2017-12
2017-12-06,karen_karenelee,Labour,"Number 6 in our advent countdown of things that make us all #ProudToBeLincoln is the Collection which, along with many other great cultural attractions, highlights the city's rich heritage. https://t.co/risz73Q3IB",lincolncouncil,,2017-12
2017-12-06,johnglenuk,Conservative,"Tourism Minister @JohnGlenUK meets with Vice-Chair Li Shihong &amp; colleagues from China National Tourism Administration. UK &amp; China have developed strong cooperation in #tourism since signing an MoU in 2015, which will be extended until the end of 2020. https://t.co/QD9We3r1nm",DCMS,@JohnGlenUK,2017-12
2017-12-06,sharonhodgsonmp,Labour,On Thursday the winner of UK #CityofCulture will be announced live on @theoneshow .  Today the @DCMS is focusing on #Sunderland  #Sunderland2021. #CityofCulture2021  This would be GREAT for the NE! @BBCNewcastle Please RT https://t.co/uavSXEXdGr,alfiejoey,"@theoneshow, @DCMS, @BBCNewcastle",2017-12
2017-12-06,barrysheerman,Labour (Co-op),Lord Brown tackling persistent shortage of engineers in Britain @BBCr4today But is a posh prize enough?,,@BBCr4today,2017-12
2017-12-06,gareth_snell,Labour (Co-op),You know it makes sense @DCMS https://t.co/p8ANq5hypH #StokeonTrent #CityofCulture #cityofculture2021 #sot2021,TonyBoulton,@DCMS,2017-12
2017-12-06,royston_smith,Conservative,Got to see PM question time @HouseofCommons thanks to local MP @Royston_Smith. Fascinating to watch debate on Brexit #SciWestminster17,Jt8Teeling,"@HouseofCommons, @Royston_Smith.",2017-12
2017-12-06,nadhimzahawi,Conservative,A salutary article. https://t.co/fgw4r9Vqal,Dannythefink,,2017-12
2017-12-06,gareththomasmp,Labour (Co-op),A Whitehall source points out it looks increasingly likely some ministers have lied or misled Parliament and could be held in contempt of Parliament for their past comments https://t.co/r2RWJbW8NI,SamCoatesSky,,2017-12
2017-12-06,laylamoran,Liberal Democrat,This is really bad. Jerusalem such a thorny issue even Oslo accords recognised it would have to be dealt with last.  https://t.co/zATCSL60Je,,,2017-12
2017-12-06,georgefreemanmp,Conservative,Friends. Romans. Countrymen.  And women. Especially women.        I need your votes. The deadline for the Parliamentary Beard of the Year competition is Thursday midday.  To dethrone Jeremy Corbyn please vote here:  https://t.co/i5mJYrWqrw https://t.co/i5mJYrWqrw,,,2017-12
2017-12-06,liztwistmp,Labour,"The Tories’ Brexit negotiations are a shambles.

Only Labour will fight for a Brexit deal that protects Britain’s economy and people’s jobs, rights and living standards. RT if you agree. #PMQs https://t.co/Ln3az4CGdy",UKLabour,,2017-12
2017-12-06,stevereedmp,Labour (Co-op),Latest Chronicle now in #ThorntonHeath library ! @THCAT1 @THeathChronicle https://t.co/dvG3gPhvFJ,LindaLinda576,"@THCAT1, @THeathChronicle",2017-12
2017-12-06,catmckinnell,Labour,"7 times David Davis boasted about the Brexit reports he now claims don't exist
https://t.co/O4AktPFQ9w https://t.co/wzeW4B5pQL",MirrorPolitics,,2017-12
2017-12-06,lucympowell,Labour (Co-op),"Guess what? 18 months after the EU referendum, the Cabinet hasn't even discussed what kind of Brexit it wants. https://t.co/G1gNfwIpwh",paulwaugh,,2017-12
2017-12-06,thomasbrake,Liberal Democrat,David Davis has now confirmed that UK Gov has done NO analysis of the impact of #Brexit on a sector by sector basis.  This is appalling. The UK is about to take the single biggest economic decision ever and the UK Gov have not analysed its impact.  A complete dereliction of duty.,,,2017-12
2017-12-06,martinjdocherty,Scottish National Party,Those who do not know our history are doomed to repeat it #EUWithdrawalBill #GoodFridayAgreement #BrexitChaos https://t.co/uu9yUrGdMj,,,2017-12
2017-12-06,damiancollins,Conservative,Today's @CommonsCMS evidence session on sports governance begins at 2.30pm. Watch it live here: https://t.co/PcZDIK1giM https://t.co/hQB5A0tv0I,CommonsDCMS,@CommonsCMS,2017-12
2017-12-06,hammersmithandy,Labour,"The illegal settlements and demolitions are a major roadblock to peace, calls for codemnation of Trump decision on Jerusalem says Imran  Hussain MP",lfpme,,2017-12
2017-12-06,johnnymerceruk,Conservative,"There are no easy answers to historical allegations in Northern Ireland, but it cannot be right to drag veteran pensioners to court https://t.co/HrkY7dI6aD",,,2017-12
2017-12-06,kevin_j_foster,Conservative,"Ten Minute Rule Motion: @OliverHealdUK is proposing to introduce a Bill to make it an offence to attack service animals, such as police dogs and horses #FinnsLaw. View his speech now https://t.co/OW6q7fmFwX https://t.co/V88p4wpi8s",HouseofCommons,@OliverHealdUK,2017-12
2017-12-06,annaturley,Labour (Co-op),The MFC Foundation are looking for a Stepping Up coach to help engage and inspire young people! Could this be you? https://t.co/gYtqH9A48H,RedcarCleveland,,2017-12
2017-12-06,hannahb4livimp,Scottish National Party,so grateful to have engaged &amp; crossparty support frm @HannahB4LiviMP &amp; @rheawolfson @scottr0gers  campaigning to #keepkweku #sharedhumanity,pip_speak,"@HannahB4LiviMP, @rheawolfson, @scottr0gers",2017-12
2017-12-06,carolinenokes,Conservative,Thank you to @carolinenokes for supporting our #christmassafety event to keep her constituents safe this #christmas https://t.co/dMqPYYYgwD,ElecSafetyFirst,@carolinenokes,2017-12
2017-12-07,hbaldwin,Conservative,"@DouglasCarswell Yes, the ship’s engine is performing well. And until you know the difference between a frigate and a destroyer, stop sniping and celebrate and congratulate the @RoyalNavy",,"@DouglasCarswell, @RoyalNavy",2017-12
2017-12-07,brandonlewis,Conservative,Huge thank you to @CBICymru for inviting me to speak this evening. Superb event &amp; great to see so many businessesso oassionate about their future. Good to be there with @AlunCairns @CBItweets,,"@CBICymru, @AlunCairns, @CBItweets",2017-12
2017-12-07,lizmcinnes60,Labour,"“Canterbury used to have an MP who voted against gay marriage, now they have an MP who goes to Gay Pride.” @RosieDuffield1 makes her mark #r4today",,@RosieDuffield1,2017-12
2017-12-07,derekthomasuk,Conservative,I will be speaking in speaking in today's Fishing Debate you can watch live here: https://t.co/0DNTNHlT6z,,,2017-12
2017-12-07,barrysheerman,Labour (Co-op),A million patients waited more than four hours as shortage of beds &amp; casualty staff hit A&amp;E performance! @HoHRIltd,,@HoHRIltd,2017-12
2017-12-07,snewtonuk,Conservative,Minister @SNewtonUK caught up with Mr England 2017 @JackEyers earlier to talk about role models for young disabled people https://t.co/C1FBiHxBXp,dwppressoffice,"@SNewtonUK, @JackEyers",2017-12
2017-12-07,halfon4harlowmp,Conservative,@Connor_Shorty @ToryWorkers Good luck :) :),,"@Connor_Shorty, @ToryWorkers",2017-12
2017-12-07,peterkyle,Labour,"For the first time ever the Irish Republic can dictate policy to Britain. 

Why?

Because they are part of a union of 27 nations cooperating in their national interest, we are not.",,,2017-12
2017-12-07,davidevennett,Conservative,200 years of Parkinson’s https://t.co/Z1XQSXLScM https://t.co/8VkP6ec4MB,,,2017-12
2017-12-07,davidedrew,Labour (Co-op),This morning @michaelgove and his @DefraGovUK team are in full not-answering-the-question mode. No answer to my colleague @SueHayman1’s reasonable request for his team’s assessment of the ongoing impact of the hike in food prices since the onset of the #Brexit process. #Nothing. https://t.co/ofg4q3Fup5,HouseofCommons,"@michaelgove, @DefraGovUK, @SueHayman1’s",2017-12
2017-12-07,gareththomasmp,Labour (Co-op),Any chance Prince Charles would become a lobbyist for the co-op movement? We wouldn’t be able to pay him but at least he’d know he was backing more wonderful people doing amazing things in remarkable organisations. @CoopParty @UKCoopStudies @coop_ch  https://t.co/O0DsuobSen,,"@CoopParty, @UKCoopStudies, @coop_ch",2017-12
2017-12-07,vickyfoxcroft,Labour,Research from @GoldsmithsUoL found that air pollution in South East London is up to *six times* higher than @WHO limit. I called for a debate on this urgent public health matter. https://t.co/k75L6ekL9f,,"@GoldsmithsUoL, @WHO",2017-12
2017-12-07,sdoughtymp,Labour (Co-op),"Our CIAC’s mini’s rugby programme is definitely getting there!

The sessions are FREE, and every Tuesday from 4-5pm on the new Grangetown Marl 3G.

Would you like your child to be a part of a brand new rugby team? These boys and girls are...

#SportCardiff 🏉 https://t.co/2tWZCnNJ6Y",SportCardiff_CS,,2017-12
2017-12-07,mikegapes,Labour (Co-op),Time for Our Democratic Parliament to Take Back Control https://t.co/vCd6sZEY1T,,,2017-12
2017-12-07,hackneyabbott,Labour,Sean Rigg's family say decision not to charge police is shameful https://t.co/xoYSdyfVq0,,,2017-12
2017-12-07,bernardjenkin,Conservative,So the UK would be leaving anyway!  Or would the Breversers have us joining the superstate we always warned the EU was becoming? https://t.co/JFE94ddJPp,MartinSchulz,,2017-12
2017-12-07,karen_karenelee,Labour,..so looking forward to going home to #Lincoln today ❤️ https://t.co/bEvr9woAcw,visitlincoln,,2017-12
2017-12-07,gutoaberconwy,Conservative,"Written question to the Wales Office on Brexit, from Jon Trickett MP https://t.co/PQXG5w4YNw",,,2017-12
2017-12-07,tandhesi,Labour,"The government has not completed any impact assessments of leaving the EU because the usefulness of such studies would be “near-zero” says Brexit Secretary David Davis.

Theresa May later said a “sectoral analysis” had been drawn up. https://t.co/s4ZvsfF8v3",Channel4News,,2017-12
2017-12-07,tpearce003,Labour,Patrols started after mutilation of swans in Thamesmead https://t.co/COz5zTUy8r,,,2017-12
2017-12-07,hackneyabbott,Labour,Terror attacks put police funding back in the spotlight https://t.co/ifYRxPkKKj,,,2017-12
2017-12-07,wesstreeting,Labour,Busy afternoon of casework. Now with @IlfordNorthCLP's executive team to plan ahead.,,@IlfordNorthCLP's,2017-12
2017-12-07,ed_miliband,Labour,@CheerfulPodcast is the podcast I never knew I needed. The latest podcast on millionaires and their tax habits is interesting esp the intersection between wealth and migratory patterns.,asukajnh,@CheerfulPodcast,2017-12
2017-12-07,martinjdocherty,Scottish National Party,Play your part and get your MP to support; thanks to @jimforcovsouth &amp; @JohnMcNallyMP for support https://t.co/QWI0VYTUQ8,SikhFedUK,"@jimforcovsouth, @JohnMcNallyMP",2017-12
2017-12-07,dominicraab,Conservative,"Huge thanks to Policy Exchange and Linklaters for organising a great panel discussion on how Brexit can be an opportunity to strengthen rule of law, UK competitiveness, and Britain as top jurisdiction for dispute resolution. https://t.co/VOdeP27z6K",,,2017-12
2017-12-07,dlidington,Conservative,.@UrmasReinsalu Thank you for an enjoyable dinner for ministerial colleagues at #JHA Council,,@UrmasReinsalu,2017-12
2017-12-07,kevin_j_foster,Conservative,@GWRHelp Also the train manager made no effort to alert us to the problem beforehand. Luckily a taxi at the station &amp; the bill will be heading your way....,GWRHelp,@GWRHelp,2017-12
2017-12-07,joswinson,Liberal Democrat,‘Complain and you are a victim; keep your head down and you aren’t a proper feminist. So 2017 is just like any other year for feminism — baby steps towards progress met with the crushing heel of a backlash’ the pace of change in the fight for equality: https://t.co/QYmoSSIgqK,stellacreasy,,2017-12
2017-12-07,hackneyabbott,Labour,"Trump's recognition of Jerusalem as Israel's capital, including occupied Palestinian territory, is a reckless threat to peace. The British Government must condemn this dangerous act and work for a just and viable settlement of the conflict.",jeremycorbyn,,2017-12
2017-12-07,laurapidcock,Labour,"From ACOs and Brexit to Tax Avoidance and Universal Credit, what this Government will avoid at all costs is scrutiny. As if, somehow, if you can bury your mistakes, they’ll disappear by magic. We need this bumbling mess of a Government out asap. https://t.co/N9tVMcRG3I",,,2017-12
2017-12-07,nadhimzahawi,Conservative,"Excl: PM wins divorce deal fight with EU to time limit ECJ’s role - but will still run for 10 more years after Brexit; 
https://t.co/imVn1SiQ7C",tnewtondunn,,2017-12
2017-12-07,hammersmithandy,Labour,"Replying to my question on Trump's recognition of Jerusalem as Israeli capital,  minister concedes US role in Peace Process diminished and other countries must step up.",,,2017-12
2017-12-07,justinmadders,Labour,Lovely Christmas lunch today in Neston thanks to @justinmadders  team for organising 🎄🎄🎄🎄 https://t.co/HJoFL4S0CR,weezegee,@justinmadders,2017-12
2017-12-07,s_hammond,Conservative,"Tomorrow is Pelham Primary School's Christmas Market, running from 7.30pm to 10pm. Do pop along if you can https://t.co/Ru3j1bNkQ7",,,2017-12
2017-12-07,emmahardymp,Labour,"What are you waiting for? 😊 @mtpennycook @PaulBlomfieldMP @JennyChapman @Keir_Starmer 
#TeamAwayDay 😉 https://t.co/wZR939LmZZ",DaveHarrisonBBC,"@mtpennycook, @PaulBlomfieldMP, @JennyChapman, @Keir_Starmer",2017-12
2017-12-07,marshadecordova,Labour,Labour demands apology from Philip Hammond over disabled worker claims @Debbie_abrahams https://t.co/kKQm824O5L,labourpress,@Debbie_abrahams,2017-12
2017-12-07,emilythornberry,Labour,"“Canterbury used to have an MP who voted against gay marriage, now they have an MP who goes to Gay Pride.” @RosieDuffield1 makes her mark #r4today",LizMcInnes60,@RosieDuffield1,2017-12
2017-12-07,annietrev,Conservative,@pinstripedline It was a truly wonderful and moving occasion.,pinstripedline,@pinstripedline,2017-12
2017-12-07,gradysnp,Scottish National Party,"Part Time Communications and Administration Assistant post with @IntDevAlliance based in #Edinburgh £15,703  pro-rata https://t.co/FlbbQ9IzgH #charityjob https://t.co/c5STp26Ma8",goodmovesjobs,@IntDevAlliance,2017-12
2017-12-07,hbaldwin,Conservative,"Ce matin, la @RoyalNavy a admis au service actif son nouveau porte-avions HMS Queen Elizabeth en présence de l’amiral Prazuck. La marine britannique réintègre le club très fermé des grandes puissances dotées d’un porte-avions. #QNLZatSea @HMSQnlz https://t.co/km9gE0B8qe",MarineNationale,"@RoyalNavy, @HMSQnlz",2017-12
2017-12-07,karen_karenelee,Labour,Lincoln Christmas Market 2017 officially open https://t.co/mtk0jeWp63,,,2017-12
2017-12-07,martinjdocherty,Scottish National Party,"RT @nealrstewart: Oh how I wish they would get it... “Ireland is one of us and deserves solidarity, the UK has decided to throw that solida…",,@nealrstewart:,2017-12
2017-12-07,mike_fabricant,Conservative,"A good way of putting it.
@ChrisPincher’s take on my comments about #Tamworth on Radio 2 recently. https://t.co/F0Blt0dRKw",,@ChrisPincher’s,2017-12
2017-12-07,julieforburnley,Labour,"£72,500 social care cap to be scrapped, MPs told - BBC News https://t.co/A1f3KcWmeN",,,2017-12
2017-12-07,helenhayes_,Labour,I have written to the Speaker of the House of Commons today asking him to investigate whether the Brexit Secretary has misled Parliament and whether this amounts to a contempt of Parliament,,,2017-12
2017-12-07,hughgaffneyccb,Labour,Hello #Glasgow 🧤🧣 https://t.co/sfa0dKCI85,AJogee,,2017-12
2017-12-07,mattwestern_,Labour,Yay #coventry well done #CityofCulture2021 https://t.co/O9VtykaOIO,stagecoachleam,,2017-12
2017-12-07,benmlake,Plaid Cymru,@TomJHugh @CambrianNews About 97% of the original 90km line is undeveloped. @TrawsLinkCymru have done a lot of research as part of their campaign and have produced a cope study which you might find interesting:  https://t.co/XdtvOJaRo1,TomJHugh,"@TomJHugh, @CambrianNews, @TrawsLinkCymru",2017-12
2017-12-07,gwynnemp,Labour,Make sure you come and see our Farm Christmas Fair and our new building  grand opening by Andrew Gwynne MP on Thursday 14th December 4.30 -  6.30pm. https://t.co/iprBDd3jpY,ReddishValeHS,,2017-12
2017-12-07,dianajohnsonmp,Labour,"Now the train manager refers to the ""messing around at Doncaster"" and the ""farce of passengers being told  to get off the train &amp; then being told to stay on the train"" when the diversion was cancelled! The joy of trains in the North @Virgin_TrainsEC",,@Virgin_TrainsEC,2017-12
2017-12-07,dougchapmansnp,Scottish National Party,The Battles of Stirling Bridge and Bannockburn feature in Tales of Bruce &amp; Wallace. Out now from https://t.co/NWQikG6reA #OutlawKing #Scotland #newcomic https://t.co/IBGT9fyb6o,MaximizedComics,,2017-12
2017-12-07,neill_bob,Conservative,"@DementiaView @CommonsJustice @neill_bob In practical terms, it means firstly that concerns are out in the open and secondly have to be considered and acted upon. For example, did you catch the questions from @JHowellUK who asked the prisons minister bluntly ""what are you going to do about it?""",PrisonStorm,"@DementiaView, @CommonsJustice, @neill_bob, @JHowellUK",2017-12
2017-12-07,angusmacneilsnp,Scottish National Party,Long waits in A&amp;E in Scotland have reduced in recent years by 9% whereas in England they have rise by 155%. Come on ppl of England demand better from your government. @scotgov showing this can be done. #fmqs,HelenArmet,@scotgov,2017-12
2017-12-07,mike_fabricant,Conservative,"A two-year journey and a team that has displayed vision, energy and creativity in abundance. Enjoy the celebrations, you deserve them! https://t.co/NQwZ4h4fAN",andy4wm,,2017-12
2017-12-07,lee4ned,Conservative,"And this, my friends, is why we voted to leave ... https://t.co/mfwRlV6mcL",MartinSchulz,,2017-12
2017-12-07,dr_philippaw,Scottish National Party,"@ThePoison_dwarf @hazelglasgow @chunkymark Notable that on news this am, @ChrisGraylingMP repeatedly said ‘WE will not enforce hard border in Ireland’. Completely dodged issue that it will be EU customs border! Claim ‘No Deal’ is OK is nonsense as then would be very hard border! #BrexitShambles",,"@ThePoison_dwarf, @hazelglasgow, @chunkymark, @ChrisGraylingMP",2017-12
2017-12-07,scullyp,Conservative,"Just in case anyone was in doubt as to the motivation of 17m UK citizens who chose to vote to leave the EU before we were chucked out. Now let's have a sensible, mature discussion about leaving well. https://t.co/VC2Z4yNkJT",MartinSchulz,,2017-12
2017-12-07,grahamemorris,Labour,Thursday briefing: Hammond does it again with insult to disabled people https://t.co/Pox7hPr8nk Hammond MUST come to the House &amp; apologise. Nothing less will do. Failure to do so &amp; he should be sacked.,Debbie_abrahams,,2017-12
2017-12-07,liambyrnemp,Labour,@john_pats @LiamByrneMP @TheAPMG Great to hear @liambyrnemp raising example of Boulton and Watt - in a speech in Birmingham last week we did the same. We led the first Revolution so let's lead the 4th too!,Enginuity_Org,"@john_pats, @LiamByrneMP, @TheAPMG, @liambyrnemp",2017-12
2017-12-07,julieelliottmp,Labour,Know and share the feeling John https://t.co/eaoC5koAMF,jdmow,,2017-12
2017-12-07,chukaumunna,Labour,Extremely important piece about what is required to ensure Parliament has meaningful vote on final #Brexit deal. https://t.co/88oNCHmwSP,leicesterliz,,2017-12
2017-12-07,gwynnemp,Labour,You still have up to 10pm to vote for @eeren83 the local Labour Party candidate in today's by election in #EnfieldHighway #VoteLabour #labourdoorstep https://t.co/JWXhJs6249,AngelaRayner,@eeren83,2017-12
2017-12-07,alison_mcgovern,Labour,Parliament should #TakeBackControl https://t.co/Trll5vyuer,eurelationsappg,,2017-12
2017-12-07,sdoughtymp,Labour (Co-op),“Put the British people back in charge of leaving the EU” | our Co-Chairs @Anna_Soubry &amp; @ChukaUmunna spell out the elements of a meaningful vote for Parliament on the #Brexit deal in today’s @thetimes  https://t.co/mkmVTrw2ZT,eurelationsappg,"@Anna_Soubry, @ChukaUmunna, @thetimes",2017-12
2017-12-07,stevedouble,Conservative,@StAustellBrew @PadstowXmas See you tomorrow!,StAustellBrew,"@StAustellBrew, @PadstowXmas",2017-12
2017-12-07,jreynoldsmp,Labour (Co-op),It's not just tariffs ffs. How many times. https://t.co/4xUoRApseo,Alison_McGovern,,2017-12
2017-12-07,mikegapes,Labour (Co-op),That ended well didn’t it. https://t.co/PYYn6tXZgV,labour_history,,2017-12
2017-12-07,neill_bob,Conservative,"@neill_bob quotes Winston Churchill: ""...there is a treasure, if you can only find it, in the heart of every man.” #PrisonReformDebate https://t.co/RqXvHrCIpC",kira_gabbert,@neill_bob,2017-12
2017-12-07,stephenctimms,Labour,Here is my Early Day Motion on the proposed memorial in the Royal Docks in Newham to the achievements of the #ChineseLabourCorps https://t.co/1IN9KQWdpO,,,2017-12
2017-12-07,patmcfaddenmp,Labour,Just a line in the road. https://t.co/0CZcQotTGa,,,2017-12
2017-12-07,wesstreeting,Labour,Friendly advice from a committed pro-European: look at the UK not as an outlier but as the canary in the coal mine. EU must address distance from the people. Look at dynamics of other European election campaigns for further evidence. https://t.co/oiuNsl1lFl,MartinSchulz,,2017-12
2017-12-07,dr_philippaw,Scottish National Party,@HarryDECarter @TheBMA @BMAstudents @BMA_JuniorDocs @BMAFoundationMR @BMAScotland @BMACymru @BMA_NI @CNagpaul @AskJeevesWij Congratulations!,HarryDECarter,"@HarryDECarter, @TheBMA, @BMAstudents, @BMA_JuniorDocs, @BMAFoundationMR, @BMAScotland, @BMACymru, @BMA_NI, @CNagpaul, @AskJeevesWij",2017-12
2017-12-07,kevin_j_foster,Conservative,Someone got an early wake up this morning 😂 #opolympic #opcommonwealth https://t.co/Wgd2Nt6DXw,ChInspJenkinson,,2017-12
2017-12-07,timfarron,Liberal Democrat,"Just asked Michael Gove about the huge risk to animal welfare, food safety and the meat industry given that 95% of UK abattoir vets are from other EU countries and many are leaving. I'm afraid his answer was all hope and no action.",,,2017-12
2017-12-07,greghands,Conservative,Looking forward to co-chairing JETCO Trade talks with Qatar this morning. Building on the success of our long relationship &amp; the U.K.-Qatar investment conference earlier this year. @ukinqatar,,@ukinqatar,2017-12
2017-12-07,chrism4chester,Labour,"It was fantastic to see @Ray_Tindall and @ChrisM4Chester enjoy a pint in the @GoldenEagle147 today
https://t.co/f49Ob46J0o",standardchester,"@Ray_Tindall, @ChrisM4Chester, @GoldenEagle147",2017-12
2017-12-07,tobyperkinsmp,Labour,"Imagine if Keir Starmer was leading the UK government's Brexit negotiations: He's a barrister and award winning QC who specialises getting resolutions to complex negotiations. 
Instead, we have David Davis - who can't even be arsed to produce Brexit impact reports.",JamesMelville,,2017-12
2017-12-07,jeremy_hunt,Conservative,We were all appalled by the actions of rogue breast surgeon Ian Paterson - so the independent inquiry led by the Bishop of Norwich will tell us how to stop it ever happening again https://t.co/OQaqWkzXSd,,,2017-12
2017-12-07,willquince,Conservative,"Now hearing from Parentzone about some of the methods, messaging and mediums used by extremists to groom and radicalise young people online - terrifying stuff but so important to know. https://t.co/VA9YOWdPzd",,,2017-12
2017-12-07,karlturnermp,Labour,"Wow, that was great fun, especially meeting steph! On @BBCNews Check us out reprensting the amazing people of @2017Hull  . Thanks to all for sharing the Pie Love in Hull and beyond! https://t.co/vu83Udbnqr",thehullpie,"@BBCNews, @2017Hull",2017-12
2017-12-07,eddiehughes4wn,Conservative,Your rail services are changing.  Plan ahead and follow @LNRailway or @WestMidRailway ready for Sunday’s takeover of the West Midlands Franchise.,LondonMidland,"@LNRailway, @WestMidRailway",2017-12
2017-12-07,valerie_vazmp,Labour,@Valerie_VazMP Thank you for joining us and Amnesty activists yesterday at our annual reception to celebrate Human Rights Day #WriteForRights https://t.co/BHyZMMkTXa,AmnestyUK,@Valerie_VazMP,2017-12
2017-12-07,nsoames,Conservative,@NavyLookout @HMSQnlz #alight,NavyLookout,"@NavyLookout, @HMSQnlz",2017-12
2017-12-07,jessphillips,Labour,"""We know that when refuge places aren't available women will go back to a violent perpetrator, we know that they will sleep rough, we know that their safety will be put further at risk. And we see this happening every day of the week already.” https://t.co/Sc94FAf1Of",womensaid,,2017-12
2017-12-07,dr_philippaw,Scottish National Party,"@LeftLost_Pltcs @SJAMcBride @duponline Can I just second that! 
As I am a believer in Scottish Independence, of course we don’t agree on everything, but in @ladyhermonmp ‘s case ‘Lady’ is more than just a title. #Class",LeftLost_Pltcs,"@LeftLost_Pltcs, @SJAMcBride, @duponline, @ladyhermonmp",2017-12
2017-12-07,barrysheerman,Labour (Co-op),"@michaelwhite It seems Jenkin is a ""platinum"" class interviewee for @BBCr4today like the Lawson's well connected kid gloves only! @michaelwhite",michaelwhite,"@michaelwhite, @BBCr4today, @michaelwhite",2017-12
2017-12-07,heidiallen75,Conservative,"Back the fight against puppy smugglers and backstreet breeders, says animal welfare Minister https://t.co/zWXxeHzvpE",,,2017-12
2017-12-07,metcalfe_sbet,Conservative,MPs join the campaign to inspire the next generation of engineers https://t.co/qsByXVq8CL #YoE #inspireanengineer https://t.co/GzrBvec0k5,engineeringgov,,2017-12
2017-12-07,lucyallan,Conservative,"A clean #Brexit means returning
* Full control over our own borders so WE can decide whom we let in
* The Supreme Court to London, NOT Luxembourg under the ECJ
* The power to negotiate our own trade treaties with #EU and beyond
All of that means having to leave the Single Market.",Mike_Fabricant,,2017-12
2017-12-07,stephentwigg,Labour (Co-op),Congratulations to @LizSavagelabour on being selected as the Labour candidate for Southport. https://t.co/dP1WEMjzlh,LabourNorthWest,@LizSavagelabour,2017-12
2017-12-07,theresecoffey,Conservative,"Cornwall MP @scottmann4NC, an ex-postman, is reminding people the deadline for sending letters to Santa at the North Pole is looming! To ensure children receive the gifts they're dreaming of, Santa needs requests to be posted by/on Friday 8 December! @RoyalMail #Xmas #Christmas https://t.co/G3Ou8eywRt",ToryPressSW,"@scottmann4NC,, @RoyalMail",2017-12
2017-12-07,richardgrahamuk,Conservative,Astonishing. Tom always gives of his best: and often is the best. #Gloucester does need to find a way to celebrate.. https://t.co/g3P6dnqx5C,,,2017-12
2017-12-07,benmlake,Plaid Cymru,@TomJHugh @CambrianNews @TrawsLinkCymru *scope study,BenMLake,"@TomJHugh, @CambrianNews, @TrawsLinkCymru",2017-12
2017-12-07,j_donaldson_mp,Democratic Unionist Party,"Weather warning extended over weekend in Northern Ireland
Read more at: https://t.co/M1kNx4GSNR - via @News_Letter https://t.co/GHxoY9vBbw",LisburnStar,@News_Letter,2017-12
2017-12-07,tpearce003,Labour,"Congratulations to our member Liz Savage, just selected as Labour’s parliamentary candidate for Southport. https://t.co/UFXuqh4911",UnitePolitics,,2017-12
2017-12-07,bwallacemp,Conservative,"But if you alter the figures to show only *central government spending*, you get a very different picture. https://t.co/PtASxxka0l",ian_a_jones,,2017-12
2017-12-07,toniaantoniazzi,Labour,RT @hpbutchers: Ever wondered how our meat stays so fresh when it is delivered to you?  It’s all in the packaging. Read more . https://t.co…,,@hpbutchers:,2017-12
2017-12-07,philwilsonxmp,Labour,Another bank closure in Aycliffe https://t.co/ztMT3znUov,,,2017-12
2017-12-07,emmahardymp,Labour,@juflag @MeshCampaign @harriet1marsden @FibroidNetwork @KenZeroHarm @SWEMeshSupport @MBLacey @emmakennytv @Peter_Dowd @Bill_Esterson Hope it all goes well. X,juflag,"@juflag, @MeshCampaign, @harriet1marsden, @FibroidNetwork, @KenZeroHarm, @SWEMeshSupport, @MBLacey, @emmakennytv, @Peter_Dowd, @Bill_Esterson",2017-12
2017-12-07,geraldjoneslab,Labour,We want to say a massive thank you to our volunteers today at Tesco’s collecting for NAS. Without your support NAS wouldn’t be what it is today @MerthyrTesco https://t.co/Xi87oltji5,NAS_MT,@MerthyrTesco,2017-12
2017-12-07,mikejwood,Conservative,"Cornwall MP @scottmann4NC, an ex-postman, is reminding people the deadline for sending letters to Santa at the North Pole is looming! To ensure children receive the gifts they're dreaming of, Santa needs requests to be posted by/on Friday 8 December! @RoyalMail #Xmas #Christmas https://t.co/G3Ou8eywRt",ToryPressSW,"@scottmann4NC,, @RoyalMail",2017-12
2017-12-07,catharinehoey,Labour,"South Bank Forum with @KateHoeyMP  and @CoyleNeil tonight

Agenda includes an update on how the NYE fireworks will affect SE1 residents/businesses - plus news of @LumiereLondon coming to Waterloo in January.

Listing: https://t.co/x5xKD6blQO",se1,"@KateHoeyMP, @CoyleNeil, @LumiereLondon",2017-12
2017-12-07,gwynnemp,Labour,I suppose that this means all our gritters are out treating the road network. - thanks guys !@tmbc_highways https://t.co/EmhAEH16c6,tmbc_places,@tmbc_highways,2017-12
2017-12-07,walkerworcester,Conservative,"As @HMSQNLZ is commissioned by Her Majesty The Queen today, let us pay tribute to the 700 businesses and suppliers across the UK who have got us to this stage. @RoyalFamily #QNLZatSea https://t.co/ACwgDaI3HR",hbaldwin,"@HMSQNLZ, @RoyalFamily",2017-12
2017-12-07,dr_philippaw,Scottish National Party,"Excellent speeches by @Dr_PhilippaW &amp; @TommySheppard in debate on Israeli Demolitions of Palestinian communities. Concerns raised about demolition of schools &amp; villages, lack of building permits granted by Israeli authorities &amp; potential relocation of US Embassy in Jerusalem.",CMonaghanSNP,"@Dr_PhilippaW, @TommySheppard",2017-12
2017-12-07,j_donaldson_mp,Democratic Unionist Party,Some more photos from the P1 Christmas show! https://t.co/IkCvqO2mte,pondparkp1,,2017-12
2017-12-07,dianajohnsonmp,Labour,Hot of the press @Virgin_TrainsEC  the diversion has now been cancelled!,,@Virgin_TrainsEC,2017-12
2017-12-07,dawnbutlerbrent,Labour,"Children are facing more referrals to child services across the country. The Tories need to prioritise these vulnerable children, not protecting the bankers.",johnmcdonnellMP,,2017-12
2017-12-07,ianclucas,Labour,@DanJarvisMP First law lecture I ever had (Peter Birks at Oxford) taught me the only difference between us and tyranny is the Rule of Law.,DanJarvisMP,@DanJarvisMP,2017-12
2017-12-07,mikekanemp,Labour,Amani talking about the power of sharing food together and the work of the women’s group #WellCeleb17 https://t.co/lKrcazliys,,,2017-12
2017-12-07,johnmcdonnellmp,Labour,https://t.co/54vVwkXItw,JonAshworth,,2017-12
2017-12-07,tracybrabin,Labour (Co-op),Reception baseline tests: 'Parents could boycott the trials' https://t.co/Q0SdeljkG2,tes,,2017-12
2017-12-07,jessphillips,Labour,Moved by @BBCNewsAt10 story on the impact of domestic abuse on children? Help survivors &amp; their children escape domestic abuse by signing our petition to stop planned changes to the way refuges are funded that will result in closures #16Days #ChildFirst https://t.co/ZpxGMyx4aC,womensaid,@BBCNewsAt10,2017-12
2017-12-07,hollylynch5,Labour,"This morning I urged the Government to make resilience payments to those devastated by flooding this winter. 143 homes vacated in Lancaster due to flooding, but Gov says not severe enough to unlock support for resilience measures. https://t.co/zM3k5Cf4Lw",,,2017-12
2017-12-07,lordianaustin,Labour,Thank you. https://t.co/iLVdpmAUSz,DudleyGreenPrty,,2017-12
2017-12-07,jreynoldsmp,Labour (Co-op),Friendly advice from a committed pro-European: look at the UK not as an outlier but as the canary in the coal mine. EU must address distance from the people. Look at dynamics of other European election campaigns for further evidence. https://t.co/oiuNsl1lFl,wesstreeting,,2017-12
2017-12-07,kirstysnp,Scottish National Party,This thread from the General Secretary of the Scottish Police Federation is well worth a read. https://t.co/umRzK5sb4T,NicolaSturgeon,,2017-12
2017-12-07,georgefreemanmp,Conservative,Bring it on: Entrepreneurs are feeling confident about 2018 https://t.co/HWNTricIVy https://t.co/Nb8i5XqPSC,CityAM,,2017-12
2017-12-07,leicesterliz,Labour,""" It’s great that some women’s voices are being heard but there has been little action – in politics or elsewhere"" &lt; we agree with @bexbailey from her article @guardian https://t.co/LaV0SaCK1N and we aren't giving up our fight either #labourtoo #MeToo",LabourToo,"@bexbailey, @guardian",2017-12
2017-12-07,stewartmcdonald,Scottish National Party,"I submitted this question yesterday: To ask the Secretary of State for Defence, what estimate he has made of (a) the total monies outstanding from other Departments and (b) the length of time payment has been outstanding for the use of his Department's RAF jets and helicopters https://t.co/IgcD9ZqVjm",AliBunkallSKY,,2017-12
2017-12-07,mikegapes,Labour (Co-op),Yes.  As there was no vote on the issue at this years Conference. https://t.co/Cyza4GpHcH,JoeEnigma,,2017-12
2017-12-07,johnnymerceruk,Conservative,Setting out the real facts on Universal Credit ... @DavidGauke in the Huff Post:. https://t.co/fV0iAheLWR,DamianHinds,@DavidGauke,2017-12
2017-12-07,mikegapes,Labour (Co-op),"Independent unionist MP Lady Hermon: ""Let me say to senior members of the Conservative Party saying 'push ahead with no deal'. It is an absolute nonsense - it is so reckless and so dangerous because dissident Republicans are active, they're dangerous, they're ruthless.""",KevinASchofield,,2017-12
2017-12-07,normanlamb,Liberal Democrat,@HazelT1610 I like you!,HazelT1610,@HazelT1610,2017-12
2017-12-07,rachaelmaskell,Labour (Co-op),@DefraGovUK #York MP @RachaelMaskell raises concerns about delays to the #flood barriers around Clementhorpe - asks what ministers will do to speed up the project and ensure communities are protected in the meantime,Kate_Langston,"@DefraGovUK, @RachaelMaskell",2017-12
2017-12-07,kevinbrennanmp,Labour,Blacklisting is the scandal that never died. Labour will call to account those who victimised innocent workers and end Blacklisting forever! https://t.co/2gcAeEvHoS,JackDromeyMP,,2017-12
2017-12-07,jessphillips,Labour,@ActofLoveMusic Agreed,ActofLoveMusic,@ActofLoveMusic,2017-12
2017-12-07,drewhendrysnp,Scottish National Party,🛤 We're committed to ensuring a public-sector bid for rail franchises in Scotland: https://t.co/3axCLhunmo #FMQs https://t.co/HZCU49JtQp,theSNP,,2017-12
2017-12-07,petergrantmp,Scottish National Party,Levenmouth Academy are holding their Christmas Fair next Thursday. The Parent Council would appreciate any donations for a raffle stand. Please hand anything to our office. Many thanks. https://t.co/VMl6uuKjXd,LevenmouthAc,,2017-12
2017-12-07,gwynnemp,Labour,Join us on Monday at 5pm for a live Twitter chat with @LucianaBerger on the upcoming changes to the Mental Health Act. What needs to go? What would you have put in? #LMCHLive Get involved! https://t.co/lAONX0J57k,Labour_MH,@LucianaBerger,2017-12
2017-12-07,nigeldoddsdup,Democratic Unionist Party,"Bombardier boss against any border in Irish Sea following EU withdrawal
https://t.co/fyNrXqR7xP https://t.co/VEzD2XgFoq",BelTel,,2017-12
2017-12-07,catherinewest1,Labour,Imagination Station Puppets bring their Christmas show to Karamel this SAT 9 DEC. 11:30am and FREE for all the family! @CatherineWest1,BoosterCushion,@CatherineWest1,2017-12
2017-12-07,chionwurah,Labour,Great to see my local mp @ChiOnwurah pop into @KeyesEyecare to offer support in their bid to become the national AOP team of the year. Anthony offering expert frame advice to Chi. @labourpress @UKLabour https://t.co/2XR4KOEpo2,Faulknerscape,"@ChiOnwurah, @KeyesEyecare, @labourpress, @UKLabour",2017-12
2017-12-07,marshadecordova,Labour,I’m going to file this quote in my ‘What a load of offensive bollocks’ folder https://t.co/o4LYVDAXyN,OwenJones84,,2017-12
2017-12-07,vernon_coaker,Labour,"An absolutely brilliant - and very timely - Chopper's Brexit Podcast tomorrow morning with @OwenPaterson, former Tory leader Iain Duncan Smith, @Vernon_Coaker, @pmdfoster and @asabenn. Listen on iTunes and the @Telegraph's website from 6am. https://t.co/NIZx8FPQNt",christopherhope,"@OwenPaterson,, @Vernon_Coaker,, @pmdfoster, @asabenn., @Telegraph's",2017-12
2017-12-07,gradysnp,Scottish National Party,"Join @bobdorisSNP and me for our Winter Surgery tomorrow (Fri 08 Dec) at Maryhill Burgh Halls between 9:30 - 13:00 #StayWarmMaryhill #WinterisComing

https://t.co/P3OXEcYIR5 https://t.co/N9bJDR3rPc",,@bobdorisSNP,2017-12
2017-12-07,mimsdavies,Conservative,Big THANK YOU to the choirs from Cherbourg and Nightingale schools for singing at the inaugural @EastleighFC carol service. You were awesome!,jonoharvey,@EastleighFC,2017-12
2017-12-07,jostevenslabour,Labour,"SDLP Leader @columeastwood sent a memo directly to the Prime Minister warning the remain majority will not stand for a one sided negotiation. All parties must see the detail of the agreed the negotiating position if the DUP is to be consulted.  

Read: https://t.co/vwRRPLY58k https://t.co/Z9er0Iwk90",SDLPlive,@columeastwood,2017-12
2017-12-07,suehayman1,Labour,"Tune in to #defra questions at 9.30am for questions on animal sentience, flooding, food prices and farming https://t.co/QlfE69J89a",LabourDefra,,2017-12
2017-12-07,cpjelmore,Labour,"It's day 7 of my #AlternativeAdvent calendar 🎄 

Please give generously to your local food bank over the festive period. Find your nearest here: https://t.co/ZYSFcXztSO https://t.co/fpCApRZqWR",,,2017-12
2017-12-07,drrosena,Labour,We have had lots of kind people who have volunteered their time to canvass and deliver leaflets. Can you help us win #Nightingale? Sign up today and become part of the campaign: https://t.co/VoxNkWpgYE #youcouldbeashappyashim #VoteLabour #labourdoorstep 👍🌹✉️ @TootingLabour https://t.co/otNdddXuAb,NightingaleLab,@TootingLabour,2017-12
2017-12-07,dlidington,Conservative,"We were very lucky to have our local MP, David Lidington visit our Aylesbury Campus to speak to our Public Services students.  Find out all about it here https://t.co/ZrpS0TdrcT https://t.co/8p20VXuTAO",BucksCollGroup,,2017-12
2017-12-07,emmalewellbuck,Labour,"Great Sharon, it's Thursday - adjournment https://t.co/aCJ0MGhLHc",SharonHodgsonMP,,2017-12
2017-12-08,andrewrosindell,Conservative,"This deal gives our brilliant EU doctors &amp; nurses binding guarantees about their residence rights. NHS staff please spread the word to European colleagues: this is your home, we value your life-saving work, and we want you to stay.",Jeremy_Hunt,,2017-12
2017-12-08,carolynharris24,Labour,Such an engaging talk by @carolynharris24 today! Spanning a huge range of issues - from becoming an MP to issue campaigning. Thank you! https://t.co/JG8JEaueXt,ParlStudies,@carolynharris24,2017-12
2017-12-08,andrewbowie_mp,Conservative,#Brexit: we have now made the breakthrough we needed. President @JunckerEU and British Prime Minister @theresa_may talk to the media from our headquarters in Brussels. WATCH: https://t.co/Um0AJ1Vat1,EU_Commission,"@JunckerEU, @theresa_may",2017-12
2017-12-08,matthancock,Conservative,Glad we can now give the certainty to the EU citizens here in UK &amp; UK citizens working in EU. https://t.co/6siCd9lBtj,BrandonLewis,,2017-12
2017-12-08,rebeccaharrismp,Conservative,Carol Services by Candlelight https://t.co/UwL8STSNRM,CanveyCofE,,2017-12
2017-12-08,julialopezmp,Conservative,"Enjoyed talking to @HaveringChamber this morning about exporting, my work on International Trade Committee, Brexit and local transport and land use issues. Good to hear how many start-ups there are in the borough and that ppl are feeling confident. https://t.co/d9YDclWtPb",,@HaveringChamber,2017-12
2017-12-08,neildotobrien,Conservative,"Today's announcement in Brussels is a boost for Britain's economy. Now let's conclude a trade deal that supports Britain's jobs, businesses and prosperity.",PhilipHammondUK,,2017-12
2017-12-08,s_hammond,Conservative,1/2 Delighted we've reached an agreement which will give both Europeans here in the UK and British citizens in the EU binding guarantees about their residence rights.,AmberRuddUK,,2017-12
2017-12-08,joannaccherry,Scottish National Party,Glad to have been a signatory to this letter re Trump’s irresponsible Jerusalem decision. UK must step up action to pursue peace &amp; recognise the State of Palestine https://t.co/mcH1Zi8aYA,josephwillits,,2017-12
2017-12-08,hugoswire,Conservative,"This is good news but be under no illusion, the next stage will be even more difficult.",,,2017-12
2017-12-08,rthondavehanson,Labour,Ill be attending the Carol concert tonight in aid of @FlintLifeboat -hope for a good turnout and all welcome https://t.co/Sw22cdsOBy,,@FlintLifeboat,2017-12
2017-12-08,mikegapes,Labour (Co-op),Let Momentum know you are not intimidated by their bullying and want other voices to be heard in Labour - sign up to Labour First here: https://t.co/PM6XHk5sWd,lukeakehurst,,2017-12
2017-12-08,mimsdavies,Conservative,@FPMCharlotte Happy birthday X🌟,,@FPMCharlotte,2017-12
2017-12-08,walkerworcester,Conservative,"It's beginning to look a lot like Christmas! If today's snow flurry has put you in a Christmassy mood, why not bring the little ones down to our clay Christmas decorations workshop at the Guildhall tomorrow? Get in quick, and call 01905 384653 to reserve your place! https://t.co/rI4sNqO5hN",TheMoRW,,2017-12
2017-12-08,cpjelmore,Labour,"@Marshallmedia Looking forward to seeing your objection on Twitter. But again attacking those in opposition for helping achieves nothing, especially when we are trying to tackle root causes while supporting the trust &amp; its volunteers.",Marshallmedia,@Marshallmedia,2017-12
2017-12-08,nickymorgan01,Conservative,No doubt hard negotiations ahead on #Brexit trade talks but significant progress to get on to phase 2 - testament to huge determination shown by @theresa_may &amp; her team to keep talking,,@theresa_may,2017-12
2017-12-08,chionwurah,Labour,"""Small #businesses are the engine of our economy and the platform for our future growth"" Please read @ChiOnwurah MP's full message here:
https://t.co/Dpw7DrS0xW
#SMEs for #Labour https://t.co/4GUOU1WUk5",SME4LABOUR,@ChiOnwurah,2017-12
2017-12-08,dr_philippaw,Scottish National Party,Sturgeon notes that it's interesting how selective Willie Rennie is in his support for second referendums. #FMQs,SourceScot,,2017-12
2017-12-08,scullyp,Conservative,@HossiendaBoy All politicians have to complete a register of interests and declare any interests before speaking in the house...,HossiendaBoy,@HossiendaBoy,2017-12
2017-12-08,geraldjoneslab,Labour,"It's been a privilege to listen, learn and serve alongside Peter Vaughan for 7 years and take fwd his legacy. So much to thank him for and celebrate. Diolch yn fawr iawn + pob lwc, Chief! https://t.co/0ZUiznESZO",MattJukesMPS,,2017-12
2017-12-08,lukehall,Conservative,"Delighted to welcome part of Frampton Cotterell to Parliament earlier this week. Looking forward to welcoming Iron Acton on January 8th, with many more planned later in 2018 https://t.co/dkizVIEW3v",glosgazette,,2017-12
2017-12-08,gwynnemp,Labour,Today I hosted an information event on the changes to state pension age with @solent_waspi @WASPI_Campaign and @PortsmouthCAB. So good to work with local groups to support residents of Portsmouth affected by these changes #fromhereforhere https://t.co/pfxMbLlfwW,StephenMorganMP,"@solent_waspi, @WASPI_Campaign, @PortsmouthCAB.",2017-12
2017-12-08,bimafolami,Conservative,Fundamentals in all of this.....Northern Ireland will not be separated in any way from the rest of the UK after Brexit. Unfettered access to the UK market. No borders in the Irish Sea. Positive day for the Union. Now to the next stage and getting the best UK/EU trade deal.,NigelDoddsDUP,,2017-12
2017-12-08,juliansmithuk,Conservative,".@theresa_may: ""We've been working extremely hard this week and as you've all seen it hasn't been easy for either side. When we met on Monday we said a deal was within reach, what we have arrived at today represents a significant improvement."" https://t.co/TXkrweKfss",Conservatives,@theresa_may:,2017-12
2017-12-08,imran_hussainmp,Labour,"In the Commons, @UKLabour MPs @BenPBradshaw @hammersmithandy @RichardBurdenMP @RupaHuq @PaulFlynnMP @paulasherriff @Imran_HussainMP and @KerryMP join @EmilyThornberry in challenging @realDonaldTrump's recognition of #Jerusalem and ongoing occupation preventing peaceful solution.",benfolley,"@UKLabour, @BenPBradshaw, @hammersmithandy, @RichardBurdenMP, @RupaHuq, @PaulFlynnMP, @paulasherriff, @Imran_HussainMP, @KerryMP, @EmilyThornberry, @realDonaldTrump's",2017-12
2017-12-08,redditchrachel,Conservative,Speaking to local businesses this morning they are delighted with the breakthrough on the #Brexit deal and to move on to trade talks. I always said this would be tough and we would get there and I still hold that view. https://t.co/NjVgbNy9bv,,,2017-12
2017-12-08,angusmacneilsnp,Scottish National Party,"Sky sources: Cabinet not yet agreed on whether Uk remains in Common Agricultural Policy in transition period... [EU thinks we are ie “full acquis”, and its 40% of annual Bill we’ve already agreed to continue to pay]",faisalislam,,2017-12
2017-12-08,mtpennycook,Labour,"Essentially a political fudge on Ireland, Northern Ireland and the border and regulatory alignment still there in all but name (i.e. no post-departure arrangement inconsistent with a soft border even in a “no deal” scenario) in the two key paragraphs below. https://t.co/tplziMQYZ1",,,2017-12
2017-12-08,alexburghart,Conservative,"Donald Tusk says the deal is ""the personal success of Theresa May""",carriesymonds,,2017-12
2017-12-08,alanwhiteheadmp,Labour,This week I've spoke out on Trump's plans to recognise Jeruselam as the capital of Israel and executive pay at my local University: https://t.co/C9vIDFxkhz,,,2017-12
2017-12-08,johnnymerceruk,Conservative,Congratulations to our PM on getting a deal with EU that takes us forward. Her resilience and tenacity is quite remarkable. Now we can start trade talks and plan for a Brexit in the national interest,garystreeterSWD,,2017-12
2017-12-08,mike_fabricant,Conservative,#OldLabour’s comments regarding the #Brexit deal are hypocritical and ludicrous. REMEMBER: They wanted to secure the rights of #EU nats in the #UK without securing equal rights for UK citizens in the EU. #Betrayal = #Labour,,,2017-12
2017-12-08,sandbach,Conservative,Good news from Brussels and glad that next phase of discussions will commence. Sensible compromise on citizens rights,,,2017-12
2017-12-08,tulipsiddiq,Labour,This is the most worrying part of this last week - Government held to ransom by the DUP https://t.co/3Goe30y7pe,faisalislam,,2017-12
2017-12-08,tom_watson,Labour,Warmest congratulations to Coventry on winning UK City of Culture 2021. Fantastic news for the city and the region.,,,2017-12
2017-12-08,robertbuckland,Conservative,Out of hours access scheme unveiled for Swindon libraries - https://t.co/Zfy1wseK55 https://t.co/nAwIW6qpAp,swindonlink,,2017-12
2017-12-08,neill_bob,Conservative,Liaison Judge Lady Justice Sarah Asplin DBE speaks on the importance of sharing best practice and lessons on how to help litigants in person #CivilJusticeCouncil,NatalieByrom,,2017-12
2017-12-08,carolinelucas,Green Party,Please do check this out - @TeamDomenica does such brilliant work with people with learning disabilities in #Brighton (and their cakes are wonderful too :) https://t.co/HMnYiC6BgC,DukeofYorks,@TeamDomenica,2017-12
2017-12-08,jamesfrith,Labour,@CllrKLeach @CllrRShori @JamesFrith @RammyLabour @BuryLabour @BuryNorthLabour @PaulBLewis1 @LUISEFITZ @AndreaLSimpson @TamoorT @PrestonDr Excellent news. Sorry I wasn't able to attend the selection meeting due to  long standing commitment to be in Spain. Happily my support was not needed. I'll polish my walking boots ready for lots of leaflet delivering. James broke the Tory monopoly in Rammy. Now it's Kevin's turn,AlexWilliams01,"@CllrKLeach, @CllrRShori, @JamesFrith, @RammyLabour, @BuryLabour, @BuryNorthLabour, @PaulBLewis1, @LUISEFITZ, @AndreaLSimpson, @TamoorT, @PrestonDr",2017-12
2017-12-08,neill_bob,Conservative,“I’ve made 6 key commitments to Northern Ireland as part of my negotiations with the EU” – PM https://t.co/kea0LdAIrb https://t.co/zcOls94NLP,10DowningStreet,,2017-12
2017-12-08,drewhendrysnp,Scottish National Party,It snowed with us last night @JudithRalston @NicolaMcAlley Prepare for the barrage of social posts and pictures of the white stuff today #ItsWinterPeople #snow https://t.co/Ejdd3mJ3go,delaligus,"@JudithRalston, @NicolaMcAlley",2017-12
2017-12-08,john2win,Conservative,"Great job done by @Number10gov in difficult circumstances.
We now move to the next stage to secure the best possible relationship with the EU after #Brexit, something of critical importance to businesses, farmers and fishermen. https://t.co/ucO9xakkZF",,@Number10gov,2017-12
2017-12-08,stevereedmp,Labour (Co-op),"@traceylsl @guyverhofstadt The EU has already suggested it, it's our Government who have not taken up the offer (yet)",traceylsl,"@traceylsl, @guyverhofstadt",2017-12
2017-12-08,rehman_chishti,Conservative,As always a real pleasure to visit @Medway_NHS_FT Medway Hospital and catch up with the brilliant chief exec @LesleyDwyerMFT and her team and  hear about their excellent work at the hospital and pas on thanks to the fantastic staff at the hospital. 👍 https://t.co/sxU5YTSBpc,,"@Medway_NHS_FT, @LesleyDwyerMFT",2017-12
2017-12-08,madeleinemoon,Labour,Bryntirion infant school concert glamorous grandparents performance @BryntirionI awaiting stars in the making https://t.co/JAWDuwvfmj,,@BryntirionI,2017-12
2017-12-08,henrysmithuk,Conservative,"In his article this week, Crawley MP @henrysmithuk says people should not miss out on possible energy savings. https://t.co/63CdWyVo3t",crawleynews24,@henrysmithuk,2017-12
2017-12-08,realstephenkerr,Conservative,We're working to achieve the best #BrexitDeal for Britain - follow https://t.co/8ch3zzu29b to find out more #RoadtoBrexit https://t.co/CFmwelazAf,10DowningStreet,,2017-12
2017-12-08,bbradley_mans,Conservative,"Great news, EU &amp; UK have agreed to move on to second stage of #Brexit negotiations. Pragmatism &amp; flexibility lead to win-win outcomes. #negotiation101",JamesCleverly,,2017-12
2017-12-08,edvaizey,Conservative,"It's been a big week for our sector as 'UK tech firms raise over $100m' in the past seven day

More: https://t.co/NirheGaARE https://t.co/RKGML9QOjX",TechNation,,2017-12
2017-12-08,dkshrewsbury,Conservative,"How to complain about slow #broadband speed: https://t.co/7D0ObD0Z2c Also, if you're a constituent do get in touch and I will look into your broadband provision. @WhichUK @WhichTech",,"@WhichUK, @WhichTech",2017-12
2017-12-08,gwynnemp,Labour,John McDonnell: Chancellor must reverse £5bn bank giveaway to fund help for kids https://t.co/v07Ya9gSih,LabourList,,2017-12
2017-12-08,wesstreeting,Labour,"Relieved we're onto phase two, but notice people with opposing viewpoints on longer-term relationship with EU are cheering the same section of text. Creative ambiguity means big battles still ahead.",,,2017-12
2017-12-08,gregclarkmp,Conservative,"Important that the statement commits to ""agreement as early as possible in 2018 on transitional arrangements"" - meeting a key request of businesses in the UK, the rest of EU and around the world",,,2017-12
2017-12-08,davidlinden,Scottish National Party,Just off the @CalSleeper in glorious Glasgow - surgery at 10am in Parkhead Library this morning. No appointment required.,,@CalSleeper,2017-12
2017-12-08,emmalewellbuck,Labour,@EmmaLewellBuck @SaveSTHospital Well done and fingers crossed for a good outcome!,TuesTina,"@EmmaLewellBuck, @SaveSTHospital",2017-12
2017-12-08,mikeamesburymp,Labour,".@EmilyThornberry spares nobody in her takedown of Trump and Jerusalem: ""Donald Trump is not crying fire in a crowded theatre, he is deliberately setting fire to the theatre... when will the Government admit that they have got their strategy with Donald Trump totally wrong?"" https://t.co/r0lOW8bBXd",theipaper,@EmilyThornberry,2017-12
2017-12-08,liambyrnemp,Labour,Welcome to the world of pro-Kremlin disinformation - well taken down by @EUvsDisinfo https://t.co/X6gjUiDiot,EUvsDisinfo,@EUvsDisinfo,2017-12
2017-12-08,redditchrachel,Conservative,We’re delighted to announce that #Coventry will be the next UK City of Culture in 2021! Huge congratulations to @Coventry2021 and its supporters #ThisIsCoventry #CityofCulture2021 https://t.co/TgcXefZRiT,DCMS,@Coventry2021,2017-12
2017-12-08,bbradley_mans,Conservative,"The PM has achieved somethig historic today and put us in a good position to get the best out of forthcoming trade talks. We can be proud of this achievement, and of the opportunities ahead for #Brexit and for the future. https://t.co/83UMuUK7wW",,,2017-12
2017-12-08,matthancock,Conservative,A lot of good news today - but let's not miss this amazing development: beavers are back in Britain thanks to @Conservatives! https://t.co/oWlISlCwyp,MarioCreatura,@Conservatives!,2017-12
2017-12-08,tomtugendhat,Conservative,https://t.co/TkeWqeq7hG,AndrewRosindell,,2017-12
2017-12-08,gareththomasmp,Labour (Co-op),I've signed this motion in Parliament. Vital that we condemn Donald Trump's actions this week which will only harm the prospects for peace in the Middle East https://t.co/OAXegTYjpq,,,2017-12
2017-12-08,dawnbutlerbrent,Labour,"@5WrightStuff @DawnButlerBrent @MichaelRosenYes @Lowri_Turner @MurrayLYoung @TVKev @ITNProductions the blend this week of Murray &amp; Lowry has been fantastic, their grip on the issues facing the UK was superb, added to the intellect of the callers, today blended with Michael &amp; Dawn, the UK news paper reviews have been brilliant &amp; on Northern Ireland too I’m going https://t.co/8wXW3mkrZy",AndyEdwardsR14C,"@5WrightStuff, @DawnButlerBrent, @MichaelRosenYes, @Lowri_Turner, @MurrayLYoung, @TVKev, @ITNProductions",2017-12
2017-12-08,karlturnermp,Labour,"The Government wants to give bankers a tax cut of almost of £5 billion, and has offered nothing for over-stretched children's services - It’s time to put our children first! https://t.co/yMSKzY27PR",GwynneMP,,2017-12
2017-12-08,cwhittaker_mp,Conservative,Full details on the planning applications for incinerator operations at the Belmont Site are on my website: https://t.co/2EAXsamnsn,,,2017-12
2017-12-08,gwynnemp,Labour,@stefanstern @Pret 🤣🤣🤣,stefanstern,"@stefanstern, @Pret",2017-12
2017-12-08,cwhittaker_mp,Conservative,Applications open for £15m of Tampon Tax funding https://t.co/QMGwi27SSA,,,2017-12
2017-12-08,nadinedorries,Conservative,We are leaving the Single Market and the Customs Union. The ongoing role of the ECJ is acceptable as it is time limited and the Irish border question has reached a point where everyone is happy - just as the EU starts planning for a United States of Europe. Result!,,,2017-12
2017-12-08,kerrymp,Labour,"SO this got a like from @Will_M_Anderson, at which point I feel obliged to point out that he was the well-deserved winner (although I didn't actually get to see his Guinness-based cake, or try any). https://t.co/rr7ClJRWiw",KerryMP,"@Will_M_Anderson,",2017-12
2017-12-08,hugoswire,Conservative,"""I very much welcome the prospect of moving ahead to the next phase of the #Brexit talks on trade and security"" - PM https://t.co/pvu9WmD665 https://t.co/Z8pOouaYAd",10DowningStreet,,2017-12
2017-12-08,angusmacneilsnp,Scottish National Party,@CommonsIntTrade having a hearing on Wed of implications for all other UK-EU borders following this deal https://t.co/BargzN5UKq,RichardJMurphy,@CommonsIntTrade,2017-12
2017-12-08,redditchrachel,Conservative,.@Anna_Soubry welcomes the news that @theresa_may has put jobs and the UK economy at the heart of any #BrexitDeal https://t.co/VvAFryd5QD,CCHQPress,"@Anna_Soubry, @theresa_may",2017-12
2017-12-08,lukepollard,Labour (Co-op),"Great visit, thank you for this morning’s visit. https://t.co/hqqsVYyNtf",RichStockdale_,,2017-12
2017-12-08,carolynharris24,Labour,#Primark &amp; #SportsDirect named in list of 260 businesses who’ve underpaid their staff. Collectively staff are owed £1.7m in back pay.  #JoinATradeUnion https://t.co/r4LxzjDMGb  https://t.co/724nsSrfku,Chris_Binding,,2017-12
2017-12-08,georgefreemanmp,Conservative,"Thank you @baronessjenkin, @dollytheis @ericvanderburg @ZacGoldsmith @jamescracknell &amp; @EdwardDaviesCSJ for speaking at today’s important report launch. It's time to #GoDutch to tackle #ChildhoodObesity https://t.co/nyMHUpd8Xr",csjthinktank,"@baronessjenkin,, @dollytheis, @ericvanderburg, @ZacGoldsmith, @jamescracknell, @EdwardDaviesCSJ",2017-12
2017-12-08,walkerworcester,Conservative,Record car production helps Britain's manufacturing to its best run in 20 years https://t.co/ENqu3gV5Kp https://t.co/n5TZlKgCdP,business,,2017-12
2017-12-08,liambyrnemp,Labour,Valuable background on Veterans for Britain - one of the groups Electoral Commission is investigating re Brexit. My questions to them have gone unanswered. @AdamRamsay &amp; @PeterKGeoghegan keep up the pressure... https://t.co/FdtmUzqC8i,carolecadwalla,"@AdamRamsay, @PeterKGeoghegan",2017-12
2017-12-08,imran_hussainmp,Labour,Another call for the recognition of Palestine in Urgent Question on Jerusalem from @Imran_HussainMP https://t.co/97AQP2wnVG https://t.co/1uHra0XyKF,josephwillits,@Imran_HussainMP,2017-12
2017-12-08,trussliz,Conservative,"@MulberryThet @ThetfordBForum @TheLivelyCrew @ThetfordMayor Amazing food again, Mulberry!",MulberryThet,"@MulberryThet, @ThetfordBForum, @TheLivelyCrew, @ThetfordMayor",2017-12
2017-12-08,edvaizey,Conservative,"At the opening of @KAs_Wantage new science block tonight by @edvaizey and the Director of @UKSpaceAcademy. I hope all the students enjoy it, it looks great! Nice view out of some of the classrooms which I’m sure will aid the teaching 😁. #Wantage https://t.co/LMmTW13286",benmabbett,"@KAs_Wantage, @edvaizey, @UKSpaceAcademy.",2017-12
2017-12-08,redditchrachel,Conservative,"This deal gives our brilliant EU doctors &amp; nurses binding guarantees about their residence rights. NHS staff please spread the word to European colleagues: this is your home, we value your life-saving work, and we want you to stay.",Jeremy_Hunt,,2017-12
2017-12-08,chukaumunna,Labour,"In the meantime new facts have come to light, on everything from Northern Ireland to customs. It has cost us a £50 billion divorce bill to get this far. 3/",ChukaUmunna,,2017-12
2017-12-08,hannahb4livimp,Scottish National Party,Not leave the EU. https://t.co/lQ0SAZqyj4,NicolaSturgeon,,2017-12
2017-12-08,vickyford,Conservative,Good!  - now for the next stage...  https://t.co/iuo7qQL1Lj,,,2017-12
2017-12-08,timloughton,Conservative,"We’ve gained back control of British Laws, with the European Court of Justice no longer making judgements over British Courts. https://t.co/nbdOiox9ed",Conservatives,,2017-12
2017-12-08,jamescleverly,Conservative,https://t.co/WNyFyidQSh,,,2017-12
2017-12-08,emmalewellbuck,Labour,@EmmaLewellBuck @SaveSTHospital Good work Emma.,Billy_Bell99,"@EmmaLewellBuck, @SaveSTHospital",2017-12
2017-12-08,michaelgove,Conservative,"I think this tweet may fail our new spelling, punctuation and grammar tests... #grocer's apostrophe https://t.co/nr20RYaVDe",brianlightman,,2017-12
2017-12-08,douglas4moray,Conservative,Enjoying a fine dram with @Douglas4Moray at @AberlourVC distillery in ❤️ of whisky country. Key Scots export! @UKGovScotland @ScotTories https://t.co/xzgF0bWZKT,IanDuncanHMG,"@Douglas4Moray, @AberlourVC, @UKGovScotland, @ScotTories",2017-12
2017-12-08,laurasmithcrewe,Labour,"Great awards evening last night celebrating the faith in action and talents of the pupils @STMCrewe, led by the wonderful @ClareHogg2016, good to meet inspiring @LauraSmithMP, fighting for fairer funding for schools. https://t.co/RIs9veJcfT",friel_raymond,"@STMCrewe,, @ClareHogg2016,, @LauraSmithMP,",2017-12
2017-12-08,halfon4harlowmp,Conservative,"“Social justice is about getting everyone to the ladder, making sure everyone has a chance to climb the #LadderOfOpportunity” - we must have social justice at the centre of the agenda #ChampioningEducation",,,2017-12
2017-12-08,nickhurduk,Conservative,"I visited the excellent @alzheimerssoc in my constituency this morning, meeting service users and their carers. I was pleased to become a #DementiaFriend, an initiative aiming to create a climate of kindness and understanding about dementia. https://t.co/QoO52UlLbl",theresa_may,@alzheimerssoc,2017-12
2017-12-08,davidlammy,Labour,"Full alignment and a £50bn divorce bill.. So what is basically happening is that we spend tens of billions of taxpayers’ money and waste years during which time the Government can’t do anything else, all to just end up in a worse position than we are in today? No thanks",,,2017-12
2017-12-08,deidrebrock,Scottish National Party,"So happy to celebrate Dame Muriel with @Beathhigh , @jennyniv &amp; @scallyjj at @natlibscot tonight! #murielspark100 #StyleofSpark https://t.co/h4IDWt164D",MurielSpark100,"@Beathhigh, @jennyniv, @scallyjj, @natlibscot",2017-12
2017-12-08,s_hammond,Conservative,The girls from @WimbledonHigh will be singing carols at our #ChristmasTreeFestival at 6pm https://t.co/xEEc20rUuz,TrinityWimbledn,@WimbledonHigh,2017-12
2017-12-08,gilliankeegan,Conservative,"Talking about opportunities, education and the importance of asking for help from people in industry with @GillianKeegan #apprenticeships #education #University #nextstep #workingtogether @TKATAcademies https://t.co/eV0ncKI3Bj",AcademySelsey,"@GillianKeegan, @TKATAcademies",2017-12
2017-12-08,mikegapes,Labour (Co-op),A fudge is better than a disaster,,,2017-12
2017-12-08,louhaigh,Labour,@LouHaigh @PoliceChiefs Police being used to plug the gaps. And guess who gets the blame for suicides in custody.,bazza1007,"@LouHaigh, @PoliceChiefs",2017-12
2017-12-08,shabanamahmood,Labour,Our Report on Brexit and the UK border has been published. Read in full and Chair's comments #brexit https://t.co/wBAmyEI7FF,CommonsPAC,,2017-12
2017-12-08,realstephenkerr,Conservative,The glitz and glamour of being a Prime Minister......this is the PM with Tricky holding the PMs red box in hand at 0425 this morning boarding the flight to Brussels https://t.co/mITItAsiAx,RobinG_F,,2017-12
2017-12-08,leicesterliz,Labour,Love this woman. Keep going @ayeshahazarika ! https://t.co/hELYRsTCNb,ayeshahazarika,@ayeshahazarika,2017-12
2017-12-08,alisonthewliss,Scottish National Party,@joglasg Thanks for your kind words. It’s always worth putting things on the record so we don’t forget!,joglasg,@joglasg,2017-12
2017-12-08,emmahardymp,Labour,Fascinating nugget of info in @Carter6D's response to @halfon4harlowMP on rebrokering...2 schools have been rebrokered TWICE in just a few years https://t.co/gOHUNJuwbR,FCDWhittaker,"@Carter6D's, @halfon4harlowMP",2017-12
2017-12-08,fabianleedsne,Labour,.@jeremycorbyn speech at the United Nation’s Geneva headquarters https://t.co/makdrF04pE,labourpress,@jeremycorbyn,2017-12
2017-12-08,davidmorrisml,Conservative,Thank you @EnvAgencyNW for coming to my office today to brief me on the flood response,,@EnvAgencyNW,2017-12
2017-12-08,angusmacneilsnp,Scottish National Party,"Mr. President there's protests and rioting in West Bank area.
Why ?
Because of what you said about moving our embassy.
You mean I've provoked rioting ? Wow that's cool it's real news, the kind I like.",DavidS1947,,2017-12
2017-12-08,vincecable,Liberal Democrat,Still no solution over how to prevent a border between Ireland and Northern Ireland. The biggest obstacle to the government's Brexit plans is being kicked into the long grass.,,,2017-12
2017-12-08,redditchrachel,Conservative,That incredible moment. Take a bow #Coventry! And well done the @Coventry2021 team. There's a wonderful few years in store for our city #ThisisCoventry #CityofCulture2021 #UKCityofCulture2021 @BBCTheOneShow @DCMS https://t.co/sbd8BzsQkU,CoventryUniNews,"@Coventry2021, @BBCTheOneShow, @DCMS",2017-12
2017-12-08,dlidington,Conservative,"There are some great ideas for garden town planning already happening in Aylesbury - Welcome to Kingsbrook, Britain's most wildlife-friendly housing development  https://t.co/K8jvq23s9y via @TelegraphSci",AylesburyGT,@TelegraphSci,2017-12
2017-12-08,cphilpofficial,Conservative,"@iambullivant @montie The agreement itself says nothing is agreed until everything is agreed (para 5, sentence 1)",iambullivant,"@iambullivant, @montie",2017-12
2017-12-08,louhaigh,Labour,"As Brexit talks now move on, PM must reflect on her approach. Another year of chaos &amp; confusion not acceptable. Or farcical scenes that put jobs &amp; economy at risk.",Keir_Starmer,,2017-12
2017-12-08,emmalewellbuck,Labour,Well done everyone https://t.co/1Nf2NhH7Tk,WhitSixthForm,,2017-12
2017-12-08,jbrokenshire,Conservative,"Today’s Brexit deal delivers:
- No hard border in Northern Ireland
- Secures a good financial deal for British taxpayers meaning more money for our priorities like housing, schools, and the NHS
- Secured the rights of EU citizens living here, and UK citizens living in the EU https://t.co/h4QtXdwnFv",theresa_may,,2017-12
2017-12-08,lizmcinnes60,Labour,"“#SMEs are absolutely vital to our local economy in Heywood and Middleton, and to the #British economy as a whole"" Please read @LizMcInnes_MP  MP's full message here:
https://t.co/NuXNlrdU6T
#SMEs for #Labour https://t.co/nj5ItJ5vYl",SME4LABOUR,@LizMcInnes_MP,2017-12
2017-12-08,benmlake,Plaid Cymru,"In a debate in Westminster yesterday I spoke on the future of fisheries, highlighting the difficulties currently being faced by fishermen and women. Read more here: https://t.co/EXyw5OI4VG",,,2017-12
2017-12-08,pennymordaunt,Conservative,Look what one of my constituents made me for Christmas! So sweet! Thank you!! 😊 https://t.co/XWEziAdBNN,,,2017-12
2017-12-08,awmurrison,Conservative,"Leave supporter &amp; SW Wilts MP @AWMurrison says #BrexitDeal turned out much as he predicted, and looks forward to trade talks to secure a ""deep and comprehensive free trade agreement"" to benefit whole of British Isles",DanOB1986,@AWMurrison,2017-12
2017-12-08,hughgaffneyccb,Labour,#ThankYourPostie https://t.co/lx9CZAhMC0,,,2017-12
2017-12-08,joanryanenfield,Labour,"Ergun Eren a great candidate, Enfield North Labour a great party, Enfield North voters great people, brilliant community! https://t.co/GH7CYHNNpk",BritainElects,,2017-12
2017-12-08,pennymordaunt,Conservative,"Superb news to wake up to! Many congratulations to the PM. Very pleased with clarity that we’re leaving the Single Market &amp; Customs Union. We’re #TakingBackControl. And not a moment too soon, with Martin Schulz’s comments yesterday about a United States of Europe...",matthew_elliott,,2017-12
2017-12-08,emmalewellbuck,Labour,@EmmaLewellBuck @SaveSTHospital Well done Emma.,DerrettLorraine,"@EmmaLewellBuck, @SaveSTHospital",2017-12
2017-12-08,john2win,Conservative,"Today’s Brexit deal delivers:
- No hard border in Northern Ireland
- Secures a good financial deal for British taxpayers meaning more money for our priorities like housing, schools, and the NHS
- Secured the rights of EU citizens living here, and UK citizens living in the EU https://t.co/h4QtXdwnFv",theresa_may,,2017-12
2017-12-08,rossthomson_abz,Conservative,"Today’s Brexit deal delivers:
- No hard border in Northern Ireland
- Secures a good financial deal for British taxpayers meaning more money for our priorities like housing, schools, and the NHS
- Secured the rights of EU citizens living here, and UK citizens living in the EU https://t.co/h4QtXdwnFv",theresa_may,,2017-12
2017-12-08,carolinelucas,Green Party,Popped into the Greys to pull a pint (as you do) - so inspired by amazing local community working together to #SavetheGreys as a community pub&amp; hub - please do support them if you can  @save_the_greys https://t.co/4wcShhxm2e  https://t.co/4cx2eBV5pB   #Brighton https://t.co/Z2KzM9PcZa,,@save_the_greys,2017-12
2017-12-08,cwhittaker_mp,Conservative,Good headline on the @Brighouse_Echo - @Calderdale Gritting Policy in Absolute Chaos....I couldn't have put it better myself https://t.co/uVgCKaWhb8,,"@Brighouse_Echo, @Calderdale",2017-12
2017-12-08,alexburghart,Conservative,".@theresa_may: ""We've been working extremely hard this week and as you've all seen it hasn't been easy for either side. When we met on Monday we said a deal was within reach, what we have arrived at today represents a significant improvement."" https://t.co/TXkrweKfss",Conservatives,@theresa_may:,2017-12
2017-12-08,stevedouble,Conservative,@garrood @theresa_may I say it as I see it. Entitled to your opinion but she's done well in my book.,,"@garrood, @theresa_may",2017-12
2017-12-08,gwynnemp,Labour,"The Government wants to give bankers a tax cut of almost of £5 billion, and has offered nothing for over-stretched children's services - It’s time to put our children first! https://t.co/yMSKzY27PR",,,2017-12
2017-12-08,martinjdocherty,Scottish National Party,There is no place in an inclusive Scotland for ignorant homophobia targeted at a Dundee LGBT Youth Group.  I along with all my @theSNP colleagues and the good people of #dundee stand in solidarity . Hate never succeeds 🌈. ❤️ is ❤️ https://t.co/PyZCs8dQrB,ChrisLawSNP,@theSNP,2017-12
2017-12-08,guyopperman,Conservative,"Today HMS Queen Elizabeth is formally commissioned into the @RoyalNavy fleet 👉 &gt;10,000 people, 700 businesses &amp; suppliers - 90% hailing from the UK - have created @HMSQnlz. Here’s a look at their work #ManufacturingIsGREAT https://t.co/7xGhPJ0ajq",tradegovuk,"@RoyalNavy, @HMSQnlz.",2017-12
2017-12-08,stewartmcdonald,Scottish National Party,"Interesting phone in Witt @StephenJardine on @BBCRadioScot about those companies not paying the minimum wage. I’ve got a Bill to ban unpaid trial work, another area of exploitation in the workplace. https://t.co/NkWQ4l9Uuv",StewartMcDonald,"@StephenJardine, @BBCRadioScot",2017-12
2017-12-08,emmalewellbuck,Labour,Being interviewed by @SharonBarbour for @BBCLN about the @SaveSTHospital and the loss of maternity services. It's simply not acceptable. https://t.co/VOcE4sRC15,,"@SharonBarbour, @BBCLN, @SaveSTHospital",2017-12
2017-12-08,hannahb4livimp,Scottish National Party,"Brief summary 

1) DUP gets commitment there won’t be a Customs border in Irish Sea (para 45)

2) Regulatory alignment not explicitly mentioned, but essentially still there in para 48, 49

3) There’s plenty of kicking the can into the second phase (para 56)

#brexit https://t.co/sbQJudx33U",jonworth,,2017-12
2017-12-09,dianajohnsonmp,Labour,Good talk to  @HumbersidePCC  @Keithhunter50 this morning and raise issue of problem mopeds &amp; anti social behaviour on Orchard Park making local people's lives a misery.,,"@HumbersidePCC, @Keithhunter50",2017-12
2017-12-09,jamescleverly,Conservative,"Delicious gourmet hot dogs from Bradford St Meat Co &amp; craft ales, prosecco, mulled wine and cider from 
Cool Beans &amp; @SilksBrewery at our Christmas Market in #Braintree town centre today https://t.co/rKKtsIKFTX",BraintreeDC,@SilksBrewery,2017-12
2017-12-09,halfon4harlowmp,Conservative,My article in @yorkshirepost about social justice and Education : https://t.co/sVpCUKJMuB,yorkshirepost,@yorkshirepost,2017-12
2017-12-09,carolynharris24,Labour,And you got to clear snow from your path...No rest and all that 😉😊 https://t.co/Ou0XPTUQz7,GwynneMP,,2017-12
2017-12-09,crispinblunt,Conservative,"Thought 4 today:if you simply label ppl who dont agree with you as 'immoral',you may have become part of problem you think you're solving.",CharlotteLeslie,,2017-12
2017-12-09,drlisacameronmp,Scottish National Party,THRILLED to announce Hero Dog Finn will be joining our meeting on Tues 12 Dec few places left: https://t.co/zePBHGGciN #UnsungHeroes #APDAWG https://t.co/4nT9USPByj,APDAWG1,,2017-12
2017-12-09,annaturley,Labour (Co-op),Doc who wrote scathing letter to Jeremy Hunt reveals what happened when they met https://t.co/l60CbwYre8,,,2017-12
2017-12-09,helenhayes_,Labour,"So lovely to visit @HandmadePalace @cpsubway heritage market in our wonderful Crystal Palace Subway - congratulations to all involved! Open until 5 today do go if you can, lots of lovely Christmas gifts https://t.co/rdUqPqPOA5",,"@HandmadePalace, @cpsubway",2017-12
2017-12-09,bill_esterson,Labour,"I’ve signed this amendment to the Finance Bill for Monday with my @UKLabour colleagues. Tory priority is £4.7 billion tax cut for banks, while cutting services for children and families. Tories are letting down the people of our country and should pack their bags and go. https://t.co/dCE2nwuV6Z",,@UKLabour,2017-12
2017-12-09,alewermbe,Conservative,Deeply impressed by the work @thelowdownNN1 does to help young people in #Northampton #MentalHealthAwareness #SexualHealth https://t.co/FqMm4k78ei,,@thelowdownNN1,2017-12
2017-12-09,kevinbrennanmp,Labour,@thhamilton There’s only one way to settle it...,thhamilton,@thhamilton,2017-12
2017-12-09,mikegapes,Labour (Co-op),".@DominicRaab tells @KirstyWark ""you can call it strategic ambiguity...what I'm admitting to you is that we have agreed principles...but the details need to be ironed out over the bespoke issues of Northern Ireland"" #newsnight https://t.co/eBteU1cN4p",BBCNewsnight,"@DominicRaab, @KirstyWark",2017-12
2017-12-09,emmahardymp,Labour,Please all set reminders to watch this. #slingthemesh https://t.co/byX46ssgh1,EmmaHardyMP,,2017-12
2017-12-09,karlturnermp,Labour,LIVE: Anti-slavery protest outside Libyan Embassy in London  https://t.co/ysFonS2UG4,MiddleEastEye,,2017-12
2017-12-09,danjarvismp,Labour,Well done @BarnsleyChoir on a stunning series of concerts this w/end. Your passion &amp; professionalism are inspiring. Very proud of you 👏🏼👊🏻@MatWright5 https://t.co/0S1HIBWEfp,,"@BarnsleyChoir, @MatWright5",2017-12
2017-12-09,kitmalthouse,Conservative,Top team to the rescue again. https://t.co/RWruUEvj1q,Royston_Smith,,2017-12
2017-12-09,bobblackman,Conservative,@SpursOfficial great display this afternoon &amp; only disappointed we conceded a goal to @stokecity! MoM #Heung-minSon #COYS  #THFC #SPURS @Coytey,,"@SpursOfficial, @stokecity!, @Coytey",2017-12
2017-12-09,ianblackford_mp,Scottish National Party,Turnbull’s Tornadoes were at their peak in late 1972 and early 1973. It was a pleasure to see a team play such swashbuckling football. https://t.co/O975sQiBf7,HibernianFC,,2017-12
2017-12-09,alistairburtuk,Conservative,The Prime Minister has welcomed the news that Daesh no longer hold significant territory in Syria or Iraq. Read more here: https://t.co/go96EDgWQF,FCDOGovUK,,2017-12
2017-12-09,keeleymp,Labour,Young women most likely to be physically restrained in mental health units https://t.co/n0ZHaBr3IJ,,,2017-12
2017-12-09,gordonmarsden,Labour,.@LearnWorkUK are looking for best stories of adult learning for 2018 @festival_learn awards. More here https://t.co/XAh3wphm9V #lovetolearn,AoC_info,"@LearnWorkUK, @festival_learn",2017-12
2017-12-09,henrysmithuk,Conservative,https://t.co/uh2vW24s4W,,,2017-12
2017-12-09,matthancock,Conservative,Why we're building the TripAdvisor for business support https://t.co/3XKyTUqKYr,emmaljones,,2017-12
2017-12-09,tracybrabin,Labour (Co-op),@AnnePugh @nickywasp @oxfamwastesaver @YorkshireTea Doing it now!,AnnePugh,"@AnnePugh, @nickywasp, @oxfamwastesaver, @YorkshireTea",2017-12
2017-12-09,onnmel,Labour,"Really enjoyable evening. Sweet of you to try to save my feelings Jenny - but the truth is, I'm a rubbish bingo caller 🦆🦆. 
I know this. 
On the other hand my dancing ... https://t.co/hGsHWQru8Z",EmilyThornberry,,2017-12
2017-12-09,dr_philippaw,Scottish National Party,"A heartfelt message to @RuthDavidsonMSP Your Tory party, controlled by a bunch of bigots in NI, is leading us into a future in which my grandchildren won't have the same chances and opportunities I've had. That's why I want Scotland to be free from the fiasco that is Westminster",CameronMcNeish,@RuthDavidsonMSP,2017-12
2017-12-09,alison_mcgovern,Labour,We already have one as a member of the single market and customs union. https://t.co/LkwAO8JCOI,alextf75,,2017-12
2017-12-09,danjarvismp,Labour,@RBMind_ with @DanJarvisMP supporting mind keep talking and promote positive mental health!!! https://t.co/9xmV9Kpc5k,LPitchley,"@RBMind_, @DanJarvisMP",2017-12
2017-12-09,kevin_j_foster,Conservative,Enjoying a night out @ToadsTheatre with Hazel. Seven charities benefiting from tonight's performance. #BoostTorbay #Torbayhour https://t.co/5M5Lm4RMGM,,@ToadsTheatre,2017-12
2017-12-09,theresecoffey,Conservative,I've consistently said that we want to build a deep and special partnership with the EU as we implement the decision of the British people to leave in March 2019. Today’s deal will provide clarity and certainty for UK business and for all our citizens. https://t.co/9eiMzVCAZS,theresa_may,,2017-12
2017-12-09,suellabraverman,Conservative,True grit to get the best deal possible for #Britain - .@theresa_may an impressive + very hard working .@Women2Win role model: https://t.co/StNKGIyxt6,GuyOpperman,"@theresa_may, @Women2Win",2017-12
2017-12-09,harrietharman,Labour,Do ducks quack? https://t.co/rwy2bXZf13,littlekgardener,,2017-12
2017-12-09,karen_karenelee,Labour,"30,000 mentally ill people will spend Christmas waiting for a benefits appeal
https://t.co/ATEwT4BqIu https://t.co/wGfEwM3rox",MirrorPolitics,,2017-12
2017-12-09,vickyfoxcroft,Labour,We are proud to be a #WhiteRibbonUK council and we stand united in opposing all forms of violence against women and girls. If you live in Lewisham and need advice or support visit https://t.co/pz67dgTuK2 #16days #VAWG @WhiteRibbon_UK @LondonCouncils https://t.co/tPEEAGXf8J,LewishamCouncil,"@WhiteRibbon_UK, @LondonCouncils",2017-12
2017-12-09,jamescleverly,Conservative,Thanks to @JamesCleverly for hosting and speaking @LewishamTories fundraiser for mayoral and council elections next year in #Lewisham https://t.co/JBuz2crPOW,RossArcher1,"@JamesCleverly, @LewishamTories",2017-12
2017-12-09,jennychapman,Labour,Thankyou @EmilyThornberry for a brilliant night. Inspiring speech and not a bad bingo caller either.,,@EmilyThornberry,2017-12
2017-12-09,nus_ghani,Conservative,My statement on Iraq’s announcement today that Daesh no longer hold significant territory: https://t.co/Nx16L5Wkza,theresa_may,,2017-12
2017-12-09,deidrebrock,Scottish National Party,"Come &amp; find us tonight at the Cyrenians stall at @SocialBite_​'s #SleepinthePark! Meet Kathy, the manager of the Social Bite Village &amp; ask questions about homelessness. We'll be in the warming station from 6pm! https://t.co/VO7uliP3WF",Cyrenians1968,@SocialBite_​'s,2017-12
2017-12-09,mattwarman,Conservative,@bikerrebel1 @YouTube When the world moves on so must we all.,bikerrebel1,"@bikerrebel1, @YouTube",2017-12
2017-12-09,nadams,Conservative,Pretty good reason not to buy the FT https://t.co/aJ6TstqCMW,ZacGoldsmith,,2017-12
2017-12-09,keeleymp,Labour,The government is introducing mental health leads in schools - but there won't be one in every school until 2025. Read our views on the Green Paper https://t.co/FL9dNQu2Jo,YoungMindsUK,,2017-12
2017-12-09,nadams,Conservative,Glorious views across #Yorkshire this morning https://t.co/cmuThazitw,GaryVerity,,2017-12
2017-12-09,karen_karenelee,Labour,"The full list of 260 firms named and shamed for failing to pay the minimum wage
https://t.co/gwjvpwsfzc",MirrorPolitics,,2017-12
2017-12-09,kategreensu,Labour,Huge thanks to colleagues from Trafford who braved the snow to help us campaign for the brilliant Marlaine Whitham in #Shevington today https://t.co/Mb2h1009nq,lisanandy,,2017-12
2017-12-09,barrysheerman,Labour (Co-op),"🔳 Hannah Arendt died on this day, in 1975 https://t.co/qhVvNZJcO9",holdengraber,,2017-12
2017-12-09,debbie_abrahams,Labour,"@Debbie_abrahams    Still no sign of #conservative door steppers championing their  successes of reducing poverty, homelessness, social division, adequately funding the #NHS &amp; #brexit negotiations   #labourdoorstep https://t.co/BfiUHlEH64",KenKenhall65,@Debbie_abrahams,2017-12
2017-12-09,alewermbe,Conservative,"Today we learn that the EU is now prepared to talk about trade and the future relationship as well as the three special subjects it singled out for discussion so far. That is welcome, and means there can now be serious negotiations about a future Agreement.",johnredwood,,2017-12
2017-12-09,nadams,Conservative,I've consistently said that we want to build a deep and special partnership with the EU as we implement the decision of the British people to leave in March 2019. Today’s deal will provide clarity and certainty for UK business and for all our citizens. https://t.co/9eiMzVCAZS,theresa_may,,2017-12
2017-12-09,grahamemorris,Labour,"""This Government's rigged system is on the rocks, it's on the ropes"" 
Now more than ever, we need a Labour Government working for the Many not the Few. https://t.co/lvQa2wUbWQ",IanLaveryMP,,2017-12
2017-12-09,pennymordaunt,Conservative,Delighted to support the reintroduction of beavers to Britain https://t.co/NPxGRuMd2B,michaelgove,,2017-12
2017-12-09,paulasherriff,Labour,Lovely to see you all today and chat. Thanks for all of your hard work xxx https://t.co/J8yZh6y77a,lunat_k,,2017-12
2017-12-09,laylamoran,Liberal Democrat,I was elected 6 months ago. It’s been a whirlwind and an enormous privilege. Next election could be anytime and @libdems rely on small donations. Could you add to my fighting find today? https://t.co/ExAtWlAvvq,,@libdems,2017-12
2017-12-09,patrick4dales,Conservative,"Pleased that the @Conservatives in Government have approved the reintroduction of beavers into the Forest of Dean. @Mark_J_Harper must be looking forward to welcoming his new constituents! 

https://t.co/sJVmV9ABLc https://t.co/Lb8zfEo2hu",,"@Conservatives, @Mark_J_Harper",2017-12
2017-12-09,tracybrabin,Labour (Co-op),"Are you a woman who wants to get into politics but doesn't know where to start? Join our new online webinars series to #GetReadyToStand. Free, Friday lunch time, one hour. Starting in Jan. https://t.co/lIT0qV6laC https://t.co/mohILK0yEo",ElectHer_UK,,2017-12
2017-12-09,tpearce003,Labour,OBSERVER: New blow for May #tomorrowspaperstoday https://t.co/m5S2veURW0,hendopolis,,2017-12
2017-12-09,stewartmcdonald,Scottish National Party,@TomTugendhat @btharris93 You'll enjoy this https://t.co/01gFAnKX3k,TomTugendhat,"@TomTugendhat, @btharris93",2017-12
2017-12-09,joswinson,Liberal Democrat,"Word of the day: “apricity” - the warmth of the sun on a winter’s day.
(first used in Henry Cockeram's English Dictionary, 1623) https://t.co/LIbOIXGgU5",RobGMacfarlane,,2017-12
2017-12-09,stephenlloydebn,Liberal Democrat,"@andythegreenie I disagree Andrew. Fuel prices are already high, and I was not calling for a cut, just a cap. Which the gov conceded. Which of you think it through actually makes my lobbying for a similar cap on rail fares even more rational. Makes sense to me!",andythegreenie,@andythegreenie,2017-12
2017-12-09,drewhendrysnp,Scottish National Party,Excellent forensic interview.  Mr Raab is almost snarling with rage towards the end.  #BrexitChaos https://t.co/C7jJvs96OS,MrJohnNicolson,,2017-12
2017-12-09,bill_esterson,Labour,"On Monday, Tory MPs will have a choice: Continue to hand over £5 billion in tax giveaways to the banks, or give our children's services the funding they urgently need.
Make sure they make the right choice. Add your name to @johnmcdonnellMP's letter now: https://t.co/TtXwcDMYai https://t.co/cTiWtHhXA4",UKLabour,@johnmcdonnellMP's,2017-12
2017-12-09,halfon4harlowmp,Conservative,"I've read many things about Hitler, but never this #TheSaturdayBook : https://t.co/QZ7eb2q971",,,2017-12
2017-12-09,jreynoldsmp,Labour (Co-op),Hilarious how Brextremists who promised £350m a week for NHS and said UK didn’t owe even a 1p divorce now pretend near £40bn isn’t much 😀 https://t.co/RKv41nkVwZ,Kevin_Maguire,,2017-12
2017-12-09,helengoodmanba,Labour,Hilarious how Brextremists who promised £350m a week for NHS and said UK didn’t owe even a 1p divorce now pretend near £40bn isn’t much 😀 https://t.co/RKv41nkVwZ,Kevin_Maguire,,2017-12
2017-12-09,liambyrnemp,Labour,"Here’s the letter than 90 of us have signed to Boris Johnson, protesting #Trump’s decision on Jerusalem - and need for Palestine recognition. H/t @RichardBurdenMP @Caabu https://t.co/X6E5LEmXC3",liambyrnemp,"@RichardBurdenMP, @Caabu",2017-12
2017-12-09,owenpaterson,Conservative,Exports to non-EU countries has grown https://t.co/AAyiw8n9uQ,BrexitCentral,,2017-12
2017-12-09,grahamemorris,Labour,Jeremy Corbyn receives international peace prize in Geneva 🕊🏆 report via @skwawkbox As usual the BBC didn’t cover it 🤷🏼‍♂️🤔😬 - But We Can 🗣#PleaseRetweet https://t.co/7r75UKez5m,,@skwawkbox,2017-12
2017-12-09,lukepollard,Labour (Co-op),@SouthWestWater @mayflowerwtw I don’t think I have ever followed a water treatment works on twitter before. No pressure but the tweets better be epic :-) https://t.co/QW7WI6VzBi,SouthWestWater,"@SouthWestWater, @mayflowerwtw",2017-12
2017-12-09,benmlake,Plaid Cymru,Bid for Welsh Government funding to improve sea defences in Aberystwyth and Aberaeron https://t.co/caY99HBMYK https://t.co/QSp8QokJmQ,CambrianNews,,2017-12
2017-12-09,helen_whately,Conservative,@abbeyschool - good to hear students making thoughtful choices between uni &amp; apprenticeships plus so much collaboration with local employers https://t.co/RHq8xDAapd,,@abbeyschool,2017-12
2017-12-09,cpjelmore,Labour,"Thx for your past, present and ongoing support @CPJElmore 👍 https://t.co/bTOODrZCxH",tgraham1421,@CPJElmore,2017-12
2017-12-09,cpjelmore,Labour,@hr_darren @Marshallmedia @marthatyddyn @CPJElmore A quick observation @CPJElmore and other politicians (of all parties) work hard to highlight the issue of food poverty throughout the year @TrussellTrust spk to all parties and wk for solns with many organisations. Criticising helps no one 😏,tgraham1421,"@hr_darren, @Marshallmedia, @marthatyddyn, @CPJElmore, @CPJElmore, @TrussellTrust",2017-12
2017-12-09,rees4neath,Labour (Co-op),That which does not kill us…Stronger https://t.co/XqmmSHhS0Q https://t.co/xW7rP23gb0,malpope,,2017-12
2017-12-09,valerie_vazmp,Labour,"The Government wants to give bankers a tax cut of almost of £5 billion, and has offered nothing for over-stretched children's services - It’s time to put our children first! https://t.co/yMSKzY27PR",GwynneMP,,2017-12
2017-12-09,eastantrimmp,Democratic Unionist Party,"Northern Ireland will not be separated constitutionally, politically, economically or regulatory from the rest of the United Kingdom. https://t.co/C65yasdBi0 via @telegraphnews",duponline,@telegraphnews,2017-12
2017-12-09,debbie_abrahams,Labour,@LordMVee @Debbie_abrahams @DavidGauke And when that minimum wage rises - the min income floor just gets higher. And let's not forget that self employed (inc all the bogusly self employed) don't even have a legal claim to min wage. But Govt asssumes they're earning it. Using blunt evil sticks in the sand. It's vicious,rentrebel,"@LordMVee, @Debbie_abrahams, @DavidGauke",2017-12
2017-12-09,alisonthewliss,Scottish National Party,"""It was a house full of women and children who looked like us – small, brittle and tough"" - @Terri_White on the women's refuge that saved her family https://t.co/9LFmtteIdm https://t.co/Fgt3IzOjS3",thepooluk,@Terri_White,2017-12
2017-12-10,drlisacameronmp,Scottish National Party,"#OfficeAdvent17 Day 10 - We did it! A freezing night at  @SocialBite_ #SleepInThePark but we got to go home and warm up. So many across Scotland don't have this choice. It is so important that we continue the work to eradicate homelessness. 

https://t.co/AU5w1C7iYc https://t.co/y9wXzt1Y1s",joannaccherry,@SocialBite_,2017-12
2017-12-10,benpbradshaw,Labour,@thinkrightuk @jphcoleman .Love my country. That’s why I won’t stop fighting to stop #Brexit disaster. #BrexitShambles,,"@thinkrightuk, @jphcoleman",2017-12
2017-12-10,lsrplaid,Plaid Cymru,"UK to mirror Customs Union + Single Market without a voice in how ‘fully aligned’ regulations are made.
Obvious question - why leave? https://t.co/k7T8xUFrNF",IrishTimesOpEd,,2017-12
2017-12-10,mikegapes,Labour (Co-op),Excellent detailed analysis by @StevePeers | on reciprocity of citizens’ rights I said at the outset that Brits in the EU would be disadvantaged if the principle of reciprocity was applied https://t.co/6cAGJW1COi https://t.co/VQfvZyo3HP,SteveLawrence_,@StevePeers,2017-12
2017-12-10,rupahuq,Labour,"Dedicated Labour members were out campaigning in a winter wonderland this weekend, finding out how we can make life better for local people. https://t.co/CeQGAEsbdx",labour_local,,2017-12
2017-12-10,richard4watford,Conservative,Today Abellio take over managing the West Coast Main Line: https://t.co/GBaSkTGVuX,,,2017-12
2017-12-10,royston_smith,Conservative,I have nothing against Arsenal but today's result really flattered them. https://t.co/EltwS4M2aH,,,2017-12
2017-12-10,rachelreevesmp,Labour,#Loneliness in Britain has escalated from personal misfortune into a social epidemic - important article from @seemakennedy &amp; @rachelreevesmp for the @JoCoxLoneliness Commission https://t.co/N7Ii4aHd3K #HappyToChat #MoreInCommon,great_together,"@seemakennedy, @rachelreevesmp, @JoCoxLoneliness",2017-12
2017-12-10,bambos_mp,Labour,Proud to be supporting #HumanRightsDay and @AmnestyUK @amnestyintl  in their campaigns at a time where abuse of human rights are on the increase worldwide. We need to stand up to and call out and challenge these abuses! https://t.co/rg0ZD7WUpu,,"@AmnestyUK, @amnestyintl",2017-12
2017-12-10,normanlamb,Liberal Democrat,@Lakenutrition @fuse_online @bbc5live @ShelinaVisram @akindoftrouble Thanks. Do email my office - norman.lamb.mp@parliament.uk,Lakenutrition,"@Lakenutrition, @fuse_online, @bbc5live, @ShelinaVisram, @akindoftrouble, @parliament.uk",2017-12
2017-12-10,robertsyms,Conservative,Great news on Qatar Typhoon order securing many BAE and defence jobs in Lancashire,nigelmp,,2017-12
2017-12-10,karlturnermp,Labour,@KarlTurnerMP 😀Always have a wee laugh when I am down in London at this time of year with no coat and folk are looking at me like I am mad.,Hullbhoy,@KarlTurnerMP,2017-12
2017-12-10,gradysnp,Scottish National Party,@sandidee25 Please email me https://t.co/cntLTdGhCk(at)parliament.uk,sandidee25,@sandidee25,2017-12
2017-12-10,petergrantmp,Scottish National Party,"Good morning #sleepinthepark. As we go home to our warm beds it's important we don't lose sight of the fact that what was a night in the cold for us is STILL the everyday reality for hundreds currently sleeping rough throughout Scotland. Thanks to you, this reality is changing.",SocialBite_,,2017-12
2017-12-10,rachelreevesmp,Labour,Loneliness is a social epidemic in Britain today.  @SeemaKennedy and I publish @JoCoxLoneliness manifesto on Friday. https://t.co/aCjPDXQM6L,,"@SeemaKennedy, @JoCoxLoneliness",2017-12
2017-12-10,barrygardiner,Labour,"Opening WTO #MC11 at a time when the multi-lateral rules based global trading system is under threat from USA, @WTODGAZEVEDO gives an upbeat address. https://t.co/CoUWOpAGdF",,@WTODGAZEVEDO,2017-12
2017-12-10,mikegapes,Labour (Co-op),"Yet David Davis said this without challenge on the BBC. It's a widespread view now in the UK that it's a ""fee"" rather than our legal liability. It's difficult to get the truth across as @RCorbettMEP does here with this &amp; the Brexit press now saying literally whatever they want. https://t.co/JCjuaMWCO9",Claude_Moraes,@RCorbettMEP,2017-12
2017-12-10,marcusfysh,Conservative,"I’m looking for any farm jobs, 17 years old, keen hard worker, always inspired to improve my skills. Have a long line of experience working with all sorts of livestock, machinery and farm maintenance. Please get back to me with any offers, cheers. #farmingjob",JohnPrnetice13,,2017-12
2017-12-10,jostevenslabour,Labour,We are urging Jeremy Hunt to listen to doctors and women's advocates and make our abortion law work better for women https://t.co/52CfQTo1bu,BPAS1968,,2017-12
2017-12-10,waynedavid_mp,Labour,Clear and sensible position on Britain’s future EU relationship articulated by @Keir_Starmer on #marr,,@Keir_Starmer,2017-12
2017-12-10,hammersmithandy,Labour,"The words Anne Frank wrote in this room still remind us to cherish and defend human rights. 

Today, I am thinking of Palestinian and Rohingya children- and all around the world still struggling to achieve Anne’s dream of freedom.

#HumanRightsDay https://t.co/jmFcYTkZoR",Malala,,2017-12
2017-12-10,benpbradshaw,Labour,"@SimonBruni Govt would have to go back to negotiating table, call general election, request more time or announce we’re staying in.",,@SimonBruni,2017-12
2017-12-10,nsoames,Conservative,Both countries wrong. https://t.co/pVlQswRp6i,Doylech,,2017-12
2017-12-10,kerrymp,Labour,@aw_bell @ThangamMP @MollyMEP @TristanCorkPost @karinsmyth @darrenpjones @UKLabour How many spin doctors does Molly have?! Look at our amendments to EU Bill in Committee Stage - nonsense to say Labour is being silent. Why not work together instead of trying to score cheap points that will get no-one anywhere.,aw_bell,"@aw_bell, @ThangamMP, @MollyMEP, @TristanCorkPost, @karinsmyth, @darrenpjones, @UKLabour",2017-12
2017-12-10,alisonthewliss,Scottish National Party,Doing the #SantaDash in Glasgow with fellow @theSNP MPs this morning. Raising money for @Beatson_Charity 📲 Donate: https://t.co/qcAxVDzqCG,DavidLinden,"@theSNP, @Beatson_Charity",2017-12
2017-12-10,drewhendrysnp,Scottish National Party,"Extraordinary contempt and ignorance for Scotland’s freedom of movement needs, demographic and otherwise, from Tory Paul Masterson. Tories are not listening.",KeithBrownSNP,,2017-12
2017-12-10,redditchrachel,Conservative,It should good that this choice exists for students. This option might be right for many people. https://t.co/4WaC3R0V5L,educationgovuk,,2017-12
2017-12-10,scullyp,Conservative,Glad to see some Brexit optimisim in Basingstoke via @daily_politics #ChinUpBritain https://t.co/6VVbWOloqy,,@daily_politics,2017-12
2017-12-10,wesstreeting,Labour,"But Momentum tried to deselect councillors in all those boroughs too, showing that the policy issue of HDV isn't what drives their obsession w deselection. https://t.co/RN2sSVxn6m",lukeakehurst,,2017-12
2017-12-10,nsoames,Conservative,@LeoDochertyUK @BAESystemsAir #brilliantnewswelldoneallround,LeoDochertyUK,"@LeoDochertyUK, @BAESystemsAir",2017-12
2017-12-10,tomtugendhat,Conservative,The problem of loneliness is solvable but we all have to play our part. @JoCoxLoneliness #happytochat  https://t.co/rgY82YYSxY,SeemaKennedy,@JoCoxLoneliness,2017-12
2017-12-10,cj_dinenage,Conservative,@robertnew50 Thanks - great shot! 😘,,@robertnew50,2017-12
2017-12-10,cajardinemp,Liberal Democrat,"Thank you, it was my pleasure &amp; great to see everyone https://t.co/IgsRjJvSOH",NELLibDems,,2017-12
2017-12-10,eddiehughes4wn,Conservative,An amber weather warning for #snow has been updated: https://t.co/QwDLMfRBfs Stay #weatheraware @metofficeuk” https://t.co/4qxwGiYnqC,metoffice,@metofficeuk”,2017-12
2017-12-10,derbychrisw,Labour,"405 people have joined Momentum so far this week. Can you help us get it to 500? 🙂

Hit RT, and click to join if you're not already a member - the form only takes 2 minutes to complete!
https://t.co/pzSpvmajUx",PeoplesMomentum,,2017-12
2017-12-10,sharonhodgsonmp,Labour,THREAD &gt;&gt; I was really looking forward to the Government’s much anticipated Green Paper on young people’s mental health.,lucianaberger,,2017-12
2017-12-10,preetkgillmp,Labour (Co-op),@sat_k_j @NursesSikh @theRCN @NHSMillion @WeNurses @news_rcni @NHS @NHSEngland @nmcnews @keepnhspublic @CavellTrust @nhs_needsyou @SaveNHSNascot @TanDhesi @UKHouseofLords Has your local MP raised this with the Secretary of State @Jeremy_Hunt ?,sat_k_j,"@sat_k_j, @NursesSikh, @theRCN, @NHSMillion, @WeNurses, @news_rcni, @NHS, @NHSEngland, @nmcnews, @keepnhspublic, @CavellTrust, @nhs_needsyou, @SaveNHSNascot, @TanDhesi, @UKHouseofLords, @Jeremy_Hunt",2017-12
2017-12-10,angelarayner,Labour,"Angela Rayner Hits Out At £11,100 Tuition Fees For Fast-Track Degrees. There is ""no concrete evidence” the new shorter courses benefited students, the shake-up is “another plan to raise tuition fees"" https://t.co/pxylVWCeoS",,,2017-12
2017-12-10,angusmacneilsnp,Scottish National Party,David Davis: Performance art at its brilliantly bizarre best.,JamesKelly,,2017-12
2017-12-10,stellacreasy,Labour (Co-op),"RT @KathrynWoodroof: Some shocking inequality figures to consider over your Sunday breakfast:

‘Ladydata’ could help solve gender inequalit…",,@KathrynWoodroof:,2017-12
2017-12-10,derbychrisw,Labour,"Work in #Digital? There's an exciting opportunity now to join our team at Momentum, and apply your skills to getting @jeremycorbyn into No.10 👇

Applications close Tuesday midday
https://t.co/1slwgKWjUs",PeoplesMomentum,@jeremycorbyn,2017-12
2017-12-10,jostevenslabour,Labour,Updated blog @NatResWales pausing #Roath Flood Defence Scheme tree felling to liaise with @wgmin_enviro @WaterlooTrees @RoathBrookTrees  https://t.co/mDbz8AlNBq,,"@NatResWales, @wgmin_enviro, @WaterlooTrees, @RoathBrookTrees",2017-12
2017-12-10,wesstreeting,Labour,"Robots can set us free and reverse decline, says Labour's Tom Watson https://t.co/bh4LwaFfQx",GdnPolitics,,2017-12
2017-12-10,bobblackman,Conservative,The hard-left takeover of London Labour continues. This is bad news for ALL Londoners. Make sure you #VoteConservative on May 3rd. https://t.co/Ld72Sq7Z0u,HFConsCllrs,,2017-12
2017-12-10,justinegreening,Conservative,"Students could be left over £25,000 better off by choosing an accelerated degree instead of a traditional three-year course, according to new proposals out today. Same teaching, quality and course content, but delivered over a shorter two-year timespan: https://t.co/Cv7vHMlLgG https://t.co/3HR54bUmvc",educationgovuk,,2017-12
2017-12-10,tracybrabin,Labour (Co-op),"In Britain, 128,000 children will wake up homeless this Christmas Day. @pollyn1 on temporary accommodation at Christmas:
https://t.co/YCS1WVhmLf",NewStatesman,@pollyn1,2017-12
2017-12-10,emmahardymp,Labour,"On 3 September @DavidDavisMP boasted on @MarrShow that ""50 nearly  60 sectoral analyses had already been done."" Today he said this! https://t.co/AGqyo5XHQj",PeterStefanovi2,"@DavidDavisMP, @MarrShow",2017-12
2017-12-10,yasinforbedford,Labour,.A thank you to everyone who came😃 https://t.co/QBurbnw3H4,MarieAngeComerf,,2017-12
2017-12-10,anneliesedodds,Labour (Co-op),@AnnelieseDodds There were some great snowmen at the park on Meadow Lane https://t.co/WJmESEc8TX,Jen7ify,@AnnelieseDodds,2017-12
2017-12-10,jojohnsonuk,Conservative,"Opponents of #2yr #degrees 
Eg some #academics, those who say #students would work too hard + not do all round study etc should go to .@BuckinghamUni + speak to professors + students 
Massive support for 2 yr degrees there .@JoJohnsonUK",GuyOpperman,"@BuckinghamUni, @JoJohnsonUK",2017-12
2017-12-10,angusmacneilsnp,Scottish National Party,@AngusMacNeilSNP @GlaikitGeezer A British internationalist with no sense of irony,tartangladbach,"@AngusMacNeilSNP, @GlaikitGeezer",2017-12
2017-12-10,lsrplaid,Plaid Cymru,"“We urge the government to sign the Treaty on the Prohibition of Nuclear Weapons without further delay and stop wasting public money on weapons of mass destruction that threaten human survival and could never rationally, morally or legally be fired.” https://t.co/FsVtLAY48C",LeanneWood,,2017-12
2017-12-10,drlisacameronmp,Scottish National Party,@marcthevet @michaelgove @chrisdaviesmp @DrLisaCameronMP @CARIADCAMPAIGN @VictoriaS @Lucy_Cavalier @sueperkins @SueHayman1 @CarolineLucas @Protect_Wldlife @SarahMillican75 It would be marvellous if @michaelgove could take the lead on this and follow the great campaign to #end3rdpartysales by invoking #LucysLaw it would be a game changer @DogsTrust,PeterEgan6,"@marcthevet, @michaelgove, @chrisdaviesmp, @DrLisaCameronMP, @CARIADCAMPAIGN, @VictoriaS, @Lucy_Cavalier, @sueperkins, @SueHayman1, @CarolineLucas, @Protect_Wldlife, @SarahMillican75, @michaelgove, @DogsTrust",2017-12
2017-12-10,tracybrabin,Labour (Co-op),"Merry Christmas Everyone!
Father Christmas would like you to rt this post. Please also sign the petitions below it will help provide a better future for disabled children, teenagers and adults.
https://t.co/J2IOB1nRvO 
https://t.co/O1eVO4ZeGU
Thank you https://t.co/JpjapS1Elq",LornaFillingham,,2017-12
2017-12-10,karen_karenelee,Labour,"British people believe government ignoring about other problems because of Brexit, poll reveals https://t.co/91XReIjTe8",,,2017-12
2017-12-10,rorystewartuk,Conservative,When you eat a poppy seeds bagel at your computer. Via @archillect https://t.co/2nMxqbiYD6,ThamKhaiMeng,@archillect,2017-12
2017-12-10,mimsdavies,Conservative,"Today is #Humanrightsday2017. Please take a few minutes to look up &amp; share concerns of @burmacampaignuk, @AhmadiyyaUK &amp; @tamilsforum. @MarkFieldUK &amp; @Conservatives continue to work on each. https://t.co/gcuf157oGJ",scullyp,"@burmacampaignuk,, @AhmadiyyaUK, @tamilsforum., @MarkFieldUK, @Conservatives",2017-12
2017-12-10,carolineflint,Labour,"Students could be left over £25,000 better off by choosing an accelerated degree instead of a traditional three-year course, according to new proposals out today. Same teaching, quality and course content, but delivered over a shorter two-year timespan: https://t.co/Cv7vHMlLgG https://t.co/3HR54bUmvc",educationgovuk,,2017-12
2017-12-10,gavnewlandssnp,Scottish National Party,"Thoughts and prayers with those in UK who are dealing with catastrophic thin, mild dusting of snow.",LJ_Skipper,,2017-12
2017-12-10,matthancock,Conservative,@nsaraswat Yes. We’re expanding the Blue Belt https://t.co/18cvmqjIex,,@nsaraswat,2017-12
2017-12-10,thelma_dwalker,Labour,"Today is International Day of Human Rights, which commemorates the  adoption of the Universal Declaraiton of Human Rights by the UN General Assembly.

The Universal Declaration of Human Rights empowers us all.

It is important now, more than ever, to #StandUp4HumanRights https://t.co/AT2VDFSgpL",,,2017-12
2017-12-10,gavnewlandssnp,Scottish National Party,Sign @WhiteRibbonScot pledge as Nick Grigg has done in the clubhouse @GlasgowWarriors https://t.co/Yg8Rld2Lip,TheXVIthWarrior,"@WhiteRibbonScot, @GlasgowWarriors",2017-12
2017-12-10,gwynnemp,Labour,"YEEEEEAAAAAAHHHH!! COME ON, @21LVA!! https://t.co/NdkD1tKbBF",ManCity,@21LVA!!,2017-12
2017-12-10,lynbrownmp,Labour,"These companies make millions every year and won’t even pay the minimum wage to their workers. Labour will ensure a real living wage of £10 per hour by 2020. 
https://t.co/NwBiAFvyXS",johnmcdonnellMP,,2017-12
2017-12-10,suehayman1,Labour,Our planet is in jeopardy. Global warming is undeniable. The international community must mobilise resources to tackle it and the world’s biggest polluters shoulder the biggest burden. https://t.co/NQOfZ7kXJn,jeremycorbyn,,2017-12
2017-12-10,kevin_j_foster,Conservative,Pleased to have welcomed serving members of our Armed Forces with their families this morning using our 2 for 1 Forces entry discount .We are a forces friendly  business,Bygones_Torquay,,2017-12
2017-12-10,bill_esterson,Labour,THREAD&gt;&gt; A week ago the Govt made an announcement to the press about young people’s mental health support in schools. I responded with this thread. https://t.co/Fl1eeLstw4,lucianaberger,,2017-12
2017-12-10,annamcmorrin,Labour,"In my weekly Parliamentary newsletter I cover the Welsh settlement post- #Brexit, Great Western Railway bilingual signage, @DogsTrust #adogisforlife campaign &amp; #BackTheBlueBelt. 

If you’d like to receive a copy then email “Newsletter” to Anna.mcmorrin.mp@parliament.uk 📩 https://t.co/AGnJGqiyeu",,"@DogsTrust, @parliament.uk",2017-12
2017-12-10,jessphillips,Labour,All Academies closed tomorrow due to snow ⛄️,schoolsofkevi,,2017-12
2017-12-10,liliangreenwood,Labour,Today I have resigned as Chairman of @KingsCollegeNHS. I do not do this lightly as I love King's but believe the Govt &amp; regulator are unrealistic about the scale of the challenge facing the NHS &amp; the Trust. I want to pay tribute to the staff &amp; their excellent patient care.,SirBobKerslake,@KingsCollegeNHS.,2017-12
2017-12-10,nadinedorries,Conservative,"I’m really happy for her. I hope she also benefited from the abolition of stamp duty too. I just wish she could be a nicer person and a bit less hate filled. But, sadly, that’s socialism for you https://t.co/6uQxkXTgEr",KMc_head,,2017-12
2017-12-10,wesstreeting,Labour,Seen the snow and my plans for today have just changed... https://t.co/Oi4EJjLGOZ,,,2017-12
2017-12-10,stellacreasy,Labour (Co-op),". @Estates_17 @leytonsown @StowDiary @StowBrothers @wfcouncil @WFculture19 @E17Central @stellacreasy we had to cancel today because of the weather. We've postponed until next Sat, Dec 16th. Pls spread the word.",HoeStMarket,"@Estates_17, @leytonsown, @StowDiary, @StowBrothers, @wfcouncil, @WFculture19, @E17Central, @stellacreasy",2017-12
2017-12-10,bbradley_mans,Conservative,"The @Conservatives are working to protect our environment - and our #BluePlanet2 with a raft of world leading measures. As @David_Cameron used to say - Vote blue, go green! More true than ever! https://t.co/xKq9JGp9hQ",,"@Conservatives, @David_Cameron",2017-12
2017-12-10,emmadentcoad,Labour,"Via @guardian: “Demand for children’s social care doubles as sector loses £4.1bn to funding cuts.”

That’s why @UKLabour will be voting  to stop the Tories’ £5bn Budget tax giveaway to the banks. Let’s put our children first!

https://t.co/Uco43ANdd1",GwynneMP,"@guardian:, @UKLabour",2017-12
2017-12-10,petergrantmp,Scottish National Party,"In #Brexit Britain ""using the word impact doesn't make an impact assessment."" Yes Minister stuff from David Davis on #marr. But sadly not very funny.",GerryHassan,,2017-12
2017-12-10,margot_james_,Conservative,"Shorter degrees benefit students – but also the rest of us
Two year degrees have been discussed for years, credit to @JoJohnsonUK for making them a real option https://t.co/QkHUGi0C7u",,@JoJohnsonUK,2017-12
2017-12-10,georgefreemanmp,Conservative,Interested in a new type of political debate &amp; new solutions to old problems?  Interested in the #BigTentIdeasFestival ?   Wish you could have been part of it?  Now you CAN!    Join the #DigitalDebate here on our @BigTentIdeas #BigTentIdeasFest Facebook page: https://t.co/DGzYO8slkI,,@BigTentIdeas,2017-12
2017-12-10,normanlamb,Liberal Democrat,With many thanks to @normanlamb and members of the #Appg4Valproate https://t.co/dVmXGFGGL3,JanetWilliams99,@normanlamb,2017-12
2017-12-10,drlisacameronmp,Scottish National Party,Had a great day today with Santa and the reindeers in festive #Strathaven. Thank you to the organisers once again! https://t.co/PyHjGYtQbR,,,2017-12
2017-12-10,annamcmorrin,Labour,Loneliness is a social epidemic in Britain today.  @SeemaKennedy and I publish @JoCoxLoneliness manifesto on Friday. https://t.co/aCjPDXQM6L,RachelReevesMP,"@SeemaKennedy, @JoCoxLoneliness",2017-12
2017-12-10,wesstreeting,Labour,"A Canada style trade deal with the EU is totally inappropriate for the UK, the world’s 6th biggest economy and one mainly based on services. Here’s why &gt; https://t.co/pNQ3YPHAZD https://t.co/m8Q5soKl9v",ChukaUmunna,,2017-12
2017-12-10,angusmacneilsnp,Scottish National Party,Seems IDS signed up to UK climb down too ... https://t.co/S9MmGommRR,bbclaurak,,2017-12
2017-12-10,sandbach,Conservative,@Sandbach https://t.co/uG1cgsJafU,alisonflea,@Sandbach,2017-12
2017-12-10,mikegapes,Labour (Co-op),School will be open as normal tomorrow - Monday 11th December. We will continue to monitor the weather conditions and issue updates if there are any changes.,ValentinesHS,,2017-12
2017-12-11,afzal4gorton,Labour,No more green rhetoric. A sustainable future is vital and possible https://t.co/Ndx0Jc3ajM,RLong_Bailey,,2017-12
2017-12-11,lee4ned,Conservative,@rachcsteele @UKLabour Hi - there has been a significant increase in £££ paid by banks.  Amount of tax paid by banks in last year of Labour govt: £17.3bn.  Amount of tax paid last year: £27.3bn.,rachcsteele,"@rachcsteele, @UKLabour",2017-12
2017-12-11,annamcmorrin,Labour,"The Secretary for Education completely dodged my question about the Governments refusal to remove foreign #students from immigration figures, and the damage it’s having on our #universities. https://t.co/oChVL6eGkZ",,,2017-12
2017-12-11,kellytolhurst,Conservative,@GianTomkins Of course! https://t.co/5H8NvjSIsm,GianTomkins,@GianTomkins,2017-12
2017-12-11,ronniecowan,Scottish National Party,"Scottish CND activist Janet Fenton reports from Oslo, where campaigners are celebrating ICAN's award of the Nobel Peace Prize https://t.co/ZFCGtSMR2Z",SourceScot,,2017-12
2017-12-11,skinnock,Labour,"'if you can't measure the impact of a policy, how can you be confident it is offset by another?' @stellacreasy on the need to assess equality impact of the budget https://t.co/9XTQklGq5f",WomensBudgetGrp,@stellacreasy,2017-12
2017-12-11,mimsdavies,Conservative,Nobody with the best interests of the NHS at heart plays politics with a health trust. Some interesting context here: https://t.co/6PLRmPtIV6,mattwarman,,2017-12
2017-12-11,justinmadders,Labour,Jon Ashworth: Toxic privatisation agenda destroys the soul of our NHS https://t.co/8UWxi8Kp2M,LabourList,,2017-12
2017-12-11,petergrantmp,Scottish National Party,Steep last section though ! https://t.co/WWPlXsJNER,DerekBateman2,,2017-12
2017-12-11,jojohnsonuk,Conservative,"Worth revisiting comments made by @JoJohnsonUK earlier this year on this issue. New code follows his demands almost down to the letter. VCs may be resisting change, but university chairs are now paying heed to calls to reform. https://t.co/7Nw5p88158",HarryYorke1,@JoJohnsonUK,2017-12
2017-12-11,rhonddabryant,Labour,"“Compared with what exists between Britain and the EU today, [Canada style free trade agreement] would represent such a restriction on our mutual market access that it would benefit neither of our economies.” PM , Florence speech. Davis proposes Canada as basis of end state.",LordCFalconer,,2017-12
2017-12-11,nus_ghani,Conservative,Our gritters are out. Please give us plenty of space. You can track them here: https://t.co/Y6s7Vr1o8R https://t.co/gfIer0t6yo,esccroads,,2017-12
2017-12-11,markfielduk,Conservative,Good to see federal election has now been completed in 🇳🇵#Nepal 🇳🇵- counting continues. Full EU Monitors statement here: @eu_eeas https://t.co/gPQPB40uTO @UKinNepal,,"@eu_eeas, @UKinNepal",2017-12
2017-12-11,dlidington,Conservative,"If the #uksnow is making you feel extra Christmassy &amp; you fancy going to see a pantomime, check out our round up here: https://t.co/gzz6fyPWxY @TheWaterside1 @MKTheatre @GroveTheatre @RoyalDerngate @wycombeswan @queensparkarts @Buckstv https://t.co/gywmKiRpQv",HJBpresenter,"@TheWaterside1, @MKTheatre, @GroveTheatre, @RoyalDerngate, @wycombeswan, @queensparkarts, @Buckstv",2017-12
2017-12-11,alison_mcgovern,Labour,John Redwood engages in the most amazing wishful thinking.,,,2017-12
2017-12-11,gavnewlandssnp,Scottish National Party,"[Theresa May’s wedding]

Vicar: Do you take this man as your lawful wedded husband, to have and to hold, for better or worse, in sickness and in health, till death do you part?

Theresa May: Nothing is agreed till everything is agreed.",davidschneider,,2017-12
2017-12-11,lee4ned,Conservative,@BramleyVbramley @UKLabour There has been a significant increase in £££ paid by banks.  Amount of tax paid by banks in last year of Labour govt: £17.3bn.  Amount of tax paid last year: £27.3bn.  Thanks,BramleyVbramley,"@BramleyVbramley, @UKLabour",2017-12
2017-12-11,skinnock,Labour,"The government is desperately trying to spin the Brexit agreement, but the truth is that it amounts to little more than a series of concessions, fudges and capitulations. My piece for @HuffPostUKPol: https://t.co/Y9TGhOlhjz",,@HuffPostUKPol:,2017-12
2017-12-11,hywelplaidcymru,Plaid Cymru,Llongyfarchiadau mawr i Feddygfa Waunfawr ar sicrhau cyllid ar gyfer Canolfan Feddygol NEWYDD. Da iawn pawb fu’n ymgyrchu i sicrhau hyn. Sori nad oeddwn yn gallu bod yna â @siangwenfelin heddiw. https://t.co/UaWn1jcdwt,,@siangwenfelin,2017-12
2017-12-11,hammersmithandy,Labour,"If Government cuts continue at the current rate, the number of London police officers will fall to a 19-year low of 26,900 by 2021- even lower than previous projections. Ministers must do the right thing &amp; provide the funding we need to keep Londoners safe https://t.co/riR81w08SZ",MayorofLondon,,2017-12
2017-12-11,drlisacameronmp,Scottish National Party,#LucysLaw. We lost our Queenie last May.  She was a puppy mill breeder for the first six years of her life.  Support #LucysLaw https://t.co/Vtc8cw62Rx,singme,,2017-12
2017-12-11,timloughton,Conservative,"Corbyn: “When we celebrate, and it is a cause for celebration, the achievements of Venezuela, in jobs, in housing, in health, in education, but above all its role in the whole world as a completely different place, then we do that because we recognise what they have achieved.” https://t.co/cOGP1ybdI7",Jamin2g,,2017-12
2017-12-11,karlturnermp,Labour,"Nearly 4,000 children in Hull have a mental health condition of some kind. 

Our public health annual report film looks at what mental health is like in Hull: https://t.co/4lJUUeQMqO",Hullccnews,,2017-12
2017-12-11,iainastewart,Conservative,Great hosting @LNRailway @AbellioRailBus @JREast_official &amp; Mitsui at the @SiemensUKNews @NTARail facility in #Northampton to unveil the new brand to @iainastewart &amp; key stakeholders. Here's to the next 8+ years of the #class350 (officially the UK's most reliable electric fleet) https://t.co/gimUwAhAT7,emmawhitaker,"@LNRailway, @AbellioRailBus, @JREast_official, @SiemensUKNews, @NTARail, @iainastewart",2017-12
2017-12-11,guyopperman,Conservative,@floetry @MyTimesPlus Well done winners!,floetry,"@floetry, @MyTimesPlus",2017-12
2017-12-11,mike_fabricant,Conservative,Mayor of West Midlands @andy4wm breaks ground at Newhall Square development https://t.co/Nhf4TQfYHC - work is now officially underway at the #BuildtoRent scheme we are constructing for Spitfire Bespoke Homes @rossevansurbane &amp; @LGIM @landg_homes in Birmingham’s #JewelleryQuarter https://t.co/fqyTDJIbbU,WinvicLtd,"@andy4wm, @rossevansurbane, @LGIM, @landg_homes",2017-12
2017-12-11,lordwalney,Labour,"@mbrendansweeney @CatSmithMP That’s awful, very sorry to hear. Will follow up.",mbrendansweeney,"@mbrendansweeney, @CatSmithMP",2017-12
2017-12-11,dkshrewsbury,Conservative,I know our country would be poorer if you left and I want you to stay - https://t.co/KTrkkt1wvV https://t.co/9qIeIgVhXs,theresa_may,,2017-12
2017-12-11,mtpennycook,Labour,.@Se_Railway the 6.59am from Charlton to Charing Cross cancelled yet again. What was the reason today?,,@Se_Railway,2017-12
2017-12-11,rachelreevesmp,Labour,Loneliness is Beveridge’s sixth ‘giant evil’ says Yorkshire MP @RachelReevesMP https://t.co/WNPMJUDlNh #moreincommon https://t.co/i4Oe8WqJpd,Lindsay_Pantry,@RachelReevesMP,2017-12
2017-12-11,jostevenslabour,Labour,"Jonah Lomu made his first Cardiff Blues appearance on this day in 2005.

If you can find a photo of 2 more iconic rugby players, I'd love to see it. https://t.co/kEm2exxeLE",CF10RugbyTrust,,2017-12
2017-12-11,drrosena,Labour,"NEW TO #TOOTING! @Deelicious_NK has opened a new premises today (in addition to their cake &amp; crêperie in Tooting Bec) in @bwmarkettooting offering a fantastic selection of Asian fusion dishes for brunch, lunch and dinner. Good luck to Nazish and her team! https://t.co/phnfiG50x1",tootingnewsie,"@Deelicious_NK, @bwmarkettooting",2017-12
2017-12-11,georgefreemanmp,Conservative,Grt to see the new @ConservativePF #CPFchampions featured by @politicshome here:                    https://t.co/8AbigoqBjx https://t.co/WyuFKx1FPi,GeorgeFreemanMP,"@ConservativePF, @politicshome",2017-12
2017-12-11,jreynoldsmp,Labour (Co-op),@jgarratt1 @UKLabour @PhilipHammondUK Thanks James,jgarratt1,"@jgarratt1, @UKLabour, @PhilipHammondUK",2017-12
2017-12-11,mimsdavies,Conservative,@woodie2236 Hope you aren’t taking about me 😬,,@woodie2236,2017-12
2017-12-11,mikegapes,Labour (Co-op),"Labour members have donated £9,228 to our fighting fund today. Can you chip in to get us to £10k by the end of today? https://t.co/Yag6ZNcdOY",labour_first,,2017-12
2017-12-11,liamfox,Conservative,As @LiamFox joins 163 ministers for the largest ever @wto ministerial conference - the last before the UK leaves the EU - here's what you need to know about the World Trade Organization 👇 #MC11 https://t.co/BNKPHVFziN,tradegovuk,"@LiamFox, @wto",2017-12
2017-12-11,petergrantmp,Scottish National Party,Labour appears to be Inching towards the only sensible position - Single Market / Customs Union membership.  But needs to pick up speed &amp; courage….before it is too late. https://t.co/d0k8ixn9hN,Feorlean,,2017-12
2017-12-11,jessicamordenmp,Labour,Please back the UK ivory ban today! Let @DefraGovUK know you want to help save the elephant https://t.co/WXCocKPPlW #IvoryBan #StopIvoryTrade #JoinTheHerd #endwildlifecrime,,@DefraGovUK,2017-12
2017-12-11,derbychrisw,Labour,"Today, Hammond could stop the tax giveaway worth almost £5bn, and fund child services instead. Sign and share my letter to the chancellor asking him to do just that: https://t.co/TAuIhgkTP9",johnmcdonnellMP,,2017-12
2017-12-11,chrislawsnp,Scottish National Party,"@LouLouRoss15 @UKLabour Hi Lou Lou, yes of course.  our party are already united behind this measure,",LouLouRoss15,"@LouLouRoss15, @UKLabour",2017-12
2017-12-11,paulasherriff,Labour,Our severe weather protocol is still in place. If you see anyone sleeping rough please call the numbers on the link and we'll help them find a warm bed for the night.  Someone will then visit them in the morning to talk about longer term options https://t.co/SVKiH33sYs https://t.co/k4BotaC0iU,KirkleesCouncil,,2017-12
2017-12-11,j_donaldson_mp,Democratic Unionist Party,The Council has extra crews out collecting any missed bins from Friday.  However due to icy conditions in some areas this may not be possible.  Please keep leaving your bin out for 7am until we manage to collect it.  Extra crews will be out all week. Thanks for your cooperation.,lisburnccc,,2017-12
2017-12-11,dianajohnsonmp,Labour,"Govt Statement confirmed: 1. Oman, the UAE and Iran from @BorisJohnson. Bound to be one from PM but not yet confirmed, unless she’s stuck in the Snow ⛄️",labourwhips,@BorisJohnson.,2017-12
2017-12-11,liliangreenwood,Labour,Nearly a quarter of morning peak traffic is families on the school run. We need to encourage &amp; enable more children to #WalktoSchool https://t.co/3HfbI4Nn3u,livingstreets,,2017-12
2017-12-11,dianajohnsonmp,Labour,"@FUNMUSICUK Hello I think these points will be for the Chair of the inquiry  to decide on. Hope we have news  by end of next week as to who that person will be , ready to start the inquiry early in 2018.",FUNMUSICUK,@FUNMUSICUK,2017-12
2017-12-11,rhonddabryant,Labour,"@Arron_banks If you can't think of anything nice to say, don't say anything.",Arron_banks,@Arron_banks,2017-12
2017-12-11,mikegapes,Labour (Co-op),Pleased to see the House of Commons Foreign Affairs Committee @CommonsForeign take on board our comments on the Rohingya crisis in their report 'Violence in Rakhine State and the UK's response'. Find out more: https://t.co/Bj3hTPXNEX https://t.co/R10GvovatM,laurelrhart,@CommonsForeign,2017-12
2017-12-11,spellar,Labour,"Kerslake sacked by Tory Baroness Harding , wife of Tory MP John Penrose for telling them 2+2 can't equal 5  https://t.co/ZDSvep6wyE",,,2017-12
2017-12-11,julieforburnley,Labour,"Over a billion £cut to Sure Start &amp; other early years services. Add to that the cuts in social security support for families with children, families have been hammered by this Govt  https://t.co/xdRYYwzEEg",Debbie_abrahams,,2017-12
2017-12-11,nsoames,Conservative,@thehistoryguy #carriersaresittingducks,NSoames,@thehistoryguy,2017-12
2017-12-11,rebeccaharrismp,Conservative,".@jeremycorbyn your choices clear:

voted AGAINST our bank levy which has raised £14BN

voted AGAINST our corporation tax surcharge on banks which will raise £9BN

ordered your MPs to vote down anti tax avoidance measures that would have raised £8.6BN https://t.co/QTdCN2g6pR",CCHQPress,@jeremycorbyn,2017-12
2017-12-11,justinegreening,Conservative,"Excited about our #socialmobility2017 conference next Thursday! Great speakers, including keynote speech from Justine Greening, SoS for Education! https://t.co/KAjEit8UVR https://t.co/kScow2B9x2",reformthinktank,,2017-12
2017-12-11,helen_whately,Conservative,@groganjim  https://t.co/6pnLCYjwzY,groganjim,@groganjim,2017-12
2017-12-11,lordwalney,Labour,@mbrendansweeney @CatSmithMP @JWoodcockMP The conductors on Arriva Northern are only allowed to let certain types of mobility scooter travel. It’s company policy and no discretion is allowed on that. It’s to do with space that is designated for wheelchairs and bicycles I think.,Notti1980,"@mbrendansweeney, @CatSmithMP, @JWoodcockMP",2017-12
2017-12-11,chionwurah,Labour,Hi @chionwurah I'm standing with you and @UKLabour to tell @PhilipHammondUK to end tax cuts for the biggest banks and fund our children's services instead at Monday's #FinanceBill https://t.co/LUH21aBa3z,TM_MeditationUK,"@chionwurah, @UKLabour, @PhilipHammondUK",2017-12
2017-12-11,gavnewlandssnp,Scottish National Party,"Absolutely delighted that Renfrewshire will be home to the National Manufacturing Institute for Scotland. Great meeting at @AFRCStrathclyde this morning where NMIS plans were outlined. £65 Million of investment in Renfrewshire!
#NMIScotland https://t.co/1N4EIAgE3i",,@AFRCStrathclyde,2017-12
2017-12-11,ianclucas,Labour,Frosty in Flint but the trains are running fine -and just a little late for the 8-17 - let’s see what is like down south  later ! https://t.co/JD7WJAfdok,RTHondavehanson,,2017-12
2017-12-11,derbychrisw,Labour,Why is BBC ignoring known facts to troll actor Ralf Little for Jeremy Hunt? https://t.co/cEcmwwHccl https://t.co/7OcHpGkhpl,skwawkbox,,2017-12
2017-12-11,nsoames,Conservative,"Today I've been in the UAE on the last leg of my Gulf visit for discussions w/ Crown Prince @MohamedBinZayed &amp; my counterpart @ABZayed on finding an end to the crisis in Yemen and the current regional tensions. 🇬🇧 is committed to stability, security and prosperity of the Gulf https://t.co/2YBTkVXPKG",BorisJohnson,"@MohamedBinZayed, @ABZayed",2017-12
2017-12-11,michael_ellis1,Conservative,"A new portrait of His Royal Highness The Duke of Edinburgh, painted in the year of his retirement from public engagements, has been released today. https://t.co/HX733sCarR",RoyalFamily,,2017-12
2017-12-11,davidlammy,Labour,"As MPs we are first and foremost representatives of our constituents, and it is on their behalf that we speak in Parliament. Tonight I am representing the Boudiaf family as they continue their fight for justice for their son who was senselessly murdered in Tottenham in 2009 https://t.co/5RK38Qma2Q",,,2017-12
2017-12-11,kevin_j_foster,Conservative,"There are no Urgent Questions and 2 statements in the Commons today:
1. @theresa_may on #Brexit negotiations
2. @BorisJohnson on his trip to Oman, UAE and Iran",HouseofCommons,"@theresa_may, @BorisJohnson",2017-12
2017-12-11,walkerworcester,Conservative,"Good morning everyone. For people using the park and ride service to Worcestershire Royal Hospital we've been told the car park is open and the buses are running. The car park is a little icy still, so take care driving on and off.",WorcsAcuteNHS,,2017-12
2017-12-11,edvaizey,Conservative,NEWS: Today we’re proposing to change the law to strengthen protection of children online https://t.co/QZgXtYltNO,MattHancock,,2017-12
2017-12-11,gavnewlandssnp,Scottish National Party,Great news for the area! https://t.co/FTokOEFTsk,davehughesMHz,,2017-12
2017-12-11,gedk,Labour (Co-op),Great to welcome @LabourRichard to Westminster to talk to #magnificent7 @scottishlabour https://t.co/pNfg0vRgKj,_MWhitfield,"@LabourRichard, @scottishlabour",2017-12
2017-12-11,nsoames,Conservative,@thehistoryguy #carriersaresittingducks,thehistoryguy,@thehistoryguy,2017-12
2017-12-11,stephentwigg,Labour (Co-op),"As the snow fell and we slept, public service workers worked through the night. Thanks to all of you https://t.co/JMnETl1MTb",DavePrentis,,2017-12
2017-12-11,keeleymp,Labour,I went to inspect the Government’s Brexit Reports on Creative Industries - ‘nothing to see here’,KevinBrennanMP,,2017-12
2017-12-11,carolineflint,Labour,Agree with @LauraPidcockMP  for many young people finding the deposit is the hardest hurdle to buying a home. https://t.co/psOeZBt0r9,,@LauraPidcockMP,2017-12
2017-12-11,nsoames,Conservative,"Foreign Secretary Boris Johnson updated the House on his recent travel to Oman, Iran and the UAE.

💬 https://t.co/5iSwdoifka https://t.co/dRkKk1uA09",FCDOGovUK,,2017-12
2017-12-11,gradysnp,Scottish National Party,@sion_pierce Please email me https://t.co/cntLTdGhCk(at)parliament.uk,,@sion_pierce,2017-12
2017-12-11,jessphillips,Labour,"Loneliness is a 'giant evil' of our time, says @JoCoxCommission. 
@RachelReevesMP argues that welfare state architect William Beveridge would add disconnected society to list of challenges https://t.co/aD4hN5OUog",great_together,"@JoCoxCommission., @RachelReevesMP",2017-12
2017-12-11,realstephenkerr,Conservative,Economic Crime doesn't just affect corporations- it affects people. Home Secretary @AmberRuddHR is taking action! https://t.co/LRSPKOGfGj,,@AmberRuddHR,2017-12
2017-12-11,simon4ndorset,Conservative,Thank you EDDC. The right result for residents https://t.co/kqO0I5Hdyk,cb_edd_councils,,2017-12
2017-12-11,andrewbowie_mp,Conservative,I know our country would be poorer if you left and I want you to stay - https://t.co/KTrkkt1wvV https://t.co/9qIeIgVhXs,theresa_may,,2017-12
2017-12-11,mtpennycook,Labour,Labour responds to EU Withdrawal Bill amendment - @mtpennycook https://t.co/YfC9waqO3h,labourpress,@mtpennycook,2017-12
2017-12-11,sandbach,Conservative,"@IsabelHardman you are right to be proud, and brave for being honest",IsabelHardman,@IsabelHardman,2017-12
2017-12-11,thomasbrake,Liberal Democrat,@PaulBlomfieldMP claims in debate that Labour campaigned for staying in EU during the EU Referendum.  Sorry I must have blinked. And Labour aren't supporting a Vote on the Deal either.,,@PaulBlomfieldMP,2017-12
2017-12-11,sarahchampionmp,Labour,@sara_brunel @Chordiegurl Thank you,,"@sara_brunel, @Chordiegurl",2017-12
2017-12-11,edwardjdavey,Liberal Democrat,@AliceYarr Will sign up!,AliceYarr,@AliceYarr,2017-12
2017-12-11,lukepollard,Labour (Co-op),For those transport buffs awaiting the opening of crossrail the handover of stations from GWR to TfL is an important step via @ianvisits  https://t.co/DuxHL13gc3,,@ianvisits,2017-12
2017-12-11,bbradley_mans,Conservative,The facts that @jeremycorbyn @johnmcdonnellMP and Labour don’t want you to know about their record https://t.co/lBOR0Ou66n,CCHQPress,"@jeremycorbyn, @johnmcdonnellMP",2017-12
2017-12-11,dougchapmansnp,Scottish National Party,"Oh, and whether or not tax rises are your cup of tea, you should admire and acknowledge the good governance during this process. @NicolaSturgeon and @DerekMackaySNP are serious people doing a serious job, commendably. #ScotBudget https://t.co/pwYRo7Ig2J",akmaciver,"@NicolaSturgeon, @DerekMackaySNP",2017-12
2017-12-11,alexburghart,Conservative,"Preference for PM:

37% - May 
28% - Corbyn 
35% - Don't know

9pt lead #ImWithMay https://t.co/FxXreGw69Z",aine_lagan,,2017-12
2017-12-11,jessphillips,Labour,https://t.co/QCL300JXfZ,,,2017-12
2017-12-11,angelacrawley30,Scottish National Party,On #Day11 of my #CommunityAdvent I joined the team at Esteem Clydesdale  to host my final Social Security Advice Surgery of the year. Esteem are a small charity based in Lanark doing fantastic work to end the stigma of mental ill-health and reduce the risk of suicides https://t.co/jSFyQ2PV6L,,,2017-12
2017-12-11,lucianaberger,Labour (Co-op),@LawtonRoss @davidamunday @KilcCat @iknownothing87 @lovebillybragg @CommunityLd @Labour_MH You need the hashtag #LCMHLive,,"@LawtonRoss, @davidamunday, @KilcCat, @iknownothing87, @lovebillybragg, @CommunityLd, @Labour_MH",2017-12
2017-12-11,john2win,Conservative,"Last week was another busy week but one of the highlights was to welcome @Gala_Academy to @UKParliament @HouseofCommons 
Despite the challenges of cancelled flights and delayed trains, I’ve made it back to Westminster today!
✈️ 🚂 ❄️ ⛄️ https://t.co/pnoZn2gk4k",,"@Gala_Academy, @UKParliament, @HouseofCommons",2017-12
2017-12-11,vickyfoxcroft,Labour,Congrats to @PaulJMas on being selected to stand again in New Cross alongside @Brenda_Dacres and I. Thanks to all the members who took part 🌹✊️ https://t.co/bjGpFOTNh5,Joe_Dromey,"@PaulJMas, @Brenda_Dacres",2017-12
2017-12-11,helengoodmanba,Labour,"Exactly so. If EU adds more services to CETA for the UK, it would be obliged to do the same for Canada, Korea, Japan, Mexico etc https://t.co/Ho4hf3aSky",JohnGPeet,,2017-12
2017-12-11,rhonddabryant,Labour,@MargaretDunne13 @annasoubrymp Yep,MargaretDunne13,"@MargaretDunne13, @annasoubrymp",2017-12
2017-12-11,debbie_abrahams,Labour,"A breeze overnight kept the temperatures up so not as cold as it could have been. Lows of -3°C widely and dropping a little this morning now it's calm. Different story tonight. Coldest night for many years on the cards. Rurally -9°C, perhaps lower.",ChadWeather,,2017-12
2017-12-11,y_fovarguemp,Labour,Didn’t win the #NationalLottery this weekend? Don’t bin your old tickets as they will give you free entry &amp; offers at UK heritage attractions this December. Find out more: https://t.co/dp8B3GBMWz  #ThanksToYou,,,2017-12
2017-12-11,afzal4gorton,Labour,"""But unlike criminals, immigration detainees face no limit to their detention under this Government."" - Thank you @KateOsamor for exposing the harsh reality facing those in indefinite detention here in the UK. We must put a stop to this. #RefugeesWelcome  https://t.co/jSN7hctk5P",,@KateOsamor,2017-12
2017-12-11,emmahardymp,Labour,What is the 'mesh implant scandal about? Watch this 5 min children's storybook style film to find out the history of this global scandal on #Panorama tonight at 7.30pm @BBCPanorama  @KenZeroHarm @EmmaHardyMP @FibroidNetwork @MBLacey @SharonHodgsonMP https://t.co/kQlqX0wo4Z https://t.co/yqyhV2qPVQ,MeshCampaign,"@BBCPanorama, @KenZeroHarm, @EmmaHardyMP, @FibroidNetwork, @MBLacey, @SharonHodgsonMP",2017-12
2017-12-11,jessphillips,Labour,"@HillaryClinton @jessphillips Update: between my dad, my sister and my girlfriend all my socialist and feminist dreams came true for my 21st!! ❤️❤️ https://t.co/jX0unmXNWr",Me_holly_anne,"@HillaryClinton, @jessphillips",2017-12
2017-12-11,nsoames,Conservative,@JAshEdwards #goodquestionnoturgentlyrequiredelsewhereonfronlineduty,JAshEdwards,@JAshEdwards,2017-12
2017-12-11,jessphillips,Labour,For your chance to own a piece of red carpet-worthy partywear owned by #JoannaLumley #VivienneWestwood #Twiggy #JoanneFroggatt and more - and help raise fund for @ChildrensAirAmb - visit their online auction https://t.co/UpUG1shXuC https://t.co/KX4GchRw8l,Ros_Sack,@ChildrensAirAmb,2017-12
2017-12-11,karenpbuckmp,Labour,Going old-school on the Xmas music front tonight @KevinBrennanMP Jimmy Witherspoon's 'How I hate to see Christmas come around'. https://t.co/s6CnWd7X7J,,@KevinBrennanMP,2017-12
2017-12-11,sarahchampionmp,Labour,"Correct, and that is what I have trying to make people aware of. All forms of child abuse need to be prevented. https://t.co/4AYby3lc08",juway_riyyah,,2017-12
2017-12-11,johnmcdonnellmp,Labour,"The @Conservatives just voted to press ahead with a Finance Bill that hands nearly £5 billion to the bankers, rather than accept Labour’s demands and invest in our children’s services instead. Disgraceful. #HeartlessHammond",,@Conservatives,2017-12
2017-12-11,matthancock,Conservative,Great night last night at the #CapitalJBB. A star-studded lineup showcasing some of the incredible talent UK has to offer https://t.co/zoEKzfsUWa,,,2017-12
2017-12-11,gloriadepiero,Labour,My cyber security article in the @timesredbox today. Please take a look: https://t.co/m3lmG5gF6n https://t.co/q0kP86QOR4,NickTorfaen,@timesredbox,2017-12
2017-12-11,sarahchampionmp,Labour,"I’m sorry I don’t know the figure, a very small percentage in comparison with abuse within extended family. https://t.co/K1UQlt3vO6",,,2017-12
2017-12-11,chukaumunna,Labour,In a Remainer Parliament the Labour Party should lead public opinion not vote to leave Europe https://t.co/ouYUO5GJSY,Kevin_Maguire,,2017-12
2017-12-12,edvaizey,Conservative,"UK tops world-first Govt #AI Readiness among OECD nations - followed by USA, Canada, Korea and the Netherlands  https://t.co/jt6LSNwogT",oxfordinsights,,2017-12
2017-12-12,tobyperkinsmp,Labour,@PhilipHammondUK Joining in a potential tax trade war on Europe’s side against the US doesn’t look like the actions of a nation close to signing an extensive trade deal with the US,faisalislam,@PhilipHammondUK,2017-12
2017-12-12,kevinbrennanmp,Labour,Keeping drug cheats out of sport must be a top priority for our Government. Today I visited the testing lab for UK Anti-Doping to see some of the work being done to retain the integrity of UK Sport. https://t.co/e0opk3VN5X,DrRosena,,2017-12
2017-12-12,garystreeterswd,Conservative,Great to have you present to us Nick and Ben - thanks from all @APPGSWRail and @SWRailTaskforce https://t.co/U1Fy2rxDPH,SWRailTaskforce,"@APPGSWRail, @SWRailTaskforce",2017-12
2017-12-12,rachelreevesmp,Labour,"If William Beveridge was alive today, he would identify loneliness as one of his great evils. Alongside the need for bread and health, he would add the need for attachment and connection. https://t.co/9NMkBIKAfO",,,2017-12
2017-12-12,jessicamordenmp,Labour,"Building strong foundations for growth, supercharging the industries of the future and empowering Wales regions are all at the heart of a new @WelshGovernment  #EconomicActionPlan launched today. https://t.co/HAIcJPTuLx https://t.co/aKsFtBVwjn",WGEconomy,@WelshGovernment,2017-12
2017-12-12,petergrantmp,Scottish National Party,"After @DavidDavisMP’s unacceptable remarks, it’s time the UK government restores trust. These amendements will further toughen up our resolution. https://t.co/zKfVlJtOi5",guyverhofstadt,@DavidDavisMP’s,2017-12
2017-12-12,paulblomfieldmp,Labour,Strong points made by Labour's great Shadow Disabilities Minister @Marshadecordova https://t.co/GllcJUgUFF,,@Marshadecordova,2017-12
2017-12-12,julieforburnley,Labour,Proud to champion sustainable funding for refuges supporting victims of domestic violence. I could not of course speak without mentioning the amazing #Janesplace @CloughJohn @SafeNet_UK @GauderHelen,,"@CloughJohn, @SafeNet_UK, @GauderHelen",2017-12
2017-12-12,catherinewest1,Labour,@WoodsideHigh @UKParlEducation Always happy to talk Parliamentary business with @WoodsideHigh students.,,"@WoodsideHigh, @UKParlEducation, @WoodsideHigh",2017-12
2017-12-12,jessphillips,Labour,"#DomesticAbuse causes the internal migration of thousands of women &amp; children every year searching for safety in a refuge. Most people don't see these women &amp; children but they are there, they are desperate &amp; need your support. MPs - please speak up for refuges today #SaveRefuges https://t.co/MRF64hebpa",ladylaxton,,2017-12
2017-12-12,lordwalney,Labour,Just spoken to UU regional manager. He says engineers have fixed the problem and Walney water pressure should be back up in next 40 mins. Let us know if it isn’t.. https://t.co/CM3M9eByTq,unitedutilities,,2017-12
2017-12-12,daviddavismp,Conservative,"Pleasure, as ever, to speak to my friend @guyverhofstadt - we both agreed on the importance of the Joint Report. Let's work together to get it converted into legal text as soon as possible. 1/2",,@guyverhofstadt,2017-12
2017-12-12,petergrantmp,Scottish National Party,Did he really not see that one before he walked into it? https://t.co/hp1mlmmuTf,GillianSproule,,2017-12
2017-12-12,michaelgove,Conservative,"RSPCA have welcomed this govt's plans to strengthen animal welfare standards.

RSPCA: ""To include the recognition of animal sentience, as well as increasing animal cruelty sentencing to 5 years into the new 2018 Animal Welfare Bill, is a very bold &amp; welcome move by the Govt""",carriesymonds,,2017-12
2017-12-12,andrew4pendle,Conservative,Tellers for the ayes @amcarmichaelMP @normanlamb tellers for the noes @Andrew4Pendle @StuartAndrew #EUWithdrawalBill,PARLYapp,"@amcarmichaelMP, @normanlamb, @Andrew4Pendle, @StuartAndrew",2017-12
2017-12-12,thangammp,Labour,Yes. I feel the same https://t.co/VXZT5JYfdx,,,2017-12
2017-12-12,hannahb4livimp,Scottish National Party,"1/ Energy Advice Surgery: At this time of year, many constituents get in touch about heating their homes, gas bills and a number of other related issues. Which is why I’m hosting a surgery with a range of experts who can help.",drewhendrySNP,,2017-12
2017-12-12,redditchrachel,Conservative,@kpnuts_1986 @freespirited_p @theresa_may They are deeply divided within their party. They totally forget that millions of their own voters voted for #Brexit and they have called for a second referendum and an exit to Brexit. Not what the country voted for,,"@kpnuts_1986, @freespirited_p, @theresa_may",2017-12
2017-12-12,justinmadders,Labour,Government position is that if you’re in charge of an NHS Trust &amp; don’t clear the deficit you must go but if you’re Chancellor that’s fine,,,2017-12
2017-12-12,annaturley,Labour (Co-op),WE WILL NEVER GIVE UP ON YOU PRECIOUS BABY❤️ https://t.co/AcHsyOSpcu,BABYSVOICE2016,,2017-12
2017-12-12,liambyrnemp,Labour,Big well done and thank you from all of us! Doing a great job! https://t.co/8quC82fzzp,BordesleyWMP,,2017-12
2017-12-12,rehman_chishti,Conservative,Delighted to attend the parliamentary reception on @action_cp and meet with Burt and support the campaign for integrated health and educational pathways to ensure early intervention and a holistic approach.  #EnablingPotential https://t.co/vzcTNADazQ,,@action_cp,2017-12
2017-12-12,joswinson,Liberal Democrat,"So, @duncanhames and I have some exciting news... https://t.co/JOCdW6VoPd",,@duncanhames,2017-12
2017-12-12,dianajohnsonmp,Labour,"The @Conservatives just voted to press ahead with a Finance Bill that hands nearly £5 billion to the bankers, rather than accept Labour’s demands and invest in our children’s services instead. Disgraceful. #HeartlessHammond",johnmcdonnellMP,@Conservatives,2017-12
2017-12-12,heidiallen75,Conservative,@RhinoFive @CouncillorTumi On something as huge as this - lots of us,RhinoFive,"@RhinoFive, @CouncillorTumi",2017-12
2017-12-12,lucyallan,Conservative,"We are now hearing from current and former students, Sam Brook, Aaron Oreschnick, Polly Tyler, and Taylor McGraa, in the first session of our value for money in higher education inquiry.  Watch live: https://t.co/yA989pcX5p https://t.co/mNNkZugFtX",CommonsEd,,2017-12
2017-12-12,rhonddabryant,Labour,"Catch NYT REP Alumna @TheKonsept in Parliament Square @bushtheatre, by writer of NYT's #TheFall James Fritz! p.s. don't forget The Fall is back in April https://t.co/z2tmy1Qc5n https://t.co/bJRir2Y6XJ",NYTofGB,"@TheKonsept, @bushtheatre,",2017-12
2017-12-12,hackneyabbott,Labour,"Last night, Tories voted down Labour’s amendment to finance bill &amp; showed they’d much rather hand out tax cuts to the rich than fund our child services instead. What kind of government prioritises bankers over children? It’s callous, disgraceful and heartless #HeartlessHammond https://t.co/QvJDc9JpVQ",johnmcdonnellMP,,2017-12
2017-12-12,emmahardymp,Labour,Girls wearing shorts under skirts to protect themselves from molestation and harassment - shocking @EmmaHardyMP #sexisminschools,kiritunks,@EmmaHardyMP,2017-12
2017-12-12,peternorthdevon,Conservative,This is an extraordinary portrait. Needs viewing on a big screen to fully appreciate. https://t.co/3c7Nhk3IXd,RoyalFamily,,2017-12
2017-12-12,kerrymp,Labour,"@ReeceFranciss He’s maxing up the tweed so he doesn’t get cold,",ReeceFranciss,@ReeceFranciss,2017-12
2017-12-12,peterkyle,Labour,"@ActiveCitizens I hope so, I really do wish the group and your programme well",ActiveCitizens,@ActiveCitizens,2017-12
2017-12-12,anna_soubry,Conservative,Get real #Remainers! I voted for #SingleMarket w #LibDems &amp; 40 sensible Labour MPs while #JeremyCorbyn abstained - he’s a closet #Brexiteer,,,2017-12
2017-12-12,jessphillips,Labour,School will be open tomorrow Wed 13th December.  Please wherever possible walk to school and if driving take care and park on main roads away from school.  Thank you.,LyndonGreenJnr,,2017-12
2017-12-12,lsrplaid,Plaid Cymru,"Why the law must change to stop harassment through the courts, writes @LSRPlaid @Plaid_Cymru ahead of today's Ten Minute Rule Bill https://t.co/jy8oePhjXC https://t.co/8YFcv8LKQo",timesredbox,"@LSRPlaid, @Plaid_Cymru",2017-12
2017-12-12,cpjelmore,Labour,"The Bridgend #Ford engine plant underpins employment across #Ogmore. 

Following Jaguar Land Rover's decision to end their contract 3 months early, I asked the Business Secretary what opportunities electric cars could bring to protect these vital jobs into the future: https://t.co/NfIVfk2U1q",,,2017-12
2017-12-12,gareththomasmp,Labour (Co-op),"Government just tinkering, and regulators are timid. Time to shake up the energy market with a windfall tax to pay for regional locally-owned energy coops and instead of selling the public stake in RBS, why not turn it into a building society? https://t.co/dAAJAmJH46",,,2017-12
2017-12-12,mariamilleruk,Conservative,Raised need for all female workers to have paid time off for ante-natal appointments with @margot_james_mp at @beisgovuk Questions today,,"@margot_james_mp, @beisgovuk",2017-12
2017-12-12,stellacreasy,Labour (Co-op),Wait- who had ‘being accused of sedition’ in today’s random troll comments sweepstake? Bingo! #jogonjogon https://t.co/XXzznpGJ26,,,2017-12
2017-12-12,sajidjavid,Conservative,The Downing Street Chanukiah (Menorah) has been lit to celebrate the first night of #Chanukah. Read the PM’s Chanukah message here: https://t.co/prZHRD6REC https://t.co/iIXyxChpAf,10DowningStreet,,2017-12
2017-12-12,seemamalhotra1,Labour (Co-op),Congratulations! https://t.co/YVjw1dAsKX,joswinson,,2017-12
2017-12-12,bambos_mp,Labour,@BambosMP just signed the Dying to Work charter - supporting employment protection for the terminally ill. @GMB_union @JimmyMaez @TUCnews #DyingtoWork https://t.co/uCyvG66h13,GMBMIDLAND,"@BambosMP, @GMB_union, @JimmyMaez, @TUCnews",2017-12
2017-12-12,derbychrisw,Labour,Haringey overrun by Momentum? It’s just locals taking back control. My col https://t.co/9QlckRV1h8,chakrabortty,,2017-12
2017-12-12,pauline_latham,Conservative,@Pauline_Latham key playing in the TUC Dying to Work Campaign has just signed the charter. Support the campaign and call on your employer to sign up. @GMB_union @The_TUC #DyingtoWork https://t.co/QPTCYM8vF4,GMBMIDLAND,"@Pauline_Latham, @GMB_union, @The_TUC",2017-12
2017-12-12,greghands,Conservative,".@LiamFox hosts Commonwealth ministers reception @wto #MC11 ahead of #CHOGM2018 in London in April. 
👉 Trade between UK and Commonwealth was £94.3bn in 2016 #FreeTradeUK https://t.co/hR2kOLbOY5",tradegovuk,"@LiamFox, @wto",2017-12
2017-12-12,mimsdavies,Conservative,"Here’s what is becoming a daily ‘well done’ for @michaelgove.
As @RSPCA_official have said, this will offer “stronger protection than Article 13 of the EU Treaty could ever do”. https://t.co/EPiKPmgg4Y",ZacGoldsmith,"@michaelgove., @RSPCA_official",2017-12
2017-12-12,steph_peacock,Labour,Read my column on the Mineworkers Pension Scheme and our duty to give former miners the retirement they deserve. https://t.co/SKLFN0Bz3d,Steph_Peacock,,2017-12
2017-12-12,redditchrachel,Conservative,Busy morning questioning witnesses in @CommonsBEIS on proposals for an energy price cap. We are keen to ensure proper scrutiny of the Bill and that it achieves its stated objectives of fixing the broken energy market. https://t.co/BO5BXbMQWZ,,@CommonsBEIS,2017-12
2017-12-12,karenpbuckmp,Labour,We need enough MPs to come and vote to stop just one (yes one!!) MP talking it out https://t.co/n4xfFAOoAg,gregbeales,,2017-12
2017-12-12,afzal4gorton,Labour,Today is National Postal Workers' Day -  one of the busiest posting days of the year. Join Labour in defending postal workers and Post Offices from the @Conservaitves' cuts and privatisation. @CWUnews #RiseUp https://t.co/LLJON6c2JB,jeremycorbyn,"@Conservaitves', @CWUnews",2017-12
2017-12-12,joannaccherry,Scottish National Party,"This isn't the first time the point has been raised that the broad and ill-defined powers in clause 7 could get the government bogged down in court. 

Not the best way to create certainty and stability. https://t.co/sNDfJhN2PF",UnlockDemocracy,,2017-12
2017-12-12,annaturley,Labour (Co-op),"Brexit SHOCK warning: Britain will be WORSE OFF out of the EU under ALL Brexit scenarios
https://t.co/TBpkwyzpVm https://t.co/bi5fQteyKO",Daily_Express,,2017-12
2017-12-12,karlturnermp,Labour,Our press largely missed this story about a £2bn bailout of the East Coast franchise. Excellent to see a spotlight shon on this scandalous waste of taxpayer's cash. https://t.co/OfZRfvAY7s,AndyMcDonaldMP,,2017-12
2017-12-12,sarahchampionmp,Labour,"No, not at all. You can opt out. What happens now is medics have to have really difficult conversations with relatives at a horrendous time in their lives. https://t.co/Tck1hhVi0q",,,2017-12
2017-12-12,annclwyd,Labour,Well done to the winners of our Christmas Card competition @VikkiHowells and the winners are............,,@VikkiHowells,2017-12
2017-12-12,paulasherriff,Labour,"4.30pm #WestminsterHall debate: The healthcare optimisation plan, #Kirklees. To be moved by @paulasherriff. Watch https://t.co/nbfjiYUSCl",HouseofCommons,@paulasherriff.,2017-12
2017-12-12,hammersmithandy,Labour,Only a week to go until this consultation on Heathrow expansion closes. https://t.co/NJL37Uw8mP,LBHF,,2017-12
2017-12-12,kategreensu,Labour,.@KateGreenSU thanks for supporting and signing the TUC Dying to Work charter. @GMB_union @The_TUC #dyingtowork https://t.co/50O0A0BCK9,GMBMIDLAND,"@KateGreenSU, @GMB_union, @The_TUC",2017-12
2017-12-12,matthancock,Conservative,@theresa_may On it,theresa_may,@theresa_may,2017-12
2017-12-12,gillfurnissmp,Labour,"PLEASE RETWEET 

Today is National Postal Workers Day - RT if you want to thank your postie for the work they do all year round 📮✉️

#RiseUp",CWUnews,,2017-12
2017-12-12,albertocostamp,Conservative,"Today the the Italian Ambassador in the UK bestowed the award of Officer of the Order of the Star, conferred from the Italian president upon @AlbertoCostaMP https://t.co/U0h1MeEnJg",ItalyinUK,@AlbertoCostaMP,2017-12
2017-12-12,kevin_j_foster,Conservative,Catch up on the top stories from across the @RoyalNavy and @RoyalMarines with our latest #TwoSix 60-second update. #DeterrentPatrol #Homecomings #SportsAwards https://t.co/kPpxz3k0nE,RoyalNavy,"@RoyalNavy, @RoyalMarines",2017-12
2017-12-12,meaglemp,Labour,Help scrap tolls on the Mersey tunnels and bridges #scrapmerseytolls Sign and share the petition https://t.co/JTpZnthP51,NoMerseyTolls,,2017-12
2017-12-12,yvettecoopermp,Labour,"Proposed Amdmnt 49 to EU Bill today to stop concentration of power in Ministers hands &amp; put ""necessity test"" on Henry VIII powers. Vote later",,,2017-12
2017-12-12,garystreeterswd,Conservative,"Our new bill will enshrine animal sentience into UK law and increase max prison sentences for animal cruelty x10
https://t.co/0Qzyye9kBC https://t.co/TUwSSiVXTN",JohnGlenUK,,2017-12
2017-12-12,marycreagh_,Labour,After a morning chairing @CommonsEAC I am about to speak in #Brexitbill debate on need to protect environment,,@CommonsEAC,2017-12
2017-12-12,greghands,Conservative,"Am in Bulgaria later this week, meeting Trade/Commerce ministers, if British businesses or consumer groups have market access issues etc to raise. @CBItweets @fsb_policy @The_IoD @EEF_Insights https://t.co/9Xfs3K5ful",,"@CBItweets, @fsb_policy, @The_IoD, @EEF_Insights",2017-12
2017-12-12,nazshahbfd,Labour,Great to have attended the launch of the @LabourMuslims last night in @UKParliament. The network will further support #British #Muslims engage with @UKLabour and in the wider political process. https://t.co/aPuEjChUnq,TanDhesi,"@LabourMuslims, @UKParliament., @UKLabour",2017-12
2017-12-12,sharonhodgsonmp,Labour,"@PS100Group Congrats to everyone else on the list too, inc those I’ve campaigned with on school food and child hunger over many years: @AndyKempTweets, @LACA_UK, @timmyblowers, @RosieOglesby, @JeanetteOrrey, @LindsayGrahamUK, @JudithGregory28 &amp; @apsetweets!",SharonHodgsonMP,"@PS100Group, @AndyKempTweets,, @LACA_UK,, @timmyblowers,, @RosieOglesby,, @JeanetteOrrey,, @LindsayGrahamUK,, @JudithGregory28, @apsetweets!",2017-12
2017-12-12,peterkyle,Labour,"Attention Brighton and Hove commuters! 

Here’s details of major disruption (planned, not the usual kind!) over the Christmas period as part of the upgrade programme: https://t.co/0hz9euwR3z",networkrail,,2017-12
2017-12-12,royston_smith,Conservative,#NewProfilePic https://t.co/FbXT1akFkM,,,2017-12
2017-12-12,jostevenslabour,Labour,"@MarieStopesUK @willquince Women are choosing less effective treatment methods to avoid extra exposure to the protesters. Or, they go home and come back on a different day (and therefore have an abortion at a later gestation). #BackOff",BPAS1968,"@MarieStopesUK, @willquince",2017-12
2017-12-12,hannahb4livimp,Scottish National Party,Tomorrow's front page: Plans for Scotland's new £65m 'Factory of the Future' are unveiled by @NicolaSturgeon in bid to become global leader in advanced manufacturing https://t.co/bfuInFUYzp,ScotNational,@NicolaSturgeon,2017-12
2017-12-12,gileswatling,Conservative,Tendring Technical College 6th formers come to the ‘Mother of Parliaments’ - great people to take the country forward! Thanks for coming! https://t.co/PlO0JOxnEP,MisterSpeakman,,2017-12
2017-12-12,mikegapes,Labour (Co-op),"This from Britain’s most Brexiteer newspaper. Will Be interesting to see if they run it in the paper edition &amp; how prominently, given the snow is off. https://t.co/jczdx6gWuP",BenPBradshaw,,2017-12
2017-12-12,votepursglove,Conservative,"Battersea Dogs &amp; Cats Home: 

""Battersea is greatly encouraged by the Governments willingness to see sentences for the most shocking cases of animal cruelty increase from 6 months to 5 years &amp; today's announcement takes a significant step in that direction""",carriesymonds,,2017-12
2017-12-12,stewartmcdonald,Scottish National Party,"👩‍🏫👨‍🏫 Teacher numbers in Scotland up 543 this year. 

Read more about our education plan: https://t.co/h40D6H8xcu https://t.co/FBo0YYRs7e",theSNP,,2017-12
2017-12-12,geraldjoneslab,Labour,Saying thanks to our hard working posties to mark  #PostalWorkersDay   @UKLabour will renationalise Royal Mail so that profits can be reinvested in the business. https://t.co/z8UT3GAcqv,,@UKLabour,2017-12
2017-12-12,huddlestonnigel,Conservative,Pleased that @HighwaysEngland has listened to my calls for more communication with the public about the M5 works and is holding two local drop-in sessions where local residents can question the relevant project teams about the schemes https://t.co/tA6afOLwIr,,@HighwaysEngland,2017-12
2017-12-12,mattrodda,Labour,Building work is about to get under way creating South Reading Community Hub: https://t.co/XT8MEntBo6 #rdguk,ReadingCouncil,,2017-12
2017-12-12,kevinbrennanmp,Labour,This letter from the Treasury doesn't add anything to what we already know about the future of S4C https://t.co/rQbLOrjx15,,,2017-12
2017-12-12,marklancastermk,Conservative,This evening we are at #Parliament helping to judge the #mkschoolsdebating final. Best of luck to Shenley Brook End and Radcliffe and thanks to @MarkLancasterMK and Iain Stewart for the invite.,MindBLMK,@MarkLancasterMK,2017-12
2017-12-12,andymcdonaldmp,Labour,"The Government are in denial over what their chaotic handling of Brexit might mean for UK aviation. To anyone paying attention, it's clear that the very real risk of flights being grounded would be a disaster for our economy. https://t.co/tRistK98le",BALPApilots,,2017-12
2017-12-12,hughgaffneyccb,Labour,Got to love this @CWUnews / @PeoplesMomentum Christmas Ad....... https://t.co/ytOHyErmhz,DaveWardGS,"@CWUnews, @PeoplesMomentum",2017-12
2017-12-12,stellacreasy,Labour (Co-op),What’s the emoticon for blowing a raspberry? #askingforafriend https://t.co/Ip86rMQ2gq,tweetd99,,2017-12
2017-12-12,timfarron,Liberal Democrat,"Margaret Thatcher's great legacy, the European Single Market - not on the ballot paper in the referendum. But Tories voted to leave it tonight, and Labour abstained. Whether we're in the EU or not, we need a common market.",,,2017-12
2017-12-12,alexnorrisnn,Labour (Co-op),@JaxWolf61 @UKLabour @PhilipHammondUK Thanks - shame they didn’t listen. We’ll keep going.,JaxWolf61,"@JaxWolf61, @UKLabour, @PhilipHammondUK",2017-12
2017-12-12,jessphillips,Labour,@DawnHFoster I hope you've reported to the police. What a tosser,DawnHFoster,@DawnHFoster,2017-12
2017-12-12,chukaumunna,Labour,Many thanks to @ChukaUmunna his interest in UK aerospace and the need for urgent agreement on a one step implementation agreement,PauleverittNED,@ChukaUmunna,2017-12
2017-12-12,wesstreeting,Labour,"As the Festival of Lights begins, I'd like to wish Jewish people in Ilford North, the UK, Israel and across the world a very happy #Chanukah  #Hanukkah 

חַג שָׂמֵחַ",,,2017-12
2017-12-12,johnredwood,Conservative,Early next year we should begin talks about trade and the future relationship with the EU. Until we do so the language developed over money and the Irish border is parked. Both sides confirmed “Nothing is agreed until all is agreed”.,,,2017-12
2017-12-12,benmlake,Plaid Cymru,"Victims of abuse are obliged by current court protocol to face their abusers, says @LSRPlaid

More here: https://t.co/etSkPARZK6 https://t.co/AHncmOsAIg",WalesPolitics,@LSRPlaid,2017-12
2017-12-12,hughgaffneyccb,Labour,I visited Kirkcaldy Post Office recently to see how dedicated staff gear up for the busy festive season. Want to know when the last dates are for guaranteed Christmas delivery? Click here https://t.co/QiL9TYIj46 https://t.co/qXhwSak1Jx,LesleyLaird,,2017-12
2017-12-12,tandhesi,Labour,Thanks to @TanDhesi @Thelma_WalkerMP @IanMearnsMP @RachaelMaskell @jessphillips @LauraPidcockMP @BambosMP @sandyofipswich for all attending. https://t.co/Zj9eLiQlAT,EmmaHardyMP,"@TanDhesi, @Thelma_WalkerMP, @IanMearnsMP, @RachaelMaskell, @jessphillips, @LauraPidcockMP, @BambosMP, @sandyofipswich",2017-12
2017-12-12,onnmel,Labour,"Entrepreneur from Grimsby launches online cycling boutique @SpinShed
https://t.co/AWb3DkThhO https://t.co/AFzPiZ9ucj",HumberBizEd,@SpinShed,2017-12
2017-12-12,gavnewlandssnp,Scottish National Party,INVITE TO LOCAL VETERANS from @Erskine1916 new activity centre event. Details attached @RideLtd @WestCoastHD @DucatiGlasgow @TriumphGlasgow @BIAMCC @williegeemcc @7SinzMCC @KeithBrownSNP @GavNewlandsSNP @Buses_McGills @JohnstonePolice https://t.co/tXQwD3u3ca,ErskineBikeMeet,"@Erskine1916, @RideLtd, @WestCoastHD, @DucatiGlasgow, @TriumphGlasgow, @BIAMCC, @williegeemcc, @7SinzMCC, @KeithBrownSNP, @GavNewlandsSNP, @Buses_McGills, @JohnstonePolice",2017-12
2017-12-12,liambyrnemp,Labour,"Can allowing policy suggestions online change the way we think about democracy? asks  @LiamByrneMP 
https://t.co/hBAIftL3u0",NewStatesman,@LiamByrneMP,2017-12
2017-12-12,julieforburnley,Labour,@mpaiton The point was made that only 40 MPs had exercised their right to view these confidential papers I wanted to reassure my constituents on this.,mpaiton,@mpaiton,2017-12
2017-12-12,angusmacneilsnp,Scottish National Party,"315
291
That's it folks
The political union between Scotland and England. in essence, ended in WM tonight
Scottish Tory MPs voted to allow WM to amend the Scotland Act 1998 https://t.co/7PBpbek7h1",MrMalky,,2017-12
2017-12-12,nickhurduk,Conservative,Home Secretary @AmberRuddHR shares why combatting #fraud matters so much to her: https://t.co/0KbIWog3O8 https://t.co/PVrWxv6ndJ,ukhomeoffice,@AmberRuddHR,2017-12
2017-12-12,kate_hollernmp,Labour,"Today Chris Grayling wrote to MPs denying that there are huge differences in transport spending across the country, claiming MPs have been “unduly influenced by misleading unofficial analyses”.

The analysis was produced by the House of Commons Library! https://t.co/6qnd0loxpY",AndyMcDonaldMP,,2017-12
2017-12-12,tracybrabin,Labour (Co-op),Women must be heard and believed when they raise concerns and report abuse. There needs to be appropriate sanctions for perpetrators to send out the message that violence won’t be tolerated. #femicide https://t.co/sPiXnqVMy4 https://t.co/kFA3NCE5eO,womensaid,,2017-12
2017-12-12,redditchrachel,Conservative,A privilege to have such talented colleagues sing at tonight’s flagship #singingforsyrians service. Really cannot thank them enough for all their support helping to raise funds for the most vulnerable in Syria @handsupfound @RobertBuckland @CherylGillan @spelmanc @GillianKeegan. https://t.co/QO7MDvU88F,VictoriaPrentis,"@handsupfound, @RobertBuckland, @CherylGillan, @spelmanc, @GillianKeegan.",2017-12
2017-12-12,paulasherriff,Labour,@thequentinletts https://t.co/cSC1YtBFEw,,@thequentinletts,2017-12
2017-12-12,stuart_mcdonald,Scottish National Party,"It was a pleasure to sign @ICAN_UK parliamentary pledge to support the signing and ratification of the Treaty on the Prohibition of Nuclear Weapons, a global agreement to ban nuclear weapons. It will enter into legal force once 50 nations have signed and ratified it. #nuclearban https://t.co/agcIyx6qUw",,@ICAN_UK,2017-12
2017-12-12,rupahuq,Labour,@sideliner61 @CommonsPACAC @bernardjenkin @RobBehrens1884 @RupaHuq asks about unconscious bias. Amanda says all investigators trained. But mine clearly had not. Unconscious bias is a likely explanation of current failures.,NHSwhistleblowr,"@sideliner61, @CommonsPACAC, @bernardjenkin, @RobBehrens1884, @RupaHuq",2017-12
2017-12-12,joannaccherry,Scottish National Party,"Again, this is a row the PM could really have done without https://t.co/LiQCwpQPbu",bbclaurak,,2017-12
2017-12-12,rees4neath,Labour (Co-op),"Masters European Open - Ladies  O60 , Champion Sian Johnson , R/up Julie Field , 3rd Lynne Davies , Mens O60 Champion Ian Bradburn , R/up Paul Harris , 3rd Geoff Redfern  #Masters #wales hookedonsportforlife https://t.co/uXBYe3SmDe",sqwales,,2017-12
2017-12-12,kitmalthouse,Conservative,Low rise. High density. Walkable. Beautiful. Sustainable. The right way to meet our housing needs https://t.co/XUtiz4bfgK,createstreets,,2017-12
2017-12-12,mimsdavies,Conservative,"Theresa May: ""By maintaining our commitment to tackling climate change &amp; its effects, the UK can build a clean, green economy which is fit for the future &amp; by so doing, protect &amp; enhance our natural environment for the next generation"" https://t.co/X0h3zAKATS",carriesymonds,,2017-12
2017-12-12,gedk,Labour (Co-op),Scottish Labour backs our Posties. See if you can spot Postman Pat! #PostalWorkersDay https://t.co/DitPTEVtrc,,,2017-12
2017-12-12,petewishart,Scottish National Party,Then she could join her other colleagues from the Scots Parliament and endlessly go on about the Scots Government from Westminster. https://t.co/f1gySMry1j,MeanwhileScotia,,2017-12
2017-12-12,marshadecordova,Labour,Proud to celebrate National Postal Workers Day. Last Friday I visted Lavender Hill Post Office to see all the hard work that goes on in Battersea. #PostalWorkersDay @CWUnews https://t.co/8Xs1DOZTWh,,@CWUnews,2017-12
2017-12-12,angusmacneilsnp,Scottish National Party,".@MichelBarnier: “Even if the European Council does recognise sufficient progress on Friday, we will have a final agreement only if the political commitments taken by Theresa May on behalf of the British government last Friday are respected. We will be vigilant.”",tconnellyRTE,@MichelBarnier:,2017-12
2017-12-12,zacgoldsmith,Conservative,Jonathan is big on calling out fake news and post-truth politics so sure he will want to clarify that we actually do have to leave the EU to ban live animal exports and products that don’t meet our welfare standards... https://t.co/v8uxu2lw4j,EuroGuido,,2017-12
2017-12-12,hackneyabbott,Labour,"Proud to support #PostalWorkersDay 
Please RT @jeremycorbyn's video ↓ https://t.co/1jQp1cmWVi",,@jeremycorbyn's,2017-12
2017-12-12,rblackmanwoods,Labour,The privatisation of the Royal Mail has meant £700m paid out in dividends to private shareholders. @UKLabour would re-nationalise the Royal Mail so any profits are reinvested into the business for the benefit of it's workers and consumers #PostalWorkersDay #ThankYourPostie https://t.co/VZC377fEgc,EmmaLewellBuck,@UKLabour,2017-12
2017-12-12,alison_mcgovern,Labour,"Proud to launch the report of the independent Future of Work Commission today. With the right policy choices, new technology can liberate workers. https://t.co/8lOv6pRAwJ",tom_watson,,2017-12
2017-12-12,mikeamesburymp,Labour,"@MichaelLCrick @joepike @JoPike3 Could be worse, ITV could be known as Channel 3. :)",MichaelLCrick,"@MichaelLCrick, @joepike, @JoPike3",2017-12
2017-12-12,marycreagh_,Labour,@IsabelHardman Looking forward to you getting back on your bike girl 🚴🏻! Literally and metaphorically....,IsabelHardman,@IsabelHardman,2017-12
2017-12-12,martinjdocherty,Scottish National Party,Can’t understand why most Labour MPs just abstained on amendment 124 to stay in SM &amp; protect jobs &amp; economy! One day they will have to make their mind up #BrexitShambles #PigInAPoke,Dr_PhilippaW,,2017-12
2017-12-12,joswinson,Liberal Democrat,@andrewtipler @duncanhames He is indeed,andrewtipler,"@andrewtipler, @duncanhames",2017-12
2017-12-12,alisonthewliss,Scottish National Party,"In Westminster Hall, @jessphillips has spoken with great conviction and expertise on the importance of refuges. Really hope the UK Government listen to her. This is a snapshot of the situation in Scotland on census day. https://t.co/7I0jVcoIA4",scotwomensaid,@jessphillips,2017-12
2017-12-12,hammersmithandy,Labour,"""we do not agree with the announcement that Jerusalem is the capital""

@AlanDuncanMP spoke to media ahead of the EU Foreign Affairs Council https://t.co/2XwOuTnXZZ",FCDOGovUK,@AlanDuncanMP,2017-12
2017-12-12,royston_smith,Conservative,"Next stop for today @Hants_fire meeting with the All Party Group of Hampshire MPs re plans for the County, cross services joint work and lessons to be learnt post Grenfell @Royston_Smith @carolinenokes @MariaMillerUK @TeamRanil https://t.co/lEqnjyCE8b",mimsdavies,"@Hants_fire, @Royston_Smith, @carolinenokes, @MariaMillerUK, @TeamRanil",2017-12
2017-12-12,karlturnermp,Labour,Some brilliant work across the union on #PostalWorkersDay,DaveWardGS,,2017-12
2017-12-12,timfarron,Liberal Democrat,"@MsRachelKelly @UKLabour Hi Rachel, happy to say that I voted for this amendment to the Finance Bill last night. Cheers, Tim",MsRachelKelly,"@MsRachelKelly, @UKLabour",2017-12
2017-12-12,sdoughtymp,Labour (Co-op),https://t.co/eSaEsHEVwi,,,2017-12
2017-12-12,drewhendrysnp,Scottish National Party,Labour abstained (with a few individual exceptions) on staying in the single market. There you go..,,,2017-12
2017-12-12,paulasherriff,Labour,Here is today’s order paper https://t.co/jKtk2YwwXJ https://t.co/fFpcTpq8rg,PARLYapp,,2017-12
2017-12-12,sajidjavid,Conservative,"RSPCA have welcomed this govt's plans to strengthen animal welfare standards.

RSPCA: ""To include the recognition of animal sentience, as well as increasing animal cruelty sentencing to 5 years into the new 2018 Animal Welfare Bill, is a very bold &amp; welcome move by the Govt""",carriesymonds,,2017-12
2017-12-12,rupahuq,Labour,Great to have attended the launch of the @LabourMuslims last night in @UKParliament. The network will further support #British #Muslims engage with @UKLabour and in the wider political process. https://t.co/aPuEjChUnq,TanDhesi,"@LabourMuslims, @UKParliament., @UKLabour",2017-12
2017-12-12,davidlammy,Labour,Not good news for my constituents already struggling to make ends meet. Will only get worse if we leave the customs union and food prices go up due to uncertainty and delays. We are now have the lowest growth and highest inflation of any EU economy https://t.co/1BwywIust6,BBCNews,,2017-12
2017-12-12,simon4ndorset,Conservative,"Who's the best South West singer...@pow_rebecca, @RobertBuckland or @Simon4NDorset?! https://t.co/gpNpEpbZjS",ToryPressSW,"@pow_rebecca,, @RobertBuckland, @Simon4NDorset?!",2017-12
2017-12-12,andrealeadsom,Conservative,An update for South Northants residents on @HS2ltd's work in our area; affected parishes should consider applying for the Community &amp; Environment Fund via @groundworkuk or get in touch with me directly https://t.co/SLWHIGlN27,,"@HS2ltd's, @groundworkuk",2017-12
2017-12-12,coyleneil,Labour,"Brexit SHOCK warning: Britain will be WORSE OFF out of the EU under ALL Brexit scenarios
https://t.co/TBpkwyzpVm https://t.co/bi5fQteyKO",Daily_Express,,2017-12
2017-12-12,redditchrachel,Conservative,Explaining some basic economics to the Labour party in last night's #financebill debate. Taking someone out of tax is the same as giving them a pay rise because they get to keep more of their own money. We've delivered a tax cut for 31 million people. That's a lot of people. https://t.co/qeVeksmPq9,,,2017-12
2017-12-12,drewhendrysnp,Scottish National Party,Shameful https://t.co/EKeacSazxl,AngusMacNeilSNP,,2017-12
2017-12-12,emmahardymp,Labour,Thanks to @TanDhesi @Thelma_WalkerMP @IanMearnsMP @RachaelMaskell @jessphillips @LauraPidcockMP @BambosMP @sandyofipswich for all attending. https://t.co/Zj9eLiQlAT,kiritunks,"@TanDhesi, @Thelma_WalkerMP, @IanMearnsMP, @RachaelMaskell, @jessphillips, @LauraPidcockMP, @BambosMP, @sandyofipswich",2017-12
2017-12-12,chionwurah,Labour,Read the article. Taxpayers money is involved at almost every stage. That's half the point. https://t.co/EqJTyY8LkG,,,2017-12
2017-12-12,louhaigh,Labour,"@youngvulgarian Gavin would fight dirty. Keys, sneaky knuckle dusters, chucking tarantulas about. The works.",youngvulgarian,@youngvulgarian,2017-12
2017-12-12,kate_hollernmp,Labour,"Last night, Tories voted down Labour’s amendment to finance bill &amp; showed they’d much rather hand out tax cuts to the rich than fund our child services instead. What kind of government prioritises bankers over children? It’s callous, disgraceful and heartless #HeartlessHammond https://t.co/QvJDc9JpVQ",johnmcdonnellMP,,2017-12
2017-12-12,mikegapes,Labour (Co-op),"We have come a long way in 4 months. Help us go further - can you sign up and donate to @laboursinglemkt? To fight for jobs, rights and against austerity. 🇬🇧🇬🇧🇬🇧 https://t.co/yHynOmaesH",Alison_McGovern,@laboursinglemkt?,2017-12
2017-12-12,tobyperkinsmp,Labour,Enjoy your favourite carols and mince pies at Revolution House Thursday 14 December as Holymoorside brass band play at the Christmas carol concert from 6.30pm. More info: https://t.co/PmnPeZFRKZ,ChesterfieldBC,,2017-12
2017-12-12,karenpbuckmp,Labour,"@These_Boots @KevinBrennanMP @channel5_tv Sadly, when I said @KevinBrennanMP and I have a limitless capacity for Christmas music, that may not apply to a Tuesday night. But we will return to it..",,"@These_Boots, @KevinBrennanMP, @channel5_tv, @KevinBrennanMP",2017-12
2017-12-12,jeremy_hunt,Conservative,"Just to clarify we are NOT proposing we would ever go against family wishes when it comes to organ donation -
they need to remain central to any decision taken https://t.co/IPzIk6MNui",,,2017-12
2017-12-12,sdoughtymp,Labour (Co-op),Hoping to secure vote this evening in #Brexit Bill to protect #Wales and #Scotland from attempts to undermine devolution - has x-party support - but will any @WelshConserv @ScotTories back it? @WelshLabour,,"@WelshConserv, @ScotTories, @WelshLabour",2017-12
2017-12-12,wesstreeting,Labour,"Here in London, our menorah stands side by side with our Christmas tree. We just don't tolerate our diversity, we respect and celebrate it. #ChanukahSq17 #Chanukah https://t.co/6c4DqrdaMr",SadiqKhan,,2017-12
2017-12-12,steve_mccabe,Labour,MP Steve McCabe says the Government owes Birmingham £100 million https://t.co/9iFCFZK4Br,jonwalker121,,2017-12
2017-12-12,nus_ghani,Conservative,.@Nus_Ghani says EU overarching bureaucracy was creeping into every area of life #EUWithdrawalBill,PARLYapp,@Nus_Ghani,2017-12
2017-12-13,pow_rebecca,Conservative,Joining cross party choir to #SingingForSyrians @handsupfound handsupfound @VictoriaPrentis @CherylGillan @andreajenkyns @spelmanc https://t.co/T8pa1h6EZg,,"@handsupfound, @VictoriaPrentis, @CherylGillan, @andreajenkyns, @spelmanc",2017-12
2017-12-13,davidlinden,Scottish National Party,@GussyJackson @theSNP @IanBlackfordMP  https://t.co/n1tgiMphFV,GussyJackson,"@GussyJackson, @theSNP, @IanBlackfordMP",2017-12
2017-12-13,kemibadenoch,Conservative,"54 years ago Addie Mae Collins, Cynthia Wesley, Carole Robertson &amp; Carol Denise McNair killed by KKK in Birmingham Church Bombing

Today Alabama sent the man who prosecuted their killers to the Senate

The vote has power https://t.co/aaZkge0hhO",AriBerman,,2017-12
2017-12-13,mariamilleruk,Conservative,Personalised abuse of whatever form intended to intimidate &amp; silence candidates or MPs is not a 'legitimate part of the democratic process' nor is it a 'vital element of free speech'-lets stop pretending it is https://t.co/KUbYJoYuTl,,,2017-12
2017-12-13,tandhesi,Labour,@haleemahfarooq A real pleasure @haleemahfarooq . Lovely to meet you and your friend in Parliament.,,"@haleemahfarooq, @haleemahfarooq",2017-12
2017-12-13,khalid4pb,Labour,"Victory on Grieve amendment! Labour overwhelmingly backed vote &amp; with courageous Tories voting with us, parliament now votes on Brexit terms",Keir_Starmer,,2017-12
2017-12-13,douglas4moray,Conservative,Delighted to have secured the first Westminster debate in this Parliamentary Session on unfair delivery charges. There is strong cross-party support on this issue and we have a real opportunity to deal with this unacceptable practice. https://t.co/EWPTLDphnw,,,2017-12
2017-12-13,gwynnemp,Labour,"@Sarah_Hayward Nope, the Chair of NALC is a woman (Sue) and was at the top too.",Sarah_Hayward,@Sarah_Hayward,2017-12
2017-12-13,ianclucas,Labour,Unfair of May to use those Decent Homes figures in the way she did. It was a programme for social housing introduced by Labour and some councils were still completing their works when the Tories came in,IsabelHardman,,2017-12
2017-12-13,gileswatling,Conservative,@wilesy999 @carriesymonds @Conservatives Blimey! That was another life a long time ago... good days though!,wilesy999,"@wilesy999, @carriesymonds, @Conservatives",2017-12
2017-12-13,jostevenslabour,Labour,"Sir David Attenborough has called for action on plastic waste: https://t.co/0f4IgapUg4 
We try hard to not use plastic. Our takeaway containers are compostable, we have taken the #nostrawstand and we re-use as much as possible to help our environment.",PenylanPantry,,2017-12
2017-12-13,davidcrausby,Labour,"Here are our delivery hours/ times for December 2017. 
When we return in January, we will be closing drop-in at an earlier time of 3.15pm. https://t.co/cusZVpLfLn",CABuryandBolton,,2017-12
2017-12-13,simonclarkemp,Conservative,"Unemployment fell by 26,000 between August and October to 1.43 million, official figures show",BrexitCentral,,2017-12
2017-12-13,timloughton,Conservative,@BromleyTrombone @BBCNews @Wera_Hobhouse Think you were listening to a different show,BromleyTrombone,"@BromleyTrombone, @BBCNews, @Wera_Hobhouse",2017-12
2017-12-13,skinnock,Labour,@JanBrogger @vgnett @RichWoodUK @SarahGillettFCO @paalfrisvold Tusind tak! I hope that over the coming weeks and months we can work with our Norwegian friends to build broader and deeper support for the mutual benefits of EEA / EFTA as clearly the best Brexit option.,JanBrogger,"@JanBrogger, @vgnett, @RichWoodUK, @SarahGillettFCO, @paalfrisvold",2017-12
2017-12-13,heidiallen75,Conservative,It is one of the great pleasures of my job that I get to see at first-hand the incredible work of our armed forces. Those who serve our country deserve recognition for their sacrifice throughout their lives. I will continue to make sure that they get it: https://t.co/5alErk44c4,theresa_may,,2017-12
2017-12-13,dominicraab,Conservative,"Good to see unemployment remains at 4.3%, the lowest level since 1975. https://t.co/fQ1jtlfaum",ONS,,2017-12
2017-12-13,debbie_abrahams,Labour,Spot on Keir https://t.co/T9sSuKoS1B,Keir_Starmer,,2017-12
2017-12-13,kate_hollernmp,Labour,"Prime Minister has no answers on housing:
*rough sleeping up
*homelessness up
*evictions are up
*home ownership down
#PMQs",FisherAndrew79,,2017-12
2017-12-13,chukaumunna,Labour,MPs voting for a meaningful vote is a victory for Parliament and the British people. Now we have to do the job properly for our constituents and get the best deal from this Brexit process. #YesTo7 https://t.co/xKVZ8PKPRe,,,2017-12
2017-12-13,hannahb4livimp,Scottish National Party,I’ll be speaking in @KateForbesMSP’s debate tomorrow in @ScotParl on the devastating impact @RBS’s closure in Leven is having 👉 https://t.co/kPlZxmHswP,JennyGilruth,"@KateForbesMSP’s, @ScotParl, @RBS’s",2017-12
2017-12-13,helen_whately,Conservative,School standards are rising with 1.9 million more children in good or outstanding schools. @Ofstednews annual report out today https://t.co/3tfA0RmHFs,educationgovuk,@Ofstednews,2017-12
2017-12-13,cphilpofficial,Conservative,@sarahbutler1981 @SouthernRailUK @ABCommuters @InsideCroydon No I haven't!,sarahbutler1981,"@sarahbutler1981, @SouthernRailUK, @ABCommuters, @InsideCroydon",2017-12
2017-12-13,gedk,Labour (Co-op),Incredible moment in @UKParliament when the government has been defeated: 309 vs 305. We need a #meaningful vote. #Brexit #TakeBackControl #ParliamentIsSovereign,TanDhesi,@UKParliament,2017-12
2017-12-13,hughgaffneyccb,Labour,"It was a real pleasure to have my pal @HackneyAbbott come and see us in #Coatbridge, #Chryston and #Bellshill last week.  https://t.co/PUhrlhjyUb",,@HackneyAbbott,2017-12
2017-12-13,hilarybennmp,Labour,Amendment 7 is carried by four votes. Victory for Parliament.,,,2017-12
2017-12-13,lucympowell,Labour (Co-op),"@kevin_nicholas5 Yep, we (City) are unbeatable",kevin_nicholas5,@kevin_nicholas5,2017-12
2017-12-13,greghands,Conservative,DIT is looking for new HM Trade Commissioners to lead the department’s trade strategy across the world. If you're interested in joining DIT's global leadership team find out more here: https://t.co/eovGLZSc9A https://t.co/24ypJV7Qpv,tradegovuk,,2017-12
2017-12-13,stewartmcdonald,Scottish National Party,As @iainmacwhirter says in today’s @heraldscotland - common cause with our Irish and Welsh neighbors has emerged. Demonstrates why it is so important for Scotland to build a broad base of external relationships.  https://t.co/YaoEl7O4M9,johnauldwebster,"@iainmacwhirter, @heraldscotland",2017-12
2017-12-13,derekthomasuk,Conservative,@BBCr4today I supported the WRNS 100 celebration held in the Commons Speaker's State Rooms in the Houses of Parliament. It was great to meet Captain Ellie Ablett and representatives from HMS Raleigh in Torpoint  @RoyalNavy https://t.co/aNmbSTOyCJ https://t.co/8PjE6dzssE,,"@BBCr4today, @RoyalNavy",2017-12
2017-12-13,mikeamesburymp,Labour,@Taylor3july2008 @GorsewoodPrimar @HaltonBC Brilliant Carolyn and Taylor. Mike,Taylor3july2008,"@Taylor3july2008, @GorsewoodPrimar, @HaltonBC",2017-12
2017-12-13,alisonthewliss,Scottish National Party,Ian Blackford: there are 13 towns in Scotland where the last bank in town will close- will she summon RBS boss to explain the decision? #PMQs,timesredbox,,2017-12
2017-12-13,greghands,Conservative,"Our UK-Korea Trade Working Group breaks for lunch &amp; delighted to congratulate Korea Trade Director-General Kim &amp; our own @JohnAlty1 on progress, as we transition the EU-Korea FTA to be a UK agreement. https://t.co/1e6vJILdmN",,@JohnAlty1,2017-12
2017-12-13,toniaantoniazzi,Labour,Terrible non-answer on homelessness. Conservative MPs must surely have noticed how many more people are sleeping rough outside Westminster tube station this year when they arrive at work every morning? The PM refused to even promise to reduce homelessness next year #PMQs,DavidLammy,,2017-12
2017-12-13,stephengethins,Scottish National Party,".@StephenGethins: Ian Blackford raised @RBS branch closures at #PMQs because it will have a devastating impact on our communities. We've lost branches across my constituency in places like Anstruther, Cupar, and Leven. The UK government owns the bank so let's see them act on this https://t.co/JvGpl1RQ9O",tomfrench85,"@StephenGethins:, @RBS",2017-12
2017-12-13,alison_mcgovern,Labour,Parliament will be heard 🇬🇧🇬🇧🇬🇧 https://t.co/6UNRYDDHDT,,,2017-12
2017-12-13,kerrymp,Labour,I’m quoted in this very important @UE story. Why has @DefraGovUK failed to take these warnings seriously? Where will our waste go in January? https://t.co/y1rr0GYWG7,,"@UE, @DefraGovUK",2017-12
2017-12-13,albertowen2020,Labour,A local business in Amlwch is closing as a direct result of there being no banks in the town. I guess this is an example of trickle down economics. This could decimate coastal and rural communities @RhunapIorwerth @AlbertOwenMP @BishopBangor @AngleseyScMedia,ParchKevin,"@RhunapIorwerth, @AlbertOwenMP, @BishopBangor, @AngleseyScMedia",2017-12
2017-12-13,kirstysnp,Scottish National Party,A reminder that the Scottish Government have introduced world leading legislation to protect private renters. UK could learn from Scotland. #PMQs https://t.co/0VATOZZq6s,KevinStewartSNP,,2017-12
2017-12-13,greghands,Conservative,Great news this Christmas for families across Britain. https://t.co/hQK5Zlyz6L,CCHQPress,,2017-12
2017-12-13,andrewrosindell,Conservative,"We are expanding the UK and Canada-led Powering Past Coal Alliance, which is pushing the international community to phase out the use of unabated coal to tackle climate change. https://t.co/qWwD6exgRp",Conservatives,,2017-12
2017-12-13,hackneyabbott,Labour,Follow @LabourHomeTeam for all the latest news and views. https://t.co/hbs9V7yG1H,LabourHomeTeam,@LabourHomeTeam,2017-12
2017-12-13,hbaldwin,Conservative,Castlemorton! If you're ordering Christmas presents online why not order your upgrade to #superfastbroadband too? https://t.co/6Ihsjc5d91 https://t.co/zILeaEkvW5,SuperfastWorcs,,2017-12
2017-12-13,jamesduddridge,Conservative,"@JamesDuddridge thank you for your letter. A welcomed boost and exactly the service I seek in an MP, especially a local one. I'll reply soon.",BenTrebilcook,@JamesDuddridge,2017-12
2017-12-13,chhcalling,Conservative,Just met a Professor of palindromes called Dr Awkward.,,,2017-12
2017-12-13,mgreenwoodww,Labour,This defeat is a humiliating loss of authority for the Government on the eve of the European Council meeting. https://t.co/QWqAAvVtRk,jeremycorbyn,,2017-12
2017-12-13,jessicamordenmp,Labour,@Geek_of_Nature Hi Matt- thanks for the message. Am supporting this important campaign and have signed the pledge. Best wishes Jessica,Geek_of_Nature,@Geek_of_Nature,2017-12
2017-12-13,jostevenslabour,Labour,Althea Efunshile joins Channel 4 board after government U-turn https://t.co/dRj87TgIyg,bectu,,2017-12
2017-12-13,ed_miliband,Labour,And mine for people who travel thousands of miles to endorse a groper of young girls who also happens to be a racist homophobe. Time for a period of silence. https://t.co/5g1XS43nUI,Nigel_Farage,,2017-12
2017-12-13,mgreenwoodww,Labour,Our full interview with @Debbie_abrahams on #UniversalCredit and the #PauseandFix campaign https://t.co/yHXBiCZBOj #ToryWinterCrisis #foodbanks #ChildPoverty @LabourDWP,LabourfutureUK,"@Debbie_abrahams, @LabourDWP",2017-12
2017-12-13,ianblackford_mp,Scottish National Party,.@pressjournal Save our Banks campaign brought to #PMQs as @IanBlackfordMP tells PM RBS closing last bank in town for 13 scottish communities is unacceptable,_JennyMcKiernan,"@pressjournal, @IanBlackfordMP",2017-12
2017-12-13,julieforburnley,Labour,@CandDThomas @CandDJamesW @NPA1921 @JonAshworth @JulieForBurnley @LabourHealth @ChemistDruggist @BBCHughPym @KeeleyMP NHS England and the Department of Health should now release unspent elements of the Pharmacy Integration Fund in order to support community pharmacies facing closure due to funding pressures.,KevinJBarron,"@CandDThomas, @CandDJamesW, @NPA1921, @JonAshworth, @JulieForBurnley, @LabourHealth, @ChemistDruggist, @BBCHughPym, @KeeleyMP",2017-12
2017-12-13,liliangreenwood,Labour,Shadow Education Secretary Angela Rayner says changes in social mobility will only come about if funding is given to early years #r4today https://t.co/a1LXSOX8lS,BBCr4today,,2017-12
2017-12-13,davidgauke,Conservative,"According to new independent stats released today, the number of people in work has risen in every region and nation of the UK since 2010  #StrongerEconomy https://t.co/8FRJxO0a4y",dwppressoffice,,2017-12
2017-12-13,redditchrachel,Conservative,@UKLabour And the #Conservatives have a record of ensuring QUALITY. Not the neglect advocated by the last @UKLabour government. https://t.co/CFVRV616gT,PetroNicolaides,"@UKLabour, @UKLabour",2017-12
2017-12-13,lucyallan,Conservative,.@theresa_may has announced proposals which could give 2.5 million former Armed Forces personnel driving licences identifying them as veterans in recognition of their service to the nation. https://t.co/xEHgUOxJYD,Conservatives,@theresa_may,2017-12
2017-12-13,andymcdonaldmp,Labour,Pleasure to speak at the Rail Freight Group Christmas lunch about how Labour will clean up transport and reduce congestion through supporting freight on rail. https://t.co/FdwBcD94Kd,,,2017-12
2017-12-13,timfarron,Liberal Democrat,@UKGoingGlobal Snowflake!,UKGoingGlobal,@UKGoingGlobal,2017-12
2017-12-13,joswinson,Liberal Democrat,Get real #Remainers! I voted for #SingleMarket w #LibDems &amp; 40 sensible Labour MPs while #JeremyCorbyn abstained - he’s a closet #Brexiteer,Anna_Soubry,,2017-12
2017-12-13,hughgaffneyccb,Labour,Dominic Grieve says that he will push his Amendment 7 to a vote if the govt doesn’t accept it. I will be voting with him in the lobby. #EUWithdrawalBill,,,2017-12
2017-12-13,jostevenslabour,Labour,we absolutely love the alternative coat of arms for #Cardiff by @themonsterist wonderful way to celebrate Cardiff becoming a #MusicCity #DinasGerdd https://t.co/MgVDzFsHNA,savewomanbyst,@themonsterist,2017-12
2017-12-13,ianclucas,Labour,Well done @MarkTamiMP our star Pairing Whip from North Wales. Every little helps.,,@MarkTamiMP,2017-12
2017-12-13,keeleymp,Labour,MP warns of 'galloping privatisation' of NHS after Virgin awarded Children's Health Services contract.  https://t.co/TnAODdzltu,,,2017-12
2017-12-13,bill_esterson,Labour,I voted #YesTo7 https://t.co/jbLvzcZZ2X,meaglemp,,2017-12
2017-12-13,mimsdavies,Conservative,"Anyone can use the salt in the bins we provide for community use on public highways. Guidance here on who can use it, how much to use and how to get a refill  https://t.co/ns7NIQMZ2U https://t.co/cLKpm7DtCr",hantsconnect,,2017-12
2017-12-13,preetkgillmp,Labour (Co-op),"Really pleased to have attended @OpenDoorsUK meeting today on ‘what next for Iraq and Syria’,  how we can give Christians in the Middle East hope and a future. #Hope4ME https://t.co/0YrPjg5K0H",,@OpenDoorsUK,2017-12
2017-12-13,fiona_onasanya,Labour,Happy Chanukah :) https://t.co/gpXSHkVg2s,,,2017-12
2017-12-13,jamesfrith,Labour,Wishing all Jewish people around the world a very happy Chanukah. Chanukah Sameach! #Chanukah #Hanukkah https://t.co/d59Agxy2jl,UKLabour,,2017-12
2017-12-13,grahamemorris,Labour,"Seven years of the Tories = seven years of failure on housing. 

Homelessness rising, home-ownership falling, and no plan to fix the housing crisis. 

Labour will build affordable homes to buy &amp; rent across the country. #PMQs

https://t.co/QYy2T4jQVS",,,2017-12
2017-12-13,matthancock,Conservative,@neilturkewitz @_RobinsonM @techUK Quite right,neilturkewitz,"@neilturkewitz, @_RobinsonM, @techUK",2017-12
2017-12-13,benpbradshaw,Labour,@steve_hawkes A point made by @Anna_Soubry in the debate!,steve_hawkes,"@steve_hawkes, @Anna_Soubry",2017-12
2017-12-13,preetkgillmp,Labour (Co-op),@Shuranjeet @PreetKGillMP @_taraki__ I'd be happy to be part of this or help being a sufferer myself and have my own raising awareness going on. Good work!,maljutley,"@Shuranjeet, @PreetKGillMP, @_taraki__",2017-12
2017-12-13,kerrymp,Labour,"@sprintexec @BestForBritain @SteveDeacon63 As you will see, I was one of the first to sign it.",sprintexec,"@sprintexec, @BestForBritain, @SteveDeacon63",2017-12
2017-12-13,joannaccherry,Scottish National Party,The 12 Tory rebels (none from Scottish seats) https://t.co/OY7Q8297e4,nickeardleybbc,,2017-12
2017-12-13,vickyford,Conservative,In my view the final concession from @DominicRaab effectively just put the terms of #Amendment7 into the #EUWithdrawalBill #brexit,,@DominicRaab,2017-12
2017-12-13,scottmann4nc,Conservative,"Seeing Labour MP’s cheer a defeat on Brexit is not suprising, however their mood may change when they go back to their Leave voting constituencies. #respectthereferendum",,,2017-12
2017-12-13,lukepollard,Labour (Co-op),Great to hear from @NiaGriffithMP at the #WRNS100 event in the Speaker’s House. 100 years of women in the Royal Navy is well worth celebrating #LukeMP https://t.co/Y3u5bKngnn,,@NiaGriffithMP,2017-12
2017-12-13,stevereedmp,Labour (Co-op),It was a late one last night as @LucianaBerger brought her debate on young people’s MH to the chamber! Read the transcript here: https://t.co/7CtttXPgAA https://t.co/6Ve5Q7MJDa,Labour_MH,@LucianaBerger,2017-12
2017-12-13,tracybrabin,Labour (Co-op),Great to meet @PeterKellner1 at celebration of volunteering sector NVCO. So proud of all volunteers in #batleyandspen making life better for others @KirkleesRVS @FazilaLoonat_ @moreincommonB_S https://t.co/1VGDmFSPnF,,"@PeterKellner1, @KirkleesRVS, @FazilaLoonat_, @moreincommonB_S",2017-12
2017-12-13,hammersmithandy,Labour,Pleased to sponsor @KarenPBuckMP Bill to stop abuse of short-term lettings which deplete housing stock and can cause nuisance to neighbours. Big problem in central London and a growing one in @LBHF,,"@KarenPBuckMP, @LBHF",2017-12
2017-12-13,wera_hobhouse,Liberal Democrat,Really hope we get a vote on this tonight. Theresa May is totally wrong to conflate the Single Market with the EU. Parliament should have an explicit vote on whether we leave the EEA. https://t.co/GHzUy5yT0U,Heidi_LDN,,2017-12
2017-12-13,fiona_onasanya,Labour,"We don't yet know what the final Brexit deal will look like, so we also need to have a final say #Amendment7",,,2017-12
2017-12-13,alison_mcgovern,Labour,"BREAKING: Theresa May suffers fresh humiliation as she loses key Brexit vote in Commons
https://t.co/odigs0Vm6T https://t.co/nPqxynw8pI",MirrorPolitics,,2017-12
2017-12-13,angusmacneilsnp,Scottish National Party,Watch our evidence session (https://t.co/OHuNNKrYdC) at 10am on the implications of arrangements for the Northern Ireland - Ireland border for wider UK trade policy. We'll hear from @Lorand_Bartels and @sylviademars https://t.co/jW6vN1LIwd,CommonsIntTrade,"@Lorand_Bartels, @sylviademars",2017-12
2017-12-13,theresecoffey,Conservative,reflects what happened tonight https://t.co/3XftdVRzxv,,,2017-12
2017-12-13,gedk,Labour (Co-op),"It was a real pleasure to have my pal @HackneyAbbott come and see us in #Coatbridge, #Chryston and #Bellshill last week.  https://t.co/PUhrlhjyUb",HughGaffneyCCB,@HackneyAbbott,2017-12
2017-12-13,nicdakin55,Labour,@NicDakinMP @Anne_W_Strike @CP_Consortium @mychangingplace https://t.co/PrI2Q3m2hZ,LornaFillingham,"@NicDakinMP, @Anne_W_Strike, @CP_Consortium, @mychangingplace",2017-12
2017-12-13,georgefreemanmp,Conservative,Disappointing rejection by @DExEUgov Ministers of pleas from Conservative MPs on all sides of the Brexit debate to accept a compromise amendment to Clause 9.  Praying they will signal willingness to table their own amendment.,,@DExEUgov,2017-12
2017-12-13,angelarayner,Labour,"Please drive safely and take extra care tonight, my constituency is experiencing heavy snowfall making conditions hazardous on our roads and on pavements too",,,2017-12
2017-12-13,ronniecowan,Scottish National Party,"Yesterday, the @GamRegGB produced a report on young people and gambling.
It’s deeply worrying to learn that young people in Scotland are experiencing gambling in situations where the risks are not always explained.  https://t.co/f0Xivgu7BG https://t.co/NoJONMuq7s",,@GamRegGB,2017-12
2017-12-13,dominicraab,Conservative,The @Conservatives are coming up with polices to protect our environment &amp; strengthen animal welfare standards because it is the right thing to do. It is our duty to protect the planet &amp; leave our environment in a better state for future generations https://t.co/keWoJmt1zV,carriesymonds,@Conservatives,2017-12
2017-12-13,angelaeagle,Labour,Glad Parliament just voted to #takebackcontrol #brexitbill,,,2017-12
2017-12-13,catherinewest1,Labour,Proud to be voting for Amendment 7 tabled by Dominic Grieve. Parliament must have a meaningful vote. @Open_Britain @TheNewEuropean @euromove https://t.co/VU2lwHvE3s,Keir_Starmer,"@Open_Britain, @TheNewEuropean, @euromove",2017-12
2017-12-13,sharonhodgsonmp,Labour,@SharonHodgsonMP Thank you and you most certainly helped calm my nerves! Thank you so much  🐾❤️ xxx,dotslondon,@SharonHodgsonMP,2017-12
2017-12-13,liamfox,Conservative,"Jobs figures released today by @ONS show unemployment remains at a 42-year-low - all of the increase in the last year are full-time jobs, good news for families across our country. https://t.co/BIUzD0C2vS",theresa_may,@ONS,2017-12
2017-12-13,tpearce003,Labour,Sadiq Khan unveils second low emission bus zone on one of London's most polluted high streets https://t.co/iNKowIKTwc,standardnews,,2017-12
2017-12-13,mattrodda,Labour,"Parliament tonight taking back control, the defeat for the government on #Amendment7 was the fault of the PM who just wouldn't listen and her dismissive, arrogant attitude backfired in dramatic style.Hats off to the Tory MPs who stuck with their principles despite severe pressure",AngelaRayner,,2017-12
2017-12-13,ruthcadbury,Labour,WATCH: @mtpennycook confirms Labour will back Dominic Grieve's amendment to guarantee Parliament a final vote on the withdrawal agreement. https://t.co/OU5ruOJPOW,ShadowBrexit,@mtpennycook,2017-12
2017-12-13,philipdaviesuk,Conservative,The EU rebels seeking a meaningful vote on Brexit have never reconciled themselves to referendum result,toryboypierce,,2017-12
2017-12-13,mike_fabricant,Conservative,"I was, of course, using the Gregorian calendar and taking into account the lunar cycle and the tide times in Caernarfon. https://t.co/SY78w2CYYx",,,2017-12
2017-12-13,ruthcadbury,Labour,Really hope we get a vote on this tonight. Theresa May is totally wrong to conflate the Single Market with the EU. Parliament should have an explicit vote on whether we leave the EEA. https://t.co/GHzUy5yT0U,Heidi_LDN,,2017-12
2017-12-13,gedk,Labour (Co-op),"Well done to Ged for raising this important issue, watch the video to see what you could do, good to see @Scotmid have @samaritans as charity of the year https://t.co/VSJV8haIru",ScotCoopParty,"@Scotmid, @samaritans",2017-12
2017-12-13,pauline_latham,Conservative,Mid Derbyshire MP @Pauline_Latham asks the PM to congratulate 14-year-old Isabelle Weall from Oakwood on her recent award. She lost her arms and legs to meningitis. #PMQs https://t.co/bWaCfRC13d,BBCChrisD,@Pauline_Latham,2017-12
2017-12-13,drewhendrysnp,Scottish National Party,"Please support the campaign to end discriminatory delivery charges to the Highlands and Islands. We have been discriminated against for too long @RipOffSurcharge @RichardLochhead 

https://t.co/e4bZCchBe3",Ianblackford_MP,"@RipOffSurcharge, @RichardLochhead",2017-12
2017-12-13,mimsdavies,Conservative,#WhereisChristmas opens in two days and we can't wait! Do you have your tickets yet? Visit our website to book now: https://t.co/cX2gSCODwF @CommotionDance1 https://t.co/oL6cfJKsNl,PointEastleigh,@CommotionDance1,2017-12
2017-12-13,eastantrimmp,Democratic Unionist Party,Significant boost to fishing in Northern Ireland following today’s December EU Fisheries Council Meeting.  A sector with huge potential as we seek to negotiate a sustainable post-brexit deal https://t.co/8rsS9t39TZ,DavidSimpsonDUP,,2017-12
2017-12-13,philipdaviesuk,Conservative,"Chris Bryant reminded there was a ""meaningful vote"" on 23rd June 2016 by Tory Philip Davies. Mr Davies urges the rebels to have the courage to come clean and admit they don't respect the result",steve_hawkes,,2017-12
2017-12-13,cherylgillan,Conservative,.@CherylGillan started off #PMQs today by asking the Prime Minister if MPs will get a vote on the final #Brexit deal. Find out why she chose this topic and what she thought of the Prime Minister’s response. https://t.co/2W2uSyJeQ3,HouseofCommons,@CherylGillan,2017-12
2017-12-13,drewhendrysnp,Scottish National Party,@DickWinchester They are not making eye contact,DickWinchester,@DickWinchester,2017-12
2017-12-13,mimsdavies,Conservative,"Looking at the icy roads &amp; thinking it wasn’t too long ago that I thought nothing of going out training in these conditions without a helmet. Honestly blows my mind, as I can’t think why! 😱 I’m not going to tell people what to do, but I wouldn’t dream now of going lid-less.",MarkCavendish,,2017-12
2017-12-13,dianajohnsonmp,Labour,"When judges uphold the law, they are branded enemies of the people. When MPs uphold democracy, they are branded traitors. Never has it been more important to reassert our values. https://t.co/baELrja6td",Keir_Starmer,,2017-12
2017-12-13,andrealeadsom,Conservative,An update on the Horton and obstetrics following last week's hearing at the Royal Courts of Justice @VictoriaPrentis @saveourhorton https://t.co/Rxv7fcwQrK,,"@VictoriaPrentis, @saveourhorton",2017-12
2017-12-13,georgefreemanmp,Conservative,Continued good news on jobs and employment from @Conservatives:  unemployment lowest level since 1975. (1975!!!).    Youth unemployment down by 40% since 2010. #PMQs https://t.co/GLqxzJlGEh,,@Conservatives:,2017-12
2017-12-13,rhonddabryant,Labour,"6 million people are with us. 

Retweet if you're one of them. 

#StopTrump #RacistsNotWelcome 

https://t.co/zufMOjICBZ https://t.co/GHjJ09tz71",UKStopTrump,,2017-12
2017-12-13,albertowen2020,Labour,@AlbertOwenMP @bbclaurak Brilliant,MartinMurphy001,"@AlbertOwenMP, @bbclaurak",2017-12
2017-12-13,lordianaustin,Labour,I've just heard that one of our amazing @BWC_NHS Nurses walked 7 miles over 3 hours to get into work on https://t.co/sZ5Mdwsxaa ⭐️ ⭐️ ⭐️,BWCHBoss,@BWC_NHS,2017-12
2017-12-13,steve_mccabe,Labour,"Baroness Redfern, Baroness Gardner and @steve_mccabe MP promoting smile-friendly Christmas stockings at the BDA-sponsored reception of the Parliamentary Group for Dentistry and Oral Health https://t.co/bOX6P2crqD",TheBDA,@steve_mccabe,2017-12
2017-12-13,philipdaviesuk,Conservative,The European Parliament is awarding its human rights prize to Venezuela's democratic opposition. Leftist MEPs glower sulkily as @EP_President talks of human rights abuses in that country. https://t.co/1VisjCGsiC,DanielJHannan,@EP_President,2017-12
2017-12-13,dougchapmansnp,Scottish National Party,Parliament celebrates 100 years of @RoyalNavy @wrns100 - 1st Sea Lord asked how soon until we have 1st Sea Lady #glassceiling https://t.co/D8Ecs6REKR,,"@RoyalNavy, @wrns100",2017-12
2017-12-13,johnredwood,Conservative,The Govt has published a draft bill which would increase the max prison sentence for animal cruelty from 6 months to 5 years. It also sets out that the government “must have regard to the welfare needs of animals as sentient beings in formulating &amp; implementing government policy” https://t.co/qIIwhXu8Qu,Conservatives,,2017-12
2017-12-13,mgreenwoodww,Labour,"Parliament tonight taking back control, the defeat for the government on #Amendment7 was the fault of the PM who just wouldn't listen and her dismissive, arrogant attitude backfired in dramatic style.Hats off to the Tory MPs who stuck with their principles despite severe pressure",AngelaRayner,,2017-12
2017-12-13,stevereedmp,Labour (Co-op),"""This sector deserves more than half of a minister"" - Labour's @SteveReedMP speaking passionately about #volsec. ""Needs to be put at heart of govt &amp; national renewal"" #appgcav",GiselleG7,@SteveReedMP,2017-12
2017-12-13,albertowen2020,Labour,Drama. Government defeated. Parliament takes back control.,labourwhips,,2017-12
2017-12-13,afzal4gorton,Labour,This Government is in the pockets of property speculators and rogue landlords. #PMQs https://t.co/4iRlsLFePf,jeremycorbyn,,2017-12
2017-12-13,grahamemorris,Labour,Drama. Government defeated. Parliament takes back control.,labourwhips,,2017-12
2017-12-13,rossthomson_abz,Conservative,"The UK Government is supporting, jobs, growth and innovation with around £1billion of investment in City Deals across Scotland, and more to come.  #DeliveringforScotland @GlasgowCityDeal #ABZdeal @CityRegionDeal @taycities @InvestStirling https://t.co/kA4zlWu8OY",UKGovScotland,"@GlasgowCityDeal, @CityRegionDeal, @taycities, @InvestStirling",2017-12
2017-12-13,redditchrachel,Conservative,Unemployment remains at a 4 decade low. All the increase comes from full time employment and those working part time are doing so by choice. https://t.co/fjrZf8Z4mm,,,2017-12
2017-12-13,anneliesedodds,Labour (Co-op),Labour will back Dominic Grieve's amendment giving Parliament a proper say on the Brexit deal if he pushes it to a vote tonight. The terms of our future are not for the government alone to determine.,Keir_Starmer,,2017-12
2017-12-13,jacklopresti,Conservative,New jobs figures released by @ONS today show unemployment figure at joint lowest level since 1975. https://t.co/HUIrdo6TIv,,@ONS,2017-12
2017-12-13,timloughton,Conservative,@okSuse @AnthonyHolford @TLRailUK @Reigatian2 @peterkyle Apparently tables were dropped on the spurious grunds that they could be a 'hazard' during an evacuation until someone pointed out they still had them in 1st class where supposedly it woud still present the same 'hazard',okSuse,"@okSuse, @AnthonyHolford, @TLRailUK, @Reigatian2, @peterkyle",2017-12
2017-12-13,lynbrownmp,Labour,Tories encouraging undercutting by firms who are allowed to cherry pick postal deliveries and who don’t have to follow the Universal Service Provision. Royal Mail should never have been privatised. Bad for customers and for posties. #NationalPostalWorkersDay https://t.co/MllikX292P,Bill_Esterson,,2017-12
2017-12-13,timfarron,Liberal Democrat,@Biotic_Warlock @terryelaineh1 @SwannCaron Still got my subbuteo set too!,bioticsteven,"@Biotic_Warlock, @terryelaineh1, @SwannCaron",2017-12
2017-12-13,thelma_dwalker,Labour,"I have written to @theresa_may with over 100 Labour MPs now the US Ambassador has announced @realDonaldTrump is coming next year asking her to rescind her invitation after his support for the Far Right, climate change denial and antagonistic foreign policy https://t.co/jm0kGXCsoN",alexsobel,"@theresa_may, @realDonaldTrump",2017-12
2017-12-13,benpbradshaw,Labour,@simpsonduncanj Suggest you check out @DamianCollins twitter feed,,"@simpsonduncanj, @DamianCollins",2017-12
2017-12-13,philipdaviesuk,Conservative,"Philip Davies to Bryant: “there was a meaningful vote on 23rd June 2016, it could be and no doubt is designed to be used to overturn and frustrate the vote... is people use this amendment for those purposes the backlash will be like none seen before”",faisalislam,,2017-12
2017-12-13,drphilliplee,Conservative,Thank you all for your long service to our community. Merry Christmas! #Bracknell https://t.co/mXaX7V8lK9,BracknellForest,,2017-12
2017-12-13,mimsdavies,Conservative,"After we leave the EU, the UK will remain a great place to do business https://t.co/wu4SUYy9my",DExEUgov,,2017-12
2017-12-13,lukepollard,Labour (Co-op),Want to get updates on the work I’m doing for #Plymouth? Sign up for my updates here https://t.co/KjMr5mExYL,,,2017-12
2017-12-13,hammersmithandy,Labour,Thanks @RuthCadbury @hammersmithandy @emmadentcoad  @RupaHuq @VirendraSharma  &amp; Stephen Pound for their support to #Amendment7. #YesTo7,WL4EU,"@RuthCadbury, @hammersmithandy, @emmadentcoad, @RupaHuq, @VirendraSharma",2017-12
2017-12-13,stephenmorganmp,Labour,"NEWS: MP for Portsmouth South, @StephenMorganMP, backs newly registered charity Good Company-Portsmouth, which aims to tackle the growing issue of loneliness and isolation in the city.

https://t.co/Sl47dPuP9g",ExpressFM,"@StephenMorganMP,",2017-12
2017-12-13,gareth_snell,Labour (Co-op),@TheDonsieLass @BestForBritain My name isn’t present because I didn’t co-sign the ammendment.,,"@TheDonsieLass, @BestForBritain",2017-12
2017-12-13,harrietharman,Labour,"At 3.15pm today we continue our inquiry into freedom of speech in universities, taking evidence from journalists and affected individuals including @PeterTatchell @BellosLinda @janefae @HelenCBelcher Watch live here: https://t.co/C2NaQ5P9Tc #Article10 https://t.co/z6cbKVxL6V",HumanRightsCtte,"@PeterTatchell, @BellosLinda, @janefae, @HelenCBelcher",2017-12
2017-12-13,alexsobel,Labour (Co-op),"I have written to @theresa_may with over 100 Labour MPs now the US Ambassador has announced @realDonaldTrump is coming next year asking her to rescind her invitation after his support for the Far Right, climate change denial and antagonistic foreign policy https://t.co/jm0kGXCsoN",,"@theresa_may, @realDonaldTrump",2017-12
2017-12-13,nickhurduk,Conservative,V powerful event last night in HOC with many MPs coming together to listen to #Grenfell Tower survivors and show cross party solidarity .,,,2017-12
2017-12-13,alison_mcgovern,Labour,Big shout out to Dennis and Ronnie 💪❤ https://t.co/Gj8Uvzt2nL,,,2017-12
2017-12-13,johnnymerceruk,Conservative,".@TheSun deserve huge credit for pushing this through each year, particularly after the reduction in overt fighting operations. Brave men and women, every day of the year. https://t.co/yfdFJDOAP8",DefenceHQ,@TheSun,2017-12
2017-12-13,chukaumunna,Labour,"“If ‘Taking Back Control’ doesn’t mean supporting Amendment 7, and having a meaningful vote in Parliament before we leave the EU, then I don’t know what does” - @ChukaUmunna",RuthCadbury,@ChukaUmunna,2017-12
2017-12-13,petergrantmp,Scottish National Party,"If anyone says 4 Plaid MPs can’t make a difference - show them this 
Amendment 7 passed 309:305
@HywelPlaidCymru @JonathanPlaid @BenMLake @Plaid_Cymru",LSRPlaid,"@HywelPlaidCymru, @JonathanPlaid, @BenMLake, @Plaid_Cymru",2017-12
2017-12-13,liambyrnemp,Labour,"On Monday I launched the new People's Plan for Digital - a brand new, collaborative way of making policy for Parliament. Jump in here! https://t.co/LY5KELxgrL https://t.co/JJrNSRnbjR",,,2017-12
2017-12-13,marycreagh_,Labour,Pulling out of Euratom puts the future of Britain's world-leading civil nuclear industry at risk. https://t.co/5Gx4bzsddq,,,2017-12
2017-12-13,grahamemorris,Labour,The Transport Secretary is refusing to answer basic questions about the potential £2bn taxpayer bailout of the East Coast franchise. So it's good to see the Public Accounts &amp; Transport Select Committees will look to expose the cost to the public purse. https://t.co/N7iewcFmNB,AndyMcDonaldMP,,2017-12
2017-12-13,kirstysnp,Scottish National Party,"PM swerves @IanBlackfordMP demand for her to summon RBS CEO &amp; demand a rethink on closures, says it's a commercial decision to shouts of ""we own it"" from opposition. #saveourbanks @pressjournal 

#PMQs",_JennyMcKiernan,"@IanBlackfordMP, @pressjournal",2017-12
2017-12-13,karen_karenelee,Labour,Fire union calls for 'compromised' Grenfell expert to stand down https://t.co/Ly6ymqmku4,,,2017-12
2017-12-13,seemamalhotra1,Labour (Co-op),@SeemaMalhotra1 I saw the news regarding service charges. I also live on an a2 Dominion site and we have exactly the same issues. They are awful and I would love to help represent this site as there are people with bills of £2k with no explanation and 3 months to pay.,lilclairebear,@SeemaMalhotra1,2017-12
2017-12-13,sharonhodgsonmp,Labour,@Davewardell @OliverHealdUK Will do. Was great to meet you and Finn. You are both so brave.,K9Finn,"@Davewardell, @OliverHealdUK",2017-12
2017-12-13,skinnock,Labour,A vague promise for a binary vote from the govt would not have been worth the paper on the back of the fag packet it was scribbled on. That is why it was so important that Parliament took control tonight &amp; voted for #MeaningfulVote #EUWithdrawalBill https://t.co/tHrKMylaWO /5,SKinnock,,2017-12
2017-12-13,davidlinden,Scottish National Party,🎥 A quick video blog to reflect on today’s events in @HouseofCommons #EUWithdawalBill https://t.co/8afqEOsbkE,,@HouseofCommons,2017-12
2017-12-13,mimsdavies,Conservative,Please see me at work today @HouseofCommons questioning @theresa_may on the UK being focussed on dealing with and leading the way on ending the trafficking and exploitation worldwide of women &amp; young girls @UNWomenUK https://t.co/RMrze4b3u9,HouseofCommons,"@HouseofCommons, @theresa_may, @UNWomenUK",2017-12
2017-12-13,chukaumunna,Labour,I’ll be voting for it! https://t.co/S2VBDj8u2Q,Heidi_LDN,,2017-12
2017-12-13,virendrasharma,Labour,"Seven years of the Tories = seven years of failure on housing. 

Homelessness rising, home-ownership falling, and no plan to fix the housing crisis. 

Labour will build affordable homes to buy &amp; rent across the country. #PMQs

https://t.co/saXBcdiAlj",,,2017-12
2017-12-13,acunninghammp,Labour,Tory failure on housing and homelessness is disgraceful: fewer homes built than under any political party since 1920s; fewest affordable homes built for 24 years; homelessness up by 50% and rough sleeping doubled. #PMQs,labourpress,,2017-12
2017-12-13,helenhayes_,Labour,My MP has pledged to #BackTheBlueBelt so we can create the world’s biggest network of fully-protected marine reserves. Tell your MP to get on board at https://t.co/ITYQmEEa8X and help us protect thousands of species of marine life. @helenhayes_  @GreenpeaceUK,WildcardEnviro,"@helenhayes_, @GreenpeaceUK",2017-12
2017-12-13,dominicraab,Conservative,". @ZacGoldsmith led a great debate today on an important list of animal welfare issues-to end live exports, end cages for hens, reduce farm antibiotics, ban wild animals in circuses, spoke against badger cull, asked Minister on Hunting Act, puppy farming,trophy hunting imports + https://t.co/nOkTcXIZY9",ConservativeAWF,@ZacGoldsmith,2017-12
2017-12-13,edvaizey,Conservative,I didn’t https://t.co/xIN2euaCMC,,,2017-12
2017-12-13,gordonmarsden,Labour,"Seven years of the Tories = seven years of failure on housing. 

Homelessness rising, home-ownership falling, and no plan to fix the housing crisis. 

Labour will build affordable homes to buy &amp; rent across the country. #PMQs

https://t.co/FfeN1ipNiW",,,2017-12
2017-12-13,elliereeves,Labour,"Proud to stand up against #puppysmuggling with the @DogsTrust. If you’re thinking of buying a puppy, please do research how to avoid fuelling this cruel trade, for more information follow the link: https://t.co/MGjLLEH2d2 https://t.co/VRd7FV8Rzo",,@DogsTrust.,2017-12
2017-12-13,mike_fabricant,Conservative,"Germany's Brandenburg Gate in 1939 vs. 2017.

Happy Hanukkah! https://t.co/hxMuL2zU0b",Yair_Rosenberg,,2017-12
2017-12-13,carolinelucas,Green Party,"Absolutely shocking response from the PM today on housing and homelessness. 

We have a housing crisis - yet they reject measures to reduce rent, continue to sell off council homes and refuse to lift the local authority borrowing cap. #PMQs",,,2017-12
2017-12-13,lukepollard,Labour (Co-op),Please sign and share my petition to show the Government how serious we are about protecting our Royal Navy and Royal Marines from devastating cuts. https://t.co/EB2Ev0C5jV,,,2017-12
2017-12-13,benpbradshaw,Labour,Labour will back Dominic Grieve's amendment giving Parliament a proper say on the Brexit deal if he pushes it to a vote tonight. The terms of our future are not for the government alone to determine.,Keir_Starmer,,2017-12
2017-12-13,alison_mcgovern,Labour,I agree with Stephen https://t.co/RcjREJH3gQ,SKinnock,,2017-12
2017-12-13,jreynoldsmp,Labour (Co-op),Parliament has taken back control. The final Brexit deal will have to be approved by Parliament. Hats off to the Tory rebels who held firm and stuck to their principles. #EUWithdrawalBill #Amendment7,DavidLammy,,2017-12
2017-12-13,imran_hussainmp,Labour,Our gritters will be out from 7pm tonight ( may be starting a bit later if its still raining) and will be monitoring/patrolling through the night #gritting,bradfordmdc,,2017-12
2017-12-13,cpjelmore,Labour,"We must ensure mothers in prison have better communication with their children and, in complex cases, ensure they're fully aware of support services in place to protect their children. 

Very important debate on #ParentalRights of prisoners led by @carolynharris24. https://t.co/xJLryAp9ko",,@carolynharris24.,2017-12
2017-12-13,emmahardymp,Labour,I have never been as nervous about a vote... This really matters.,,,2017-12
2017-12-13,gedk,Labour (Co-op),"""Will she admit that the Access to Banking Protocol has failed to keep branches open? Will she restore the bank levy and use some of it to stop communities losing their last bank branch?"" @CarolineFlintMP confronts Theresa May #PMQs #DoncasterIsGreat https://t.co/aLIgRgdRhI",PhilColecomms,@CarolineFlintMP,2017-12
2017-12-13,stewarthosiesnp,Scottish National Party,Tomorrow's front page: Tories are defeated by the Rebel Alliance as MPs join together to force vote on Brexit bill #TheLastJedi https://t.co/MLuyVf0lcT,ScotNational,,2017-12
2017-12-13,drewhendrysnp,Scottish National Party,"Don't worry @theresa_may, people looking for banking facilities to replace RBS branches can use their local Post Office. Oh, wait... #PMQs https://t.co/wvxL9uYezS",rosscolquhoun,"@theresa_may,",2017-12
2017-12-13,paulflynnmp,Labour,"@AlunCairns @AnnaMcMorrin @NickTorfaenMP @GutoAberconwy 90% of Welsh red meat is sold in the EU, says @PaulFlynnMP, a market that is being ""destroyed"" by meat from Romania and Spain. (Cheekily calls Brexit vote ""advisory referendum"".)
@GutoAberconwy accuses him of peddling ""scare stories"" about farming.",DanDaviesDavies,"@AlunCairns, @AnnaMcMorrin, @NickTorfaenMP, @GutoAberconwy, @PaulFlynnMP,, @GutoAberconwy",2017-12
2017-12-13,jreynoldsmp,Labour (Co-op),@jreynoldsMP Just as it should be. Otherwise what is the purpose of Parliament,BEzzer3,@jreynoldsMP,2017-12
2017-12-13,jhowelluk,Conservative,Our record on improving housing standards. #PMQs https://t.co/9QMGXGr03Q,Conservatives,,2017-12
2017-12-13,halfon4harlowmp,Conservative,Pleased to see PM @theresa_may describing Education in terms of 'Social Justice' rather than buzzword 'Social Mobility' https://t.co/uhNdXcdUb2,Conservatives,@theresa_may,2017-12
2017-12-13,annaturley,Labour (Co-op),"Problems with disability benefits, housing shortages, &amp; difficulty accessing mental health services were the biggest issues handled by my office in November. More people are coming to us in absolute poverty too - impact of austerity &amp; Tory welfare reforms https://t.co/rLPP0Fhjss https://t.co/MtP9noeYxD",,,2017-12
2017-12-13,lsrplaid,Plaid Cymru,Government defeated by 4 votes...and we have 4 very happy @Plaid_Cymru MPs. https://t.co/szXnFrs32a,BenMLake,@Plaid_Cymru,2017-12
2017-12-13,andreajenkyns,Conservative,"Disgusted at Remainers trying tactic after tactic to delay the #Brexit process. The majority of British people have spoken. Let's get on with it, Britain's finest years lay ahead. #ProudBrit",,,2017-12
2017-12-13,thelma_dwalker,Labour,My lovely staff team! https://t.co/al9ooSjPJf,,,2017-12
2017-12-13,cpjelmore,Labour,Grt win for parlt.  Huge error by Govt. To push to vote &amp; to lose. Whips lost control or can't count #democracy,HarrietHarman,,2017-12
2017-12-13,kerrymp,Labour,"@sprintexec @thomasbrake That’s ok, it just gets a bit wearying having to defend myself when I’m not in the wrong - happy to be challenged and forced to explain myself when I might be!",sprintexec,"@sprintexec, @thomasbrake",2017-12
2017-12-13,simonclarkemp,Conservative,"So, independent ethics watchdog confirms Conservative candidates were significantly more likely to be subjected to intimidation during the general election. I wonder why @jeremycorbyn @johnmcdonnellMP https://t.co/YpnuQlo01i",sajidjavid,"@jeremycorbyn, @johnmcdonnellMP",2017-12
2017-12-13,chionwurah,Labour,"REVEALED: The Universal Credit helpline will be open just 2 days out of 10 over the Christmas period.

This means even more delayed payments, leaving people to face hunger, poverty and eviction.

Tell the Tories this is unacceptable – share this ↓ 

https://t.co/UER2FYgRJV",UKLabour,,2017-12
2017-12-13,edwardjdavey,Liberal Democrat,@movieblort SWR performance has been lamentable - I am pursuing this actively. Please send me all examples of your poor experiences and complaints. Will add them to my own - and the many others coming in daily from constituents.,movieblort,@movieblort,2017-12
2017-12-13,sarahwollaston,Conservative,"This @DailyMailUK hysteria is a thing to behold. It’s not going to block Brexit fgs, just make it a softer landing https://t.co/l4UHDRFiFw",maitlis,@DailyMailUK,2017-12
2017-12-13,lukepollard,Labour (Co-op),There is a real housing crisis in #plymouth and across the U.K. Tory claims that everything is ok is simply rubbish. https://t.co/b3abWQ6NuX,EmilyThornberry,,2017-12
2017-12-14,helengoodmanba,Labour,What is going on in this country? https://t.co/fT1uZMON7C,Sharonavraham,,2017-12
2017-12-14,dancardenmp,Labour,Petition: Call on PM to take action to build public trust in the Grenfell Tower Inquiry https://t.co/bJCLc7Ui6R,SheilaColeman96,,2017-12
2017-12-14,acunninghammp,Labour,Labour reveals “shocking” impact of cold snap with 27% increase in patients stuck in ambulances for over an hour https://t.co/7EGytQKCzK,labourpress,,2017-12
2017-12-14,sharonhodgsonmp,Labour,Govt apologises to Nick Dobrik - who feels his name was used incorrectly to endorse Primodos inquiry.,JasonFarrellSky,,2017-12
2017-12-14,ruthcadbury,Labour,"To all constituents: Festive evening at St Paul’s Rec, St. Paul’s Road, Brentford from 6.30pm to 7.30pm. Next to Morrisons Brentford car park. With performances by St Paul’s Primary School, Mad About Gospel Choir and The
Brentford Brass Quintet.",,,2017-12
2017-12-14,joplattleigh,Labour (Co-op),We're all ready for our Christmas dinner! @MrsRoberts0814 @PaulaWakefield2 @JoPlattMP @GrundyMavis @littlelegend5 https://t.co/2kGkodVpwW,BeehiveLindale,"@MrsRoberts0814, @PaulaWakefield2, @JoPlattMP, @GrundyMavis, @littlelegend5",2017-12
2017-12-14,leodochertyuk,Conservative,@lewii @SW_Railway To contact me please email leo.docherty.mp@parliament.uk,lewii,"@lewii, @SW_Railway, @parliament.uk",2017-12
2017-12-14,kerrymp,Labour,On my way to EUExit Qs. I suspect it might be interesting today...,,,2017-12
2017-12-14,mikeamesburymp,Labour,Employment Tribunal cases up 66% in the first quarter since our legal victory over Tribunal Fees - a massive victory for all working people that's already paying off https://t.co/fcP6rlI4pr,DavePrentis,,2017-12
2017-12-14,awmurrison,Conservative,"Flu permitting, will lead debate today on justice for victims of #Semtex, Gaddafi &amp; Libyan state sponsored IRA terrorism. @CommonsNIAC",,@CommonsNIAC,2017-12
2017-12-14,thangammp,Labour,Cc @iainoverton thanks for suggestion https://t.co/osMCXZSRRK,APPGRefugees,@iainoverton,2017-12
2017-12-14,geraldjoneslab,Labour,"The community event held @UpperRhymney and organised by @SaferCaerphilly was a huge success.  A massive thank you to our parents/carers, residents and partner agencies.  Also, wonderful support from our elected officials @GeraldJonesLAB @Dawn_Bowden @ElunedStenner @JeffCuthbert https://t.co/sktsNaEhmc",UrypPenrose,"@UpperRhymney, @SaferCaerphilly, @GeraldJonesLAB, @Dawn_Bowden, @ElunedStenner, @JeffCuthbert",2017-12
2017-12-14,jessphillips,Labour,"Make access to abortion easier, UK's top gynaecologist demands https://t.co/7tsK4mFBcm",Abortion_Rights,,2017-12
2017-12-14,jreynoldsmp,Labour (Co-op),@NeilMerriman @Tameside_Tories Exactly Neil. MPs need to represent all their constituents. We’re leaving the EU but we need the best possible terms. That’s why so many former Tory voters swapped sides in 2017,NeilMerriman,"@NeilMerriman, @Tameside_Tories",2017-12
2017-12-14,petergrantmp,Scottish National Party,Thank you to @ChukaUmunna @CarolineLucas @thomasbrake and @StephenGethins for joining @Open_Britain volunteers outside parliament yesterday and for voting #yesto7 for parliamentary sovereignty. https://t.co/Mr4Jbq7smy,DPGwyther,"@ChukaUmunna, @CarolineLucas, @thomasbrake, @StephenGethins, @Open_Britain",2017-12
2017-12-14,rblackmanwoods,Labour,"Instead of Christmas cheer, an additional 40,000 children will be facing hunger, poverty and eviction this year because of Universal Credit.

Take a stand – sign this: https://t.co/RxzQgFUtoW
#FixUniversalCredit https://t.co/XcLZ1QGvAr",UKLabour,,2017-12
2017-12-14,ronniecowan,Scottish National Party,Daily Mail tones it down for Scotland perhaps recognising the vote... https://t.co/U1V6jq6zXi,holyroodmandy,,2017-12
2017-12-14,danielzeichner,Labour,Asked the Brexit Minister to reassure both patients and medicines developers about regulation and pricing post-Brexit – he couldn’t… https://t.co/5BJakb66SS,,,2017-12
2017-12-14,shabanamahmood,Labour,"@leedargue I voted FOR amendment 7 last night. My vote is correctly recorded, so not sure why you think I abstained??",leedargue,@leedargue,2017-12
2017-12-14,skinnock,Labour,Brexiteers criticising the likes of @Anna_Soubry &amp; @S_Hammond for disobeying their whip yesterday is laughable @DavidDavisMP voted 101 times against the whip @bernardjenkin 101 times @Jacob_Rees_Mogg 113 times. I cld go on. Seems that noble rebellion is in the eye of the beholder https://t.co/WTyty3QCNk,,"@Anna_Soubry, @S_Hammond, @DavidDavisMP, @bernardjenkin, @Jacob_Rees_Mogg",2017-12
2017-12-14,pauljsweeney,Labour (Co-op),#WASPI Well said Fiona Onasanya. Meet women every day who weren't notified. Opted out for occupational pension therefore SPA WAS expected!!,waspigl1,,2017-12
2017-12-14,alisonthewliss,Scottish National Party,@waspigl1 @WASPI_Campaign You need to send me one of those!,waspigl1,"@waspigl1, @WASPI_Campaign",2017-12
2017-12-14,stephenmorganmp,Labour,Your class get to be the MPs 💁🏻‍♀️🙋🏾‍♂️ and make the laws 📜with one of @UKParlEducation's loan boxes 📦 Order yours for spring/summer 2018 now https://t.co/nG84ljiGRq https://t.co/L7iyXKJqBr,YourUKParl,@UKParlEducation's,2017-12
2017-12-14,albertocostamp,Conservative,Don’t forget to shop local this weekend - it really does make a difference #SantaLovesLutterworth https://t.co/5o48f9BXIl,LuttShopper,,2017-12
2017-12-14,siobhain_mc,Labour,Glad you enjoyed it! What an exciting night to be @UKParliament https://t.co/vIUaiD8bRE,CarolineRapu,@UKParliament,2017-12
2017-12-14,martinjdocherty,Scottish National Party,Dodgy #Tories just in case you need reminding!!! Democracy for sale... https://t.co/m8Dgkwe226,AdamRamsay,,2017-12
2017-12-14,cmackinlay,Conservative,Well done Janet and the Project Motorhouse team. @PMHRamsgate https://t.co/qJ7vXIGVmz,IsleThanetNews,@PMHRamsgate,2017-12
2017-12-14,justinegreening,Conservative,.@JustineGreening #socialmobility2017 action plan emphasises need for higher skills -important the National Retraining Scheme is designed with small businesses in mind to ensure they stand to benefit by greater access to skills @educationgovuk https://t.co/m2VeI8MeSW https://t.co/u86tuu2rpg,fsb_policy,"@JustineGreening, @educationgovuk",2017-12
2017-12-14,neill_bob,Conservative,Correct. https://t.co/ybUxCIb0J5,DPJHodges,,2017-12
2017-12-14,wesstreeting,Labour,I'm confused @NadineDorries so help me out: is deselection a good thing or a bad thing? 🤷🏻‍♂️ https://t.co/25qFIARosK,tomcopley,@NadineDorries,2017-12
2017-12-14,bernardjenkin,Conservative,"When Momentum have had their views endorsed by 52% in a referendum, I’ll agree you have a point https://t.co/pD7gsheWfk",montie,,2017-12
2017-12-14,petergrantmp,Scottish National Party,"Tory Brexiteer Sir Edward Leigh has a knack for really getting to the big questions.

How much of the EU’s official stock of wine do we get?

#TakeBackBordeaux",,,2017-12
2017-12-14,thangammp,Labour,"But tonight, by working hard with colleagues across the House, Labour helped to take the Grieve Amendment over the line to secure a meaningful vote for Parliament on the Brexit deal. That's the vote which mattered today as it gives P'ment a veto on a bad deal",,,2017-12
2017-12-14,alisonthewliss,Scottish National Party,"FM: ""I can tell the Chamber today that 70 per cent of taxpayers in Scotland will pay no more Income Tax than they do now."" #FMQs",theSNP,,2017-12
2017-12-14,hammersmithandy,Labour,"53 adults, 18 children 💚
#GrenfellTower

https://t.co/0lM54Cvw07 https://t.co/vJAhXktYRe",BBCNews,,2017-12
2017-12-14,angusmacneilsnp,Scottish National Party,5 to 7 yrs now https://t.co/4SOYgi30DZ,drewhendrySNP,,2017-12
2017-12-14,fiona_onasanya,Labour,"A huge WASPI thank you @grahamemorris for your steadfast support, and to every MP who spoke in today's debate. Despite @GuyOpperman inadequate response, our fight for justice will continue #NotGoingAway 🐝🐝🐝🐝",WASPI_Campaign,"@grahamemorris, @GuyOpperman",2017-12
2017-12-14,davidcrausby,Labour,In the @TheBoltonNews today: I support tougher sentences for animal cruelty. I hope local residents will take part in a consultation on proposals to raise the maximum sentence from 6 months to five years https://t.co/e7dMrZb9K1,,@TheBoltonNews,2017-12
2017-12-14,dkshrewsbury,Conservative,After asking @BBC for Shrewsbury backdrop to be created in studio for national and international interviews they have come up with this! Thank you! Now people watching can begin to appreciate how beautiful our town is! Daniel https://t.co/ugz8jV0VP6,,@BBC,2017-12
2017-12-14,laylamoran,Liberal Democrat,I've just asked @DavidDavisMP why he doesn't trust the people to take back control by being given a choice between accepting the final deal or staying in the EU. #ExitFromBrexit https://t.co/XlnXlDwh2X,,@DavidDavisMP,2017-12
2017-12-14,ianmurraymp,Labour,I shall shortly be submitting this letter to the Home Secretary requesting that all of the 480 unaccompanied child refugees eligible under my Amendment be welcomed to the UK before Christmas. https://t.co/q37VXOk2LE,AlfDubs,,2017-12
2017-12-14,debbie_abrahams,Labour,"Primary schools with washing machines to wash children's uniforms, where teachers charge parents phones who have no electricity, and give coats, shoes and food to their pupils. The GP who is treating kids for rickets. This is the poverty we have found in the North West in 2017. https://t.co/Onu1C01JWw",DanielHewittITV,,2017-12
2017-12-14,mariamilleruk,Conservative,Guidance published by today makes clear schools' responsibility to ensure children can learn in an environment free from sexual harassment https://t.co/gnyhF7DBK6,Commonswomequ,,2017-12
2017-12-14,hughgaffneyccb,Labour,"Empty words from the Minister. Surprise, Surprise as Cilla would say. #WASPI https://t.co/xvby1b3cHz",WASPI_Campaign,,2017-12
2017-12-14,mimsdavies,Conservative,"Yesterday-difficult day for my party but we are a broad group of talents,a mix of great people &amp; must listen with tolerance, patience &amp; work together.Last nights result won’t stop Brexit. ‘For myself I am an optimist-it does not seem to be much use being anything else’ Churchill",,,2017-12
2017-12-14,onnmel,Labour,Parliamentary Questions I recently received answers from Ministers on #Autism and Work Capability Assessments - reactions welcome. Cc @Autism https://t.co/9DujiLQZm3,ThangamMP,@Autism,2017-12
2017-12-14,bambos_mp,Labour,Proud to be supporting the @UK_Feminista &amp; @NEUnion report “it’s just everywhere” into #sexisminschools We need to challenge sexist behaviour at an early age in schools! https://t.co/z8i1zHxcp8,UK_Feminista,"@UK_Feminista, @NEUnion",2017-12
2017-12-14,emmahardymp,Labour,"Hull MP @DianaJohnsonMP calls for Parly debate on homelessness. Says Hull City Council has stopped 5,000 people becoming homeless - but rough sleeping has still risen by 75%",bypatrickdaly,@DianaJohnsonMP,2017-12
2017-12-14,dougchapmansnp,Scottish National Party,"@scripture36 @joannaccherry Struggling to see where a basic rate promise has been broken...anyone in Scotland earning less than £33k will pay LESS tax. Lowest in UK. Anyone in public services and earns under £30k will also receive a 3% rise, smashing the UK’s 1% pay cap. Me ?- happy to pay 1% more in tax.",scripture36,"@scripture36, @joannaccherry",2017-12
2017-12-14,rhonddabryant,Labour,Intolerance knows no bounds. I'm shocked by this. https://t.co/Axl5HVEu5i,montie,,2017-12
2017-12-14,kategreensu,Labour,"Really interesting discussion with @KateGreenSU this evening at our Labour Movement for Europe event this evening. 

Thanks so much to @AM_HC for organising! https://t.co/Q3NDMBPGnJ",manclabstudents,"@KateGreenSU, @AM_HC",2017-12
2017-12-14,alexsobel,Labour (Co-op),Delighted to be an Ambassador for @breastcancernow to champion breast cancer issues in my constituency and in parliament,,@breastcancernow,2017-12
2017-12-14,georgefreemanmp,Conservative,".@Freeman_George: ""If we get it right, we will be able to tell our grandchildren, ‘[We were] there for one of the most exciting decades in our history. But if we get it wrong, I fear we’ll become an isolated old people’s home off the coast of Europe“ 

https://t.co/4tZYLp6ZOW",SebastianEPayne,@Freeman_George:,2017-12
2017-12-14,deidrebrock,Scottish National Party,70% uplift in funding for business research and development #ScotBudget https://t.co/HxhW7eXVai,scotgov,,2017-12
2017-12-14,jonashworth,Labour (Co-op),Major NHS hospital trust turns away patients from A&amp;E 13 times last week https://t.co/gUL3JW5Tpm,SocietyGuardian,,2017-12
2017-12-14,lordwalney,Labour,@amyfentonNWEM Will happily do that tomorrow if helpful,amyfentonjourno,@amyfentonNWEM,2017-12
2017-12-14,wesstreeting,Labour,Wonderful to celebrate #Chanukah with Clore Tikva Primary School this afternoon! Chag Sameach! https://t.co/EFwaLtUEjZ,,,2017-12
2017-12-14,thangammp,Labour,Huge respect and thanks to Conservatives MPs who put country ahead of party and voted tonight to ensure Parliament has a say on #Brexit. And well done to everybody who lobbied so hard to make sure this happened. @BestForBritain @Open_Britain,ClareMoodySW,"@BestForBritain, @Open_Britain",2017-12
2017-12-14,justinegreening,Conservative,"'Social mobility is easy to talk about but hard to enact, fashionable to mention, fickle to secure': here's why I think today's DfE plan could be a game-changer @tes: https://t.co/hrlYhznBWV https://t.co/kjb0LhqZqQ",RealGeoffBarton,@tes:,2017-12
2017-12-14,edvaizey,Conservative,Cross-party group of more than 70 MPs and peers urge @sajidjavid  to seize “great opportunity” to save music venues by backing @spellar Ten Minute Rule Bill: https://t.co/qxrddCDQp4 https://t.co/kOXw0Uh0Ob,UK_Music,"@sajidjavid, @spellar",2017-12
2017-12-14,stewartmcdonald,Scottish National Party,DWP work capability assessments need to be based on dignity and respect says Glasgow MP https://t.co/A5lRuKIeN2,Glasgow_Times,,2017-12
2017-12-14,justinegreening,Conservative,2/2 @JustineGreening set out coherent “architecture” for policy (by age and place) and real personal leadership #socialmobility2017,andrewhaldenby,@JustineGreening,2017-12
2017-12-14,dianajohnsonmp,Labour,"With homelessness increasing, in Commons Business Questions I just raised the recent increase in rough sleeping in Hull. https://t.co/B3Oh3oD27P",,,2017-12
2017-12-14,rhonddabryant,Labour,My speech in today's WASPI debate https://t.co/59ohBfOEC0,,,2017-12
2017-12-14,derbychrisw,Labour,"Approximately 67,000 workers receiving UC are paid weekly. But the system is built to deal with monthly payments only, so those months like January where workers are paid for five weeks work will cancel the payment.",DerbyChrisW,,2017-12
2017-12-14,vickyford,Conservative,"Today I’m in Chelmsford visiting 
English4Women project at @ymca @ymcaessex with @CCathedral then hospital radio @hr_chelmsford 
then @Rotary Christmas lunch then @mencap_charity fundraiser 🎄🎄🎄#busyday",,"@ymca, @ymcaessex, @CCathedral, @hr_chelmsford, @Rotary, @mencap_charity",2017-12
2017-12-14,huddlestonnigel,Conservative,"In October, Prime Minister Theresa May announced an extra £2bn to go towards affordable housing - this could fund 25,000 homes for social rent by 2021 #bbcqt https://t.co/9WitH9GKwS https://t.co/UkamVaq5kd",bbcquestiontime,,2017-12
2017-12-14,nigeldoddsdup,Democratic Unionist Party,Pot. Kettle. Black. https://t.co/a8Sm3Rnz2l,PhillipBrett21,,2017-12
2017-12-14,john2win,Conservative,I was honoured to be able to pay tribute in @HouseofCommons to Elaine Monro and the @CR_UK team in Selkirk and @lochcarronscot for the production of their wonderful new tartan scarf. A great team for an amazing cause. @CRUKScotland @andrealeadsom https://t.co/D4tjywvb6g,,"@HouseofCommons, @CR_UK, @lochcarronscot, @CRUKScotland, @andrealeadsom",2017-12
2017-12-14,nsoames,Conservative,"It's another Drum Horse behind door 14! Adamas is the Drum Horse of The Life Guards and led the band on this year's Lord Mayor's Show. Adamas will spend his Christmas with Mercury enjoying his time in open fields!
There's still one Drum Horse left behind one of these doors... https://t.co/TP8UtxNXtx",BandHCav,,2017-12
2017-12-14,jackiedp,Conservative,Great to meet with @OrinLewisOBE and @kmistryuk to plan how to raise awareness of #organdonation in black &amp; Asian communities https://t.co/umtdkPRIo5,,"@OrinLewisOBE, @kmistryuk",2017-12
2017-12-14,emmahardymp,Labour,About time the importance of Oracy was recognised. But it should be throughout all years in education too. https://t.co/jZMseCgvwy,tes,,2017-12
2017-12-14,cskidmoreuk,Conservative,Yesterday I debated legislation to allow our voter ID pilots for elections in May 2018 to take place in mayoral authorities of Tower Hamlets and Watford. Read my contribution here: https://t.co/XHfnZsabzr,,,2017-12
2017-12-14,sdoughtymp,Labour (Co-op),This is the moment - first real parliamentary setback for the Prime Minister https://t.co/VVCllWvWVH,bbclaurak,,2017-12
2017-12-14,danirowley,Labour,@Iwannaretire63 Great to meet you too - hope you got nice and warmed up after!,apprenticeOAP,@Iwannaretire63,2017-12
2017-12-14,bobblackman,Conservative,@24housing @londoncouncils @FayeGreavesCIH @ChrisBrillHL @HomelessLink @crisis_uk @jon_sparkes Perhaps you should speak to @LBSouthwark who are the first Council in London to implement the new duties #HomelessReductionAct,,"@24housing, @londoncouncils, @FayeGreavesCIH, @ChrisBrillHL, @HomelessLink, @crisis_uk, @jon_sparkes, @LBSouthwark",2017-12
2017-12-14,nadinedorries,Conservative,The real party was taking place in Corbyn’s office where the celebrations could be heard outside the building https://t.co/2k6Xpw8Eww,GuidoFawkes,,2017-12
2017-12-14,y_fovarguemp,Labour,I am not a scientist but if ever there was a report that reads as if the conclusion was written and then the evidence fitted round it then this is it #Primodos,,,2017-12
2017-12-14,karlturnermp,Labour,MPs debated women's pension provision today. We're proud to support the @WASPI_Campaign for a fair transitional arrangement. Watch the debate  on Parliament TV https://t.co/WhPl7Efo5F #WASPI,unisontheunion,@WASPI_Campaign,2017-12
2017-12-14,benpbradshaw,Labour,@CllrSutton @laidmanr @exeterlabour @MatthewVizard That’s right Rachel and before then had always been Tory for as long as I can remember,CllrSutton,"@CllrSutton, @laidmanr, @exeterlabour, @MatthewVizard",2017-12
2017-12-14,anna_soubry,Conservative,Takes one to know one. I’ve only done 7 years. At 53 he’s been one for more than half his life! https://t.co/RKiNA1UuhO,Nigel_Farage,,2017-12
2017-12-14,kevinbrennanmp,Labour,well it's taken long enough but at last DCMS have agreed to publish the full Library taskforce dataset before Christmas (although it doesn't say 2017!) @CILIPinfo @GillFurnissMP https://t.co/moVEGCIQZu,,"@CILIPinfo, @GillFurnissMP",2017-12
2017-12-14,vickyford,Conservative,Hope you will visit @BritishSugar  too ..  @michaelgove was with them recently and @theresa_may has promised support for British farmers  @NFUtweets @NFUEastAnglia https://t.co/aHihYyq3xg,DExEUgov,"@BritishSugar, @michaelgove, @theresa_may, @NFUtweets, @NFUEastAnglia",2017-12
2017-12-14,pauljsweeney,Labour (Co-op),"Today @LabourRichard joined Scottish Labour activists, and trade unionists from across Scotland, to oppose austerity, support jobs and demand a fair deal for local councils. Scotland needs real change, not more cuts. Agree? Share 📢 #scotbudget #stopthecuts https://t.co/lP0NkI8WIV",ScottishLabour,@LabourRichard,2017-12
2017-12-14,normanlamb,Liberal Democrat,"@normanlamb is quite right to raise this issue! 
#mentalhealth #Norfolk https://t.co/zw56o2ZDBI",JVPRimage,@normanlamb,2017-12
2017-12-14,johnmcdonnellmp,Labour,"It is so sad to hear that Errol Smalley has passed away. Errol was the Uncle of Paul Hill of the Guildford 4 and with immense courage drove the campaign to prove their innocence and secure their release. A brave, kind and principled human being I was proud to call a friend.",,,2017-12
2017-12-14,petergrantmp,Scottish National Party,"Tories seem really upset that 80% of Basic Rate Taxpayers to pay less next year in Scotland, making it the fairest part of the UK. #ScotBudget",rosscolquhoun,,2017-12
2017-12-14,karenpbuckmp,Labour,@doelawel @CityWestHomes @jonathancowie Just emailed for more information.,doelawel,"@doelawel, @CityWestHomes, @jonathancowie",2017-12
2017-12-14,drlisacameronmp,Scottish National Party,Incredible support for #LucysLaw from @DrLisaCameronMP &amp; @ZacGoldsmith thank you so much :) #wheresmum #adopt @michaelgove @carriesymonds https://t.co/W2hNDXjgFe,pupaid,"@DrLisaCameronMP, @ZacGoldsmith, @michaelgove, @carriesymonds",2017-12
2017-12-14,nsoames,Conservative,@wardenpark #thankhimfromme,wardenpark,@wardenpark,2017-12
2017-12-14,redditchrachel,Conservative,.@theresa_may : A good quality education opens the door to the future for young people. https://t.co/KPCb74hPfT,Conservatives,@theresa_may,2017-12
2017-12-14,halfon4harlowmp,Conservative,"Rob Halfon agrees w/ Alan Milburn that Brexit has ""taken over everything"" in gvt +it's ""incredibly sad"". Halfon demands new No 10 social justice commission that incorporates cross-party talent &amp; voluntary sector to assess impact of every domestic policy.  @jrf_uk #solveUKpoverty",LOS_Fisher,@jrf_uk,2017-12
2017-12-14,thangammp,Labour,We love music in Bristol we do! https://t.co/VKtDNgql5j,KerryMP,,2017-12
2017-12-14,davidlammy,Labour,"Only one fifth of Grenfell families have been rehoused. In the richest borough in the 6th richest country country in the world, for children who have been burnt of their homes to be spending Christmas in rooms in bed and breakfast hotels is a very, very low point for our society. https://t.co/sibv4zVFXH",,,2017-12
2017-12-14,lucympowell,Labour (Co-op),".@LucyMPowell ""we need greater clarity on spending &amp; investment for early years"" #socialmobility2017",reformthinktank,@LucyMPowell,2017-12
2017-12-14,georgefreemanmp,Conservative,Important FT piece on the future of Conservatism by @SebastianEPayne w thoughts from me &amp; @RuthDavidsonMSP @NickBoles @SamGyimah @KemiBadenoch @NeilDotObrien  on #ToryRenewal  @BigTentIdeas #BigTentIdeasFest  https://t.co/WvQycxVyae,,"@SebastianEPayne, @RuthDavidsonMSP, @NickBoles, @SamGyimah, @KemiBadenoch, @NeilDotObrien, @BigTentIdeas",2017-12
2017-12-14,neill_bob,Conservative,Probation watchdog chief blasts failure of ‘inexplicable’ Government reforms https://t.co/HuCKLmaHRM,politicshome,,2017-12
2017-12-14,cpjelmore,Labour,@CPJElmore Measured speech calling for legislative time to act on pensions for 1950s women,MGreenwoodWW,@CPJElmore,2017-12
2017-12-14,albertowen2020,Labour,@DeansOfCardiff Thoughts with Steffan and his family,DeansOfCardiff,@DeansOfCardiff,2017-12
2017-12-14,cpjelmore,Labour,"Truly sorry to hear @steffanlewis’ news. Worked as AM staffers at the same time. All my good wishes to you and your family Steffan. 
https://t.co/g1ZnFHxVJ6",,@steffanlewis’,2017-12
2017-12-14,neill_bob,Conservative,"""Are you proud of yourself?"" @Jo_Coburn 

""I think we did the right thing, yes, absolutely"" says @JDjanogly ""This is the the biggest decision we have taken since the war, Parliament should look at these issues""  #bbcdp #Brexit https://t.co/tjspgeakXf",daily_politics,"@Jo_Coburn, @JDjanogly",2017-12
2017-12-14,pauljsweeney,Labour (Co-op),@beezeypedro @scotgov Tories have cut taxes as well as public spending because they are predisposed to cutting the size of the state. The purpose of the Scottish Parliament is that it can reverse those tax changes if it wants. Your solution would also stop the £10Bn rUK revenue transfer to Scotland.,beezeypedro,"@beezeypedro, @scotgov",2017-12
2017-12-14,gwynnemp,Labour,"Tory MP Tim Loughton has just called on the Leader of the House for a debate on “the parlous state of children’s services”... yes, there’s a CRISIS.

Wonder if he’ll support @UKLabour’s amendment on Monday to switch bank levy tax cut to fund children’s services?",,@UKLabour’s,2017-12
2017-12-14,michael4mdnp,Conservative,"Commons leader @andrealeadsom today praised Mid Dorset and North Poole MP @Michael4MDNP for his work to support military veterans, and around the Armed Forces Covenant. ID cards for Britain’s 2.5 million veterans welcomed. https://t.co/4Zatlc8LK1 @Bournemouthecho @Dorsetecho https://t.co/Av1FOzkNxp",ToryPressSW,"@andrealeadsom, @Michael4MDNP, @Bournemouthecho, @Dorsetecho",2017-12
2017-12-14,mimsdavies,Conservative,"Considering getting your child a phone, tablet or laptop for #Christmas? See the following important advice from our @NCA_UK colleagues about keeping your children safe online and how to set security settings. https://t.co/rOKnLZKPBr",HantsPolice,@NCA_UK,2017-12
2017-12-14,pennymordaunt,Conservative,"They stand up for what's right.
They work to improve our world.
They're #NGOs. 

Proud to have fought for their access @UN &amp; to keep up a dialogue w/ them @UKUN_NewYork. Civil society has a rightful place at 38 on my #50WaysToSayGoodbye. https://t.co/5EsfFlbzSx",MatthewRycroft1,"@UN, @UKUN_NewYork.",2017-12
2017-12-14,karen_karenelee,Labour,Poorest school-leavers half as likely to attend university as their peers https://t.co/zMuB4qQk24,,,2017-12
2017-12-14,nicdakin55,Labour,A paper that has brazenly told untruths since the 1924 Zinoviev letter should not be trusted by anyone https://t.co/e6ws1kFju2,NicDakin55,,2017-12
2017-12-14,karen_karenelee,Labour,@CHEESETITS2011 If you have a genuine constituency enquiry please email helena.mair@parliament.uk or ring 01522 420057 Any further abusive comments will not be responded to.,CHEESETITS2011,"@CHEESETITS2011, @parliament.uk",2017-12
2017-12-14,jessphillips,Labour,"Theresa May faces government probe after claiming homelessness fell under Tories 
https://t.co/tO8sitqAAZ https://t.co/0J6vH4os6O",MirrorPolitics,,2017-12
2017-12-14,dr_philippaw,Scottish National Party,@Dr_PhilippaW It's unbelievable. They have no sense of practicality or logic. Well done for putting it forward.,Tighnacoille,@Dr_PhilippaW,2017-12
2017-12-14,cmackinlay,Conservative,Delighted to see SoS Liam Fox promoting the #Commonwealth. #Brexit opens the door. https://t.co/1H7rW1LhuC,RuthLeaEcon,,2017-12
2017-12-14,sajidjavid,Conservative,Holly did a great job. What talent! https://t.co/suT28IC7ne,mikeysmith,,2017-12
2017-12-14,davidedrew,Labour (Co-op),I added a video to a @YouTube playlist https://t.co/NX39GNbTPc The First Six Months: A Review,,@YouTube,2017-12
2017-12-14,sandyofipswich,Labour,@jimwaterson Is this the harbinger of a new flood of stories about bent bananas and British Sausages I wonder? One thing we really must learn from Brexit - and from the election of Trump - is that democratic societies cannot safely leave News in the hands of liars,,@jimwaterson,2017-12
2017-12-14,gwynnemp,Labour,And mine for people who travel thousands of miles to endorse a groper of young girls who also happens to be a racist homophobe. Time for a period of silence. https://t.co/5g1XS43nUI,Ed_Miliband,,2017-12
2017-12-14,rebeccaharrismp,Conservative,"U.K is the world’s most prepared country for A.I and high tech industries, delivering thousands of jobs and making Britain fit for the future https://t.co/gy7h8MFmhj",DominicRaab,,2017-12
2017-12-14,justinegreening,Conservative,"""If we can buy our way out of this problem we would have done so already. Instead, as a start, we can be more strategic with investment and target investment to more disadvantaged people and places."" @JustineGreening #socialmobility2017",reformthinktank,@JustineGreening,2017-12
2017-12-14,stephentwigg,Labour (Co-op),"A big thank you to Farmer Martin and all the staff at @CroxtethHall farm &amp; grotto. Nursery have had a wonderful, magical day! 🎅🏼🎄 #MerryXmas https://t.co/y4ojv2um0r",WellesbourneSch,@CroxtethHall,2017-12
2017-12-14,chrisstephens,Scottish National Party,Absolutely delighted that SNP controlled @GlasgowCC have voted to  stop the imposition of parking charges in #Govan ward. A great victory for community involvement,Bell45,@GlasgowCC,2017-12
2017-12-14,bimafolami,Conservative,Fantastic article from @JustineGreening on social mobility - completely agree https://t.co/hzbwD9lPSO,JustineGreening,@JustineGreening,2017-12
2017-12-14,bernardjenkin,Conservative,@stefanstern This is just another bit of #everydaysexism,stefanstern,@stefanstern,2017-12
2017-12-14,alancampbellmp,Labour,The age-old seafaring tradition of North Shields' life-size wooden dolls https://t.co/YiAywzfak3,TheJournalNews,,2017-12
2017-12-14,scullyp,Conservative,@ladyf67 @SW_Help @networkrail Many of the problems seem to stem from the Brighton mainline to which both of our routes connect...,scullyp,"@ladyf67, @SW_Help, @networkrail",2017-12
2017-12-14,y_fovarguemp,Labour,@fulster_janet @WASPI_Campaign @WIGMAKWASPI Hope your granddaughter is soon better,,"@fulster_janet, @WASPI_Campaign, @WIGMAKWASPI",2017-12
2017-12-14,stephenmorganmp,Labour,@JPrestonDiggles Already have :),JPrestonDiggles,@JPrestonDiggles,2017-12
2017-12-14,coyleneil,Labour,I just feel like the Mail should reflect British taxpayers' views occasionally. Fascist backing tax dodging losers: https://t.co/yNWDG7nKBU,,,2017-12
2017-12-14,jostevenslabour,Labour,Plus the special guest appearance @PDCOfficial by the brilliant @WelshLabour woman @ToniaAntoniazzi 🎯 https://t.co/zcaQ8HBltq,WalesOnline,"@PDCOfficial, @WelshLabour, @ToniaAntoniazzi",2017-12
2017-12-14,thangammp,Labour,"@gary_rae Well it was only 11, but wait till we get to the House of Lords-a-leapin’",KerryMP,@gary_rae,2017-12
2017-12-14,pennymordaunt,Conservative,"6 months ago our lives were turned upside down. We will be forever indebted to the community. We ask the nation to keep us in your thoughts today &amp; in the future. Today is about love, unity &amp; remembrance. 💚 #GrenfellTower #GrenfellNeverForget  #UnitedForGrenfell",GrenfellUnited,,2017-12
2017-12-14,realstephenkerr,Conservative,"Maximum gain for any taxpayer is £20 a year

https://t.co/OTc7c71Rv5",ProfTomkins,,2017-12
2017-12-14,stuart_mcdonald,Scottish National Party,"Asylum seekers who have been waiting more than 6 months for a decision on their case should be granted permission to work, says @Stuart_McDonald",APPGRefugees,@Stuart_McDonald,2017-12
2017-12-14,jojohnsonuk,Conservative,#RussellGroup responds to meeting yesterday with @JoJohnsonUK on senior university staff pay https://t.co/ZcEgtJqWly https://t.co/pzSp6EJ5mQ,RussellGroup,@JoJohnsonUK,2017-12
2017-12-14,hughgaffneyccb,Labour,"Both @LabourRichard and @elainesmithmsp raising individual cases at #FMQs, showing the human cost of austerity.",HigginsKieron,"@LabourRichard, @elainesmithmsp",2017-12
2017-12-14,hannahb4livimp,Scottish National Party,"📢 @Ivan_McKee: ""You really couldn’t make it up. A Tory UK government has cut Scotland’s budget and the Scottish Tories want to cut it further AND spend more."" #ScotBudget https://t.co/x1biSCPPxQ",theSNP,@Ivan_McKee:,2017-12
2017-12-14,geraldjoneslab,Labour,CANNOT WAIT to hear our children on Jagger &amp; Woody on the radio. I think I’m as excited as you &amp; the children Mrs George!🤩🤩🤩 https://t.co/qhwGcasxrm,fcwpa,,2017-12
2017-12-14,hugoswire,Conservative,Enjoyed meeting New Mexican ambassador @JulianVenturaV and discussing forthcoming presidential elections next year and current situation in UK. Mexico a great partner for UK.,,@JulianVenturaV,2017-12
2017-12-14,dr_philippaw,Scottish National Party,My constituency has already lost 2 @RBS branches so number of branches much higher than they claim. They took the bailout money but not interested in needs of older people who do not wish to use Digital banking! https://t.co/w8DkECTLgB,JennyGilruth,@RBS,2017-12
2017-12-14,rachaelmaskell,Labour (Co-op),"@RachaelMaskell Thank you for your support for #Waspi When will work done in the home, mainly by women be recognised? https://t.co/uOkWow2HHi",INorBY2020,@RachaelMaskell,2017-12
2017-12-14,halfon4harlowmp,Conservative,Our Supported Studies students have created this beautiful storage boxes and are selling them in Reception. All money raised with go to @hospicestclare We’ve also heard there's a Christmas hamper being raffled (ooo!) https://t.co/ubdO9DB8mK,HarlowCollege,@hospicestclare,2017-12
2017-12-14,alisonthewliss,Scottish National Party,@Carer49 It does. Never fail to be appalled by the testimony I hear through my casework.,Carer49,@Carer49,2017-12
2017-12-14,skinnock,Labour,Yes. We put our country first exerting British principles of democracy and free speech. You should try it sometime. https://t.co/qxZmOxE5MB,Anna_Soubry,,2017-12
2017-12-14,lukegrahamuk,Conservative,"Murdo Fraser up to respond to the budget for the Tories; he says ""you cannot trust a word"" the SNP say; they have ""broken promise"" about not putting tax up https://t.co/JeEz9zkoHc",BBCPhilipSim,,2017-12
2017-12-15,stevebakerhw,Conservative,Excited to see @Redkitehousing’s proposed designs for new homes of high quality and a variety of tenures in High Wycombe. Go for it! https://t.co/xPDqu1vRgi,,@Redkitehousing’s,2017-12
2017-12-15,seemakennedy,Conservative,"Really lovely discussion with @RachelReevesMP and @SeemaKennedy about the @JoCoxLoneliness findings today. 

Important findings matched by thoughtful and informative debate https://t.co/yc3INcEYEg",peterkyle,"@RachelReevesMP, @SeemaKennedy, @JoCoxLoneliness",2017-12
2017-12-15,steve_mccabe,Labour,Here's our Tess with @steve_mccabe and @woodthorpeji school at this morning's assembly on behalf of The Harvest Partnership and @LandsecGroup - presenting a certificate to the winner of Steve’s Christmas Card Competition: https://t.co/RUmGoRpRbD,GBW_PropertyPR,"@steve_mccabe, @woodthorpeji, @LandsecGroup",2017-12
2017-12-15,harrietharman,Labour,"We've asked @HumanRightsCtte in Parliament, chaired by @HarrietHarman, to recommend unified guidance on free speech that will ease the admin burden on student event organisers and allow challenging ideas to be heard on campuses https://t.co/18qX0xFVFf",HumanistStudent,"@HumanRightsCtte, @HarrietHarman,",2017-12
2017-12-15,stewartmcdonald,Scottish National Party,Advice surgeries in Kennishead and Castlemilk this morning then treating my staff team to a Christmas lunch. They do a great job all year round helping constituents and supporting my parliamentary work - I couldn't do it without them!,,,2017-12
2017-12-15,sandbach,Conservative,A footnote to last night’s #EUCO dinner: Theresa May so modest that she never thought to tell the UK team she had won rare applause from the other leaders (it’s just the 28 in the room). Took an hour for No10 aides to confirm story with her.,tnewtondunn,,2017-12
2017-12-15,nus_ghani,Conservative,Thank you to all of our volunteers for your hard work and dedication this year! Here's a little something we made just for you... https://t.co/ue4GSHzM0G,UKScouting,,2017-12
2017-12-15,hammersmithandy,Labour,Was a pleasure patrolling the Askew Ward this morning with @hammersmithandy as part of the #Walkthemet initiative. #teamaskew https://t.co/cFlvCCz2Tz,MPSAskew,@hammersmithandy,2017-12
2017-12-15,redditchrachel,Conservative,Fantastic visit to a traditional Redditch spring maker now fit for the future and supplying highly specified components for aerospace automotive medical and more. Great that MSP have agreed to be a #Redditchmentor also. https://t.co/5psGGVoWwW,,,2017-12
2017-12-15,rebeccaharrismp,Conservative,"Get involved in #LocalCharitiesDay on 15 December. @DCMS  show you how  to plan your support for local charities, both on and ahead of the day: https://t.co/kjCRgXThaq https://t.co/OFEc7MRdek",ChtyCommission,@DCMS,2017-12
2017-12-15,jeremylefroy,Conservative,Can you find 10 mins to nip in on someone more elderly or frail today? It could make a huge difference to their wellbeing #staywellthiswinter https://t.co/CbXut9dcFi,StaffordshireCC,,2017-12
2017-12-15,annaturley,Labour (Co-op),Too many people are lonely at Christmas. Taking a few mins to pop round &amp; share a mince pie with someone who might be lonely can brighten their Christmas &amp; make the world a less lonely place. #MincePieMoments https://t.co/f5NCpxRTae,RachelReevesMP,,2017-12
2017-12-15,sharonhodgsonmp,Labour,Team Hodgson's annual #ChristmasJumperDay picture for @save_children 🤶🎄 Faces change but cute Christmas jumpers remain 🎅🎁 https://t.co/s8ykF91SSz,,@save_children,2017-12
2017-12-15,fitz_xmp,Labour,"Great to go ""walkabout"" with @MPSPoplar and @MPSLimehouse officers Mick and George. They are highly regarded locally and clearly get results keeping us all as safe as they can. https://t.co/IbiOTKcXpO",,"@MPSPoplar, @MPSLimehouse",2017-12
2017-12-15,mattwarman,Conservative,@bikerrebel1 @GetBritainOut Obviously.,bikerrebel1,"@bikerrebel1, @GetBritainOut",2017-12
2017-12-15,niagriffithmp,Labour,At @YsgolyFelin &amp; @SwissValleyCP to give prizes for MP/AM Christmas card competition. Congrats to winners Hannah Suter &amp; Ella Evans + all the talented pupils who took part https://t.co/HQxPRRjD3X,,"@YsgolyFelin, @SwissValleyCP",2017-12
2017-12-15,georgefreemanmp,Conservative,Been speaking to OliverLetwin today to explore a compromise on the #BrexitDate which all of us with concerns can support. Delighted it looks like Oliver &amp; DominicGrieve &amp; @bernardjenkin have found Amendment wording we can all support. Look forward to putting my name to it on Mon. https://t.co/VT3B9x7KEX,faisalislam,@bernardjenkin,2017-12
2017-12-15,justinmadders,Labour,"Delighted to open the new day room, “Joan’s Lounge” in Ellesmere Port hospital today https://t.co/1cjTAkNTZy",,,2017-12
2017-12-15,philipdaviesuk,Conservative,"Corbyn: ""Kinder, gentler politics.""

I suppose after enough time with the IRA, bombs are considered a kind and gentle gift.

(This is why a Conservative Association had to cancel their dinner.) https://t.co/8Kw0i9TBda",AlastairJT,,2017-12
2017-12-15,stewartmcdonald,Scottish National Party,"£11,300 since he became an MP in June. https://t.co/BfyXNQIbGU",politicshome,,2017-12
2017-12-15,douglas4moray,Conservative,"Introducing the 12 Days of Moray Christmas! Today we officially launch the annual #Moray #Christmas campaign, with the video being projected onto St Giles Church in #Elgin from 4pm today. Thank you to all involved: https://t.co/tO4SVDOmJD @morayeconomy @TheMorayCouncil #MyMoray https://t.co/sladLMnFso",MyMoray,"@morayeconomy, @TheMorayCouncil",2017-12
2017-12-15,chukaumunna,Labour,Fantastic afternoon spent celebrating the 10th Anniversary of Gracefield Gardens health centre with @MayorLBLambeth and staff. They do a phenomenal job in impossible circumstances. Here’s to another 10 years! https://t.co/SfetHGrJQH,,@MayorLBLambeth,2017-12
2017-12-15,grahamemorris,Labour,There are too many examples of ordinary decent people suffering through no fault of their own as a result of this Tory Government’s decision to plough ahead with #UniversalCredit even though it’s clearly failing. https://t.co/j2Bc3QySc5,jeremycorbyn,,2017-12
2017-12-15,geraintdaviesmp,Labour (Co-op),"The equalisation for pension age for the #Waspi women isn't equal &amp; isn't fair &amp; many of my constituents, &amp; people across the UK, are suffering https://t.co/Gv42SYtzO7",GeraintDaviesMP,,2017-12
2017-12-15,liambyrnemp,Labour,Please share! https://t.co/JKuUPODFln,,,2017-12
2017-12-15,bimafolami,Conservative,This sort of modesty is rare amongst politicians! https://t.co/r9I08hWddy,tnewtondunn,,2017-12
2017-12-15,ruthcadbury,Labour,"Everyone needs somewhere warm to sleep, especially in winter. I support the @MayorofLondon’s campaign to #HelpRoughSleepers, you can show your support too [https://t.co/whMxi1rd4r]",,@MayorofLondon’s,2017-12
2017-12-15,fabianleedsne,Labour,"Tories quietly publish details of the crunch meetings with the DUP that are keeping Theresa May in power

https://t.co/kqds1xvLso https://t.co/1vm6Sux2ws",MirrorPolitics,,2017-12
2017-12-15,carolinelucas,Green Party,MPs want to change the world. So why can’t we do so when it comes to our own money?  My piece in @TheStaggers https://t.co/3ZHHXAJCHo,,@TheStaggers,2017-12
2017-12-15,neilgraysnp,Scottish National Party,"Tories seem really upset that 80% of Basic Rate Taxpayers to pay less next year in Scotland, making it the fairest part of the UK. #ScotBudget",rosscolquhoun,,2017-12
2017-12-15,ronniecowan,Scottish National Party,Good news - we will be HIRING. Exciting new jobs coming up at @UofGInfoStudies   - details to follow very soon.,lornamhughes,@UofGInfoStudies,2017-12
2017-12-15,richardburgon,Labour,"In this week’s video we look at a humiliating defeat for Theresa May, the need for Justice for Grenfell, and the Conservative's outrageous refusal to promise that more children won’t be without a home by next Christmas. https://t.co/i3HKFwkR5k",,,2017-12
2017-12-15,onnmel,Labour,Nominations for the Fishing News Awards 2018 are now open in categories across the full range of commercial fishing – nominate your candidates now! #FishingNewsAwards https://t.co/RVOXj3n0i1 https://t.co/A58C4Lztph,YourFishingNews,,2017-12
2017-12-15,redditchrachel,Conservative,"Labour faces wipeout in large numbers of seats which voted determinedly to leave the EU, if last night's voting trends continue. Any more messing around in an attempt to cripple our Brexit negotiators could spell electoral disaster.",frankfieldteam,,2017-12
2017-12-15,timloughton,Conservative,UK retains number one spot in the world for financial services exports - we export more than the US and Switzerland combined - good news for our economy https://t.co/4N8BiZNxqQ,CCHQPress,,2017-12
2017-12-15,pauljsweeney,Labour (Co-op),"As ever, @UnisonDave lays it on a plate - £135 million of cuts on top of the £545 million local government needed 'to stand still'. The SNP has chosen austerity over investment. Public service workers will pay the price https://t.co/9vBzjRGmYx",BrianFrancisRoy,@UnisonDave,2017-12
2017-12-15,edvaizey,Conservative,Here is the statement; released by Dominic Grieve on behalf of the rebels https://t.co/NrRaEOqqKd,BethRigby,,2017-12
2017-12-15,jreynoldsmp,Labour (Co-op),Narrator: Neither turned out to be the cure for arthritis https://t.co/kPbxvQSBzC,thhamilton,,2017-12
2017-12-15,victoriaprentis,Conservative,Good to hear that EU leaders have agreed to move on to the second phase of Brexit talks. https://t.co/ymO3Amzjyy,,,2017-12
2017-12-15,dianajohnsonmp,Labour,"Gene therapy hope for haemophilia cure 

https://t.co/BjEiyuAd1L",,,2017-12
2017-12-15,neill_bob,Conservative,"Brexiteer @DanielJHannan, in a significant reversal, recommends U.K. join the Schengen zone. https://t.co/Mn1kIw6m2n",nick_appleyard,"@DanielJHannan,",2017-12
2017-12-15,walkerworcester,Conservative,Today is an important step on the road to delivering a smooth and orderly Brexit and forging our deep and special future partnership. https://t.co/aqDlhxbn3s,10DowningStreet,,2017-12
2017-12-15,normanlamb,Liberal Democrat,"@normanlamb @EeroTeppo @CochraneUK @JustTreatmentUK @C0PE @SideviewLiz @deb_cohen @HealthWatchUK @sile_lane @bengoldacre @darrenpjones @jsross119 @MHRAgovuk We just published a study with Transparency International. TI called for govts to take action to solve this - explicitly mentioning ethics-based audits as a solution. 
Read the shaded boxes here:
https://t.co/JKxj2gdQAF https://t.co/d7WLF9TloX",TranspariMED,"@normanlamb, @EeroTeppo, @CochraneUK, @JustTreatmentUK, @C0PE, @SideviewLiz, @deb_cohen, @HealthWatchUK, @sile_lane, @bengoldacre, @darrenpjones, @jsross119, @MHRAgovuk",2017-12
2017-12-15,angusmacneilsnp,Scottish National Party,"A decent society needs payed for by those who can afford it, so I for one am happy to contribute higher tax in Scotland for schools, hospitals, universities, nurseries, jobs, infrastructure, a fair welfare state. So government: just use our money for good purposes",NeilMackay,,2017-12
2017-12-15,stuartandrew,Conservative,Busy but great day. Started with a brilliant performance by #Guiseley Primary School doing the Christmas Carol followed by surgery on a very cold #Pudsey market. Then met the 'old' gang from Martin House Hospice after which I had a meeting with Guiseley &amp; #Yeadon Medical Centre. https://t.co/aFO48y7BWW,,,2017-12
2017-12-15,albertowen2020,Labour,"Diwrnod prysur yn yr etholaeth. Taith o gwmpas ein Hynys yn cychwyn gydag ymweliad â’n ‘Posties’ gwych. Cofiwch, heddiw ydi Diwrnod Jympyrs ‘Dolig. https://t.co/ng9f4oBEXJ",,,2017-12
2017-12-15,alison_mcgovern,Labour,"Yet again Brexit portrayed as working class and northern. Rather than, say, the comfortable, home counties Brexity-types. https://t.co/Vg9HsxOlEK",duncanrobinson,,2017-12
2017-12-15,lukepollard,Labour (Co-op),Great discussion this morning with @thembauk @SAHFOS about how we can build on #plymouth being a centre of excellence for marine research. Potential for our city is huge! https://t.co/9Ivd8vQcIa,thembauk,"@thembauk, @SAHFOS",2017-12
2017-12-15,nsoames,Conservative,@NSoames the story of the brother of Meet the Legend who appears at #Cheltenhamraces tomorrow at 1:20PM https://t.co/LqoQWBMb9r,HenryCPorter,@NSoames,2017-12
2017-12-15,borisjohnson,Conservative,Fantastic suggestion from Hillingdon’s Conservative Council. Uxbridge Police Station is an asset to the community and it should stay open https://t.co/7MV8IzQW5L,,,2017-12
2017-12-15,steve_mccabe,Labour,It was also great to visit @DEPschool's Christmas market today and award Ronnie Mason his runners up prize in my Christmas Card Competition for his fantastic design. Well done Ronnie and enjoy your trip to @dudleyzoo ! https://t.co/4Qbcg3Lz4s,,"@DEPschool's, @dudleyzoo",2017-12
2017-12-15,neilgraysnp,Scottish National Party,Lifting 1% pay cap for public sector workers #ScotBudget https://t.co/UV3B8Ttgjg,scotgov,,2017-12
2017-12-15,ianmurraymp,Labour,The Scottish Greens seem be ignoring that Cosla warned they needed an additional £545m to maintain services. https://t.co/4OTZMS7OAv,HigginsKieron,,2017-12
2017-12-15,alisonthewliss,Scottish National Party,@AnnaLangside @nextbikeUK @swcw24 @GlasgowCC Bits at the Shields Rd end and the bridge end had been gritted. The rest didn't look like it had.,AnnaLangside,"@AnnaLangside, @nextbikeUK, @swcw24, @GlasgowCC",2017-12
2017-12-15,jostevenslabour,Labour,"This week we have received over 📱1,700 emergency calls and 📱5,500 non-emergency calls.

If you have a quick question why not message us on this page, members of our Public Service Centre will get back to you and be able to assist you

https://t.co/DQDIHBaVzA",swpolice,,2017-12
2017-12-15,kitmalthouse,Conservative,We can’t tackle loneliness alone. Read our report from 13 leading organisations on how we can work together to create a society less lonely: https://t.co/nwBhNtCNzU https://t.co/8sr4k7HqDO,JoCoxLoneliness,,2017-12
2017-12-15,rachelreevesmp,Labour,We need to talk about loneliness this Christmas. It shouldn’t be hidden behind closed doors. I’ll be sharing #MincePieMoments this Christmas. Who will you reach out to? https://t.co/r9JTZT7O50,stephenfry,,2017-12
2017-12-15,nadams,Conservative,"You know that @Conservatives Association dinner at the National Coal Miners Museum that had to be cancelled for security?

Want to know what the security issue was? 

#LabourParty activist Peter Ward threatened the event with a bomb #KinderGentlerPolitics

#Labourfail #Labourhate https://t.co/LAeBaCFqjd",freespirited_p,@Conservatives,2017-12
2017-12-15,alison_mcgovern,Labour,Wondering about homelessness? Here’s the prediction from 2012. No sh*t. https://t.co/44HRT6lTXz,JenWilliamsMEN,,2017-12
2017-12-15,willquince,Conservative,A useful visit to Essex County Council in Colchester this morning to visit the teams handling all the calls coming into the Council on a range of issues. It also happens to be #christmasjumperday2017 @Essex_CC https://t.co/aKf24uAG6p,,@Essex_CC,2017-12
2017-12-15,rorystewartuk,Conservative,@robertcraigCHF :),robertcraigCHF,@robertcraigCHF,2017-12
2017-12-15,catherinewest1,Labour,"One of most inspiring, entertaining and humbling interviews I've done in 25 years of journalism. Thanks for speaking to us @AngelaRayner https://t.co/PlPMLRpBlF",JBeattieMirror,@AngelaRayner,2017-12
2017-12-15,barrysheerman,Labour (Co-op),Many issues that really matter to the lives of my constituents such as the apprentice training I raised with PM neglected for Brexit @BBCNews,,@BBCNews,2017-12
2017-12-15,edvaizey,Conservative,New amendment to EU Withdrawal Bill demonstrates how all @Conservatives MPs can work together to deliver best EU exit for the UK &amp; our constituents &amp; I will support it.  Amendment reflects Art 50 notice provisions &amp; emphasises that Parliament will be fully involved in Brexit.,NickyMorgan01,@Conservatives,2017-12
2017-12-15,abridgen,Conservative,I have contacted the County Council regarding the gritting in the District and fully understand the concerns that have been expressed.,,,2017-12
2017-12-15,zacgoldsmith,Conservative,Absolute pleasure. Thanks for all you do for the Borough https://t.co/4cQEOv4Fhj,MPSRichmond,,2017-12
2017-12-15,nicdakin55,Labour,"The civil war in #SouthSudan began 4 years ago today. Now 1 in 3 South Sudanese have fled their homes &amp; over half the population are severely food insecure. Our letter to the Foreign Sec, signed by 32 MPs &amp; Peers ↓ https://t.co/rFSChZsD89",APPGSudans,,2017-12
2017-12-15,sandbach,Conservative,"@Sandbach As a Davenham resident I am proud of your principled stance.  It’s simple not good enough to say ‘you lost, get over it’.  This is a monumental, once in a lifetime change which absolutely demands proper scrutiny.  I might even vote for you next time!",jaydubelyou,@Sandbach,2017-12
2017-12-15,heidi_ldn,Labour,Lovely crowd. Great food. Thanks for having me @patmcfaddenmp @Eleanor_SmithMP (&amp; get well soon @EmmaReynoldsMP!) https://t.co/YHMtxRPuWN,patmcfaddenmp,"@patmcfaddenmp, @Eleanor_SmithMP, @EmmaReynoldsMP!)",2017-12
2017-12-15,georgefreemanmp,Conservative,"If you voted Remain and worry we're going to leave without a deal, this should reassure you https://t.co/TNyVfUjeqp",GavinBarwell,,2017-12
2017-12-15,nicdakin55,Labour,My Parliamentary Assistant Lawrence is moving on to the bright lights of Canada. He has been coming into the... https://t.co/wsYaUZjZi1,,,2017-12
2017-12-15,andrewrosindell,Conservative,Great to bring a short message to the carol singers round the Christmas Tree at Margaret Thatcher House Romford @AndrewRosindell. Excellent music by Romford RBL Band. Joining the cries of Christ against injustice @CottrellStephen,DavidHagueCoGS,"@AndrewRosindell., @CottrellStephen",2017-12
2017-12-15,nickherbertcbe,Conservative,"The temptation of Adam and Eve - one of many amazing C12th wall paintings in St Botolphs Church, Hardham, West Sussex https://t.co/OlumUoUSGV",,,2017-12
2017-12-15,lucympowell,Labour (Co-op),🎄🎄🎄 “Eddie’s campaigning with us on the doorstep underlined his commitment to doing all he can for our Party and he went down well with some very surprised members of the public!” Thanks for your support @JennyChapman #AdventEndorser #EddieforNEC 🎄🎄🎄 https://t.co/ejHJe8zQm3,eddiefornec,@JennyChapman,2017-12
2017-12-15,bbradley_mans,Conservative,@bbclaurak Letwin amendments perfectly meet the needs of all sides and bring unity. Mansfield voted 72% Leave - I'll be signing in support. Far from a climbdown! Happy to chat further!,bbclaurak,@bbclaurak,2017-12
2017-12-15,neill_bob,Conservative,"Feisty exchange between @AndrewBoff and @MayorofLondon, who tries to dodge questions on why he removed targets for family-sized homes from his Housing Strategy despite huge overcrowding problem in London #MQT https://t.co/w7OdNolOoj",GLAConservative,"@AndrewBoff, @MayorofLondon,",2017-12
2017-12-15,lucianaberger,Labour (Co-op),New post: Thank you to our postal workers https://t.co/s3mjsA6jPx @CWUnews @RoyalMail,,"@CWUnews, @RoyalMail",2017-12
2017-12-15,hughgaffneyccb,Labour,Simple but important question from @DaniRowley  https://t.co/9MDoGaLH01,,@DaniRowley,2017-12
2017-12-15,angusmacneilsnp,Scottish National Party,"Share of national income held by top 1%
Russia 20%
US 20%

UK 14%
China 14%
Canada 14%
Germany 13%

Sweden 9%
Australia 9%
Norway 8%
Denmark 6%
https://t.co/023vAXIB1g https://t.co/tNN3l1dKUP",conradhackett,,2017-12
2017-12-15,karen_karenelee,Labour,Getting ready to go to @lincspolice ChristmasCarol Concert at Lincoln Cathedral with @helenamair &amp; feeling very christmassy 🎄,,"@lincspolice, @helenamair",2017-12
2017-12-15,vincecable,Liberal Democrat,Promoting @BigIssue with founder @johnbirdswords at Waterloo. Focus on #homelessness and #mentalillness round the year; not just Xmas. Help street sleepers get safe accommodation and achieve self reliance.,,"@BigIssue, @johnbirdswords",2017-12
2017-12-15,tandhesi,Labour,"How sad that people, instigated by some in media, make death threats to those doing a job in good conscience. My neighbouring MP is a formidable operator &amp; a good man. He like many of us believes in #meaningful #Brexit vote. #Parliament #TakeBackControl 
https://t.co/rmxkY5It6J https://t.co/IaaTbtxcHQ",,,2017-12
2017-12-15,neilgraysnp,Scottish National Party,"Had a fantastic Q&amp;A session with the S4/5/6 at Brannock High this morning. 
I was grilled on Brexit,... https://t.co/H6VgnirIuh",,,2017-12
2017-12-15,nadams,Conservative,"@MaxnBessiesMum I'm sure you're not, it's a pity that other Labour supporting bullies in Yorkshire are as stupid as this bloke https://t.co/sFthKWrTC7",LittleFinch63,@MaxnBessiesMum,2017-12
2017-12-15,hackneyabbott,Labour,PC Ireland was able to tell @HackneyAbbott about the @Police_Now scheme + the work she is doing in Dalston https://t.co/Tj0H5YHXxE,MPSHackney,"@HackneyAbbott, @Police_Now",2017-12
2017-12-15,markfielduk,Conservative,"We must abide by our collective rules.
We must defend our values.
We must work together.

@MarkFieldUK makes the case for unity against #DPRK's destabilising actions in @UN Security Council https://t.co/bZ9m0L8EJj",UKUN_NewYork,"@MarkFieldUK, @UN",2017-12
2017-12-15,brandonlewis,Conservative,https://t.co/vZ3c6AuHUf,,,2017-12
2017-12-15,karenpbuckmp,Labour,Data side of this story is very solid: special analysis of 2007 Adult Psychiatric Morbidity Survey by @NatCen research lead (for comparison with published 2014 findings). https://t.co/50ClOiJwJV,djmgaffneyw4,@NatCen,2017-12
2017-12-15,jessphillips,Labour,"@jessphillips We need to accept that in some cases, it is too late.",AlanIvinghoe,@jessphillips,2017-12
2017-12-15,neilgraysnp,Scottish National Party,"@ScotRail @garrywstewart @nlcpeople Many thanks CT, - Garry if any further problems please drop me a line to neil.gray.mp@parliament.uk",ScotRail,"@ScotRail, @garrywstewart, @nlcpeople, @parliament.uk",2017-12
2017-12-15,karlturnermp,Labour,"Proud to launch ""Combatting loneliness - one conversation at a time"" in Batley today with @SeemaKennedy and Jo Cox' sister Kim. @JoCoxLoneliness #happytochat #startaconversation https://t.co/p9ZE98UifC",RachelReevesMP,"@SeemaKennedy, @JoCoxLoneliness",2017-12
2017-12-15,jc4southsuffolk,Conservative,"We support a free and open internet. Our net neutrality rules work well to help ensure users, not internet companies, are in control https://t.co/kgzK9bwh4F",MattHancock,,2017-12
2017-12-15,dr_philippaw,Scottish National Party,Watch an animation setting out Scotland's Draft Budget for 2018-19 https://t.co/SfCuEtiE6N #ScotBudget https://t.co/kakXtyZBf6,scotgov,,2017-12
2017-12-15,hughgaffneyccb,Labour,"1. You've been an Member of the European Parliament since the 20th century and ran for Parliament 7 times
2. You said take back control and this is what it looks like. Parliament demanding a vote before the final deal because Parliament is sovereign
#Amendment7 #EUWithdrawalBill https://t.co/UOG0ekh7T5",DavidLammy,,2017-12
2017-12-15,bobblackman,Conservative,"#Harrow East #Conservative Association Annual Christmas Dinner attended by @BobBlackman MP with Guest Speaker @scullyp. Also in attendance was @paulosborn, Leader of Harrow Conservative Group and other councillors and councillor candidates. Great Christmas 🎄 fundraising evening! https://t.co/G9eL9JOoxH",deanne_keanne,"@BobBlackman, @scullyp., @paulosborn,",2017-12
2017-12-15,scullyp,Conservative,@Andrew__Kennedy Where's that blushing emoji when you need it?,Andrew__Kennedy,@Andrew__Kennedy,2017-12
2017-12-15,gwynnemp,Labour,Santa's little helper - great stuff from @GwynneMP https://t.co/FeR5oODI3K,forwardnotback,@GwynneMP,2017-12
2017-12-15,offord4hendon,Conservative,"Local MP @Offord4Hendon popped in to hear about #YBF &amp; the work of our local organisations working with children &amp; young people across Barnet as part of #LocalCharitiesDay , meeting one Member org @suberbos https://t.co/EeJ82mt8MD",Young_Barnet,"@Offord4Hendon, @suberbos",2017-12
2017-12-15,lucympowell,Labour (Co-op),@Jliffe @RLong_Bailey @DavidLammy @lisanandy @YvetteCooperMP @hammersmithandy Link not working,Jliffe,"@Jliffe, @RLong_Bailey, @DavidLammy, @lisanandy, @YvetteCooperMP, @hammersmithandy",2017-12
2017-12-15,stellacreasy,Labour (Co-op),And the winner is...jenny Williams aged 10 from Greenleaf school! It’s the first time Greenleaf… https://t.co/BbLudivBxq,,,2017-12
2017-12-15,mikegapes,Labour (Co-op),"If the public wants to fall off a cliff in 2021, fine. If they want 5 or more years of transition fine. If they don't want either, let's stop Brexit. But whatever we do, let's be honest: a 2 year transition ain't enough. My latest.  https://t.co/gusIPkolez",Hugodixon,,2017-12
2017-12-15,dominicraab,Conservative,.@theresa_may: We'll deliver Brexit in a smooth and orderly way - without disrupting people's lives and without disrupting businesses. https://t.co/pwwDNo2MDt,Conservatives,@theresa_may:,2017-12
2017-12-15,angusmacneilsnp,Scottish National Party,I shall shortly be submitting this letter to the Home Secretary requesting that all of the 480 unaccompanied child refugees eligible under my Amendment be welcomed to the UK before Christmas. https://t.co/q37VXOk2LE,AlfDubs,,2017-12
2017-12-15,heidi_ldn,Labour,@Martintenorsax And you!,Martintenorsax,@Martintenorsax,2017-12
2017-12-15,amandamilling,Conservative,Talking to @amandamilling about the great service offered to our patients at the Endoscopy Unit at CCH. https://t.co/ERfuEwS3ZP,david_loughton,@amandamilling,2017-12
2017-12-15,gareth_snell,Labour (Co-op),At PMQ's I asked the PM if she agreed the 'measure of society can be found in the way we treat our vulnerable people'. I asked her to condemn @SoTCityCouncil plan to cut £1m from it's homelessness support budget. She chose not to. Our most vulnerable deserve so much better. https://t.co/lBYy2dNcII,,@SoTCityCouncil,2017-12
2017-12-16,ruthcadbury,Labour,We deserve to know where the flight paths will be. Who will be impacted? #overheadmotorways #stopthenoise https://t.co/yG0PQNN0MC,HACANEast,,2017-12
2017-12-16,nicdakin55,Labour,👏👏👏👏👏 https://t.co/Zm7gJB4314,Cadney_Howsham,,2017-12
2017-12-16,nicdakin55,Labour,Oh dear. Cmon u Iron #UTI https://t.co/hBaIJl9h5M,chrissumpter80,,2017-12
2017-12-16,bill_esterson,Labour,Remember to book your tickets for my Hope Over Fear event in tribute to the Manchester Bomb Victims. It takes place on 20th January at the Cunard Building in Liverpool at 7:30pm with speeches from  @AndyBurnhamGM https://t.co/w8af8HunBK,CarlaThomas29,@AndyBurnhamGM,2017-12
2017-12-16,angusmacneilsnp,Scottish National Party,"👨🏼‍💻 Most attractive business rates regime in UK
👩‍🔬 70% increase in R&amp;D support
👨‍🏭 £340m towards National Investment Bank

Here's how the Scottish budget supports businesses. https://t.co/IOgukMjK3E",theSNP,,2017-12
2017-12-16,mimsdavies,Conservative,"Threats of violence and intimidation are unacceptable and have no place in our politics. Everybody should be treated with tolerance, decency and respect.",theresa_may,,2017-12
2017-12-16,cpjelmore,Labour,"Lovely to join you with @CPJElmore for a fun Christmas community event. These things don’t happen without a lot of organisation, so well done everyone involved! https://t.co/73fKQpWDPP",huw4ogmore,@CPJElmore,2017-12
2017-12-16,lizmcinnes60,Labour,@alysonbarnes17 You mean you get more done and no-one gets told off for talking too much? 🤐 Good Luck tomorrow - you are definitely the best person to represent Rossendale &amp; Darwen!,AlysonDBarnes,@alysonbarnes17,2017-12
2017-12-16,alistairburtuk,Conservative,Warm wishes and congratulations to HM The King and the people of #Bahrain on National Day 2017 @UKinBahrain https://t.co/g9detwRskp,,@UKinBahrain,2017-12
2017-12-16,gwynnemp,Labour,@jon_trickett @RLong_Bailey Enjoy the cultural delights of the correct side of the Pennines... https://t.co/pQ29FT20gM,jon_trickett,"@jon_trickett, @RLong_Bailey",2017-12
2017-12-16,barrysheerman,Labour (Co-op),@JuliaHB1 Oh yes it does &amp; we will struggle to survive in the Championship!,JuliaHB1,@JuliaHB1,2017-12
2017-12-16,carolynharris24,Labour,@ToniaAntoniazzi @bbcstrictly Can't decide yet watching on  catchup,ToniaAntoniazzi,"@ToniaAntoniazzi, @bbcstrictly",2017-12
2017-12-16,jostevenslabour,Labour,Loving the ‘Last Christmas’ Sol Bamba tribute @CardiffCityFC #singingstamina #CityAsOne 🔵⚽️,,@CardiffCityFC,2017-12
2017-12-16,redditchrachel,Conservative,"Just seen this awful awful news. Lindsay has been like a second Dad to us new MPs in our confusing first weeks and months; cares and looks out for us, never ever seen anyone say a bad word about him, a lovely decent man, so sorry for him and his family https://t.co/Bk1dydRtlT",LindsayHoyle_MP,,2017-12
2017-12-16,bobblackman,Conservative,It's match-day! Tottenham Hotspur face Manchester City in the @PremierLeague at the Etihad. Kick-off at 5.30pm. #COYS https://t.co/K6CvfSKIe0,TalkingTHFC,@PremierLeague,2017-12
2017-12-16,paulwilliamslab,Labour,@PaulWilliamsMP thank you for visiting my son's school today. He was impressed. A great role model for children of Stockton. A visible MP!,JoBooth10,@PaulWilliamsMP,2017-12
2017-12-16,marcusfysh,Conservative,@LindsayHoyle_MP So sorry Lindsay.,LindsayHoyle_MP,@LindsayHoyle_MP,2017-12
2017-12-16,karen_karenelee,Labour,"We have had a number of cancellations for tomorrow evening Saturday 16 December. Please call or message to book if you fancy some tapas prior to your turkey!! 
Please RT. Thanks.",BowlFullTapas,,2017-12
2017-12-16,lucyallan,Conservative,@TaKenUK1 Working on this in Parliament - lots of cross party support,TaKenUK1,@TaKenUK1,2017-12
2017-12-16,cskidmoreuk,Conservative,Coverage of the launch of the Public Appointments Diversity Action Plan this week- ensuring public bodies better reflect the society they serve and harness all talents: https://t.co/wRnd6jTEn4,,,2017-12
2017-12-16,jonashworth,Labour (Co-op),Well done @GMB_union exposing the intolerable &amp; cruel impact of hospital car parking charges @jeremycorbyn pledged to abolish them @GMBPolitics  https://t.co/LOS3YUbthc,,"@GMB_union, @jeremycorbyn, @GMBPolitics",2017-12
2017-12-16,bobblackman,Conservative,Friday 15th December - To pay Tribute to SARDAR VALLABHBHAI PATEL at Brent Indian association - Wembley- London. https://t.co/5KaEYrzQVW,gurudevrkp,,2017-12
2017-12-16,dominicraab,Conservative,Don't forget today it's the craft event at Waterman's Arms Hersham 2.0-4.30pm -children and their families all invited to join the fun afternoon....Mayor joining us at 4.30 to sing carols round tree plus mulled wine and mince pies ! Do come along.@HershamHub #hersham #mums https://t.co/gHYaW1Ijmt,MarySheldon9,@HershamHub,2017-12
2017-12-16,bill_esterson,Labour,Quite some story. Scott Montgomery from Formby supporting children with cancer by running 2017 miles this year. Fair play Scott! https://t.co/DcGrXVOT3J,FormbyBubble,,2017-12
2017-12-16,barrysheerman,Labour (Co-op),Where is @BBCOpenCountry coming from this morning?,,@BBCOpenCountry,2017-12
2017-12-16,nickymorgan01,Conservative,And me. Time to move on and build a consensus on Brexit. Good to see the Government listening to sensible #OneNation Tories https://t.co/yZFmPOKn6Z,Anna_Soubry,,2017-12
2017-12-16,toniaantoniazzi,Labour,You’ve certainly been a game changer! Good luck 💪🏻🌟 https://t.co/xvtOMiPxtd,,,2017-12
2017-12-16,mike_fabricant,Conservative,"Spartacus here, a man commissioned by #Momentum to come up with original and innovative ideas, has tweeted this which, they believe, will promote #Labour as an intellectual and credible alternative future government in which we can all have faith and trust. https://t.co/Bo2unaNauK",,,2017-12
2017-12-16,jonashworth,Labour (Co-op),"As of today Dennis Skinner is the longest continuously serving Labour MP.

He is a hero of our movement and as formidable now as he has ever been. https://t.co/xu0sjspNhh",jeremycorbyn,,2017-12
2017-12-16,nadams,Conservative,"#Momentum have issued a video on plans to nationalise @RoyalMail &amp; its full of fake news. Momentum are @UKLabour 

Im fed up with the fake news from #Labour . This week alone we have 3 examples.  I've made this video to address the balance. 

Please RT 

#LabourLies #LabourFail https://t.co/8qOkmYdMY0",freespirited_p,"@RoyalMail, @UKLabour",2017-12
2017-12-16,cwhittaker_mp,Conservative,"#Momentum have issued a video on plans to nationalise @RoyalMail &amp; its full of fake news. Momentum are @UKLabour 

Im fed up with the fake news from #Labour . This week alone we have 3 examples.  I've made this video to address the balance. 

Please RT 

#LabourLies #LabourFail https://t.co/8qOkmYdMY0",freespirited_p,"@RoyalMail, @UKLabour",2017-12
2017-12-16,s_hammond,Conservative,"@Anna_Soubry It's disgusting isn't it? On many subjects Anna I disagree with you, but these idiots who insult and troll anybody who holds an opinion which doesn't chime with their own is sickening. Stick to what you think is right, that's all anyone can do.",TheAlexSW19,@Anna_Soubry,2017-12
2017-12-16,liliangreenwood,Labour,Making marzipan. And feeling pleased with my Christmassy nails (it’s a Saturday and I’m done with politics for today!) https://t.co/JcJFdM1eNe,,,2017-12
2017-12-16,barrysheerman,Labour (Co-op),300 acres of brussel sprouts @BBCFarmingToday Delicious &amp; Delightful!,,@BBCFarmingToday,2017-12
2017-12-16,jackdromeymp,Labour,"'We can help', the legend of #Erdington Works. Year ends with planning year ahead with @wittonlodge, building homes and a strong community https://t.co/f7RUvMAEbN",,"@wittonlodge,",2017-12
2017-12-16,jamesduddridge,Conservative,"Have your say on how @RochfordDistrictCouncil should spend council tax.  The deadline for the survey is January 7th 

https://t.co/qSzCDga0hB",,@RochfordDistrictCouncil,2017-12
2017-12-16,mattwestern_,Labour,Good comments from @JohnHealey_MP. The Government is failing to provide all support needed https://t.co/Q60nqdxGRF,JohnHealey_MP,@JohnHealey_MP.,2017-12
2017-12-16,wera_hobhouse,Liberal Democrat,Good luck 🤨 https://t.co/3KOwZ1TOEE,MakeVotesMatter,,2017-12
2017-12-16,rees4neath,Labour (Co-op),British Steel pension scheme members ‘preyed on’ by financial firms https://t.co/ctxJYfeuVs,BusinessDesk,,2017-12
2017-12-16,chionwurah,Labour,"@LindsayHoyle_MP I am thinking of you and your family Lindsay at this terrible, terrible time. Please take care.",LindsayHoyle_MP,@LindsayHoyle_MP,2017-12
2017-12-16,lizmcinnes60,Labour,"🎄I’ve just done my last three surgeries of 2017🎄❄️New surgery dates for 2018 will be on my website soon❄️
☃️Wishing everyone in Heywood, Middleton, Castleton, Bamford and Norden all the very best for Christmas and the New Year☃️

https://t.co/6rMQFadMjt",,,2017-12
2017-12-16,joannaccherry,Scottish National Party,Listen: Our report this week on intimidation in #publiclife featured on Week in Westminster. You can download report: https://t.co/loghvOTnPw https://t.co/oHlBGeTdaC,PublicStandards,,2017-12
2017-12-16,peternorthdevon,Conservative,"My latest e-newsletter out today, including @PetrocOfficial and #Primodos #NDevon 
Read it here or subscribe via my website.
https://t.co/w6QridF2qW",,@PetrocOfficial,2017-12
2017-12-16,jessphillips,Labour,@Olly4Northfield Congratulations,Olly4Northfield,@Olly4Northfield,2017-12
2017-12-16,halfon4harlowmp,Conservative,"Hard to believe it, but Tamil relatives of the disappeared have now been protesting for 300 days to demand answers about the fate of their missing loved ones. Today, MPs offer their messages of support for the families and join them in calling on @MaithripalaS to #ReleaseTheList https://t.co/LPrSJ413hb",SLcampaign,@MaithripalaS,2017-12
2017-12-16,peterkyle,Labour,"If the British people don’t see this utter hypocrisy for what it is, I will despair (from a member of the “metropolitan elite” who didn’t attend Dulwich College &amp; doesn’t live in a Chelsea Townhouse) https://t.co/hTm9SFGZeL",Heidi_LDN,,2017-12
2017-12-16,lordjohnmann,Labour,"A great loss to the country. A low profile, but hugely influential union leader. https://t.co/9uGBIDYlaL",unisontheunion,,2017-12
2017-12-16,davidlammy,Labour,This is disgusting. I am so sorry you have to put up with this @Anna_Soubry https://t.co/yU8S08ZRzm,,@Anna_Soubry,2017-12
2017-12-16,s_hammond,Conservative,"NEW: @S_Hammond on the amendment tells me: ""None of us wanted to vote against our party but it was a matter of principle. I am delighted that there is a proposal that unites the Conservatives and all of us will be supporting it next week.""",BethRigby,@S_Hammond,2017-12
2017-12-16,louhaigh,Labour,"@MikeArmiger Me too. Met with the CQC, NHSE and Minister about it. Systemic failings so apparent. Will keep pushing.",MikeArmiger,@MikeArmiger,2017-12
2017-12-16,andymcdonaldmp,Labour,"Buses funding has been slashed by 33% since 2010, passenger numbers are at a 10-year low &amp; fares have soared above inflation. We need powers and funding to improve bus services, not a ‘Marie Antoinette moment’ from the Transport Secretary.

https://t.co/6aj8ZlCQMf",,,2017-12
2017-12-16,emmaereynolds,Labour,@LindsayHoyle_MP So sorry to hear this Lindsay. Deepest sympathy to you and your family - you are in my thoughts.,LindsayHoyle_MP,@LindsayHoyle_MP,2017-12
2017-12-16,douglas4moray,Conservative,@DAJCameron Because this would be me 🤦🏻‍♂️ https://t.co/TTCGKOifH5,DAJCameron,@DAJCameron,2017-12
2017-12-16,bambos_mp,Labour,"@AngelaRayner @haveigotnews You were brilliant Angie! Very witty, funny and natural. I bet it was great fun.",AngelaRayner,"@AngelaRayner, @haveigotnews",2017-12
2017-12-16,angusmacneilsnp,Scottish National Party,Tax cuts for investment because assumes loads of disparate individuals can invest better than the Gov Trump leads #SelfDamning https://t.co/GRGm25F1QV,,,2017-12
2017-12-16,heidi_ldn,Labour,"@LindsayHoyle_MP thinking of you Lindsay - awful news, I am so sorry for your loss.",LindsayHoyle_MP,@LindsayHoyle_MP,2017-12
2017-12-16,gordonmarsden,Labour,Thank you 😊 https://t.co/OCx7PrVGNr,ver1tasaequ1tas,,2017-12
2017-12-16,keeleymp,Labour,@LindsayHoyle_MP I am so sorry to hear this Lindsay. Love and my most sincere sympathy to you and your family.,LindsayHoyle_MP,@LindsayHoyle_MP,2017-12
2017-12-16,rees4neath,Labour (Co-op),U-17/19 nat squad tomorrow at Bangor Uni Canolfan Brailsford and launch of the North Wales National squash centre #promotingthenorth #PBU https://t.co/JjGDcfjAHK,sqwales,,2017-12
2017-12-16,bbradley_mans,Conservative,"It's been fantastic watching the talented #Strictly stars over the past few weeks - congratulations to @mrjoemcfadden, commiserations to my constituent @thedebbiemcgee! #StrictlyFinal",theresa_may,"@mrjoemcfadden,, @thedebbiemcgee!",2017-12
2017-12-16,jamesduddridge,Conservative,"20th @Southendparkrun today. 52 minute 5k walk with youngest. Need to beat my 28min run. Join us next week in #christmas fancy dress!  9am every Saturday @ Gunners Park, #shoebury https://t.co/bN3BlfVMnD",,@Southendparkrun,2017-12
2017-12-16,dr_philippaw,Scottish National Party,Fantastic evening last night listening to @Dr_PhilippaW speak about her experiences in Palestine working as a surgeon and now as an MP making Scottish voices heard in Westminster! Big thanks to Glasgow uni @WeAreSfGH for organising it!,rosiees25,"@Dr_PhilippaW, @WeAreSfGH",2017-12
2017-12-16,gordonmarsden,Labour,"@scubageoff @BlackpoolUnltd @CllrMarkSmith @GordonMarsden @AD_GMaintenance @LesleyACrowe @LancashireMB @OFFiGOUK @TheBclinic @HardmanMcNeal @Happy_Creative @jacquimorley Geoff and the team at get started have been a great help! Courses, advice and sometimes just a sounding board for those lonely moments in business on your own! Highly recommended if you want to start your own #business plus it’s all FREE",Mudkitchensrfun,"@scubageoff, @BlackpoolUnltd, @CllrMarkSmith, @GordonMarsden, @AD_GMaintenance, @LesleyACrowe, @LancashireMB, @OFFiGOUK, @TheBclinic, @HardmanMcNeal, @Happy_Creative, @jacquimorley",2017-12
2017-12-16,khalid4pb,Labour,They deserve lengthy sentences &amp; hopefully some beatings of their own in prison! https://t.co/bduCJ0HzCf,ShaistaGohir,,2017-12
2017-12-16,joswinson,Liberal Democrat,@francis_evans @prospect_clark @_DaisyBenson I hadn't seen it but interesting stuff. The likeability penalty for successful women is certainly a problem.,,"@francis_evans, @prospect_clark, @_DaisyBenson",2017-12
2017-12-16,joplattleigh,Labour (Co-op),"Yesterday, @JustineGreening announced social mobility action plan 'opportunity areas'. One of areas is Norwich where council threatening to reduce SureStart. SureStart is key to social mobility. Govt say one thing, do another. https://t.co/ZnSoucIsg2 @GMBCampaigns",TracyBrabin,"@JustineGreening, @GMBCampaigns",2017-12
2017-12-16,rees4neath,Labour (Co-op),"Tickets are NOW available to see Scouting For Girls and East 17 live in Neath! 😃😃

You can see them both for just £11, or buy the tickets seperately (SFG - £8 and E17 - £5) through the Gwyn Hall website (or box office 0300 365 6677).

Dont miss out! https://t.co/kSmcc7bKkV https://t.co/uQ6RWRldWJ",NeathRoundTable,,2017-12
2017-12-16,peternorthdevon,Conservative,@LindsayHoyle_MP So sorry to hear this terrible news Lindsay. Thinking of you and your family.,LindsayHoyle_MP,@LindsayHoyle_MP,2017-12
2017-12-16,ruthsmeeth,Labour,"It's a year today that my friend and inspiration Lily Jayne Summers was taken from us far, far too soon. We miss you Lily. All my thoughts and prayers are with her mum and sister today. https://t.co/sQbKUERhJW",,,2017-12
2017-12-16,drrosena,Labour,Big thanks to @the_MPA for a great Christmas party 🎉 @tom_watson @DrRosena @MrTomGray @nadineshah @PRSforMusic @bpi_music 🎄 https://t.co/H1ZxQf2DQF,MichaelDugher,"@the_MPA, @tom_watson, @DrRosena, @MrTomGray, @nadineshah, @PRSforMusic, @bpi_music",2017-12
2017-12-16,jessphillips,Labour,@LindsayHoyle_MP All my love. Heartbreaking news. Take care,LindsayHoyle_MP,@LindsayHoyle_MP,2017-12
2017-12-16,hollylynch5,Labour,.@slowtheflow_UK volunteers working hard to naturally disrupt the flow of water down Hardcastle Craggs #LeakyDams #NFM https://t.co/oj4jxEJzBr,,@slowtheflow_UK,2017-12
2017-12-16,sandbach,Conservative,I’m proud to be a Conservative Brexit ‘traitor’. We had to take back control | Stephen Hammond https://t.co/YhakcAH1fR,,,2017-12
2017-12-17,jostevenslabour,Labour,@RoathBrookTrees @TWRHQ @BiancaJagger @Manics Thank you for invitation but I have 2 longstanding diary commitments this afternoon so not around.,RoathBrookTrees,"@RoathBrookTrees, @TWRHQ, @BiancaJagger, @Manics",2017-12
2017-12-17,stellacreasy,Labour (Co-op),You know it’s quite hard to read burning books don’t you? The ash makes the pages hard to turn see…Just checking…. #jogonjogon https://t.co/1QhXXdHjOk,,,2017-12
2017-12-17,georgefreemanmp,Conservative,That is some delivery.  #Ashes2017 https://t.co/O9qqTfUwbr,MichaelVaughan,,2017-12
2017-12-17,marcusfysh,Conservative,"@nicholadrummond @JohnnyMercerUK I am pushing for PESCO and EU Defence Union debate on the floor of the House, to bring all of this out. Treasury short sightedness mustn’t short change our future.",nicholadrummond,"@nicholadrummond, @JohnnyMercerUK",2017-12
2017-12-17,richardburden27,Labour,(cheeky little northfield labour christmas message) . #Olly4Northfield #labour #christmas https://t.co/zblJADRHs2,Olly4Northfield,,2017-12
2017-12-17,mark4wyreforest,Conservative,As part of the UK-China Economic and Financial Dialogue held in Beijing this weekend @Mark4WyreForest and @UKEF announce up to £25bn for projects operating along the Belt and Road Initiative in Asia:  https://t.co/tpkY6JlrOC,tradegovuk,"@Mark4WyreForest, @UKEF",2017-12
2017-12-17,nickymorgan01,Conservative,As Christmas approaches &amp; as the @JoCoxLoneliness Commission ends ‘Loneliness has escalated from personal misfortune into a social epidemic.’ @rachelreevesMP and @seemakennedy speak powerfully on #loneliness in the UK and what each of us can do about it.  https://t.co/avzDdwtlqk https://t.co/rxBfy9jwID,,"@JoCoxLoneliness, @rachelreevesMP, @seemakennedy",2017-12
2017-12-17,nus_ghani,Conservative,Congratulations @Mo_Farah. Modern day British icon and role model. https://t.co/5s3CDkLPDl,TeamGB,@Mo_Farah.,2017-12
2017-12-17,stellacreasy,Labour (Co-op),Nah you just prove you probably can’t lecture on the subject of having a life if you feel the need to ask….. #jogonjogon https://t.co/MeyEfFeEtA,PaulKeen2,,2017-12
2017-12-17,stellacreasy,Labour (Co-op),Gove &amp; Boris plot to scrap Working Time Directive could deny millions paid holidays &amp; make long hours the norm https://t.co/sNNFmFjTyC,The_TUC,,2017-12
2017-12-17,marcusfysh,Conservative,"Andrew Percy MP: “This is yet another deeply worrying example of the divisive hate at the heart of Corbyn’s Labour Party. Politics works best when people can reach out beyond party lines and form friendships"" 

https://t.co/10uhvc6F0B",carriesymonds,,2017-12
2017-12-17,alexnorrisnn,Labour (Co-op),A two-tier health service emerging where those who can afford it jump the queue. Another reason why we must end the NHS underfunding &amp; provide a universal public service for all https://t.co/TNrALDNP3z,JonAshworth,,2017-12
2017-12-17,lucyallan,Conservative,"Telford’s 2017 highlights include the jobs boost, flourishing local economy and investment in skills - but for me... https://t.co/4s2a3gLQRN",,,2017-12
2017-12-17,lukepollard,Labour (Co-op),I want to see all the @RoyalNavy’s new frigates based in #Devonport - let’s make this happen #plymouth  https://t.co/0AhZ3wNgJN,,@RoyalNavy’s,2017-12
2017-12-17,ianblackford_mp,Scottish National Party,"Enjoyed appearing on @SkyNews to remind people that @theSNP won the general election in Scotland, @ScotTories are back in 3rd place in the polls &amp; @RuthDavidsonMSP is planning to bale out to a safe seat at Westminster (no such thing for Tories in Scotland) https://t.co/yJrEbVBLD2",joannaccherry,"@SkyNews, @theSNP, @ScotTories, @RuthDavidsonMSP",2017-12
2017-12-17,chrisstephens,Scottish National Party,Millions of workers - esp part-time women - got paid holidays because of this rule. And it stops bosses from forcing us to work ridiculous hours.,FrancesOGrady,,2017-12
2017-12-17,alexburghart,Conservative,Today @JustineGreening will announce her plan to boost social mobility through education - focusing £800 million of government investment on the areas that need it most to help children achieve their true potential. https://t.co/vVSMtAcQoQ,Conservatives,@JustineGreening,2017-12
2017-12-17,bbradley_mans,Conservative,"#Building the homes the country needs, and training young people to have the right #skills to build them! #gingerbread people! https://t.co/38kYNv3mgH",,,2017-12
2017-12-17,carolynharris24,Labour,@tcwcatloco @SKinnock Well done !,tcwcatloco,"@tcwcatloco, @SKinnock",2017-12
2017-12-17,davidedrew,Labour (Co-op),"This is the reality of David Cameron’s jobs revolution, “red in tooth and claw...” https://t.co/lJ2cOI5QBw",,,2017-12
2017-12-17,alexburghart,Conservative,.@theresa_may: We'll deliver Brexit in a smooth and orderly way - without disrupting people's lives and without disrupting businesses. https://t.co/pwwDNo2MDt,Conservatives,@theresa_may:,2017-12
2017-12-17,georgefreemanmp,Conservative,Where next for the @Conservatives? Brilliant piece by @SebastianEPayne in today’s @ftweekend @FTMag covering the #BigTentIdeasFest @BigTentIdeas &amp; NewGeneration leading #ToryRenewal - @RuthDavidsonMSP @TomTugendhat @KemiBadenoch @NeilDotObrien @NickBoles @2020Tories https://t.co/7LkZBPSysD,,"@Conservatives?, @SebastianEPayne, @ftweekend, @FTMag, @BigTentIdeas, @RuthDavidsonMSP, @TomTugendhat, @KemiBadenoch, @NeilDotObrien, @NickBoles, @2020Tories",2017-12
2017-12-17,toniaantoniazzi,Labour,"Today's give away is coasteering at Oxwich beach, Gower
The rules are quite simple:
1, Like our page 
2. Share... https://t.co/FrFIcYyLqV",swanseawater,,2017-12
2017-12-17,barrysheerman,Labour (Co-op),Our thoughts are with the family of Lindsay Hoyle at this tragic time.,,,2017-12
2017-12-17,geraldjoneslab,Labour,This is merely a headline to try and distract from desperate state police are in atm. Brutal cuts to police forces are massively hindering ability to fight unprecedented terrorist threat.,LouHaigh,,2017-12
2017-12-17,kevin_j_foster,Conservative,Oh yes let's have a second  #EURef and then let's make it best of three!  Neverendum. https://t.co/umrtfAhOjM,CarolineFlint,,2017-12
2017-12-17,chrisstephens,Scottish National Party,I've seen reports of a ministerial plot to scrap the Working Time Directive. This is a straight-up attack on our rights at work.,FrancesOGrady,,2017-12
2017-12-17,grahamemorris,Labour,Congratulations to @BolsoverBeast on becoming the longest serving Labour MP. Total legend and utter gentleman. True Labour hero 🌹✊🏻 https://t.co/DAM9jOsnfs,leeannward,@BolsoverBeast,2017-12
2017-12-17,derbychrisw,Labour,"On the #labourdoorstep this morning for the last campaign session before Christmas in a rainy Derby North with:
@LisaEldret 
@NadinePeatfield 
@ClasbyDC and 
Martin Repton https://t.co/SSl9kAUDL7",,"@LisaEldret, @NadinePeatfield, @ClasbyDC",2017-12
2017-12-17,alisonthewliss,Scottish National Party,"How Gauke interview should go:

Marr: People die as a result of sanctions.
Gauke: You’re right. That’s unforgivable. I resign and so does the government.
#marr",davidschneider,,2017-12
2017-12-17,hughgaffneyccb,Labour,Fantastic campaign session today in Winchmore Hill. Strong support on the doorstep #LabourDoorstep @UKLabour @SouthgateLabour https://t.co/9sgyHvHXNS,Bambos_MP,"@UKLabour, @SouthgateLabour",2017-12
2017-12-17,rushanaraali,Labour,"Politicians, trustees, relatives and survivors looking up into the 173 light cones of the teak stairway at the opening ceremony of the @bethnalmemorial @rushanaraali @SadiqKhan https://t.co/IMTkGwFFZj",harrypaticas,"@bethnalmemorial, @rushanaraali, @SadiqKhan",2017-12
2017-12-17,mikegapes,Labour (Co-op),The murderer was a far right Nazi terrorist who shouted “ Britain First “. https://t.co/k9Q9VU9GL7,RickyAndrews83,,2017-12
2017-12-17,julieforburnley,Labour,"SASHA MISSING From #Lydgate Lane Head, #Burnley #Lancashire on 14.12.17
SASHA IS NEED OF MEDICAL ATTENTION 
She is a very scared girl 
Please do not chase her Contact 07966 373006 with any information 
@DoglostUK https://t.co/LfMB7i6WwD https://t.co/6LwnKWZPSA",SAMPAuk_,@DoglostUK,2017-12
2017-12-17,rhonddabryant,Labour,Oops - pro-Brexit thank tank may have change its name after calling itself an “institute” without permission... https://t.co/xfXq5pmgAt,michaelsavage,,2017-12
2017-12-17,alisonthewliss,Scottish National Party,"It’s not Christmas till you see Hans Gruber falls from the Nakatomi Plaza. #DieHard, tonight 10pm on Channel 4 https://t.co/OwL3nlsyGt",Channel4,,2017-12
2017-12-17,davidgauke,Conservative,.@DavidGauke explains why Government plans will mean thousands of young people saving into a pension for the first time. #Marr https://t.co/Ds0uUwYQXo,Conservatives,@DavidGauke,2017-12
2017-12-17,chionwurah,Labour,@pashleyjackson @NewcastleLabour Yes but tucked away!,pashleyjackson,"@pashleyjackson, @NewcastleLabour",2017-12
2017-12-17,georgefreemanmp,Conservative,Just posted a video https://t.co/A1BhHqTc6w,,,2017-12
2017-12-17,gwynnemp,Labour,"I’m NOT one for usually pointing out *bad* BIASED journalism, but actually why the need for this strapline when on closer observation it’s the best rating for all three Party Leaders? @SunPolitics https://t.co/xhoUQ7Sajr",,@SunPolitics,2017-12
2017-12-17,redditchrachel,Conservative,"Great news for teenagers, encouraging saving at a young age is a good habit to get into, increasing self reliance and understanding investments. Glad that @DavidGauke is championing this idea. https://t.co/IkvjqnQsWG",,@DavidGauke,2017-12
2017-12-17,afzal4gorton,Labour,"A beautiful afternoon at St Peter’s, Levenshulme @DioManchester for outdoor multi-lingual Carol Service. Many languages but one family singing of the Saviour’s birth. #GodWithUs https://t.co/CQeGtLhFp9",BishMiddleton,@DioManchester,2017-12
2017-12-17,chrisstephens,Scottish National Party,Help us tell the PM she needs to face down Boris &amp; Gove's plan to scrap our holiday rights after Brexit. Sign the petition: https://t.co/z1NqC39cQ1,The_TUC,,2017-12
2017-12-17,debbie_abrahams,Labour,"I welcome this move however it's a small step in the right direction. More action is required for those on the lowest incomes to ensure the pension system benefits us all. 
https://t.co/fH15SHfmiN",,,2017-12
2017-12-17,marshadecordova,Labour,"10,000m 🥇
5,000m 🥈
Track legend ✔️

@Mo_Farah is your 2017 Sports Personality of The Year #SPOTY https://t.co/Cwoa5NMLOR",TeamGB,@Mo_Farah,2017-12
2017-12-17,tandhesi,Labour,"Fascism in Europe never starts with mass killings, it starts with the normalisation of hatred. https://t.co/8mljdOLQtk",MrBrendanCox,,2017-12
2017-12-17,dr_philippaw,Scottish National Party,@tombeckett2285 @JohnRentoul @thequentinletts Time for Quentin to read a history book,HeadNoon,"@tombeckett2285, @JohnRentoul, @thequentinletts",2017-12
2017-12-17,mikegapes,Labour (Co-op),"Labour's own pollsters show @UKLabour voters overwhelmingly want to Remain in the #EU. 

And for every 1 Leaver we may lose with a pro-European approach, there are 3 Remainers we may gain.

Time for @UKLabour to stand up for for the majority and #StopBrexit https://t.co/zTtm5x9VXj",Labour4EU,"@UKLabour, @UKLabour",2017-12
2017-12-17,lordjohnmann,Labour,Meet the courageous group of rangers defending the last three northern white rhinos in the world: https://t.co/TqsG3sRxhX,Greenpeace,,2017-12
2017-12-17,emmahardymp,Labour,Credit to you and your incredible campaigning and raising awareness of the issues. x https://t.co/478jaInBey,MeshCampaign,,2017-12
2017-12-17,ianblackford_mp,Scottish National Party,"I have written to the Prime Minister asking that she take action to reverse the decision of RBS to close branches across the country.
snpmedia@snpmedia.net via https://t.co/j3ARZivn4n",,@snpmedia.net,2017-12
2017-12-17,siobhain_mc,Labour,"Day 17 of  #MertonAdvent Siblings who come into care often have to be separated, because there are not enough carers to keep them together. Could you help? Find out more https://t.co/N1b1rJrG4a #MertonFostering https://t.co/C78qwhjfy1",Merton_Council,,2017-12
2017-12-17,dr_philippaw,Scottish National Party,"🏠 7 in 10 taxpayers paying less than they do now
🏠 Record health spending
🏠 Childcare expanded

How the #ScotBudget delivers progress for families in Scotland. 
https://t.co/38b7wlSieC",theSNP,,2017-12
2017-12-17,drrosena,Labour,"What a reception.

This is what Bradley Lowery meant to everyone.

#SPOTY https://t.co/v1AC1prPdP",BBCSport,,2017-12
2017-12-17,paulflynnmp,Labour,"More than half of Britons now want to stay in EU, poll finds, in biggest gap since referendum https://t.co/i7rEVPD41t",Telegraph,,2017-12
2017-12-17,chukaumunna,Labour,"NEW: @Independent poll &gt; 51% now back remaining in the union, while 41% want Brexit - not surprised by this 10 point lead given Brexit as it was promised (£350m per week extra for the NHS?) is proving impossible https://t.co/9iyVcKVUMp",,@Independent,2017-12
2017-12-18,peter_dowd,Labour,"When the Tories sell off armed forces housing, it is service men and women who lose out. Those who keep us safe need secure housing. https://t.co/STvCKvb5J0",,,2017-12
2017-12-18,yasinforbedford,Labour,Labour secures vote on amendment to force equality impact assessments of the Government’s economic policies https://t.co/OHRrx4vuk3,labourpress,,2017-12
2017-12-18,philwilsonxmp,Labour,"Catherine Johns, Innovation and Business Growth Director of Business Durham gives an insight of what promises to be a fascinating day in March!
Read more &gt; https://t.co/9Me1EgeoZB https://t.co/G1cEuzax7g",NETParkUK,,2017-12
2017-12-18,zacgoldsmith,Conservative,"New York Times: ""The question that has dogged Jews throughout the centuries is now an urgent one for Sweden’s Jewish community. Is it time to leave?""  
https://t.co/Zy7OTlU7wZ",,,2017-12
2017-12-18,angelaeagle,Labour,"Thanks @jeremycorbyn for showing support for #Amazon workers. @GMB_union is fighting to get #Amazon workers better Pay, H&amp;S, Respect and a Voice at work. Your help Jeremy is most welcome, together we can get #Amazon workers these human values! https://t.co/vEOOBiPHLC https://t.co/KXVmonjDoy",GMBunionAmazon,"@jeremycorbyn, @GMB_union",2017-12
2017-12-18,thelma_dwalker,Labour,When a gay footballer comes out I'll support them. It doesn't matter who they score with off the pitch #ComeOut2Play https://t.co/kn5f9eBiQ8 https://t.co/9tv5mV9XZP,,,2017-12
2017-12-18,sandbach,Conservative,@r0k_life @woodsman_uk @DomWalsh13 Yes probably,r0k_life,"@r0k_life, @woodsman_uk, @DomWalsh13",2017-12
2017-12-18,mariamilleruk,Conservative,"Incredible End of Year Show from @basingstokegym at Active Life Centre-thanks to staff,volunteers &amp; talented gymnasts https://t.co/H6hcvrtCtb",,@basingstokegym,2017-12
2017-12-18,tpearce003,Labour,"Local people, businesses &amp; organisations are invited to comment on the Local London draft Skills Strategy. It aims to influence investment in skills &amp; training to better meet the needs of local employers and residents. The deadline is Tuesday 2 Jan 2018 https://t.co/CWOxIY43Hf",bexley4business,,2017-12
2017-12-18,johnglenuk,Conservative,"1 in 5 employers say they would be less likely to hire someone if they have a disability, new research by @LeonardCheshire has found. Four young campaigners are tackling this issue. #UntappedTalent https://t.co/sDSP9x2Ea3",LeonardCheshire,@LeonardCheshire,2017-12
2017-12-18,emmalewellbuck,Labour,@EmmaLewellBuck Thanks Emma! Pleased that you enjoyed our little panto with big heart 🐛,thecustomshouse,@EmmaLewellBuck,2017-12
2017-12-18,angusmacneilsnp,Scottish National Party,Essentially the Tories petition the SNP to pick up where the Tories are failing!! #Unreal #TheirResponsibility https://t.co/olkQFm5YEu,ScotTories,,2017-12
2017-12-18,rhonddabryant,Labour,Delighted for my @WelshLabour comrades @MarkDrakeford @carolynharris24 @Eluned_Morgan on their awards. Absolutely deserved. https://t.co/LLy43ObgkM,JoStevensLabour,"@WelshLabour, @MarkDrakeford, @carolynharris24, @Eluned_Morgan",2017-12
2017-12-18,barrysheerman,Labour (Co-op),#M62 Westbound is CLOSED at J27 (M621) due to a serious accident - Road not expected to re-open before 11AM - Latest @ https://t.co/sIbe6iyJfl https://t.co/c5FaU8PaeQ,MotorwayCameras,,2017-12
2017-12-18,pennymordaunt,Conservative,International Development Secretary @PennyMordaunt has seen how #UKaid is heading to war-torn #Yemen and some of the challenges of getting aid into the country https://t.co/PpWa6IoRdr,DFID_UK,@PennyMordaunt,2017-12
2017-12-18,mtpennycook,Labour,1/ Brexit briefing by top Barnier adviser @StefaanDeRynck about to start at Chatham House. His comments on trade options will be particularly keenly awaited...,nickgutteridge,@StefaanDeRynck,2017-12
2017-12-18,carolynharris24,Labour,@AngelaRayner @jenthornton01 @ITVWalesPress Ta Ange x,AngelaRayner,"@AngelaRayner, @jenthornton01, @ITVWalesPress",2017-12
2017-12-18,hywelplaidcymru,Plaid Cymru,"""You are never mutineers, never traitors, never malcontents, never enemies of the people"" - the Speaker's message to MPs after hearing stories of online abuse. https://t.co/0uU5bfGXK9",BBCParliament,,2017-12
2017-12-18,carolynharris24,Labour,@Will_Hingley Arh thanks Will x,Will_Hingley,@Will_Hingley,2017-12
2017-12-18,redditchrachel,Conservative,We have done what many said could not be done. Demonstrating what can be achieved with commitment and perseverance on both sides. https://t.co/3sXZfvirXO,theresa_may,,2017-12
2017-12-18,esthermcvey1,Conservative,"You’re right - so far, for this year, it’d only be a percentage of that amount. https://t.co/VGxx1cNNrV",petebrettle,,2017-12
2017-12-18,hughgaffneyccb,Labour,"Government still dragging feet on online balloting for unions. If it’s safe &amp; secure for political parties to elect leaders online, why can’t unions do it too? https://t.co/0Qa8YO47X3",The_TUC,,2017-12
2017-12-18,robertsyms,Conservative,"""The Lib Dems did not have a particularly stellar year"", notes Rachel Johnson. Indeed. Britain's most passionately pro-EU party started the year on 6% and ended it on 7%.",GoodwinMJ,,2017-12
2017-12-18,lucianaberger,Labour (Co-op),So @Twitter finally suspend Britain First - the day before social media cos appear at @CommonsHomeAffs .Why does it take a Parliamentary hearing to make them do the right thing? https://t.co/WcpCJ1IMlE,YvetteCooperMP,"@Twitter, @CommonsHomeAffs",2017-12
2017-12-18,pow_rebecca,Conservative,Special focus on farming on @SunPoliticsWest plus round up on the Year. https://t.co/OiqlMrjOe2,,@SunPoliticsWest,2017-12
2017-12-18,sdoughtymp,Labour (Co-op),PM totally rattled by question from @angelasmithmp on whether Working Time Directive will be retained after #Brexit - she refuses to confirm... very worrying. @The_TUC,,"@angelasmithmp, @The_TUC",2017-12
2017-12-18,henrysmithuk,Conservative,"In his article this week, Crawley MP @henrysmithuk talks about how we should all support guide dogs for their valuable work. https://t.co/sar0YSs0OQ",crawleynews24,@henrysmithuk,2017-12
2017-12-18,drewhendrysnp,Scottish National Party,👶 A new survey shows Scotland's Baby Box has been a hit with parents. Here's what you need to know about Baby Box: https://t.co/DD2ywHu6aG https://t.co/jlL78mLm1c,theSNP,,2017-12
2017-12-18,madeleinemoon,Labour,BREAK - #RAFMildenhall security breach is not being treated as terrorist incident https://t.co/wq4KCaHQ9C,haynesdeborah,,2017-12
2017-12-18,stephenmorganmp,Labour,"This morning I went back to visit and show support to the brilliant #Portsea Men’s Shed, bringing local men who are interested in learning or improving a skill together https://t.co/3bmsTDD50m",,,2017-12
2017-12-18,timloughton,Conservative,"We want to make it easier for universities to attract the brightest talent, writes @BrandonLewis for today's Red Box https://t.co/ZAMJ20klBu https://t.co/LvwSG4ABuO",timesredbox,@BrandonLewis,2017-12
2017-12-18,matthancock,Conservative,"RT @MayorJPalmer: I have issued a statement re #uber decision today by @camcitco , I'm opposed to a ban, I appreciate some have concerns bu…",,"@MayorJPalmer:, @camcitco",2017-12
2017-12-18,margarethodge,Labour,"Great night at the Women's Partnership end of year event, showcasing 
and celebrating the brilliant work done by our female led organisations in Barking &amp; Dagenham. https://t.co/QjDjn7rJJZ",,,2017-12
2017-12-18,timfarron,Liberal Democrat,@JonRegnart @EllieJPrice I would like that a lot,JonRegnart,"@JonRegnart, @EllieJPrice",2017-12
2017-12-18,hammersmithandy,Labour,"69 is the number of the year, apparently https://t.co/qBbnUfVBPG https://t.co/SqwKE9VLqC",PickardJE,,2017-12
2017-12-18,jessphillips,Labour,When you're a Russian bot pretending to be an authentic British pro-Brexit voice but you forget to turn your Twitter location off https://t.co/k5SXH11B6D,DomWalsh13,,2017-12
2017-12-18,alison_mcgovern,Labour,Absolute legend... wonderful man... I left the chamber feeling very moved https://t.co/aX0iZ3559P,ToniaAntoniazzi,,2017-12
2017-12-18,carolynharris24,Labour,@DebbieWilcox1 @ITVWalesPress Ta x,,"@DebbieWilcox1, @ITVWalesPress",2017-12
2017-12-18,hammersmithandy,Labour,"Good to have a full and frank discussion with @talktogenesis housing about disposals, maintenance and the NHHT merger. I’ve asked for a suspension of this year’s property disposals in Westminster as an indication of good faith.",KarenPBuckMP,@talktogenesis,2017-12
2017-12-18,alisonthewliss,Scottish National Party,"Today's adjournment debate on RBS branch closures in rural areas, moved by @ianblackfordmp, is now starting. Watch https://t.co/Mto38GrHqU https://t.co/AXx3EU8MLE",HouseofCommons,"@ianblackfordmp,",2017-12
2017-12-18,pauljsweeney,Labour (Co-op),Duncan did so much to get this on the agenda before he retired. Essential that we keep campaigning and make sure our industrial heritage can provide Inverclyde’s jobs in the future. https://t.co/nCgffb23q0,martinmccluskey,,2017-12
2017-12-18,nsoames,Conservative,"The science is clear.
The risks are clear.
The road ahead is clear.

Act now to stop #climatechange or face a world of consequences. Pleased to take this message to #UNSC in NYC today. https://t.co/vDh6Xrjj5g",MarkFieldUK,,2017-12
2017-12-18,joannaccherry,Scottish National Party,"I applaud Dominic Grieve for speaking out. Toxic discourse &amp; indifference to the truth is a real problem in the British press - 
 I have received death threats, and I blame the vitriol of the pro-Brexit media | Dominic Grieve | Opinion | The Guardian https://t.co/CAFUqb8bLZ",,,2017-12
2017-12-18,annietrev,Conservative,"The Prime Minister wishes the new Bishop of London, Sarah Mullally, every success in her new role: https://t.co/3rkxKAbdD1 https://t.co/GNA7ismSWI",10DowningStreet,,2017-12
2017-12-18,cwhittaker_mp,Conservative,Outline of what we have all achieved together since 2010 General Election when British voters put us into office https://t.co/ccD9huOXrf,DKShrewsbury,,2017-12
2017-12-18,petergrantmp,Scottish National Party,Good to know the prime minister won't be signing trade deals where it's not possible. https://t.co/EVlGwh9CiI,bbclaurak,,2017-12
2017-12-18,timfarron,Liberal Democrat,"I am sometimes a malcontent, but otherwise this is spot on. Well said John! https://t.co/xyXnOVDbuB",BBCParliament,,2017-12
2017-12-18,joswinson,Liberal Democrat,@acuthbrt @JimCuthbert @GlasgowCC That doesn't sound good at all. Happy to take up the case with the authorities if you drop me an email jo.swinson.mp@parliament.uk,acuthbrt,"@acuthbrt, @JimCuthbert, @GlasgowCC, @parliament.uk",2017-12
2017-12-18,willquince,Conservative,"Listen to @willquince ask @theresa_may about workers rights after we leave the #EU. Listen to the question and the PMs answer here, we will be strengthening EU workers rights in legislation after we leave the #EU. https://t.co/S51n3vMZrt",redditchrachel,"@willquince, @theresa_may",2017-12
2017-12-18,ronniecowan,Scottish National Party,"Yet another column written by someone who doesn't understand the problems inherent to conditional welfare (possibly because she's never experienced it firsthand), and who also doesn't understand how #basicincome introduces the power to say NO, aka real economic bargaining power. https://t.co/XSGgJXLIQa",scottsantens,,2017-12
2017-12-18,lukepollard,Labour (Co-op),Former UKIP economics spokesperson. Disgraceful. https://t.co/fuXnh3HMbR,MrBrendanCox,,2017-12
2017-12-18,annclwyd,Labour,"For Nazanin, it's now Day 625 of imprisonment &amp; she suffers from #PTSD . Over 1,465,000 support the petition. Please join us. Each new signature adds another voice calling for the release and safe return of Nazanin. Sign &amp; RT the petition at https://t.co/FQ1vtHf0Of   #FreeNazanin",Stephen_Quentin,,2017-12
2017-12-18,philwilsonxmp,Labour,This is very good @soniasodha https://t.co/nWuYRgKTE1,,@soniasodha,2017-12
2017-12-18,carolynharris24,Labour,"Honoured to have been awarded @ITVWalesPress MP of  year.
Congrats to fellow winners and big thank you to my team for all your support and hard work https://t.co/gvyPJgIRiD",,@ITVWalesPress,2017-12
2017-12-18,rorystewartuk,Conservative,"Mars may be named for the god of war, but these weird things aren't cannonballs. They're pebbles. 

The round 5mm concretion I found (L) contains calcium sulfate, sodium + magnesium, making it different from the hematite-rich ""blueberries"" (R) @MarsRovers Opportunity found. Cool! https://t.co/BDWwrOv02l",MarsCuriosity,@MarsRovers,2017-12
2017-12-18,kirstysnp,Scottish National Party,"pps 

UK being consistently outclassed by EU27 preparation and strategy.

You don't defeat your opponent in chess by underestimating them.

And you certainly do not by playing tiddlywinks instead.",davidallengreen,,2017-12
2017-12-18,redditchrachel,Conservative,Debating the bank levy as part of the Finance Bill debate. The bank levy was introduced to ensure that banks make a fair contribution to the U.K. economy. Changes to bank taxation in the Finance Bill will bring in £7bn more to invest in public services. https://t.co/aBsuqK7rIT,SuellaBraverman,,2017-12
2017-12-18,petergrantmp,Scottish National Party,After all the Brexit fuss ...seems that the UK is not even in Top10 for places to migrate to :)) https://t.co/kGtSWphAQy,AngusMacNeilSNP,,2017-12
2017-12-18,brandonlewis,Conservative,"@suemcdonald342 @ukhomeoffice @DExEUgov We have secured certainty for them as well as part of the agreement, see full document for full details on gov.uk",suemcdonald342,"@suemcdonald342, @ukhomeoffice, @DExEUgov",2017-12
2017-12-18,karenpbuckmp,Labour,"@dpastaire ‘Affordable homes’ sounds good, Daniel.  Not been many of them, have there? And remind me of the cuts to the Children’s Centres while we are chatting.",dpastaire,@dpastaire,2017-12
2017-12-18,meaglemp,Labour,This is what #Brexit is about for these right wingers https://t.co/YUMYMAHJ3J,Kevin_Maguire,,2017-12
2017-12-18,royston_smith,Conservative,The Head of the UN’s watchdog for human rights has said the widespread and systematic nature of the persecution of the Rohingya in Myanmar means genocide cannot be ruled out. Our recent Report takes the same view https://t.co/G6DVsR0jSP,CommonsForeign,,2017-12
2017-12-18,albertowen2020,Labour,See the video here: https://t.co/IEdwheL0tA,AlbertOwen2020,,2017-12
2017-12-18,carolynharris24,Labour,@JoStevensLabour @WelshLabour @MarkDrakeford @Eluned_Morgan Ta Jo x,JoStevensLabour,"@JoStevensLabour, @WelshLabour, @MarkDrakeford, @Eluned_Morgan",2017-12
2017-12-18,sandbach,Conservative,Calum's only hope of survival from a blood disease was finding a stem cell donor. Be a Matchmaker. Help us find stem cell donors. https://t.co/DSdQtOiaBV,AnthonyNolan,,2017-12
2017-12-18,alison_mcgovern,Labour,This https://t.co/79nF6odrzA,FrancesOGrady,,2017-12
2017-12-18,angusmacneilsnp,Scottish National Party,"It would be helpful if leftists who continue to fear-monger about federal budget deficits, would at least make it clear that their fears are rooted in Deficit Politics rather than economics.",StephanieKelton,,2017-12
2017-12-18,angelacrawley30,Scottish National Party,Thanks to Bob @championi in Uddingston for the doggy treats 🐶 for Christmas &amp; @BothwellCandle for the lovely room sprays to add to stockings #ShopLocal https://t.co/xC1jwDDPV0,,"@championi, @BothwellCandle",2017-12
2017-12-18,tobyperkinsmp,Labour,"Spoke to Tommy Lee, the former Chesterfield goalkeeper, who retired through injury last month, about years of masking pain, his relief now it's over, and a career in the lower leagues... https://t.co/KjREXPcAUo",GregorRoberts0n,,2017-12
2017-12-18,albertowen2020,Labour,"@EllieJPrice For sure, from this spaniel owner.",EllieJPrice,@EllieJPrice,2017-12
2017-12-18,annaturley,Labour (Co-op),Sending solidarity and support to @HackneyAbbott in the face of appalling misogyny and racism. @starsports_bet should apologise for this thoroughly nasty attempt at 'humour'. https://t.co/c8EpAkyBZS,LabourWomensNet,"@HackneyAbbott, @starsports_bet",2017-12
2017-12-18,hughgaffneyccb,Labour,Tragic and distressing news unfolding from this ongoing incident at Cameron House. https://t.co/9KJc53q62U,MonicaLennon7,,2017-12
2017-12-18,pauljsweeney,Labour (Co-op),"just £300m pa raised from tax changes puts the £9,000m pa net fiscal transfer Scotland receives from UK-wide pooling &amp; sharing in context https://t.co/x3dgvFxg88",kevverage,,2017-12
2017-12-18,rachaelmaskell,Labour (Co-op),Why can’t the Prime Minister give a clear answer to a simple question on workers rights instead of getting her robotic lines out. I was the 5th of 8 MPs to ask her about Working Time Regs.,,,2017-12
2017-12-18,neill_bob,Conservative,"@neill_bob Hi! Followed you as Chair of the APPG on France. I'm an academic, specialise in linguistics/language policy (especially but not only French and Francophone). If I can help, don't hesitate! Might also be useful for the @APPGforLondon.",EvrydayLg,"@neill_bob, @APPGforLondon.",2017-12
2017-12-18,johnredwood,Conservative,"We did not vote to be some minor state following meekly the EU’s laws and policies. We voted for our country to regain its vote and voice in global bodies. We voted to be friends and trading partners with the EU, but not to be part of its legal system and budgets.",,,2017-12
2017-12-18,redditchrachel,Conservative,"Help me understand what Labour’s position is. 

So far I’ve heard Corbyn say they won’t rule out second referendum. 

Diane Abbott last month backed second referendum but today rules out second referendum. 

Tom Watson today doesn't rule out second referendum.",JamesCleverly,,2017-12
2017-12-18,petergrantmp,Scottish National Party,UK growth lower than Greece. Small independent countries in EU power ahead. #BrexitChaos https://t.co/3fAFcBtdHA,MrJohnNicolson,,2017-12
2017-12-18,nicktorfaen,Labour,Well done to my friend and great @WelshLabour colleague @carolynharris24 on this thoroughly deserved award! https://t.co/j9bYIAjufB,carolynharris24,"@WelshLabour, @carolynharris24",2017-12
2017-12-18,alexburghart,Conservative,"Just left DL committee. We passed a ban on plastic microbeads which pollute our oceans. Follows govt moves to: 

🐘Ban the ivory trade
📹Make CCTV mandatory in all slaughterhouses 
👮🏼‍♀️Increase sentences for animal cruelty
♻️Cut single-use plastics
🐝Ban harmful pesticides https://t.co/PIUQ6hKaE6",NeilDotObrien,,2017-12
2017-12-18,waynedavid_mp,Labour,RT @4IR_APPG: Shadow Minister @WayneDavid_MP argues for long term importance of strong and resilient domestic defence and manufacturing ind…,,"@4IR_APPG:, @WayneDavid_MP",2017-12
2017-12-18,jreynoldsmp,Labour (Co-op),What on Earth is this game that Barcelona are playing? https://t.co/d8yDMxcQ3F,RokerReport,,2017-12
2017-12-18,lukepollard,Labour (Co-op),"Me on Sunday Politics this weekend - situation in Dartmoor Prison shows our prison service is in crisis, probation and privitisation of that service isn't working and Government needs to get a grip. https://t.co/1LCfwZltxn",,,2017-12
2017-12-18,petergrantmp,Scottish National Party,Thank you for the decency &amp; compassion you’ve shown our family when we need it the very most. The condolences we've received have been an immeasurable source of strength over the last few days. I’m deeply touched by the amount of kindness &amp; love shown in Chorley &amp; Westminster.,LindsayHoyle_MP,,2017-12
2017-12-18,carolynharris24,Labour,@JimfromOldham @ITVWalesPress Ta Jim x,JimfromOldham,"@JimfromOldham, @ITVWalesPress",2017-12
2017-12-18,karenpbuckmp,Labour,"@LordMVee @SpeyeJoe Not the only issues, as Sonia Sodha’s piece very clearly demonstrates",LordMVee,"@LordMVee, @SpeyeJoe",2017-12
2017-12-18,andrewbowie_mp,Conservative,"Their past catches up with them “SNP report failings slip under the radar” 

https://t.co/d7uMcsb1MR",billabowman,,2017-12
2017-12-18,votepursglove,Conservative,"@hls1978 Pleasure! As soon as I hear back, I'll be back in touch.",hls1978,@hls1978,2017-12
2017-12-18,ianclucas,Labour,"The problem is that different members of the Cabinet want different things from Brexit and the Prime Minister does not know what she wants. There is no Government position, as you must see. https://t.co/j68OhiYGAN",GarethBHughes,,2017-12
2017-12-18,catherinewest1,Labour,Alarm over sharp rise in ambulance patient deaths in England #nhscuts https://t.co/5awhBMG4SU,,,2017-12
2017-12-18,julieforburnley,Labour,The investment in this new facility at Burnley General is very welcome https://t.co/9QI4A5rhqT,ELHT_NHS,,2017-12
2017-12-18,stewarthosiesnp,Scottish National Party,Remarkable calm reflecting @VADundee #Tay https://t.co/4vhWhnzeKF,jackieproven,@VADundee,2017-12
2017-12-18,labourlewis,Labour,See you in the hollodeck... no tampering. https://t.co/wMwD3oS24O,Chris_NorfolkCC,,2017-12
2017-12-18,redditchrachel,Conservative,"Labour presided over a fall in housebuilding, our measures will deliver more homes for first time buyers and families. #financebill https://t.co/B0sdNe1oEa",,,2017-12
2017-12-18,redditchrachel,Conservative,Amazed to hear @jeremycorbyn talk about “contradictions” in the #Brexit deal. They’ve already contradicted themselves several times in the last 24 hours whether they support a second referendum. Their voters are being badly let down by their U turns and splits on #Brexit https://t.co/qMHaojgre6,,@jeremycorbyn,2017-12
2017-12-18,rhonddabryant,Labour,"Oh, and to be absolutely clear: @Nigel_Farage really did delete this one. About alleged paedophile Roy Moore. Who he endorsed. https://t.co/01puE4K6nG",carolecadwalla,@Nigel_Farage,2017-12
2017-12-18,carolynharris24,Labour,@JulieJamesAM @ITVWalesPress Ta Julie,JulieJamesMS,"@JulieJamesAM, @ITVWalesPress",2017-12
2017-12-18,nadinedorries,Conservative,"A MidBeds business owner who gave me the high setting hairdryer treatment following #EUref tells me now, his order book up 20% this year, he’s happy with government strategy, he wants stability and certainty. ‘Just get on with it and quickly.’",,,2017-12
2017-12-18,liliangreenwood,Labour,Scrapping the electrification of key regional rail infrastructure could have “massive” environmental costs @DianaJohnsonMP @LilianGreenwood @IPPRNorth  https://t.co/Ifv0yylE8B https://t.co/SBu2jCSKq1,SIGOMA_LG,"@DianaJohnsonMP, @LilianGreenwood, @IPPRNorth",2017-12
2017-12-18,johnmcdonnellmp,Labour,"Pleased to put forward this important clause to the Finance Bill, calling on the government to #PublishTheImpact of their future policies on different households, gender &amp; others with protected characteristics. Encourage your MP to support! https://t.co/P83mmEe0lx",DawnButlerBrent,,2017-12
2017-12-18,neill_bob,Conservative,"@Graham_Galpin Thank you, Graham.",Graham_Galpin,@Graham_Galpin,2017-12
2017-12-18,drrosena,Labour,"Last night the #Furzedown community came together at the St James Church Carol Service, a great event - thanks to Revd Rob for the invite. https://t.co/9VvOJD0epr",,,2017-12
2017-12-18,petergrantmp,Scottish National Party,This is what a failing society looks like https://t.co/fLwBSvjF72,Peston,,2017-12
2017-12-19,rebeccaharrismp,Conservative,Diane Abbott has just confirmed where Labour stand on Brexit: https://t.co/pSF6JmYamO,Conservatives,,2017-12
2017-12-19,wesstreeting,Labour,.@wesstreeting asked @JoJohnsonUK about student poverty as part of our Student Loans inquiry this morning. Watch the full session here: https://t.co/GIG97zxtsi  #AskJoJohnson https://t.co/LOVOgpZk2H,CommonsTreasury,"@wesstreeting, @JoJohnsonUK",2017-12
2017-12-19,stevebakerhw,Conservative,https://t.co/uisFXmlh7f,,,2017-12
2017-12-19,laurasmithcrewe,Labour,Fabulous news well done https://t.co/2yacfOU5FG,ToniaAntoniazzi,,2017-12
2017-12-19,realstephenkerr,Conservative,"Forbes, an influential American Business magazine: The U.K. Tops Forbes' Best Countries For Business 2018 via @forbes https://t.co/HDeaggV7vb",afneil,@forbes,2017-12
2017-12-19,cpjelmore,Labour,"Initial discussions started by the UK Gov't to create a North Wales Growth plan are an excellent opportunity to support the communities and industries of the
region with a focus on skills and jobs. #SocialMobilityInWales",,,2017-12
2017-12-19,cgreenuk,Conservative,UK rated by Forbes best place to do business in 2018. And there was me thinking we were going to hell in a handcart. https://t.co/tW8Sq49PzJ,DominicRaab,,2017-12
2017-12-19,mikejwood,Conservative,"My Government will not only protect workers' rights set out in European legislation, but build on them as we leave the EU. That is a guarantee. https://t.co/xBUdZFN8KO",theresa_may,,2017-12
2017-12-19,sharonhodgsonmp,Labour,@MarieRimmer @SharonHodgsonMP asks @Jeremy_Hunt to give assurances that no children will experience malnutrition #HealthQuestions,PBConsultingUK,"@MarieRimmer, @SharonHodgsonMP, @Jeremy_Hunt",2017-12
2017-12-19,morton_wendy,Conservative,We are making sure that the police have the resources they need to keep us safe - with up to £450 million more for police budgets next year. https://t.co/AUqLgreaBO,Conservatives,,2017-12
2017-12-19,mikeamesburymp,Labour,"RT @nick_forbes: “Oh you shouldn’t have” says local government, eagerly opening the local govt finance settlement announced just before Chr…",,@nick_forbes:,2017-12
2017-12-19,gwynnemp,Labour,"Expecting the Local Govt Finance Settlement to be released today - will @sajidjavid do the right thing and properly fund councils to end crisis in children's social care, pay staff a decent wage, and ensure vulnerable are protected? Sadly, we're not holding our breath.",LGA_Labour,@sajidjavid,2017-12
2017-12-19,chukaumunna,Labour,Boris/Gove plot to scrap working time rights is nothing new. Many on government front &amp; back benches have form on this. Here are 11 that @huffpostUK found https://t.co/VPpY77qRSu,The_TUC,@huffpostUK,2017-12
2017-12-19,tomtugendhat,Conservative,"We are currently taking evidence from Lord Hannay of Chiswick and Sir John Sawers, former UK ambassadors to the UN, about the UK’s influence in the UN. Watch live here: https://t.co/0ZOPFSN0KS",CommonsForeign,,2017-12
2017-12-19,justinmadders,Labour,@blackthorn23 @kenshaz Well if that was still the plan she shouldn’t have had any problems answering it on the eight occasions she was asked yesterday,blackthorn23,"@blackthorn23, @kenshaz",2017-12
2017-12-19,tobyperkinsmp,Labour,"CHESTERFIELD TERROR ARREST: Councillor Keith Brown, who also represents Sheffield Road on the borough council, said: ""People should remain vigilant - but I don't think there's any reason to panic. The police have the situation under control. Now they need time to do their work.""",micklesb,,2017-12
2017-12-19,tpearce003,Labour,MAIL: Merry Xmas! Council tax up £100 #tomorrowspaperstoday https://t.co/zW3nolq72x,hendopolis,,2017-12
2017-12-19,annietrev,Conservative,Great news that Prince Harry is stepping into his grandfather's shoes to lead the @RoyalMarines in the 21st century. https://t.co/ezbpp2jolh,annietrev,@RoyalMarines,2017-12
2017-12-19,hughgaffneyccb,Labour,"I will work with SNP MSPs and MPs when they stand up against RBS closures - why won’t one of them work with Labour when we oppose the closure of Police Stations, Fire control rooms, the loss of thousands of Council jobs and services, the loss college places and see a GP crisis?",Neilsocialist,,2017-12
2017-12-19,heidiallen75,Conservative,"""You are never mutineers, never traitors, never malcontents, never enemies of the people"" - the Speaker's message to MPs after hearing stories of online abuse. https://t.co/0uU5bfGXK9",BBCParliament,,2017-12
2017-12-19,barrysheerman,Labour (Co-op),Anglesea salt sounds good especially in Barack Obama's favourite chocolate @BBCFarmingToday,,@BBCFarmingToday,2017-12
2017-12-19,petewishart,Scottish National Party,Looks like Scottish Labour will now be a party of Brexit. Scotland voted 62% to remain and this Tory Brexit presents a clear threat to our living standards and devolution settlement. https://t.co/rUuhfTFRIs,_DanParis,,2017-12
2017-12-19,cskidmoreuk,Conservative,Minister for the Constitution in @cabinetofficeuk @CSkidmoreUK visiting PHM #EveryVoiceMatters @PHMLearn https://t.co/VOuqax4AeX,PHMMcr,"@cabinetofficeuk, @CSkidmoreUK, @PHMLearn",2017-12
2017-12-19,louhaigh,Labour,The Minister @NickHurdUK confirms no new central government cash for local police forces. That means a real-terms cut in central funding for police forces of £324m next year.,,@NickHurdUK,2017-12
2017-12-19,timfarron,Liberal Democrat,@MichaelBullock @IainDale @RyanRDavid @ptnaughton @montie Merry Christmas to you x,MichaelBullock,"@MichaelBullock, @IainDale, @RyanRDavid, @ptnaughton, @montie",2017-12
2017-12-19,nadhimzahawi,Conservative,UK electoral body fines Liberal Democrats over Brexit vote expenses https://t.co/JHKvs9VdPj https://t.co/Im2sFP38v0,Reuters,,2017-12
2017-12-19,karenpbuckmp,Labour,@MattNoble_ Loads are US based too. Presumably bots..,MattNoble_,@MattNoble_,2017-12
2017-12-19,louhaigh,Labour,Theresa May had a chance tonight to tell Donald Trump that far right racism is sick. Looks like she passed it up. Here’s Downing St’s summary of their first phone call since his Britain First retweets. https://t.co/gtoRMGU9Wy,PaulBrandITV,,2017-12
2017-12-19,keeleymp,Labour,Leaked documents shows senior policing leaders asked for £100m in Counter-Terror funding. The Gvt have confirmed they are giving them only half that. Shameful.,LouHaigh,,2017-12
2017-12-19,mikegapes,Labour (Co-op),A deep and special relationship in action https://t.co/BDBxr3iei2,tnewtondunn,,2017-12
2017-12-19,louhaigh,Labour,Well written by Shadow Policing Minister @LouHaigh. Time to call time on policing cuts and give our officers the tools to do the job https://t.co/Hr2DSy2eVM,NorthumbriaPCC,@LouHaigh.,2017-12
2017-12-19,hollylynch5,Labour,"Thanks to Commander @MattTwistMPS for his time this morning as we seek to fine tune the #ProtectTheProtectors bill, making sure it will be as effective as possible in keeping 999 workers safe.",,@MattTwistMPS,2017-12
2017-12-19,justinmadders,Labour,"They didn’t factor in me, you @FitzMP , Sir Peter or @LKPleasehold ! Or their own greed... https://t.co/0mqryMvOnG",NLC_2019,"@FitzMP, @LKPleasehold",2017-12
2017-12-19,hammersmithandy,Labour,Happy 12th Birthday to Civil Partnerships.... I hope we are a lot closer than 12 more years away from Equal Civil Partnerships @EqualCPs https://t.co/0w7QpQiEhl,vincemaple,@EqualCPs,2017-12
2017-12-19,damiancollins,Conservative,"Our second panel with David Alandete, Managing Editor, El País, Francisco de Borja Lasheras, Director, European Council on Foreign Relations &amp; Mira Milosevich-Juaristi, Associate Professor, Instituto de Empresa is live here: https://t.co/676YxAl3bw",DamianCollins,,2017-12
2017-12-19,cskidmoreuk,Conservative,Delighted to have been featured in the @cabinetofficeuk “Democratic Engagement Strategy” alongside @KirkleesYC and @andymycock1. Was great to meet @CSkidmoreUK and show him what we have been working on! Look forward to continue with this work in the future.,jlstelling,"@cabinetofficeuk, @KirkleesYC, @andymycock1., @CSkidmoreUK",2017-12
2017-12-19,nickhurduk,Conservative,"Today, @theresecoffey put the final signature to our ban on the use of microbeads in the UK – it will come into force on January 9! #GreenBrexit https://t.co/SnRljAlF0g",DefraGovUK,@theresecoffey,2017-12
2017-12-19,mike_fabricant,Conservative,Yup! The same guy who predicted he’d be #PM by #Christmas 2017 only 4 months ago.  #ReliableNot https://t.co/WqMdiF5gXZ,KevinASchofield,,2017-12
2017-12-19,julialopezmp,Conservative,Exciting to see new draft tube map with the Elizabeth line included to celebrate one year to go until opening. Not only will the new line cut journey times but it will also reduce the hassle factor of changing lines at major interchanges like Liverpool Street and Paddington @TfL https://t.co/wqC7p57jEn,,@TfL,2017-12
2017-12-19,nadhimzahawi,Conservative,"Yesterday’s cabinet meeting very constructive, looking forward to today’s in same spirit. Telegraph reports wide of the mark.",PhilipHammondUK,,2017-12
2017-12-19,lsrplaid,Plaid Cymru,.@LSRPlaid questions @AlunCairns about the Welsh prison estate. We hear from @UKGovWales that there is no data on how many offenders need welsh language support but they believe needs are bring met. https://t.co/9YAX2GX6S8,CommonsWelshAff,"@LSRPlaid, @AlunCairns, @UKGovWales",2017-12
2017-12-19,ronniecowan,Scottish National Party,While @KirstySNP spells out the deprivation and poverty being imposed by the Tory government some of their members chatter and laugh on the green benches.,,@KirstySNP,2017-12
2017-12-19,angusmacneilsnp,Scottish National Party,I'm sure they solved their catastrophic Tory Brexit mess 542 days since #EUref in the 4 minutes 20 seconds they each had. https://t.co/brdqfpJVXl,rosscolquhoun,,2017-12
2017-12-19,nadhimzahawi,Conservative,"My message to the protesters 

These are challenging times for our region. Your frustrations are understandable, and I hear them.  Peaceful expression of views is of course a legitimate and democratic right...

https://t.co/g6ZchC5sap",IKRPresident,,2017-12
2017-12-19,stewartmcdonald,Scottish National Party,"⚡️ Last night, @IanBlackfordMP and SNP MPs stood up for communities across the country against RBS closures. Find out what happened here:

https://t.co/Fs3BH0dguF",theSNP,@IanBlackfordMP,2017-12
2017-12-19,geraldjoneslab,Labour,"Thanks from me &amp; @GeraldJonesLAB to Merthyr @onlyboysaloud @onlytimaloud for allowing us sing with them to wish everyone a Merry Christmas. Nadolig Llawen pawb.
 https://t.co/boPyQ7oHpO via @youtube",Dawn_Bowden,"@GeraldJonesLAB, @onlyboysaloud, @onlytimaloud, @youtube",2017-12
2017-12-19,laboursj,Labour,@PhilDouglasDon A lot worse in recent years in my experience. But yes. You don't fix this without proper effort and investment.,PhilDouglasDon,@PhilDouglasDon,2017-12
2017-12-19,rehman_chishti,Conservative,Today on @CommonsHomeAffs questioned representatives of Youtube Facebook Twitter in relation to material they publish on line in relation to inquiry into hate crime and its violent consequences. https://t.co/tl8PMHfYkJ,,@CommonsHomeAffs,2017-12
2017-12-19,cpjelmore,Labour,.@ChrisRuane2017 right to focus on the quality of jobs. 67% of adults living in poverty are in work - this cannot be right #SocialMobilityInWales,,@ChrisRuane2017,2017-12
2017-12-19,davidcrausby,Labour,"“I’d like to thank everyone who has given their time, money and effort to help those in Greater Manchester who desperately need our support.""

The Mayor's Homelessness Fund has raised £135,000 after an an early Christmas boost.

https://t.co/za08uMe3HR https://t.co/uYqgRhzkki",MayorofGM,,2017-12
2017-12-19,geraintdaviesmp,Labour (Co-op),"It's not too early (or late) to grant people their Christmas wishes &amp; give them the #FinalSay on Brexit. What do you say, @AlunCairns? https://t.co/BCRAXrvPNc",,@AlunCairns?,2017-12
2017-12-19,justinmadders,Labour,@kenshaz Only because she previously said all work rights would be protected &amp; now won’t-I don’t want to see people working dangerous hours again,kenshaz,@kenshaz,2017-12
2017-12-19,dr_philippaw,Scottish National Party,"It's like our aristocrats lost all their cash in a betting shop on the way home, then decided they'd sell their grannies into slavery to recover the money in a hurry. To hell with granny, they needed that jingle of gold back in their pockets. https://t.co/ObMxZwur3m",EscociaLibre,,2017-12
2017-12-19,stellacreasy,Labour (Co-op),@dave_787 Stella@ https://t.co/ji9CH3g3E2,dave_787,@dave_787,2017-12
2017-12-19,jeffsmithetc,Labour,"Pleased to have signed-on to this letter calling on @PennyMordaunt to commit to financing @GPforEducation. Education is a vital route out of poverty, but too many children are missing out on it #FundEducation https://t.co/EFeoeW9jlg",,"@PennyMordaunt, @GPforEducation.",2017-12
2017-12-19,jc4southsuffolk,Conservative,My question yesterday to the PM asking her to ensure that any future EU/UK trade deal doesn't just cover services but provides excellent access for our v significant services sector: https://t.co/JdS5LWKBsQ,,,2017-12
2017-12-19,richardhrbenyon,Conservative,For 1st time UK tops list of best country in which to do business https://t.co/7wE7FczfYf,,,2017-12
2017-12-19,pgibsonsnp,Scottish National Party,"From record health spending to free bus journeys, here’s why the Scottish budget means older people get the best deal anywhere in the UK. https://t.co/FI4MREfQ50",theSNP,,2017-12
2017-12-19,stewartmcdonald,Scottish National Party,Cutting through some of the noise surrounding the @HMSQnlz leak https://t.co/s9Mzx4phKh,MartinJDocherty,@HMSQnlz,2017-12
2017-12-19,steph_peacock,Labour,Aww thank you xx see you Thursday https://t.co/ZNTrQX10Is,cllrsharonhowar,,2017-12
2017-12-19,sarahchampionmp,Labour,As you follow me on twitter you know just how much work I do. https://t.co/uDKsK9jlpa,,,2017-12
2017-12-19,stevebakerhw,Conservative,Today's roundtable with domestic think tanks was a great opportunity to discuss the progress we've made so far and the opportunities ahead. https://t.co/yUxHY3vnwr,,,2017-12
2017-12-19,drlisacameronmp,Scottish National Party,"⚡️ “Employable Me - Erica and Alan”

https://t.co/QymDvH3jI7",Autism,,2017-12
2017-12-19,hammersmithandy,Labour,"Keeping Londoners safe is my top priority, but today, despite the smoke and mirrors, the Government has refused to give the Met the resources they need to do their job once again. https://t.co/Rh0Spkb5jF",SadiqKhan,,2017-12
2017-12-19,davidlinden,Scottish National Party,Great to have students from @LochendHigh &amp; @EastbankAcademy visiting @HouseofCommons today! https://t.co/a7IjjuUGIZ,,"@LochendHigh, @EastbankAcademy, @HouseofCommons",2017-12
2017-12-19,mattwarman,Conservative,@Corby_71 I appear to be doing an impression of a gargoyle...!,,@Corby_71,2017-12
2017-12-19,angelarayner,Labour,Absolutely it's fantastic news 😂 https://t.co/IgdFA1cUaa,catholicashton,,2017-12
2017-12-19,davidlammy,Labour,"I am pleased to see the Govt take forward recommendations for targets on the diversity of our Prison Governors &amp; senior leadership, however I am disappointed that the Govt have not felt able to move forward on targets or goals to achieve a representative judiciary and magistracy.",DavidLammy,,2017-12
2017-12-19,halfon4harlowmp,Conservative,I have worked incredibly hard over the last five years to bring Public Health England to Harlow. I'm delighted... https://t.co/CQC1cEH2KW,,,2017-12
2017-12-19,stellacreasy,Labour (Co-op),Got to love @timchipping for mansplaining to a mansplainer what my motivations are...😂😂#ladydata… https://t.co/EhdOuTs4sM,,@timchipping,2017-12
2017-12-19,drcarolinej,Conservative,Pleased to hear @sajidjavid announce Lincolnshire will be part of the keeping business rates pilot - bringing an extra £14million pounds for 2018-19,,@sajidjavid,2017-12
2017-12-19,samgyimah,Conservative,@christopherhope Inspiring.,christopherhope,@christopherhope,2017-12
2017-12-19,sarahchampionmp,Labour,".@SarahChampionMP this afternoon - gave shocking statistic that 86% of Tory tax cuts have an adverse effect on women. Clearly no impact assessments in sight, government getting it wrong here. https://t.co/2B6b4HI5hV",IsHousecroft,@SarahChampionMP,2017-12
2017-12-19,rhonddabryant,Labour,"Did you know that if you text 07725909090 when you're really depressed a crisis councillor will text with you? Some people would be more comfortable texting. This is a service set up by Samaritans.
Please copy and paste.
You never know who may be needing it.
#itsokaynottobeokay",citizentommy,,2017-12
2017-12-19,patmcfaddenmp,Labour,Congratulations to @sikhs4labour! https://t.co/hvPfZ1vdcp,_JasvirSingh,@sikhs4labour!,2017-12
2017-12-19,debbie_abrahams,Labour,@imajsaclaimant @22magoo Yep.,imajsaclaimant,"@imajsaclaimant, @22magoo",2017-12
2017-12-19,wesstreeting,Labour,I still find it extraordinary and a disgrace that only this week - 18 months after the EU referendum! - that the Cabinet had its first full formal discussion on our future relationship with the EU.,ChukaUmunna,,2017-12
2017-12-19,thangammp,Labour,Well done all! https://t.co/QzJLQjgLCh,TracyBrabin,,2017-12
2017-12-19,henrysmithuk,Conservative,"I’m also on Facebook - https://t.co/e5xM1hTEZC - where I post pictures like this, as required under the site’s terms and conditions... https://t.co/ch7nvXnQpf",,,2017-12
2017-12-19,alisonthewliss,Scottish National Party,"The Minister is badly failing to recognise the impact that RBS closures will have on the most vulnerable. UKGov should be using their influence with RBS, not ducking responsibility.",KirstySNP,,2017-12
2017-12-19,geraldjoneslab,Labour,The Minister @NickHurdUK confirms no new central government cash for local police forces. That means a real-terms cut in central funding for police forces of £324m next year.,LouHaigh,@NickHurdUK,2017-12
2017-12-19,gutoaberconwy,Conservative,"Today, @theresecoffey put the final signature to our ban on the use of microbeads in the UK – it will come into force on January 9! #GreenBrexit https://t.co/SnRljAlF0g",DefraGovUK,@theresecoffey,2017-12
2017-12-19,helengoodmanba,Labour,Alarming announcement that LAs can keep 75pc of business rates - this means MORE money for London- about 5billion in fact!,,,2017-12
2017-12-19,mariamilleruk,Conservative,Important all top UK universities attract best students from around world to study in our world class institutions by extending visa pilot https://t.co/QSr6IO8gY6,SteveBakerHW,,2017-12
2017-12-19,sarahchampionmp,Labour,With support &amp; planning it could. But we’re not currently on a level playing field with Europe &amp; this will get worse if Tories chose not to act https://t.co/mxReqDmGAj,ClanPetrie,,2017-12
2017-12-19,hammersmithandy,Labour,"""Our position is clear and long-standing: the status of Jerusalem should be determined through a negotiated settlement between the Israelis and the Palestinians."" 

Ambassador @MatthewRycroft1 explains why UK voted in favour of draft resolution on the status of Jerusalem https://t.co/KBHfDrAcmP",FCDOGovUK,@MatthewRycroft1,2017-12
2017-12-19,ianclucas,Labour,There are no safe seats. https://t.co/a3mWBeXPYd,,,2017-12
2017-12-19,barrysheerman,Labour (Co-op),"Every NHS trust told to bring in early warning checks in war on sepsis
https://t.co/xoqNi5JEUT",Telegraph,,2017-12
2017-12-19,jamescleverly,Conservative,"@AmandaBall77 @stuey_norris @BBCWestminHour @EssexPoliceUK @EssexPFCC I, and the other Essex MPs, spoke with the Police minister at the Home Office about giving PCCs more flexibly in raising the council tax precept to fund policing. 

This has now become policy and today’s funding announcement gives @EssexPFCC up to £8.8 million extra next year 3..",JamesCleverly,"@AmandaBall77, @stuey_norris, @BBCWestminHour, @EssexPoliceUK, @EssexPFCC, @EssexPFCC",2017-12
2017-12-19,sarahchampionmp,Labour,I’m on page 3 of today’s #EveningPost but not the page 3 you’re all thinking of! https://t.co/tqBofi1XxQ,carolynharris24,,2017-12
2017-12-19,karenpbuckmp,Labour,I bet he used a viability assessment to duck the affordable housing requirements as well https://t.co/mV8LKZosmL,PeteApps,,2017-12
2017-12-19,lukepollard,Labour (Co-op),The @CommonsTrans is hiring! https://t.co/XHTmvSom8N,CommonsTrans,@CommonsTrans,2017-12
2017-12-19,jessphillips,Labour,"Guys, this is why they wanted us to leave https://t.co/quhfd4Egs1",tomcopley,,2017-12
2017-12-19,dianajohnsonmp,Labour,No I am just reporting on what was said to the Commons cross party select committee this afternoon. https://t.co/MHw5dzXnSv,hiltonholloway,,2017-12
2017-12-19,debbie_abrahams,Labour,https://t.co/pNNnZYhZik,,,2017-12
2017-12-19,cherylgillan,Conservative,Landmark Ruling Recognises Rights of Cohabiting Couples https://t.co/FhNiCuulbk @CherylGillan @cheshamsociety https://t.co/KNybLmAfOk,IbbLaw,"@CherylGillan, @cheshamsociety",2017-12
2017-12-19,ianmurraymp,Labour,Why does black ice hate Scotland so much? @PoliticalYeti @JournoStephen https://t.co/mqp7jolDD5,Neilsocialist,"@PoliticalYeti, @JournoStephen",2017-12
2017-12-19,petergrantmp,Scottish National Party,I guess that’s @RailDaily added to the list of media outlets showing blatant pro SNP bias https://t.co/egsuR9Klus,RailDaily,@RailDaily,2017-12
2017-12-19,wera_hobhouse,Liberal Democrat,"Very concerned; Bath is now ranked second worst in the UK for road safety performance. Unless improved, we will fail to meet international targets to halve road deaths within a decade. For more information: https://t.co/anzcqwmNGu",,,2017-12
2017-12-19,davidlammy,Labour,"Barnier and EU leaders seem clear and united that the Govnt’s reckless and damaging red lines mean the future relationship must = UK ending up in a worse situation and with a worse trade deal than exists between the EU and Norway, Switzerland, Ukraine and Turkey. https://t.co/hmCfBFFBaA",JenniferMerode,,2017-12
2017-12-19,richardburgon,Labour,"Over the coming months, Labour will be holding the Government to account over its commitments made today and pressing it to go much further to ensure that the Lammy report is a watershed moment in the struggle against racism and discrimination.",RichardBurgon,,2017-12
2017-12-19,toniaantoniazzi,Labour,Please retweet as if lives were depending on it - hang on !! this is a life line 😳 🙏https://t.co/bT5ltnaYtL @LlamauUK @crowdfunderuk,fjbeecher,"@LlamauUK, @crowdfunderuk",2017-12
2017-12-19,gavnewlandssnp,Scottish National Party,"Incredibly proud of Elizabeth Quigley, my talented wife, and Joy Milne on this outstanding film. #smellparkinsons https://t.co/61wU9TSWMV",JohnSwinney,,2017-12
2017-12-19,chionwurah,Labour,Beautiful piece by @stephenkb &amp; a brilliant example of using a personal story to highlight a troubling political reality - the betrayal of today's disadvantaged. https://t.co/gfgUEvlzv3,stephenkb,@stephenkb,2017-12
2017-12-19,joncruddas_1,Labour,@Stace_Ann1 @margarethodge If you email or call my office we will see what we can do to help - email is cruddasj@parliament.uk or my office number is 020 8984 7854,Stace_Ann1,"@Stace_Ann1, @margarethodge, @parliament.uk",2017-12
2017-12-19,alisonthewliss,Scottish National Party,Would you feed your baby breast milk from a stranger? BBC WM 95.6FM has discovered that thousands of women are sharing breast milk via social media.The Department of Health is coming under pressure to issue guidance. Full story here - https://t.co/Tdaa7AxRwb https://t.co/h6QSSuQAPT,bbcwm,,2017-12
2017-12-19,alison_mcgovern,Labour,.@johnmcdonnellMP has reviewed Labour’s manifesto to determine whether important policies would be made impossible by softest of Brexits or staying in EU. They wouldn’t. https://t.co/uaNPGmwyEX,Peston,@johnmcdonnellMP,2017-12
2017-12-19,laurasmithcrewe,Labour,“If anyone can save the UK economy it’s Jeremy Corbyn - he wiped out Labour’s 25 million debt in 3 weeks!” Dennis Skinner in usual fine form at the PLP Christmas sendoff. https://t.co/nYY6tuvX7b,DanCardenMP,,2017-12
2017-12-19,joncruddas_1,Labour,"The worlds oceans are in crisis, and I am pledging my support for the Blue Belt Charter - @GBOceans I hope any @UKLabour MPs that haven't already will #BackTheBlueBelt",,"@GBOceans, @UKLabour",2017-12
2017-12-19,emmadentcoad,Labour,Here is my letter to Michael Gove on the Ivory Trade. You can contribute to the government consultation which is running until the 29th December via @BornFreeFDN: https://t.co/YmcJRQEL7R https://t.co/RWBpArciki,,@BornFreeFDN:,2017-12
2017-12-19,kitmalthouse,Conservative,"Interesting mention of Conservative support for assisted dying in @TheEconomist.  But it won't just attract 'liberals' to the party - assisted dying is backed by 8/10 Tory, Lib Dem AND UKIP voters.  True cross-party appeal #assisteddying
https://t.co/7cERrbRzMG … https://t.co/UxtLM3oxrG",Cons4Choice,@TheEconomist.,2017-12
2017-12-19,nazshahbfd,Labour,Our co-chair @wesstreeting #AVeryMerryMuslimChristmas https://t.co/v20LJAVFPe,APPGBritMuslims,@wesstreeting,2017-12
2017-12-19,emmalewellbuck,Labour,@sdsdriller @TracyBrabin @dimayray @AngelaRayner @lisanandy @Thelma_WalkerMP @RHarrisonGMB @GMBCampaigns @MirrorPolitics We are told 2018.,sdsdriller,"@sdsdriller, @TracyBrabin, @dimayray, @AngelaRayner, @lisanandy, @Thelma_WalkerMP, @RHarrisonGMB, @GMBCampaigns, @MirrorPolitics",2017-12
2017-12-19,richardgrahamuk,Conservative,My apprentice Katie &amp; I visit new #GlosMedia offices #Gloucester &amp; first podcast with Online Editor @JennyEGlos. 12 wishes for 2018.. https://t.co/JAwFEAaAAF,,@JennyEGlos.,2017-12
2017-12-19,stephengethins,Scottish National Party,Lovely letters going home today to children who entered the Parliamentary Christmas Card competition. Well done everyone and thank you @StephenGethins https://t.co/Ij5WT57Xxs,LundinMillPS,@StephenGethins,2017-12
2017-12-19,edvaizey,Conservative,"The amazing Courtney Hughes from Didcot, who founded @SantaCharity when she was 12, gifting 250 presents. Now donates 20k all year round. Deserving winner of PM’s #pointsoflight award. https://t.co/Nzsqs2aCsk",,@SantaCharity,2017-12
2017-12-19,mikegapes,Labour (Co-op),"Are you a nurse? We have a recruitment day Sat 13 Jan where you can get a job in the following areas; cardiology, diabetes, endocrine, endoscopy, gastroenterology, neurosurgery, renal, respiratory and stroke Apply today https://t.co/uCGAWN1g0R https://t.co/GgJDqWcxiW",BHRUT_NHS,,2017-12
2017-12-19,sarahchampionmp,Labour,Jeremy Corbyn: 'I will probably be Prime Minister in the next 12 months' https://t.co/SmqWn9N2hD,Independent,,2017-12
2017-12-19,lucympowell,Labour (Co-op),Good question from @LucyMPowell what Levy costs are within Multi Academy's Trusts to SoS for Education,neilsmithgmb,@LucyMPowell,2017-12
2017-12-19,angelaeagle,Labour,She also needs to stop accusing those MPs who don’t agree with her hardline #Brexit plans of ‘betraying’ voters https://t.co/ueqpRO96RR,campbellclaret,,2017-12
2017-12-19,hollylynch5,Labour,@HollyLynch5 @HouseofCommons @Calderdale The application has been thrown out. Thank goodness for that!!,DotFoster3,"@HollyLynch5, @HouseofCommons, @Calderdale",2017-12
2017-12-19,rthondavehanson,Labour,"#OTD 1910. General Election. Labour win 42 seats. The party had campaigned to abolish the Lords and tackle the right to work; sickness insurance, land reform; adult suffrage; Poor Law reform; factory inspection and medical treatment for school children. https://t.co/NKiPkaVxp3",labour_history,,2017-12
2017-12-19,anna_soubry,Conservative,"@Anna_Soubry @APPGBritMuslims Muslims in this country are as British as anyone else. In Islam, giving to those less well off that yourself is a huge part of your religion - @Anna_Soubry #AVeryMerryMuslimChristmas https://t.co/hVJC7rXLPD",AzizFndn,"@Anna_Soubry, @APPGBritMuslims, @Anna_Soubry",2017-12
2017-12-19,wesstreeting,Labour,"The difference made by Muslim charities is often ignored – especially over Christmas

Excellent piece from our chairs @Anna_Soubry &amp; @wesstreeting 

#AVeryMerryMuslimChrsitmas 

https://t.co/szjGagKHev",APPGBritMuslims,"@Anna_Soubry, @wesstreeting",2017-12
2017-12-19,redditchrachel,Conservative,"@redditchrachel Very timely tweet. Have you seen this Rachel? Facebook replied and said it doesnt contravene standards! 

https://t.co/bX5zD3bRy6",freespirited_p,@redditchrachel,2017-12
2017-12-19,thangammp,Labour,"@ThangamMP meanwhile, in a parallel universe, the UK is a fully committed, enthusiastic member of the Union, doesn't whine at every Council of Ministers meeting is signed up to Schengen, the euro &amp; has neither a rebate nor opt-outs.",wood5y,@ThangamMP,2017-12
2017-12-19,peterkyle,Labour,"Oh here we go again. Whenever Number 10 needs to buy some time as they have nothing to offer....start trailing a distant speech, which by the time it arrives is over-hyped and under-delivers https://t.co/eDSHz3BdKH",,,2017-12
2017-12-19,greghands,Conservative,Well worth reading today’s CBI report on how Britain’s jobs powerhouse will continue into 2018. Unemployment was last this low in 1975! https://t.co/rWBWSMaZ7j,,,2017-12
2017-12-19,emmalewellbuck,Labour,Thank you all so much for your support with this campaign! #FosteringFairness #GMB https://t.co/dkydjJXkLY,RHarrisonGMB,,2017-12
2017-12-19,stellacreasy,Labour (Co-op),Just raised lack of child psychologists with health ministers and impact having on kids in walthamstow- teachers telling me waiting 14 months for referral not the 4 weeks target govt promised. Minister just says will sort by 2020 - these kids need help now! @LabourHealth,,@LabourHealth,2017-12
2017-12-19,dr_philippaw,Scottish National Party,@RachLittlewood @citzgirl @Celestite66 @AngelaRayner You’re not wrong there!,RachLittlewood,"@RachLittlewood, @citzgirl, @Celestite66, @AngelaRayner",2017-12
2017-12-19,neill_bob,Conservative,Pleased to be in the Chamber to support the Emergency Response Drivers (Protections) Bill this afternoon. It echoes many of the concerns I have been raising on behalf of constituents around police pursuit policy &amp; the rise in moped crime in #Bromley &amp; #Chislehurst. https://t.co/R24ajzx2aA,,,2017-12
2017-12-19,marcusfysh,Conservative,"Your regular reminder that:

UK sick pay - 28 weeks ✅
EU sick pay - NONE SET ❌

UK paid holiday - 5.6 weeks ✅
EU paid holiday - 4 weeks ❌

UK Maternity pay - 52 weeks ✅
EU Maternity pay - 14 weeks ❌

UK minimum wage - £7.05 ✅
EU mimimum wage - None set ❌ https://t.co/Byy2ImAa2x",hushlaa,,2017-12
2017-12-19,preetkgillmp,Labour (Co-op),"The family of Lucy Davis, a passenger in the taxi have paid this tribute to her: ""Lucy was a beautiful and fun-loving mother, daughter, sister, auntie and friend who brought happiness to the lives of all she met. Rest in Peace our Lady in Red.” https://t.co/bVJiUF7K3b",WMPolice,,2017-12
2017-12-20,thomasbrake,Liberal Democrat,"Shocking that 57% of women don’t feel comfortable talking about female health with medical professionals. Secondary schools should teach female health, and we should put more information online. https://t.co/kxkKHR4luT",,,2017-12
2017-12-20,chrisleslieuk,Labour (Co-op),Today’s vote in Commons to allow UK to stay in the #CustomsUnion isn’t just about avoiding hard borders and backing our manufacturing workforce. It’s also vital we keep 40+ years of trade agreements with rest of world - see @FT piece from @alexebarker  https://t.co/prIT6sCS1b,,"@FT, @alexebarker",2017-12
2017-12-20,gordonmarsden,Labour,Children’s charity Barnardo’s has been left without an apprenticeship training contract through the controversial non-levy tender https://t.co/9QLqBM9Rcs,FEWeek,,2017-12
2017-12-20,joswinson,Liberal Democrat,@dadbloguk @BBCBreakfast @peachlawuk Delighted to hear it!,dadbloguk,"@dadbloguk, @BBCBreakfast, @peachlawuk",2017-12
2017-12-20,paulasherriff,Labour,"#FreePeriods protest tonight was bloody brilliant! Full of period puns, giant tampons and a much needed call for action to end #periodpoverty  

Great to see support from @paulasherriff @jessphillips and @LaylaMoran and listen to amazing speeches by amazing people! 🔴🔴🔴🔴 https://t.co/8zXhD4J7UH",leah_widdicombe,"@paulasherriff, @jessphillips, @LaylaMoran",2017-12
2017-12-20,chukaumunna,Labour,"It's the final day in Committee for the #EUWithdrawalBill. Debate will start at approx. 1.15pm, find out more: https://t.co/nBO66BM1CH",HouseofCommons,,2017-12
2017-12-20,tracey_crouch,Conservative,Thanks to @tracey_crouch for convening colleagues from across the charity sector this morning to discuss post-budget and Brexit opportunities for civil society. https://t.co/nWiI2tX2GU,MsMandyJ,@tracey_crouch,2017-12
2017-12-20,imran_hussainmp,Labour,"TV programmes like Benefits Street demonise those in poverty and hand over excuses for Tories to enact brutal policies that hurt the most vulnerable in society.
https://t.co/nKolLgyilj",johnmcdonnellMP,,2017-12
2017-12-20,vernon_coaker,Labour,Millions of people have been paying more for their energy that they need to - I asked during @CommonsBEIS  session when we scrutinized the Government’s draft energy price cap - what real difference people will see from the energy companies plans to tackle overpaying. https://t.co/5RQI1mFOjY,,@CommonsBEIS,2017-12
2017-12-20,heidiallen75,Conservative,@vickyford @angliarailforum @Eddie_Vermeer @sandyofipswich @DirectorSERG @SapperPantsoff @Mottyleafe @UselessHackney @gorstewart @Scholesy63 @adrianhare_2010 @willquince @JamesCleverly Tell me about it! Am pooped but chugging home x,vickyford,"@vickyford, @angliarailforum, @Eddie_Vermeer, @sandyofipswich, @DirectorSERG, @SapperPantsoff, @Mottyleafe, @UselessHackney, @gorstewart, @Scholesy63, @adrianhare_2010, @willquince, @JamesCleverly",2017-12
2017-12-20,emmahardymp,Labour,"The Local Government Finance Settlement was announced today. Yet more Council funding cuts are on the way and no extra money for key services. 

Seems the media picked up on my line about the CLG Secretary presenting himself as Santa while acting like the Grinch. https://t.co/JzhzfUdRg2",GwynneMP,,2017-12
2017-12-20,neil_parish,Conservative,"From carbon capture to flood reduction, trees are vital to a healthy environment - and the Government is planting 11 million more. You can read my blog 'reaping what we sow' for the @woodlandtrust here: https://t.co/65TP6ZO4Xa",,@woodlandtrust,2017-12
2017-12-20,andrew4pendle,Conservative,"The new £750,000 Cancer Care Facilities at Burnley General Teaching Hospital are a great addition to our local hospital - a huge well done to @EastLancsHosp staff who have worked on this project! https://t.co/UCcYlq5s0O",,@EastLancsHosp,2017-12
2017-12-20,neill_bob,Conservative,A glimmer of hope for Crossrail 2 @PaulMaynardUK? Behind the scenes most at TfL/ in London politics/ business feel rather more pessimistic due to funding issue. https://t.co/SxDXNqIApl,PippaCrerar,@PaulMaynardUK?,2017-12
2017-12-20,victoriaprentis,Conservative,"Amazing! Thank you, plenty more events to come between now and March, which will mark 7 years of Syrian war.  @handsupfound #singingforsyrians https://t.co/H4vKHca6Jz",george_butler,@handsupfound,2017-12
2017-12-20,mikegapes,Labour (Co-op),Good. https://t.co/ONGO2b7ENI,MaxW_88,,2017-12
2017-12-20,tommysheppard,Scottish National Party,"So, three cabinet ministers gone in three months. Coalition of chaos indeed. Off to vote against them - again.",,,2017-12
2017-12-20,damiancollins,Conservative,"It is a pleasure to welcome Peter Morgan, Philippa Lowthorpe &amp; Suzanne Mackie from @TheCrownNetflix to the House of Commons today with @RTS_media https://t.co/RYQVyNbur0",,"@TheCrownNetflix, @RTS_media",2017-12
2017-12-20,rees4neath,Labour (Co-op),"I just voted NO on the Republican tax plan. Here's why:

I voted no on this bill because, simply put, it overwhelmingly benefits large corporations and families with large incomes and estates, while doing little for most families, especially those in California. https://t.co/lb9Cxt39kq",RepAdamSchiff,,2017-12
2017-12-20,chionwurah,Labour,"Thank you for so many messages of support. This has been passed to the police and absolutely will not intimidate me, scare me or stop me in any way from raising important issues and standing up for what I believe in. https://t.co/zocuhdeszr",DavidLammy,,2017-12
2017-12-20,gordonmarsden,Labour,"@ucu Sensible move by both sides which is welcome.Stability of our universities, welfare &amp; pensions of those who teach &amp; work in them &amp; their importance for the UK s future (given all the uncertainties of Brexit) is at stake. Govt needs to recognise this.",ucu,@ucu,2017-12
2017-12-20,grahamemorris,Labour,Labour is committed to the most comprehensive programme to tackle tax avoidance in our nation's history. https://t.co/lIiQo1xWnp,Peter_Dowd,,2017-12
2017-12-20,jimfromoldham,Labour (Co-op),"Last week, I launched @JoCoxLoneliness with Jo’s sister Kim &amp; @SeemaKennedy. Today, I asked the PM to join us in looking out for people who may be lonely over Christmas &amp; for the government to play its part by setting out an ambitious plan to tackle loneliness. https://t.co/oTj3nQV1RZ",RachelReevesMP,"@JoCoxLoneliness, @SeemaKennedy.",2017-12
2017-12-20,geraldjoneslab,Labour,Today’s figures from @ONS show Wales was the fastest growing country in the UK with economic output (GVA) rising to nearly £60 billion between 2015 &amp; 2016,fmwales,@ONS,2017-12
2017-12-20,tobyperkinsmp,Labour,"@ActivateSP Firstly, I suggest you dont buy an old Testament, secondly, you havent been specific about which teachings horrify you ,but this article deals well with question of violence against non Muslims https://t.co/4YBO34QajL",ActivateSP,@ActivateSP,2017-12
2017-12-20,petergrantmp,Scottish National Party,What actually happened - he read out a text from the government whips who were terrified of an even bigger defeat than they sufferd last week. https://t.co/8VwIri7QvR,PARLYapp,,2017-12
2017-12-20,robertcourts,Conservative,"Read my recent contribution in Parliament: ""Higher Rates for Additional Dwellings | Finance (No. 2) Bill | Commons debates"" https://t.co/JNEitcqSOX",,,2017-12
2017-12-20,emmahardymp,Labour,"The UK Edtech 50 – what it is, how to get involved and have your say.  https://t.co/6XV07FP0Wr via @ICTEvangelist
#edtech
Nominate today.
@@halfon4harlowMP
@EmmaHardyMP
@LucyMPowell
@lucyallan 
@JamesFrith
@marionfellows",EdtechukHQ,"@ICTEvangelist, @@halfon4harlowMP, @EmmaHardyMP, @LucyMPowell, @lucyallan, @JamesFrith, @marionfellows",2017-12
2017-12-20,nigeldoddsdup,Democratic Unionist Party,.@NigelDoddsDUP: Will the PM reiterate the three stranded approach to the governance of Northern Ireland? #PMQs,PBConsultingUK,@NigelDoddsDUP:,2017-12
2017-12-20,nicktorfaen,Labour,"Having a proposal is not the same as actually making changes, Prime Minister. https://t.co/QaDidbdkfQ",,,2017-12
2017-12-20,alisonthewliss,Scottish National Party,"@Fanilow19 @theSNP @scotgov Absolutely. Ideally, I’d like to see @juliehepburnsnp’s proposal for a ‘s-card’, which would give women access to free menstrual products at pharmacies.",,"@Fanilow19, @theSNP, @scotgov, @juliehepburnsnp’s",2017-12
2017-12-20,onnmel,Labour,RT @jimwaterson: Damian Green has been sacked. It wasn't the allegations of inappropriate behaviour or the alleged porn on his computer tha…,,@jimwaterson:,2017-12
2017-12-20,dawnbutlerbrent,Labour,Thanx @DawnButlerBrent @jimforcovsouth @SarahChampionMP @stellacreasy @LauraPidcockMP @IanMearnsMP @JimfromOldham @KirstySNP @drewhendrySNP @ChrisStephens @DavidLinden for persistence in asking govt to 'show us the data' on equality impact of #Budget2017 https://t.co/IMiIcbCKFh,WomensBudgetGrp,"@DawnButlerBrent, @jimforcovsouth, @SarahChampionMP, @stellacreasy, @LauraPidcockMP, @IanMearnsMP, @JimfromOldham, @KirstySNP, @drewhendrySNP, @ChrisStephens, @DavidLinden",2017-12
2017-12-20,joannaccherry,Scottish National Party,Ouch 🤣 yes yellow is not my colour but important today to show support for political prisoners in #Catalonia https://t.co/Zpbs5lNQ3V,tattiesfortwo,,2017-12
2017-12-20,simon4ndorset,Conservative,"RT @Rachforde: That's it, my heart has burst 💔 a Dublin based dog kennel nativity😭 https://t.co/Xb9c45GJaV",,@Rachforde:,2017-12
2017-12-20,carolineflint,Labour,Our Chair @Meg_HillierMP writes for The Times about today's report into #homeless households: https://t.co/4RPjhvuUqB,CommonsPAC,@Meg_HillierMP,2017-12
2017-12-20,zacgoldsmith,Conservative,"Proud to look back over the work of @foreignoffice in 2017 to help British people overseas. 

Wishing everyone a Merry Christmas and a Happy New Year! https://t.co/V238pzQY6l",BorisJohnson,@foreignoffice,2017-12
2017-12-20,emmalewellbuck,Labour,Massive Thanks To The Rt Hon John Bercow for inviting @ForwardAssist1 to Showcase The Great Veterans Debate Project At Speakers House Last Night @annietrev @MarshGlobal @jasongroves @HouseofCommons @GlindonMary @DaveAndersonMP @EmmaLewellBuck  #CheerForGood @CarillionGov https://t.co/esyygbsSb7,ForwardAssist1,"@ForwardAssist1, @annietrev, @MarshGlobal, @jasongroves, @HouseofCommons, @GlindonMary, @DaveAndersonMP, @EmmaLewellBuck, @CarillionGov",2017-12
2017-12-20,karenpbuckmp,Labour,"Home Office funding to police will be cut by at least £100m, new figures reveal https://t.co/KaLA4O842z https://t.co/I0TWJSVRTB",HuffPostUK,,2017-12
2017-12-20,neill_bob,Conservative,The 3 Rs that every detective is taught record retain reveal seems to have been ignored for years https://t.co/ZtUKjmlZU7,jerryhayes1,,2017-12
2017-12-20,neill_bob,Conservative,"Letter from @neill_bob chair of @CommonsJustice to Lord Chancellor makes some important points, but my main concern is the time-scale. MoJ will not complete the LASPO Act review until the summer-action is needed now https://t.co/rqLYJ7UsHK",SteveHynesA2J,"@neill_bob, @CommonsJustice",2017-12
2017-12-20,mikegapes,Labour (Co-op),It's the last day to help us win £2000 from @StarbucksUK! Please RT this tweet and encourage people to do the same. This money would help us unlock London's transport for Disabled &amp; older people. Thanks for your support! #CheerForGood @transportforall https://t.co/IVc6aV0qxT,TransportForAll,"@StarbucksUK!, @transportforall",2017-12
2017-12-20,dawnbutlerbrent,Labour,Labour do have a bit of a marketing advantage what with the colour scheme and all... #freeperiods https://t.co/zYaFiT5ZmP,sophiemayor1,,2017-12
2017-12-20,matthancock,Conservative,2017 props out to two great champions of diversity @MattHancock @JonathanBadyal. They have done so much this year and continue to ensure creative talent are represented and connected with brands + organisations. Truly valued. May their good work continue in 2018. Respect guys x,EdwardAdoo,"@MattHancock, @JonathanBadyal.",2017-12
2017-12-20,gordonmarsden,Labour,Great !Blackpool one of UK's 'Six Cities of Circus' for 2018. Events @circus250 @TheBplTower &amp; @GrundyBlackpool for anniversary w 'pop up's.,GordonMarsden,"@circus250, @TheBplTower, @GrundyBlackpool",2017-12
2017-12-20,willquince,Conservative,HONK! Final day of FREE car parking in all @yourcolchester  car parks today from 3pm as part of Christmas late night shopping https://t.co/knFGV6o9ZP HONK #Colchester,ColchChronic,@yourcolchester,2017-12
2017-12-20,timfarron,Liberal Democrat,.@TimFarron calls for travel times to radiotherapy to be reduced so patients can access vital treatment safely and quickly #PMQs,LibDemPress,@TimFarron,2017-12
2017-12-20,pennymordaunt,Conservative,".@PennyMordaunt has met #globaldev charity chief executives who make up @bondngo.

We’re excited to bring in the New Year with our partners, who help us to save lives through #UKaid across the globe. https://t.co/6ZcTGpukFZ",DFID_UK,"@PennyMordaunt, @bondngo.",2017-12
2017-12-20,joanryanenfield,Labour,@CatherineWest1 @BambosMP @DavidLammy @DavidCrausby @MartynDaySNP @SDoughtyMP @DavidLinden @StewartMcDonald @CMonaghanSNP @GavNewlandsSNP @MarieRimmer @gareth_snell @alexsobel @ChrisStephens @MattWestern_ @MartWhitfieldMP @MikeGapes @AnnClwyd @jessphillips @SKinnock @KateGreenSU,joanryanEnfield,"@CatherineWest1, @BambosMP, @DavidLammy, @DavidCrausby, @MartynDaySNP, @SDoughtyMP, @DavidLinden, @StewartMcDonald, @CMonaghanSNP, @GavNewlandsSNP, @MarieRimmer, @gareth_snell, @alexsobel, @ChrisStephens, @MattWestern_, @MartWhitfieldMP, @MikeGapes, @AnnClwyd, @jessphillips, @SKinnock, @KateGreenSU",2017-12
2017-12-20,mikegapes,Labour (Co-op),Nativity scene installed in Ilford in time for Christmas https://t.co/OVhnNIkGEa,IlfordRecorder,,2017-12
2017-12-20,marshadecordova,Labour,Great to go and see the Wandsworth @salvationarmyuk at their Xmas lunch today. Lovely to meet with guests and give out gifts ❄️🌲🎁 https://t.co/T2IVX3Qhtl,,@salvationarmyuk,2017-12
2017-12-20,fitz_xmp,Labour,"4.2 million leaseholders are awaiting the governments consultation outcome. All eyes will be on parlimentary debate Thursday 21st dec. Praying for an early Xmas present.  @justinmadders @FitzMP @EmmaHardyMP @FaisalRashid6 @LKPleasehold  #leaseholdscandal

https://t.co/PQd9CTBaHI",NLC_2019,"@justinmadders, @FitzMP, @EmmaHardyMP, @FaisalRashid6, @LKPleasehold",2017-12
2017-12-20,karinsmyth,Labour,"Was an excellent speech from Ken Clarke, basically saying we [the UK] don’t have a clue what we’re doing. https://t.co/fZEIlwSFNC",KerryMP,,2017-12
2017-12-20,tomtugendhat,Conservative,"@BrandonLewis You’re wrong. The Ginger Nut is, quite obviously the prince of biscuits. #howdidyoueverachievehighofficewithsuchopinions?",BrandonLewis,@BrandonLewis,2017-12
2017-12-20,chionwurah,Labour,Sexual misconduct allegations sweep through British Parliament https://t.co/5NVQRAx8OJ via @WSJ,,@WSJ,2017-12
2017-12-20,cphilpofficial,Conservative,Croydon CCG's cuts to IVF now under review - https://t.co/C5fU4UWhFi,,,2017-12
2017-12-20,tomtugendhat,Conservative,@mattURL Thanks,mattURL,@mattURL,2017-12
2017-12-20,dominicraab,Conservative,"Govt takes EU Withdrawal Bill through Committee Stage of House of Commons - I make that 42 votes won, and just the 1 lost. Important milestone.",,,2017-12
2017-12-20,jreynoldsmp,Labour (Co-op),Gavin Williamson for Deputy PM? https://t.co/fStgpZZ8RK,bbclaurak,,2017-12
2017-12-20,onnmel,Labour,"@Channel4News This is just lovely. What a bond. Was great to see @StMungos allow dogs to stay with their clients. Really important friend, never lets owner down, trust built.",Channel4News,"@Channel4News, @StMungos",2017-12
2017-12-20,geraldjoneslab,Labour,Theresa May’s response was shameful #PMQs https://t.co/dK7bdi2Pbh,MGreenwoodWW,,2017-12
2017-12-20,onnmel,Labour,.@DavidDavisMP I believe you threatened to resign if Damien Green went? https://t.co/o3XFfRdOIS,JimMFelton,@DavidDavisMP,2017-12
2017-12-20,neill_bob,Conservative,Why are there so few female #judges in certain regions? Find out more in this new #LSEResearch paper from Dr Michael Blackwell @LSELaw #courts #diversity https://t.co/7TEysKsQ5V https://t.co/OIRl6vddCe,LSEnews,@LSELaw,2017-12
2017-12-20,cherylgillan,Conservative,https://t.co/7xFjF4w6IK,,,2017-12
2017-12-20,carolynharris24,Labour,Great to support #freeperiod protest &amp; speak to @Channel4News. A  @UKLabour government would end the scandal of #periodpoverty https://t.co/Je8eRQ8uBQ,DawnButlerBrent,"@Channel4News., @UKLabour",2017-12
2017-12-20,alexnorrisnn,Labour (Co-op),This is terrific! Alex goes to school in my constituency and is a credit to us! https://t.co/rPj9gZuNhA,StMMHucknall,,2017-12
2017-12-20,gordonmarsden,Labour,Great !Blackpool one of UK's 'Six Cities of Circus' for 2018. Events @circus250 @TheBplTower &amp; @GrundyBlackpool for anniversary w 'pop up's.,,"@circus250, @TheBplTower, @GrundyBlackpool",2017-12
2017-12-20,frankfieldteam,Labour,@CllrWhitehouse @DavidGauke Here's my letter putting the record straight https://t.co/aZ0Dp04wqZ,,"@CllrWhitehouse, @DavidGauke",2017-12
2017-12-20,gedk,Labour (Co-op),"The Prime Minister is working off the same script as the First Minister. Asked about her own record, she talks about Wales. #PMQs",,,2017-12
2017-12-20,lukepollard,Labour (Co-op),"No answers from Prime Minister to ambulances stacking up outside A&amp;E, delaying response times to new calls. Same old Tories.#pmqs",NiaGriffithMP,,2017-12
2017-12-20,redditchrachel,Conservative,"@frankfieldteam Actually, she wasn't specially 'sought out' or moved to the 'front of the queue'. UC worked as normal. Your original tweet was inaccurate.",DavidGauke,@frankfieldteam,2017-12
2017-12-20,theresecoffey,Conservative,This morning the Business Secretary has pledged new funding to secure the future of the Post Office Network. Great news for Suffolk residents and businesses https://t.co/SNao33mJWO,,,2017-12
2017-12-20,karenpbuckmp,Labour,"On the #6thDayofXmas, this landlord gave to their tenant… this appalling bathroom. Help us drive up standards and protect tenants this Xmas here: https://t.co/MmkBRFyMZF #SaferRenting https://t.co/Gd6QCgLLg3",SaferRentingCH,,2017-12
2017-12-20,royston_smith,Conservative,Congratulations on being recognised for your efforts. https://t.co/UmffqrFkzx,AlzSocSEEngland,,2017-12
2017-12-20,meaglemp,Labour,"Given the hints he made a few weeks ago, we can only assume @DavidDavisMP will be considering resigning as well? 😳",labourwhips,@DavidDavisMP,2017-12
2017-12-20,zacgoldsmith,Conservative,"Excellent piece from @NSoames: When US top brass links climate change to security, the world needs to listen https://t.co/Q9oGNkS0Xf",samrichardswebb,@NSoames:,2017-12
2017-12-20,petergrantmp,Scottish National Party,"So - 1.5 million UK residents still don’t have full guarantees on their rights because the government prefers to use them as bargaining chips, but bankers are about to get all the guarantees they need.

https://t.co/XT1xko5dc9",,,2017-12
2017-12-20,helenhayes_,Labour,So thrilled that the solar panels on @StChrisHospice are up and running. Read more sunny news about our progress this year: https://t.co/IohAo4XiEV https://t.co/EOjDyWvsfM,SE24SustEnergy,@StChrisHospice,2017-12
2017-12-20,davidlinden,Scottish National Party,Well done to @ronniecowan for raising issue of SIFs at #PMQs - disappointing that PM is wedded to ideology rather than overwhelming evidence in favour of safe injecting.,,@ronniecowan,2017-12
2017-12-20,rees4neath,Labour (Co-op),Women Building Futures | Home worth a watch @Rees4Neath @JoyceWatsonam @chwaraeteg @cerysfurlong @smale_ann @accessincluded @CIOBWales @WomenInFit_Out @WIConstruction @chwaraeteg @SupplyCSSchool @catgriffith @Kath_WIC @KarenRedrow @JulieJamesAM @NPTCGroup  https://t.co/M3cxiZnkpl,WynPrichard,"@Rees4Neath, @JoyceWatsonam, @chwaraeteg, @cerysfurlong, @smale_ann, @accessincluded, @CIOBWales, @WomenInFit_Out, @WIConstruction, @chwaraeteg, @SupplyCSSchool, @catgriffith, @Kath_WIC, @KarenRedrow, @JulieJamesAM, @NPTCGroup",2017-12
2017-12-20,mtpennycook,Labour,"This decision is welcome, confirming that #Uber is, as we have always said, a transport company - as we argued in our landmark employment tribunal win. Uber has always denied it is a transport company. But today they lost. Again.
https://t.co/sLx5LdavrY",GMB_union,,2017-12
2017-12-20,geraldjoneslab,Labour,Fantastic to see lots of children from @PrimaryWhite here at St Dingats church @valleyschurch for this evenings #Christingle,Mark_Ev22,"@PrimaryWhite, @valleyschurch",2017-12
2017-12-20,petergrantmp,Scottish National Party,Band D Council Tax is already circa £400 or more cheaper in Scotland than in England &amp; gap now set to get bigger! https://t.co/vIChFBpRrb,PaulWheelhouse,,2017-12
2017-12-20,mattwestern_,Labour,"If you know of someone sleeping rough this Christmas, StreetLink can help them get a place to stay and find other support. It is an anonymous service, and you call 999 if you think the person sleeping rough needs urgent medical assistance. https://t.co/P9kkukvUpH",,,2017-12
2017-12-20,nigeldoddsdup,Democratic Unionist Party,Asked to comment on Trevor Rainey's report on MLAs wages by @NigelDoddsDUP @JBrokenshire says  he will consider his response very carefully. #niqs,Tracey_utv,"@NigelDoddsDUP, @JBrokenshire",2017-12
2017-12-20,theresa_may,Conservative,Prime Minister Theresa May heads to the @HouseofCommons from Number 10 for the last #PMQs of 2017 https://t.co/5VPPYu97Uk,10DowningStreet,@HouseofCommons,2017-12
2017-12-20,martinjdocherty,Scottish National Party,RT @nealrstewart: Interesting wee footnote in this story @StewartMcDonald posted: are we expected to believe Scotland’s security issues are…,,"@nealrstewart:, @StewartMcDonald",2017-12
2017-12-20,wesstreeting,Labour,Celebrating the contribution of Muslim charities at Christmas and throughout the year - #AVeryMerryMuslimChristmas by @APPGBritMuslims @Anna_Soubry @wesstreeting @SayeedaWarsi is a must-read. https://t.co/IqOMS6Wjw2,SadiqKhan,"@APPGBritMuslims, @Anna_Soubry, @wesstreeting, @SayeedaWarsi",2017-12
2017-12-20,emmahardymp,Labour,"EU has been saying for weeks it must be end of 2020 to fit with the current MFF, which the Brexit bill covers. Beyond that they’d have to either calculate a monthly rate for UK (bit of a faff) or give us SM/CU access for free (politically difficult). https://t.co/81CdLXHKYS",nickgutteridge,,2017-12
2017-12-20,jon_trickett,Labour,"I am humbled by this tremendous honour @MattChorley You can take the lad out of Yorkshire, but you can't take the Yorkshire out of the lad! https://t.co/BpWPlQUpd9",MattChorley,@MattChorley,2017-12
2017-12-20,normanlamb,Liberal Democrat,"@NichStarling @AdamBilliald Thank you, Nich. Such a depressing reaction. And it looks like we have secured a result for this family. Happy Christmas!",NichStarling,"@NichStarling, @AdamBilliald",2017-12
2017-12-20,keeleymp,Labour,"Watch the Prime Minister dodge my question on the mistreatment of smaller businesses by RBS. Only a full, Independent enquiry can deliver justice for the victims. Totally inadequate reply from Prime Minister https://t.co/aXRcY67MzD",Bill_Esterson,,2017-12
2017-12-20,acunninghammp,Labour,"“50,000 people were left waiting no trolleys in hospital corridors last month” @jeremycorbyn 

“He knows NHS funding is at record levels” @theresa_may #pmqs https://t.co/2YfKu7tpau",daily_politics,"@jeremycorbyn, @theresa_may",2017-12
2017-12-20,mikegapes,Labour (Co-op),Help us win a transport network #accessible to everyone. Support us by becoming a member https://t.co/rK3BNcP4fE #CheerForGood @TransportforAll https://t.co/HXitrujbMl,TransportForAll,@TransportforAll,2017-12
2017-12-20,derbychrisw,Labour,"Last week I asked in the HoC whether organisations representing disabled people like @AspireCharity would be heard as part of the Grenfell Inquiry. The Minister told me it's a question for the Chair of the Inquiry, yet the Chair said it's a question for the government! https://t.co/jSzFCQXNvs",AspireCharity,@AspireCharity,2017-12
2017-12-20,helengrantmp,Conservative,"@r_latter @DownsMail @KM_newsroom @kent_police My pleasure Richard, I have also posted this on my facebook page.",r_latter,"@r_latter, @DownsMail, @KM_newsroom, @kent_police",2017-12
2017-12-20,fitz_xmp,Labour,Firefighters delivered dozens of boxes of donations to the @TrussellTrust for its food banks in #Lewisham and #Peckham. The items were collected at fire stations across #London and at Brigade headquarters and will be given to families in need over #Christmas. https://t.co/F80PmfHN67,LondonFire,@TrussellTrust,2017-12
2017-12-20,ruthcadbury,Labour,@RealJakeMarklew @KuruptFM Mwah ha ha ha!    Aah bless,,"@RealJakeMarklew, @KuruptFM",2017-12
2017-12-20,bernardjenkin,Conservative,PACAC Chair @bernardjenkin is questioning the PM @theresa_may today https://t.co/zg4FaTTpVd,CommonsPACAC,"@bernardjenkin, @theresa_may",2017-12
2017-12-20,lesleylaird,Labour,When will pharmacy and GP surgeries close over the Christmas period? Find out here: https://t.co/HdspZIJNfs https://t.co/kUBQc82Xyn,,,2017-12
2017-12-20,petergrantmp,Scottish National Party,"I'm a big fan of ""We are not ovary-acting"" #FreePeriods #periodpoverty",alisonthewliss,,2017-12
2017-12-20,grahamemorris,Labour,"This is beyond madness at anytime, never mind when you've got 4 Million kids living in poverty, 400,000 reliant on food banks and hungry kids filling pockets with food at school on a Friday so they have something to eat at the weekend!!   https://t.co/3PVqyakdbr",PeterStefanovi2,,2017-12
2017-12-20,cpjelmore,Labour,Shocking case of the DWP letting down a vulnerable constituent raised by @GrahamJones_MP. The Gov't needs to wake up and realise what it's welfare changes are doing to our communities #PMQs,,@GrahamJones_MP.,2017-12
2017-12-20,petergrantmp,Scottish National Party,The new NightRider ticket has you covered this festive period with unlimited* evening travel for Just £2! Visit https://t.co/OxwUqMW2XQ for info. #NightRider https://t.co/a3bLZ4XqNr,FifeCouncil,,2017-12
2017-12-20,halfon4harlowmp,Conservative,"Andrew , just to clarify this is staff offices in basement of @HouseofCommons -not MP offices. Many thefts over the years and other events as described. Not enough done to deal with it. https://t.co/slTtNW0MGA",andrewpolitics,@HouseofCommons,2017-12
2017-12-20,jhowelluk,Conservative,"The UK has toped the @Forbes annual survey of the Best Countries For Business for the first time. Helping businesses start-up and grow means more jobs, more opportunities and more tax receipts to pay for the public services on which we all rely. https://t.co/z2DXSCqI9V",,@Forbes,2017-12
2017-12-20,chionwurah,Labour,"📸 Players from Newcastle United's first team, U23s and @NUWFCOfficial paid a visit to poorly youngsters in the city's hospitals yesterday.

Take a look at some lovely photos from the Great North Children's Hospital, here: https://t.co/SiPMlfTTlp #NUFC https://t.co/U7CdQjKt2N",NUFC,@NUWFCOfficial,2017-12
2017-12-20,lukepollard,Labour (Co-op),Theresa May clearly doesn’t understand NHS finances as @jeremycorbyn exposed. Biggest financial squeeze in history and Tories will break promise to deliver real terms head for head yearly funding increases #PMQs,JonAshworth,@jeremycorbyn,2017-12
2017-12-20,angelasmithmp,Labour,Julian Lewis wants to know if the Brexit date will be changed only in extreme circumstances. May says Govt has accepted Letwin amendment which will let them change date by a parliamentary vote #PMQs https://t.co/nUvG8RH2vQ,politicshome,,2017-12
2017-12-20,tomtugendhat,Conservative,"Where next for the Conservatives? Weak and divided with Brexit overshadowing everything, can a next generation - the New Modernisers - revive the centre right?

My @FTMag feature - with @RuthDavidsonMSP @Freeman_George @NeilDotObrien @NickBoles @SamGyimah https://t.co/4tZYLp6ZOW",SebastianEPayne,"@FTMag, @RuthDavidsonMSP, @Freeman_George, @NeilDotObrien, @NickBoles, @SamGyimah",2017-12
2017-12-20,annietrev,Conservative,"Today’s Christmas Dinner for 700 Ship’s Company at £2.26 per person; our chefs are using 80kg Beef, Turkey &amp; Gammon 20kg sausage meat, 80kg sprouts, 100 kg 🥕 🥦, parsnips, 120ltrs gravy &amp; 180 ltrs brandy sauce. Today chefs are assisted by Officers &amp; Warrant Officers. #TopScran https://t.co/ztqK4sBwIV",HMSQNLZ,,2017-12
2017-12-20,tony4rochdale,Labour,@AngelaRayner Hard to believe in this day!,AngelaRayner,@AngelaRayner,2017-12
2017-12-20,robertbuckland,Conservative,"Last day of committee stage of the EU Withdrawal Bill in the Commons now: Labour MP Chris Leslie introducing amendment. https://t.co/t82ebSReVB
We'll be covering the bill all afternoon and into this evening - expecting votes this afternoon and tonight. https://t.co/9DgiYOAenv",BBCParliament,,2017-12
2017-12-20,lukepollard,Labour (Co-op),PM says she won’t name her goose on Christmas Day Boris or Michael but she will think about naming it Jeremy as she stuffs it. Poor @Jeremy_Hunt #PMQS,,@Jeremy_Hunt,2017-12
2017-12-20,drrosena,Labour,"""Every child deserves to have a roof over their head and food on the table.""
Labour MP @DrRosena Allin-Khan says there are children who will ""wake up homeless on Christmas Day."" https://t.co/vMMcUPymoG",Channel4News,@DrRosena,2017-12
2017-12-20,georgefreemanmp,Conservative,"Home Secretary @AmberRuddHR: We’ve safeguarded the rights of EU citizens living in the UK, providing certainty to families ahead of #Christmas https://t.co/wjToh1T74z #Brexit https://t.co/ukQiDtvaY8",ukhomeoffice,@AmberRuddHR:,2017-12
2017-12-20,skinnock,Labour,As concerns grow in Commons about threats by Government to undermine the historic vote on #Brexit last week - Dominic Grieve warns Minister that they should avoid “kicking a hornets nest...” @Open_Britain,SDoughtyMP,@Open_Britain,2017-12
2017-12-20,redditchrachel,Conservative,"On the gender pay gap, the “previous salary” excuse is particularly pernicious, because if a woman has previously been discriminated against it merely entrenches it. It’s wrong and has got to end https://t.co/QOdYgzQV1L",chedwardes,,2017-12
2017-12-20,ianblackford_mp,Scottish National Party,.@IanBlackfordMP says that if Govt can intervene in the past they can tell RBS not to close branches now. He calls on the PM to ask Ross McEwan to come to Parliament and account for bank closures #PMQs,newsdirect,@IanBlackfordMP,2017-12
2017-12-20,nus_ghani,Conservative,"Marc Chagall

Nella notte
""In the night"" (1943) https://t.co/6jdCpccptM",olgatuleninova,,2017-12
2017-12-20,liambyrnemp,Labour,Storming #PMQs debut @DrRosena https://t.co/a0B9msZ4Lc,CliveEfford,@DrRosena,2017-12
2017-12-20,joannaccherry,Scottish National Party,My amendment in support of @CamphillScot and other disability &amp; children's charities should called at around 8pm. @UKLabour will support will @ScotTories? #EUWithdrawal #Brexit https://t.co/iCIUwQPimk,joannaccherry,"@CamphillScot, @UKLabour, @ScotTories?",2017-12
2017-12-20,rhonddabryant,Labour,@MORFofPORTH @labour Oh well. Sorry about that.,MORFofPORTH,"@MORFofPORTH, @labour",2017-12
2017-12-20,rogergodsiff,Labour,I support #FreePeriods campaign for free sanitary products for girls whose families cannot afford them. The fact that in 2017 families in UK cannot afford these essentials is disgraceful and shows extent of poverty. We urgently need higher minimum wage and end to benefit cuts.,,,2017-12
2017-12-20,ianblackford_mp,Scottish National Party,"The SNP’s @drewhendrySNP tells the BBC it’s time for @UKLabour and @ScotTories to get off the fence on the single market and customs union - people’s jobs, incomes and livelihoods are under threat. What happened to the “straight talking, honest politics” @jeremycorbyn promised? https://t.co/IIWLxmVJqo",tomfrench85,"@drewhendrySNP, @UKLabour, @ScotTories, @jeremycorbyn",2017-12
2017-12-20,gwynnemp,Labour,"@haynesdeborah @RoyalNavy Global Britain, 2017 style.",haynesdeborah,"@haynesdeborah, @RoyalNavy",2017-12
2017-12-20,matthancock,Conservative,I'll be on @BBCr4today at 8:10 to discuss how we're making British broadband connectivity #fitforthefuture,,@BBCr4today,2017-12
2017-12-20,georgefreemanmp,Conservative,Read Prime Minister Theresa May's letter to UK nationals living in Europe: https://t.co/PpA6zgMdFc https://t.co/oxLr816oVw,10DowningStreet,,2017-12
2017-12-20,joannaccherry,Scottish National Party,Thank you @joannaccherry for representing us and 57 health and disability organisations this evening #EUWithdrawl NC44 #Camphill https://t.co/vx0NIUpjCG,tipherethltd,@joannaccherry,2017-12
2017-12-20,pennymordaunt,Conservative,It was very inspiring to witness this moment together with many of my peers in the office of @PennyMordaunt this morning ! https://t.co/WvyRtn8fTZ,GirishMenonSTiR,@PennyMordaunt,2017-12
2017-12-20,tobyperkinsmp,Labour,When Labour left office waiting times were at their lowest level since records began #PMQs,labourpress,,2017-12
2017-12-20,vickyford,Conservative,Thinking about 2018 and #YearOfEngineering. Would it be good to do an event for #WomenInSTEM perhaps at  @HouseofCommons =&gt; thoughts please?? @Dr_Black @Metcalfe_SBET @royalsociety @TheIET,,"@HouseofCommons, @Dr_Black, @Metcalfe_SBET, @royalsociety, @TheIET",2017-12
2017-12-20,dawnbutlerbrent,Labour,@BrentCYoungLab @DawnButlerBrent It goes without saying that it was entirely the rest of the team’s effort that produced @DawnButlerBrent’s massive majority - @SoodabehB @LintonAJS and so many others. Great to meet @KateOsamor @carolynharris24 and @IanLaveryMP - thanks for great speeches!,thomasdolphin,"@BrentCYoungLab, @DawnButlerBrent, @DawnButlerBrent’s, @SoodabehB, @LintonAJS, @KateOsamor, @carolynharris24, @IanLaveryMP",2017-12
2017-12-20,chrisleslieuk,Labour (Co-op),"Spoke passionately for this amendment tonight and voted for it. Vital to keep the Customs Union and single market on the table especially given the news today that could harm 10,000s of financial services jobs in Edinburgh. https://t.co/z7lsuSSSur",IanMurrayMP,,2017-12
2017-12-20,jacklopresti,Conservative,Prime Minister Theresa May heads to the @HouseofCommons from Number 10 for the last #PMQs of 2017 https://t.co/5VPPYu97Uk,10DowningStreet,@HouseofCommons,2017-12
2017-12-20,ronniecowan,Scottish National Party,@ronniecowan @Release_drugs @TransformDrugs @anyoneschild Frustratingly obtuse to put her illiberal judgements ahead of evidence based public health. Throwbacks to Thatcher ignoring the 80s AIDS epidemic.,rdmcl83,"@ronniecowan, @Release_drugs, @TransformDrugs, @anyoneschild",2017-12
2017-12-20,rushanaraali,Labour,"Earlier today, @rushanaraali asked questions submitted via #AskJoJohnson: ""Why do you let vice-chancellor salaries and other benefits explode whilst financial costs of going to university increases for students? [...] Does this not strike you as fundamentally unfair?"" https://t.co/d72GxIqzDk",CommonsTreasury,@rushanaraali,2017-12
2017-12-20,alexnorrisnn,Labour (Co-op),"It could not be more clear: the NHS is not safe in Tory hands. Share the facts now. #PMQs
https://t.co/2BtFuHp16g",,,2017-12
2017-12-20,skinnock,Labour,"How to make friends and influence people Trump style... 
Some men just want to see the world burn: https://t.co/7NNwTMRZzl https://t.co/KbS2yIRgVP",AmbNikkiHaley,,2017-12
2017-12-20,tomtugendhat,Conservative,@MallingSch Oh no it hasn’t.,MallingSch,@MallingSch,2017-12
2017-12-20,jeremylefroy,Conservative,This morning the Business Secretary has pledged new funding to secure the future of the Post Office Network. https://t.co/3PJSQT3WVw,,,2017-12
2017-12-20,joannaccherry,Scottish National Party,#OfficeAdvent17 Day 20 - the team headed to Westside Plaza to see the Winter Windows on display. Well done to the young artists involved! https://t.co/Rqz3Bfao6N,,,2017-12
2017-12-20,vickyford,Conservative,I suspect this is true - except possibly for those directly impacted by fish quotas... https://t.co/TWCNpEk1MN,Peston,,2017-12
2017-12-20,paulasherriff,Labour,What will @DavidDavisMP do now? https://t.co/tB9BTeWlIf,Jason_Keen,@DavidDavisMP,2017-12
2017-12-20,hollylynch5,Labour,"Controversial plans to build an incinerator near to two schools have been thrown out by Calderdale Council.

Read more at: https://t.co/6wQjtC4ZoM https://t.co/5RYpTO2UfQ",HXCourier,,2017-12
2017-12-20,joswinson,Liberal Democrat,"Bottom line: even from my hour perusing the government's collation of Brexit views across 24 sectors, it was blindingly obvious what a far-reaching, ridiculous folly this whole Brexit debacle is. (11/ENDS) 
#ExitFromBrexit",joswinson,,2017-12
2017-12-20,bbradley_mans,Conservative,"Here's my letter to Frank Field. We only found who Frank was tweeting about on Tuesday. By which time, £688 had already been paid in UC. https://t.co/vdjTqn86aD",DavidGauke,,2017-12
2017-12-20,skinnock,Labour,Cat out of bag - Steve Baker just refused to rule out attempting to undermine the historic Parliamentary vote on #Brexit last week at the next stage. Deeply concerning. https://t.co/ivU0WtmpNE,SDoughtyMP,,2017-12
2017-12-20,mikeamesburymp,Labour,"""Every child deserves to have a roof over their head and food on the table.""
Labour MP @DrRosena Allin-Khan says there are children who will ""wake up homeless on Christmas Day."" https://t.co/vMMcUPymoG",Channel4News,@DrRosena,2017-12
2017-12-20,angelasmithmp,Labour,"If you're out and about in #Stocksbridge today why not pop over and say hello to our lovely Enterprise team! We're asking how we can put kindness back into home care services.

Please share @rjd_crowther @steel_valley @angelasmithmp @SixerRMC @NorthSheffield https://t.co/8EeG0cIh5M",SYorksHA,"@rjd_crowther, @steel_valley, @angelasmithmp, @SixerRMC, @NorthSheffield",2017-12
2017-12-20,spellar,Labour,"Government humiliating cave in on date for Withdrawal complete, @SteveBakerHW has added his name to Oliver Letwins ‘Backbench inspired compromise amendments’. So officially Govt Amdt it’s own Amdt https://t.co/rLEENNgW4W",labourwhips,@SteveBakerHW,2017-12
2017-12-20,jeffsmithetc,Labour,Important to note that this is NOT the Gov't finally investing in our police forces. It IS the Gov't cutting GM Police for the 8th year in a row but expecting local government to raise council tax. https://t.co/0GAAtYo3Y8,BBCNWT,,2017-12
2017-12-20,hugoswire,Conservative,"#FarmingGoodPractice rules for water will ensure all farmers in England follow basic good practice, including about how and where you can apply manufactured #fertiliser. Are you ready? https://t.co/eqqYW5adLs https://t.co/mqHROwpZpy",DefraGovUK,,2017-12
2017-12-20,ronniecowan,Scottish National Party,"@ronniecowan Unfortunately PM @theresa_may chose to ignore the evidence that @ronniecowan MP put forward in favour of DCRs - instead relying upon her failed abstinence-focused #WarOnDrugs
https://t.co/VVVJITx3Gz",Release_drugs,"@ronniecowan, @theresa_may, @ronniecowan",2017-12
2017-12-20,tomtugendhat,Conservative,@eddiehaydock Sadly true,,@eddiehaydock,2017-12
2017-12-20,gareth_snell,Labour (Co-op),I've written the following letter to the Secretary of State with cross party support of other MPs representing shortlisted bids to ask for support to harness the energy and ideas created through the city of culture bidding process. https://t.co/B8UrGMeIJH,,,2017-12
2017-12-20,ruthcadbury,Labour,"Wow! @sajidjavid's head looks sweaty, another instance of #Conservative deception. Need to examine the relationship between @NHBC and 
@HomeBuildersFed. https://t.co/kjviGFxR6p",tonylouki,"@sajidjavid's, @NHBC, @HomeBuildersFed.",2017-12
2017-12-20,laurasmithcrewe,Labour,"""If 2017 was a busy year as a newly elected MP, then 2018 looks set to be even more so."" says @MikeAmesbury MP for Weaver Vale in his Christmas message to readers: https://t.co/pV4aClRPRT https://t.co/XYN9mGXYeO",socheshire,@MikeAmesbury,2017-12
2017-12-20,barrysheerman,Labour (Co-op),@forduk How safe is this vehicle?,forduk,@forduk,2017-12
2017-12-21,annaturley,Labour (Co-op),"The Government have failed to reform local government funding to provide a decent standard of social care to over 1 million older people going without the support they need. 

Heaping more pressure on council tax. Failure on any measure.
https://t.co/Ng8691JjdY",JimfromOldham,,2017-12
2017-12-21,rees4neath,Labour (Co-op),"1/2 I am appalled that the @DWP have told me yesterday that NO psychiatrists are employed to carry out work capability assessments. This is an abdication of responsibility from the Govt, especially when @Number10gov claimed she would use 'all her power' to transform mental health https://t.co/8jMitjEQ8X",ChrisRuane58,"@DWP, @Number10gov",2017-12
2017-12-21,barrysheerman,Labour (Co-op),Surprised &amp; worried that we the official opposition decided to abstain on key vote last night @BBCNews,,@BBCNews,2017-12
2017-12-21,jostevenslabour,Labour,On the way up to Ally Pally to support @ToniaAntoniazzi @OfficialPDC right now. Hope @UKLabour @WelshLabour @scottishlabour will give lots of twitter support #lovethedarts https://t.co/2l7WAlDlta,BonnieTOfficial,"@ToniaAntoniazzi, @OfficialPDC, @UKLabour, @WelshLabour, @scottishlabour",2017-12
2017-12-21,louhaigh,Labour,.@LouHaigh calls on @CommonsLeader and Speaker to make Parliament plastic free in 2018,PARLYapp,"@LouHaigh, @CommonsLeader",2017-12
2017-12-21,jessphillips,Labour,"@helenlewis @xtophercook It's not over. Case studies will roll in, we will keep up the fight.",,"@helenlewis, @xtophercook",2017-12
2017-12-21,dancardenmp,Labour,We are delighted and proud to share wonderful news. Whitefield's recent Ofsted inspection found our school to be outstanding in every area. https://t.co/a8nZjbrxTI,WhitefieldPS,,2017-12
2017-12-21,sarahchampionmp,Labour,Jailed Nazanin Zaghari-Ratcliffe 'eligible for early release' Such fabulous news!! https://t.co/fF4sKIRbXi,,,2017-12
2017-12-21,derbychrisw,Labour,Let's get the facts straight about Turkish state's treatment of the Kurds. https://t.co/IJ58wLy8fW,KurdsCampaign,,2017-12
2017-12-21,davidgauke,Conservative,"This is a brilliant defence of Jobcentre staff and Universal Credit advances working exactly how they're meant to by @DavidGauke, but it's disappointing to see so many inaccuracies in Frank Field's account: leading to wasted staff time and alarm. https://t.co/djxiTq4j3W",OliverCooper,"@DavidGauke,",2017-12
2017-12-21,jessphillips,Labour,It was merely a sectoral analysis of his career plan. https://t.co/GB8Tkgm3Ty,ShelaghFogarty,,2017-12
2017-12-21,huwmerriman,Conservative,Worst form of politics:putting out incorrect personal stories for political ends. @frankfieldteam either making it up or not checking facts. https://t.co/MQKTkn6ez7,DavidGauke,@frankfieldteam,2017-12
2017-12-21,lukegrahamuk,Conservative,Wind leads the way in Q3 renewable energy generation - new stats @beisgovuk Energy Trends: https://t.co/m43dqE1joi https://t.co/GbIQqS5Ln2,RenewableUK,@beisgovuk,2017-12
2017-12-21,normanlamb,Liberal Democrat,Take a look at this important short film from @PAPYRUS_tweets #SpotTheSigns - help save lives! https://t.co/aIqDUanCZ9,,@PAPYRUS_tweets,2017-12
2017-12-21,mikegapes,Labour (Co-op),"53%of Poles oppose the judicial ""reform. "" Only a third in favor. Majority of the country agrees with the EU, not the government. https://t.co/YAT5Z0vtC2",anneapplebaum,,2017-12
2017-12-21,scullyp,Conservative,"While @Conservatives take action to make leaseholds fairer, Labour refuse to help first time buyers. 

Labour’s hypocrisy towards younger people is breathtaking. https://t.co/DGKkSKbdVK",JamesCleverly,@Conservatives,2017-12
2017-12-21,jamesfrith,Labour,"We’ve organised a Christmas Get Together in Ramsbottom on Thursday 28 December at The Rose &amp; Crown from 12.30pm. Includes pie, peas and festive fun. If you know anyone who’d benefit from getting out of the house and meeting people call Clare on 07894 999938 to book a place. https://t.co/MkV44mAMJf",RammyTogether,,2017-12
2017-12-21,barrysheerman,Labour (Co-op),Longest night tonight &amp; now we begin the journey to spring hallelujah! @ThoughtfortheDay,,@ThoughtfortheDay,2017-12
2017-12-21,pritipatel,Conservative,Phase 1 of the CWF Christmas Party complete! Great to hear from @patel4witham &amp; @SyedKamall - more exciting speakers to follow @JamesCleverly @ConorBurnsUK https://t.co/DnlhsZclKi,ConWayFor,"@patel4witham, @SyedKamall, @JamesCleverly, @ConorBurnsUK",2017-12
2017-12-21,sarahchampionmp,Labour,Honoured as Chair of APPG of Women in Parliament 2 host our Christmas event with some many Gr8 cross party MP/Peers popping in plus speeches from @JustineGreening @AnneMilton @MariaMillerUK good to have @SarahChampionMP @sarahwollaston @alisonthewliss @DrLisaCameronMP joining us https://t.co/5fX8q1Mv6z,mimsdavies,"@JustineGreening, @AnneMilton, @MariaMillerUK, @SarahChampionMP, @sarahwollaston, @alisonthewliss, @DrLisaCameronMP",2017-12
2017-12-21,ed_miliband,Labour,@CronusSpiderMoD Happy. providing no googling or other internet-based help.,CronusSpiderMoD,@CronusSpiderMoD,2017-12
2017-12-21,mimsdavies,Conservative,"Appeal for info after thefts from cars, Fleming Park Leisure Centre #Eastleigh. Windows of 3 cars smashed between 6.55pm &amp; 8.45pm on Tuesday 19 December. Any info, call 101 ref 44170491893. https://t.co/9E3QDYJOi0 https://t.co/WkhsoUY2su",EastleighPolice,,2017-12
2017-12-21,tobyperkinsmp,Labour,#Clueless https://t.co/YDNLSquW9A,JohnRentoul,,2017-12
2017-12-21,tpearce003,Labour,"TELEGRAPH: Police had Green vendetta, say Boris #tomorrowspaperstoday https://t.co/gKn5USEVzL",hendopolis,,2017-12
2017-12-21,petewishart,Scottish National Party,@iancawsey They've now won a majority in a referendum and a majority in Parliament. What's required now is a Scottish type Edinburgh Agreement state sanctioned referendum to determine.,iancawsey,@iancawsey,2017-12
2017-12-21,pritipatel,Conservative,With Witham &amp; District Lions Club supporting their Christmas fundraising effort. Come &amp; visit Santa in the Grove Centre. https://t.co/HK8VDYeW5l,,,2017-12
2017-12-21,petewishart,Scottish National Party,"Excellent @PeteWishart at Business Questions. Having a go at Westminsters very own 13 Xmas Cracker jokes that are @ScotTories MP's 
Leadsom claims the #feckless13 are holding @scotgov to account...not sure Westminster right place to be doing that, Holyrood would make more sense",Zinaad,"@PeteWishart, @ScotTories, @scotgov",2017-12
2017-12-21,royston_smith,Conservative,It’s Winter Solstice - Happy Yuletide!,HenrySmithUK,,2017-12
2017-12-21,matthancock,Conservative,And well done @andy4wm! Outstanding! #MidlandsEngine https://t.co/KvUykuLUbv,sajidjavid,@andy4wm!,2017-12
2017-12-21,pennymordaunt,Conservative,"Today, @theresecoffey put the final signature to our ban on the use of microbeads in the UK – it will come into force on January 9! #GreenBrexit https://t.co/SnRljAlF0g",DefraGovUK,@theresecoffey,2017-12
2017-12-21,marshadecordova,Labour,"Early morning birthday cakes for Labour activist, committed to suring our comunity knows about proposals to cut the Queenstown Rd train service from 7 - 4 trains an hour. Consultation closes this Friday. https://t.co/TDv4oBliUX https://t.co/h3f4haY4FG",PaulaLabour,,2017-12
2017-12-21,catherinewest1,Labour,"You told me your favourite Christmas song was ""One More Sleep"" by @leonalewis ... 🎄 https://t.co/5UvUlqsZBM",DavidLammy,@leonalewis,2017-12
2017-12-21,vickyford,Conservative,"I’m please that after my request earlier this year, the Government has confirmed there will be a permanent memorial stone erected to PC Keith Palmer near where he was killed in Parliament.",JamesCleverly,,2017-12
2017-12-21,mikegapes,Labour (Co-op),"@MikeGapes highlighting plague of fake twitter accounts (eggs, handles with numbers) watch live here https://t.co/ZVXT8NsXOy",edwardlucas,@MikeGapes,2017-12
2017-12-21,dancardenmp,Labour,".@OwenJones84 is right. Individualism has transformed social issues like homelessness or poverty into personal defects, rather than the wider problems they are. 

https://t.co/iwn3Rw0i4l",johnmcdonnellMP,@OwenJones84,2017-12
2017-12-21,gavnewlandssnp,Scottish National Party,"@ToniaAntoniazzi Too right, we can't let an actual Conservative win this thing! #luckydart",ToniaAntoniazzi,@ToniaAntoniazzi,2017-12
2017-12-21,sandbach,Conservative,Great news for my constituency https://t.co/gPuSnx9KVd,,,2017-12
2017-12-21,coyleneil,Labour,"So Damian Green was sacked for lying. Hint, hint @BorisJohnson &amp; all the other liars costing us £50b with not a penny for the NHS. https://t.co/VjFyiVKsED",,@BorisJohnson,2017-12
2017-12-21,jeremy_hunt,Conservative,Staff @bsmhft today rightly told me that in mental health trusts patient safety and staff safety are two sides of the same coin. Thanks for a great visit #mentalhealth #nhs,,@bsmhft,2017-12
2017-12-21,mikeamesburymp,Labour,Government’s Marie Antoinette view of universal credit | Letters https://t.co/soxsLaZr6w,SocietyGuardian,,2017-12
2017-12-21,jamescleverly,Conservative,"I’m please that after my request earlier this year, the Government has confirmed there will be a permanent memorial stone erected to PC Keith Palmer near where he was killed in Parliament.",,,2017-12
2017-12-21,dr_philippaw,Scottish National Party,@DavidLinden @BrendanOHaraSNP @ScotTories @DCMS Matt Hancock live on @BBCLookEast last night saying he can only get 3mb connection in his Suffolk home so he knows how bad it is.,DanMacPhail,"@DavidLinden, @BrendanOHaraSNP, @ScotTories, @DCMS, @BBCLookEast",2017-12
2017-12-21,davidlammy,Labour,Fake news Sam! Of course it’s an option.. but I won’t apologise for my guilty pleasures https://t.co/UNgoZyIZdi,Samsmethers,,2017-12
2017-12-21,stewartmcdonald,Scottish National Party,Oh spare me! https://t.co/skSg4xZD6Y,tnewtondunn,,2017-12
2017-12-21,suehayman1,Labour,"Nearly 20,000 badgers have been culled this year, the highest number ever - @DavidEDrew https://t.co/iIxauf3B5r",labourpress,@DavidEDrew,2017-12
2017-12-21,joannaccherry,Scottish National Party,"NC44 my #EUwithdrawalbill amendment seeking an independent evaluation of #brexit impact on health &amp; social care on behalf of @CamphillScot &amp; 56 other sectoral orgs was defeated, 318 votes to 294. If the 13 @ScotTories MPs had supported it, it wd be law now. https://t.co/DwkkVwpQKF",,"@CamphillScot, @ScotTories",2017-12
2017-12-21,petergrantmp,Scottish National Party,I am really chuffed to bits that @gofundme contributed $1000 to my Harry's Last Stand Refugee tour which begins in February around my 95th birthday. https://t.co/hG7dqOR8AU,Harryslaststand,@gofundme,2017-12
2017-12-21,annaturley,Labour (Co-op),Just spoke to @HackneyAbbott about this racist BNP Xmas card @jeremycorbyn has just received. I’m not keen on sharing racist propaganda but I think it’s important folk see the kind of hate Diane is subjected to for doing nothing more than standing up for her beliefs #solidarity https://t.co/Fniv292pIt,labourlewis,"@HackneyAbbott, @jeremycorbyn",2017-12
2017-12-21,jessphillips,Labour,"Not just because of the link, but yesterday as I walked back from the protest and the lights twinkled I felt such hope and like I was in a Richard Curtis Christmas film. I know stuff has been rubbish but most people in the world are pretty good.",,,2017-12
2017-12-21,willquince,Conservative,"@gazaston Yep, even making a harmless joke about the great comrade leader opens up a box of trolls!",,@gazaston,2017-12
2017-12-21,andrew4pendle,Conservative,We’re going ban sale of new build leasehold homes &amp; set ground rent to zero for new leases to help end #leaseholdscandal &amp; protect hard-working homebuyers,sajidjavid,,2017-12
2017-12-21,ed_miliband,Labour,Best so far...to my knowledge. Congrats.... https://t.co/Z4leYkNgz0,C_Quigley,,2017-12
2017-12-21,victoriaprentis,Conservative,https://t.co/hrwfhQiHEn,,,2017-12
2017-12-21,sharonhodgsonmp,Labour,Young artists in #Sunderland #Washington- what are you waiting for? Share what you do in this 2018 exhibition. #moreartnotless @SharonHodgsonMP @FireStationSun @1034SunFM @NSEAD1 https://t.co/7OtYM2Xx3J,theartcriminal,"@SharonHodgsonMP, @FireStationSun, @1034SunFM, @NSEAD1",2017-12
2017-12-21,waynedavid_mp,Labour,"Reading through the Brexit sectoral 'analysis' on defence. As a former teacher, I know a copy-and-paste job when I see one...! https://t.co/wrlZuMqV8M",NiaGriffithMP,,2017-12
2017-12-21,mimsdavies,Conservative,In answer to my question this morning @HouseofCommons @MattHancock reiterated the positives for local commercial radio &amp; how they can better serve their local communities with these long awaited changes @RadioAPPG https://t.co/KwqzykWLRn,DCMS,"@HouseofCommons, @MattHancock, @RadioAPPG",2017-12
2017-12-21,michael4mdnp,Conservative,Final question in the House before leaving London for Christmas. I was pleased to raise the great work being done by @BCHAnews in #Wimborne and asked the Minister about the important subject of #SupportedHousing https://t.co/gBzu3HaSdL,,@BCHAnews,2017-12
2017-12-21,alison_mcgovern,Labour,"Where will be the worst place to be a child in 2018? I spoke to @TheEconomist about how world leaders can help the most deprived children next year. 

#2018 #Yemen #Syria #Rohingya #refugees https://t.co/nqrYE0afjm",HelleThorning_S,@TheEconomist,2017-12
2017-12-21,chionwurah,Labour,"I called for a full, independent enquiry into the mistreatment of smaller businesses by RBS. Businesses were destroyed, families ripped apart and people took their own lives. The victims need justice. Totally inadequate reply from the Prime Minister. #PMQs https://t.co/657JJZAgFw",Bill_Esterson,,2017-12
2017-12-21,lordjohnmann,Labour,MPs are trying to force out Sue Grey and are using a similar whispering campaign to the one used to undermine the former standards commissioner @ElizabethFilkin. Both women outside the old boys' network being targeted for being too good at their jobs. https://t.co/Ja9aKGybIU,syalrajeev,@ElizabethFilkin.,2017-12
2017-12-21,neill_bob,Conservative,"I’m please that after my request earlier this year, the Government has confirmed there will be a permanent memorial stone erected to PC Keith Palmer near where he was killed in Parliament.",JamesCleverly,,2017-12
2017-12-21,cj_dinenage,Conservative,"#Assault #Gosport 15 y/o boy pushed off his bike and punched, left with injury to his ear. Military Rd Tues 14:30-14:45. See 2 teens acting sus in the area?  Want 2 speak 2 witnesses - woman in white vehicle and man who shouted at suspects. Call 101 re: 44170491518 https://t.co/ra3sXgGBoT",GosportPolice,,2017-12
2017-12-21,sajidjavid,Conservative,.@davalia610 some of the practices in the industry are practically feudal. We’re going to end #leaseholdscandal https://t.co/zUPj2rgaC6,Davalia610,@davalia610,2017-12
2017-12-21,jessphillips,Labour,You only care about fighting people who care about things. I'd rather be me #alsothatisbullshit https://t.co/SMgRa5pt0f,john81_33,,2017-12
2017-12-21,petergrantmp,Scottish National Party,Referendum to take back control of our defence policy anyone? https://t.co/pqRSIDCJyZ,Hepworthclare,,2017-12
2017-12-21,sharonhodgsonmp,Labour,This must not and should not be allowed to happen the 7th richest nation should be ashamed please respond to the consultation @SharonHodgsonMP @SAfoodforlife @LindsayGrahamUK @drdavidbull https://t.co/RsTEhhhYCt,JeanetteOrrey,"@SharonHodgsonMP, @SAfoodforlife, @LindsayGrahamUK, @drdavidbull",2017-12
2017-12-21,petergrantmp,Scottish National Party,@British_Airways diverted from EDI to Prestwick. 45 mins for luggage to be unloaded. Now 75 mins &amp; promised bus still hasn't left. Absolutely no info at airport or on phone. Very poor.,,@British_Airways,2017-12
2017-12-21,petergrantmp,Scottish National Party,"Picture shows every 'amendments book' published during #EUWithdrawalBill committee stage.  Over 400 amendments tabled, but only around 40 were voted on.  And hours in lobbies meant less time for debate.  Yet more evidence if needed for radical reform of @houseofcommons procedures https://t.co/QFB5Sg9x3l",GradySNP,@houseofcommons,2017-12
2017-12-21,pauljsweeney,Labour (Co-op),Honoured to have @SpringburnWG featured in the 10th anniversary exhibition of @GlasgowHeritage. This time last year GCHT helped arrange an emergency grant to save the roof from collapse. We're now well on the way to securing grants to fully restore this amazing A-listed building. https://t.co/cbVpvl3y2z,,"@SpringburnWG, @GlasgowHeritage.",2017-12
2017-12-21,pennymordaunt,Conservative,This #Christmas our UK Armed Forces will be deployed around the world on 25 operations in more than 30 countries. Take a look at just a few of the many places that they'll be spending Christmas this year. #MerryChristmas https://t.co/PjyA0t65yM,DefenceHQ,,2017-12
2017-12-21,greghands,Conservative,"Congratulations to #Birmingham, hosts of @thecgf in 2022. Well done Karen Bradley and @andy4wm who worked so hard to make it happen. A great city for what I’m sure will be an excellent tournament. #CommonwealthSport https://t.co/WrkesTdVmD",theresa_may,"@thecgf, @andy4wm",2017-12
2017-12-21,barrysheerman,Labour (Co-op),"Chaos the new normal in May’s Government. Another day, another crisis. Just as well there are no big public issues to sort, such as Brexit",Kevin_Maguire,,2017-12
2017-12-21,gareththomasmp,Labour (Co-op),NHS figures show sharp rise in patients waiting for A&amp;E care - Northwick Park Hospital A&amp;E remains under huge pressure so a huge thank you to it’s excellent staff &amp; here’s hoping the story of Scrooge might inspire Tory MP 2change tack &amp; put in more money  https://t.co/fNYf64OdoS,,,2017-12
2017-12-21,chrislawsnp,Scottish National Party,@PeteWishart @alisonthewliss ... and Pete is still not willing to share his festive mince pie,PeteWishart,"@PeteWishart, @alisonthewliss",2017-12
2017-12-21,thomasbrake,Liberal Democrat,@thomasbrake calling for annual review of gov plan for short term supported housing. Sector cuts led to increased #HomelessnessinEngland,Wera_Hobhouse,@thomasbrake,2017-12
2017-12-21,tony4rochdale,Labour,Uk Government needs to call out Aung San Suu Kyi :- Burma bans UN human rights investigator from probing anti-Rohingya atrocities https://t.co/RbQHwLaclX,Afzal4Gorton,,2017-12
2017-12-21,peterkyle,Labour,"@blacksmithtom I did. It was simply the wrong issue for this Bill which is why only 23 MPs voted for it, SNP abstained too. This will be debated at the right time, and I will press for it then. Not like yesterday when the Libs are panicking and feeling left out!!",blacksmithtom,@blacksmithtom,2017-12
2017-12-21,halfon4harlowmp,Conservative,Watch: @halfon4harlowMP asks Speaker John Bercow what more can be done about MPs staff working in basement of Parliament aka “the dungeons” having property stolen? https://t.co/mrJ5QhbtVK,CharlotteGRose,@halfon4harlowMP,2017-12
2017-12-21,hywelplaidcymru,Plaid Cymru,"From today, all customer phone lines to DWP have become Freephone numbers, helping people to access our benefits and services https://t.co/KZKEOgc5xv https://t.co/KmhAbpi5y2",dwppressoffice,,2017-12
2017-12-21,bill_esterson,Labour,"I called for a full, independent enquiry into the mistreatment of smaller businesses by RBS. Businesses were destroyed, families ripped apart and people took their own lives. The victims need justice. Totally inadequate reply from the Prime Minister. #PMQs https://t.co/657JJZAgFw",,,2017-12
2017-12-21,lukegrahamuk,Conservative,".@DavidGauke writes about his ambition for the UK to be ‘the best place in the world in which to grow old’, and how extending automatic enrolment to 18-21 year olds will help provide for a more comfortable retirement https://t.co/0hXmgydk3M",dwppressoffice,@DavidGauke,2017-12
2017-12-21,mikeamesburymp,Labour,"This morning I asked the #LeaderOfTheHouse if she would agree to ""have a debate on a national Sikh war memorial... https://t.co/XkWEiTFaf2",TanDhesi,,2017-12
2017-12-21,davidlammy,Labour,7% for Destiny's Child? That hurts Twitter fam https://t.co/XkuKjmikvf,DavidLammy,,2017-12
2017-12-21,drrosena,Labour,"One of @BBCNews' pictures of the year. A Rohingya child refugee climbs on an aid truck, desperate for food handouts. 

It really brings it home when you see a child pleading for food aid. A poignant reminder that we must take action when presented with evidence of genocide. https://t.co/DYOAlovb8o",,@BBCNews',2017-12
2017-12-21,rhonddabryant,Labour,"How much more shame will Brexit bring on us?Today May crawls to Polish Law +Justice party begging for support,despite EU sharp censure of them anti-forcing judiciary under far-right political thumb.No more boasts of UK as cradle of democracy/mother of parliaments etc",pollytoynbee,,2017-12
2017-12-21,dianajohnsonmp,Labour,Supporting brothers and sisters of a baby who has died: https://t.co/JdVAg9AUlu https://t.co/yCFzQDih1a,LullabyTrust,,2017-12
2017-12-21,wera_hobhouse,Liberal Democrat,Guy from #Russia embassy seems to follow debate on #RussianInterference from public gallery. Feels like good old days in Cold War Germany,,,2017-12
2017-12-21,angusmacneilsnp,Scottish National Party,"@emirates to start flights from @STN_Airport to Dubai in 2018 boosting UK trade, investment &amp; tourism #EmiratesJoinStansted @angusmacneilSNP",OurStansted,"@emirates, @STN_Airport, @angusmacneilSNP",2017-12
2017-12-21,tomtugendhat,Conservative,"A preview of a rejuvenated campaign I’ll be driving hard in 2018.. data driven mental healthcare for veterans. In the noise of vets care, we must get the basics right.  https://t.co/2KQYl6Ilz3",JohnnyMercerUK,,2017-12
2017-12-21,jamesduddridge,Conservative,Don’t forget @SouthendBC is offering free parking in council run carparks for late night Thursday shoppers as well as all day on Sunday.  Head to #Southend for your last minute #christmasshopping,,@SouthendBC,2017-12
2017-12-21,matthancock,Conservative,"I know there’s a lot going on, but crikey the lowest borrowing figures since before the crash is really very good news for the nation. #ChristmasCheer #AlotdoneAlotmoretodo",,,2017-12
2017-12-21,lucympowell,Labour (Co-op),"It was a lovely design - thanks, Kayden! https://t.co/UQXLTbeCdN",,,2017-12
2017-12-21,labourlewis,Labour,"#Togo - the only African country to vote with Israel and the US on Jerusalem at the #UNGA - is a tottering ""free market"" (but not ""free"" otherwise) state which has been run by the same family since a coup in 1967.
https://t.co/SArULmY7fN https://t.co/r2qEuSmDbf",OurHiddenHistry,,2017-12
2017-12-21,afzal4gorton,Labour,@neilsmithgmb @JimfromOldham @TheresaMEP @Debbie_abrahams @MikeAmesbury @AngelaRayner @GwynneMP @jeffsmithmp @GordonMarsden @CatSmithMP @DanCardenMP Merry Christmas @neilsmithgmb and everyone at GMB!,neilsmithgmb,"@neilsmithgmb, @JimfromOldham, @TheresaMEP, @Debbie_abrahams, @MikeAmesbury, @AngelaRayner, @GwynneMP, @jeffsmithmp, @GordonMarsden, @CatSmithMP, @DanCardenMP, @neilsmithgmb",2017-12
2017-12-21,preetkgillmp,Labour (Co-op),Thankyou to @focusbirmingham I learnt so much about services they provide to people with sight loss and disability. Great speaking to service users and @RNIB @guidedogs &amp; @BirminghamSLC - look forward to working with you all. https://t.co/TbBhEiqrv5,,"@focusbirmingham, @RNIB, @guidedogs, @BirminghamSLC",2017-12
2017-12-21,imran_hussainmp,Labour,"The NHS is haemorrhaging staff according to the @theRCN, but rather than improving staff welfare &amp; enshrining safe staffing levels in law, the Tories continue to force hospitals to rely on temporary agency staff in dangerous &amp; expensive quantities
https://t.co/KNCJPeDVtO",,"@theRCN,",2017-12
2017-12-21,thangammp,Labour,"New article by Thangam in iNews: ""I can’t talk about what’s in the Brexit reports – but I can tell you what’s missing."" (TD office) https://t.co/29ljaGtz50",,,2017-12
2017-12-21,siobhain_mc,Labour,"On behalf of 128,000 homeless children I hope this is their last Christmas without a home @Siobhain_MP",PARLYapp,@Siobhain_MP,2017-12
2017-12-21,liambyrnemp,Labour,Booking is now open for our event with @LiamByrneMP @millenniumpoint on 18th Jan. He will discuss the entrepreneurs that built Britain - and challenge us to find the pioneers of today. Tickets and more info here: https://t.co/Mp7d4GjmwE https://t.co/DTZqWaw9pL,LunarSoc,"@LiamByrneMP, @millenniumpoint",2017-12
2017-12-21,jessphillips,Labour,@CCriadoPerez Huge progress in our Child First campaign - including govt commitment to ban cross-examination of survivors of domestic abuse in the family justice system &amp; new guidance for judges in child contact cases https://t.co/ziWIOD0VYd,womensaid,@CCriadoPerez,2017-12
2017-12-21,steph_peacock,Labour,Lovely Civic Carol Service in Barnsley this evening. https://t.co/EJfAhDPRCp,,,2017-12
2017-12-21,jostevenslabour,Labour,"Tomorrow from 10am - 1pm is my final advice surgery of the year! Just drop in to my office (116 Albany Road, #Roath) - no appointment is needed.",,,2017-12
2017-12-21,richardgrahamuk,Conservative,@jharryd13 The Times,jharryd13,@jharryd13,2017-12
2017-12-21,sdoughtymp,Labour (Co-op),@Plaid_Cymru .not me. I backed keeping CU option open.,Plaid_Cymru,@Plaid_Cymru,2017-12
2017-12-21,theresa_may,Conservative,I am in #Warsaw today to ensure that the UK and Poland can work even more closely together to ensure the security and prosperity of our nations in the years ahead. https://t.co/imcxx85g2X,,,2017-12
2017-12-21,lordianaustin,Labour,"@JacobFromDudley @IanMurrayMP Lots of them told me we'd joined a common market, not a federal superstate and that they wanted the best possible trading attangements,.",,"@JacobFromDudley, @IanMurrayMP",2017-12
2017-12-21,neildotobrien,Conservative,@ChrisGiles_ @TorstenBell What deflator are you using out of interest?,ChrisGiles_,"@ChrisGiles_, @TorstenBell",2017-12
2017-12-21,lukepollard,Labour (Co-op),"Have you done all your wrapping up? Don't forget that you can recycle standard wrapping paper in your green bin, but not foil, glitter or shiny wrapping paper. 
https://t.co/2LlKn4AGbN https://t.co/nCkFlHgi6l",plymouthcc,,2017-12
2017-12-21,stevereedmp,Labour (Co-op),Just called on Govt to back the #biglotteryrefund campaign &amp; repay £425m owed to charities,,,2017-12
2017-12-21,nickhurduk,Conservative,@SadiqKhan . For record ; 75% of Met £2.5 bn will come from Govt ( taxpayer) and we are putting £ 50 m new money into CT policing. https://t.co/q3DM6MzUet,SadiqKhan,@SadiqKhan,2017-12
2017-12-21,petewishart,Scottish National Party,@ParlyApp @PeteWishart Wishart Twankey 😁,Welshracer,"@ParlyApp, @PeteWishart",2017-12
2017-12-21,greghands,Conservative,Story: MP Greg Hands Sends Christmas Greetings to Constituents - And brings us up to date with his activiti... https://t.co/aLHNaGdAvQ,Fulhamsw6com,,2017-12
2017-12-21,danjarvismp,Labour,Decisive call for wider #Yorkshire Devo deal. Anyone in #BatleyandSpen got thoughts on this? https://t.co/rVS5mpN69P,TracyBrabin,,2017-12
2017-12-21,davidlammy,Labour,If you’re going to send me hate mail and abuse at least please fork out 56p for a 2nd class stamp instead of sending it Freepost. Why should the taxpayer pick up the tab for some coward sending such a disgusting letter? https://t.co/69VWGwSjkv,,,2017-12
2017-12-21,dianajohnsonmp,Labour,enduring idea and ideals https://t.co/EjfZlIkVTB,RTHondavehanson,,2017-12
2017-12-21,bill_esterson,Labour,Renegotiating all the free trade agreements that the UK currently has through membership of the EU is  trilateral issue which also involves the EU. It's not going to be a simple cut and paste job.  Latest briefing by @MichaelGasiorek &amp; @pholmes8 https://t.co/05ECgB6WaM https://t.co/Y9uS87lDU5,uk_tpo,"@MichaelGasiorek, @pholmes8",2017-12
2017-12-21,benpbradshaw,Labour,Commendably robust criticism from Minister of social media giants for their “entirely partial and wholly inadequate” response to @DamianCollins @CommonsCMS probe into Russian interference.,,"@DamianCollins, @CommonsCMS",2017-12
2017-12-21,annclwyd,Labour,"Have you heard about our specialist division dedicated to some of Wales' most vulnerable patients? 

The Children's Wales Air Ambulance crew will be on standby this festive season. 

Find out how you can help keep our fourth helicopter flying here. 
https://t.co/n2n2k0uDNu https://t.co/8cNEbXln5a",air_ambulance,,2017-12
2017-12-21,angusmacneilsnp,Scottish National Party,https://t.co/BXvKxvMrfv?,,,2017-12
2017-12-21,thangammp,Labour,"I just asked the Sec of State for Culture to comment on what is NOT in the documents about the #Brexit impact on the creative industrids and she rather curiously said there is nothing missing! Odd, given Brexit SoS has already confirmed they contain no impact assessments https://t.co/50RNok5bKs",HenryCPorter,,2017-12
2017-12-21,lukepollard,Labour (Co-op),Sadly the spirit of Scrooge took over and the Minister failed to answer my question by ruling out anymore library cuts https://t.co/2cxeLBewt1,dodsmonitoring,,2017-12
2017-12-21,wesstreeting,Labour,It's beginning to feel a lot like Christmas thanks to lunch with @lindariley8 and her motley crew https://t.co/RU7igVWo8k,,@lindariley8,2017-12
2017-12-21,davidgauke,Conservative,It’s important to know the facts in any policy dispute. These seem pretty clear and @DavidGauke is showing why #UniversalCredit is working for most. Shame @frankfieldteam would neither help nor admit it worked. https://t.co/91Cf3huLYg,TomTugendhat,"@DavidGauke, @frankfieldteam",2017-12
2017-12-21,emmalewellbuck,Labour,"@ALewerMBE We can only #endhungeruk if we measure it. Will you support @EmmaLewellBuck's food insecurity bill on 2 February? 
(See the text at https://t.co/yaDAjGv9Oo)",EnterprisesHope,"@ALewerMBE, @EmmaLewellBuck's",2017-12
2017-12-21,jon_trickett,Labour,"The NHS is not safe in Tory hands, here's why: https://t.co/CLsHYc44Z1",UKLabour,,2017-12
2017-12-21,dianajohnsonmp,Labour,in a tough field this is probably my favourite tweet of 2017 https://t.co/7lSG2VamkR,estwebber,,2017-12
2017-12-21,matthancock,Conservative,.@HelpMusiciansUK runs a 24/7 mental health support line for anyone in the music industry. You do not have to suffer alone. Call 0808 802 8008 for free advice &amp; support #BehindEveryMusician,WeAreTheMU,@HelpMusiciansUK,2017-12
2017-12-21,redditchrachel,Conservative,"This week, 228 Labour MPs voted AGAINST abolishing stamp duty for 80% of first time buyers https://t.co/J9W5TAZiuH",CCHQPress,,2017-12
2017-12-21,ianclucas,Labour,@VirginTrains Already done and promises broken. One part of Virgin Trains won't speak to another to help a customer.,DavidSubacchi,@VirginTrains,2017-12
2017-12-21,marshadecordova,Labour,"Very sad news that there was a triple stabbing last night in Battersea, if anyone has any information they can contact @MPSWandsworth .",,@MPSWandsworth,2017-12
2017-12-21,lucympowell,Labour (Co-op),"Just watched hungry, homeless and on benefits on ITV. It is scandalous how people are suffering on universal credit! The PM should try and live on what these people get.",smitheman_mavis,,2017-12
2017-12-21,rhonddabryant,Labour,@RhonddaBryant is one of best MPs on Russia. Now in great form. Sadly he has only 4 minutes. watch it here https://t.co/ZVXT8NsXOy,edwardlucas,@RhonddaBryant,2017-12
2017-12-21,georgefreemanmp,Conservative,"Last minute Christmas shopping?  Visit #Wymondham - the perfect #Norfolk #MarketTown with proper shops, #FridayMarket &amp; the best railway station restaurant in Norfolk. @visitnorfolk @VisitEastAnglia @wymandatmercury @SNorfolkTories @jfmwym @CllrMEdney https://t.co/yInPOTywBr",,"@visitnorfolk, @VisitEastAnglia, @wymandatmercury, @SNorfolkTories, @jfmwym, @CllrMEdney",2017-12
2017-12-21,davidlinden,Scottish National Party,"MPs are now debating matters to be raised before the forthcoming adjournment. 
This gives MPs the chance to raise any issues they want before the House rises for the Christmas recess.
https://t.co/QKNPUQi6Zm",HouseofCommons,,2017-12
2017-12-21,abridgen,Conservative,"I instigated the complaint into Keith Vaz in Sept 2016. If more than 15 months later he is not fit to be held to the standards expected of a Parliamentarian, then he’s not fit enough to be a Parliamentarian and we should be expecting a by-election in Leicester East",,,2017-12
2017-12-21,emmahardymp,Labour,"David Davis clears up the ""I'll resign if Damian Green is sacked"" misunderstanding.......... ""It was not a 'binding' promise - #damiangreen https://t.co/Xch4KWMsSu",JerryHicksUnite,,2017-12
2017-12-21,rhonddabryant,Labour,Hi @GWRHelp are there problems with Paddington to Newport trains today?,,@GWRHelp,2017-12
2017-12-21,jackiedp,Conservative,.@JackieDP we accept that #organdonation is an complex issue. Our consultation on the opt-out @NHSOrganDonor system will run until 6 March 2018 - so far we've received over 2000 responses. Have your say on the proposed changes https://t.co/xm6fQH2egg #healthorals,DHSCmedia,"@JackieDP, @NHSOrganDonor",2017-12
2017-12-21,mike_fabricant,Conservative,"And after that, the organisers gave the Games to Melbourne. (Not). https://t.co/cE0mAUY0YV",BhamUpdates,,2017-12
2017-12-21,alexburghart,Conservative,"The dazzling Pitney Brooch: coiled, exuberant and breathtaking. An example of the Scandinavian Urnes style in England, probably made in the later 11th century. Found at Pitney, Somerset. Now in the British Museum. #Viking #medieval https://t.co/EY04kUfe7B",Rory_Naismith,,2017-12
2017-12-22,tpearce003,Labour,Saturday’s TIMES: “Road toll revolution” #bbcpapers #tomorrowspaperstoday https://t.co/pTkfo3WUh4,AllieHBNews,,2017-12
2017-12-22,lukepollard,Labour (Co-op),Secret Santa has been on point this year @SarahVStaples #plymouth cc @councillortudor https://t.co/ava5nuXok5,,"@SarahVStaples, @councillortudor",2017-12
2017-12-22,willquince,Conservative,RT @SCJadeSmith: Tonight we have done plenty of vehicle checks &amp; tickets issued for headlights not working properly. Also met @willquince d…,,"@SCJadeSmith:, @willquince",2017-12
2017-12-22,sharonhodgsonmp,Labour,".@DanBaynes94 gave a presentation at the most recent All Party Parliamentary Group on Dyslexia on the 29th November. Chaired by @SharonHodgsonMP, the APPG brings together key stakeholders to discuss the most pressing issues on the dyslexia policy agenda https://t.co/FT2b9AA0tW https://t.co/tzfkzSwBJH",DriverTrust,"@DanBaynes94, @SharonHodgsonMP,",2017-12
2017-12-22,gareth_snell,Labour (Co-op),Of all the emails I have received from my constituents about the EU/Brexit and our negotiations - not a single one has mentioned the colour of passports.,,,2017-12
2017-12-22,toniaantoniazzi,Labour,"NO NO NO.  The UK’s free health service, law-abiding police, free press, international alliances, welfare state, religious diversity, international aid are the true expressions of independence and symbols of a proud great nation #bluepassport https://t.co/pHvQo13SRP",DMiliband,,2017-12
2017-12-22,carolinelucas,Green Party,"Please ask your MP (if that's not me!) to sign Early Day Motion 698, calling on Chancellor @PhilipHammondUK to clarify or retract his deeply unfortunate comment. https://t.co/Wd92Gf7YLk https://t.co/U8eLe3xoG2",CarolineLucas,@PhilipHammondUK,2017-12
2017-12-22,halfon4harlowmp,Conservative,"Today my @CommonsEd Cttee, publish important report into Fostering. Much more needs to be done to value Foster children, value Foster Carers and Value Care as a whole: recommendations here:  
https://t.co/4paYiOnLOM",,@CommonsEd,2017-12
2017-12-22,preetkgillmp,Labour (Co-op),Campaign to install a #NationalSikhWarMemorial in #London gets major boost as Jeremy Corbyn MP (Leader of the... https://t.co/nhWZqPXW5A,TanDhesi,,2017-12
2017-12-22,cphilpofficial,Conservative,"I'm shocked by this detailed letter from @DavidGauke to @frankfieldteam. It shoes Frank's claims abt the UC case were totally untrue. Most importantly, it shows the lady got her UC £ almost immediately &amp; without MP/Minister needing to intervene. An example of UC working very well https://t.co/iqaAregOcI",DavidGauke,"@DavidGauke, @frankfieldteam.",2017-12
2017-12-22,stephenctimms,Labour,Thanks @stephenctimms for supporting our cause #Newham #Leaseholders #PrioryCt. @AsmaAli. https://t.co/Rguo4tvkpP,Shaunie_Mac,"@stephenctimms, @AsmaAli.",2017-12
2017-12-22,petewishart,Scottish National Party,This is really their priority. Wonder if we’ll get blue visas to accompany it when we’re off to the costas and playas. Something to ‘admire’ in the endless ‘European other’ immigration queues we’ll all be standing in. https://t.co/SEa7zFgk4j,ukhomeoffice,,2017-12
2017-12-22,dr_philippaw,Scottish National Party,"@jonrstanley @Otto_English @daaitoulaam My Black one was issued in Glasgow, so what are you saying?",,"@jonrstanley, @Otto_English, @daaitoulaam",2017-12
2017-12-22,ruthcadbury,Labour,A huge thank you to @HounslowCCG for providing this small #FirstAid survival kit which will come in handy for a rough sleeper. #Thankyou https://t.co/QMW2qpiEup,NishkamSWAT,@HounslowCCG,2017-12
2017-12-22,halfon4harlowmp,Conservative,The Braintree MP had known PC Palmer for 25 years - they served together in the army. https://t.co/fY2ZWZ7aEN,yummybreakfast,,2017-12
2017-12-22,alison_mcgovern,Labour,"This deal would be a lot easier if the UK's negotiating red lines were like this:
1. Blue passports
2. That's it",,,2017-12
2017-12-22,nickymorgan01,Conservative,.@FalconSupport_ still looking for more donations for their Festive Shelter https://t.co/woEfJTdLmD,NickyMorgan01,@FalconSupport_,2017-12
2017-12-22,neill_bob,Conservative,"The GLA should ensure that TfL and Network Rail’s plans for upgrades and improvements are incorporated into plans for opportunity areas and intensification areas.

Read more in our report: https://t.co/M128dyVt4Q",centreforlondon,,2017-12
2017-12-22,brandonlewis,Conservative,Otters spotted in River Yare at Cobholm and Gorleston https://t.co/Qvj5n4F3xe,EDP24,,2017-12
2017-12-22,theresecoffey,Conservative,".@michaelgove cuts the ribbon to officially open the new £12 million  #flood defence scheme in #Dawlish Warren @EmmaHowardBoyd @RichStockdale_ Reducing the risk of flooding to nearly 2,900 properties around the River Exe. https://t.co/GZPPbPQkSZ",EnvAgencySW,"@michaelgove, @EmmaHowardBoyd, @RichStockdale_",2017-12
2017-12-22,marycreagh_,Labour,The UK uses 13 billion plastic bottles a year. We must turn back this plastic tide. Our report: https://t.co/oKcYikcvkd @CommonsEAC https://t.co/Sx81iAfR1m,,@CommonsEAC,2017-12
2017-12-22,nadhimzahawi,Conservative,Forbes has recognised the UK as the 'best country for business' in 2018 in its 12th annual survey. Through the #IndustrialStrategy we're  building on the UK's exceptional strengths &amp; ensuring the UK economy is prepared for future challenges &amp; opportunities https://t.co/oCBySVNOoX https://t.co/NfkNOLy2lQ,beisgovuk,,2017-12
2017-12-22,brandonlewis,Conservative,"@syncsmith No idea where you got that figure from, it is wrong.",syncsmith,@syncsmith,2017-12
2017-12-22,kevin_j_foster,Conservative,My Government is developing proposals to crack down on puppies being reared in unhealthy circumstances by unscrupulous breeders who have a total disregard for their welfare. It’s absolutely right we do everything we can to eradicate animal cruelty from our society. https://t.co/jXe4FiyNdw,theresa_may,,2017-12
2017-12-22,tom_watson,Labour,Last Christmas we lost George Michael. Now he’s an unlikely beacon of hope.  https://t.co/McSJ4ZrHtB,,,2017-12
2017-12-22,zacgoldsmith,Conservative,"We are delighted to announce @carriesymonds as the new Patron of Conservative Animal Welfare Foundation and we look forward to working together to help advance animal welfare 

https://t.co/Es5FOgmvqe https://t.co/7XlaAuBMfX",ConservativeAWF,@carriesymonds,2017-12
2017-12-22,chukaumunna,Labour,.@ChrisLeslieMP and I have tabled an amendment to the EU (Withdrawal) Bill requiring the Govt to publish the legal advice on the revocability of Art 50 - they are trying to hide it from the public who are legally entitled to keep an open mind on #Brexit  https://t.co/5ce6lSTAkC,,@ChrisLeslieMP,2017-12
2017-12-22,jennychapman,Labour,"Young people across #Darlo, aged 16-25, are being invited to join the Prince's Trust Team programme - a free personal development course to help you achieve your potential. Courses start on 15 January - see posters for more details or go to https://t.co/L5Smt7Nid4 https://t.co/xdRNMz0mMr",darlingtonbc,,2017-12
2017-12-22,tandhesi,Labour,Exactly why #unions &amp; #cooperatives are so important: #solidarity to stop #exploitation from unscrupulous gangmasters: the case of #Sikh farm workers in #Italy @The_TUC @CoopParty https://t.co/wjSocWmK2k,guardian,"@The_TUC, @CoopParty",2017-12
2017-12-22,simonclarkemp,Conservative,"1.3k retweets for an eight-month old story that isn't even true. The passport design contract is up for renewal, so it would have cost £500m just to keep them the same colour and even if we were staying in the EU. I give up. https://t.co/cIH6JqYk2n",KevinASchofield,,2017-12
2017-12-22,sandbach,Conservative,@Anna_Soubry £40bn seems a lot to change the colour of passports. Perhaps we should have opted out if nobody liked maroon. 😟,livesey99,@Anna_Soubry,2017-12
2017-12-22,andrealeadsom,Conservative,"It's been a busy year, both in Parliament and South Northamptonshire. You can read a round-up of my work over the last twelve months via my Winter 2017 Reporting Back, and I'm looking forward to continuing to work hard on your behalf 😊🇬🇧
https://t.co/xPhRHN1T7v",,,2017-12
2017-12-22,barrysheerman,Labour (Co-op),The wonderful Eva Schloss survivor of the German death camps speaks to the generations  beyond @BBCNews,,@BBCNews,2017-12
2017-12-22,pauljsweeney,Labour (Co-op),cc @BrianWilson1967,PaulJSweeney,@BrianWilson1967,2017-12
2017-12-22,carolynharris24,Labour,Well done.  You worked hard and deserve praise x https://t.co/M0uqFKfLd5,lizperkinspost,,2017-12
2017-12-22,lukepollard,Labour (Co-op),Great bit of team bonding for #teamLuke at @PlymEscape - we escaped in 49min 50sec! Well done team. Thank you for all your hard work - Merry Christmas! https://t.co/qkx2smIsFp,,@PlymEscape,2017-12
2017-12-22,rossthomson_abz,Conservative,Pleased to be able to confirm our plans for the new British passport post Brexit. https://t.co/OXkNFqx7A9,BrandonLewis,,2017-12
2017-12-22,chukaumunna,Labour,"With Parliament now in recess over Christmas, I'll be counting down to New Year with my recap of 2017. First up, Brexiteers voting against their own promise for £350m extra per week for the NHS. It's still nowhere to be seen, and we'll keep fighting until we get it. #YearInReview https://t.co/x5ivu91Qh5",,,2017-12
2017-12-22,wera_hobhouse,Liberal Democrat,"Medics are worried about prospect of the European Working Time Directive ending. https://t.co/lWOoj6Qi04. 

I worked as a junior doctor before the EWTD and saw the harm done to patients and doctors from shifts lasting from Friday am to Monday pm.",PaulWilliamsLAB,,2017-12
2017-12-22,brandonlewis,Conservative,@AngelaRayner This is factually wrong. Why are you tweeting made up numbers? New #bluepassport will not cost the taxpayer anything extra. #LabourFail,AngelaRayner,@AngelaRayner,2017-12
2017-12-22,johnmcdonnellmp,Labour,"What have they got to hide? 
https://t.co/rZiaHqGjPM",,,2017-12
2017-12-22,mike_fabricant,Conservative,No.  You can just vote for a good old fashioned Marxist #OldLabour Government under Marshall #Corbyn for that. https://t.co/NYKtnCjbjd,markconradhack,,2017-12
2017-12-22,thangammp,Labour,.@johnmcdonnellMP has reviewed Labour’s manifesto to determine whether important policies would be made impossible by softest of Brexits or staying in EU. They wouldn’t. https://t.co/uaNPGmwyEX,Peston,@johnmcdonnellMP,2017-12
2017-12-22,gavnewlandssnp,Scottish National Party,Imagine the outcry if any ScotNats came up with this tosh for £500million prior to 2014 https://t.co/HBr1ZeuIC4,AngusMacNeilSNP,,2017-12
2017-12-22,hammersmithandy,Labour,"No 350 million a week for the NHS but hey, #BluePassports!!! https://t.co/AcnXLrRdpR",WL4EU,,2017-12
2017-12-22,emmahardymp,Labour,"1. Decent wages for grafting hard 
2. Decent public services, properly funded 
3. Properly funded #NHS 
4. Free education 
#Frightening https://t.co/PekctVWobl",KarlTurnerMP,,2017-12
2017-12-22,davidedrew,Labour (Co-op),Worth remembering how hard our District Council works for us. Well done Steve Lydon and party colleagues all of those who work so hard to deliver local services at a time of endless budget cuts and rigid austerity. https://t.co/m9DYBO4Drr,StroudDC,,2017-12
2017-12-22,wesstreeting,Labour,No. This battle has been won before and can and must be won again.  https://t.co/kUuDaAey7a,KarenPBuckMP,,2017-12
2017-12-22,wesstreeting,Labour,Now we just need the PM to care as much about the welfare of people... https://t.co/ouyZdH6rLG,labourwhips,,2017-12
2017-12-22,bill_esterson,Labour,@CDML @sajidjavid My point exactly,CDML,"@CDML, @sajidjavid",2017-12
2017-12-22,mikejwood,Conservative,"@Cliffyboy13 Existing passports remain valid. There is no need to replace them until they expire. I do not expect many people to rush to renew theirs early, but it’s right to offer the choice for those who want to.",Cliffyboy13,@Cliffyboy13,2017-12
2017-12-22,stewartmcdonald,Scottish National Party,"La Palestine n'est pas seule. Nous ferons en sorte qu'elle vive dans des frontières sures et reconnues, en sécurité aux côtés d'Israël, avec Jérusalem comme capitale des deux États. https://t.co/ytvrxU8inG",EmmanuelMacron,,2017-12
2017-12-22,toniaantoniazzi,Labour,@AJogee @HughGaffneyMP Sorry! I was a little over excited,AJogee,"@AJogee, @HughGaffneyMP",2017-12
2017-12-22,stewartmcdonald,Scottish National Party,Grateful for the support from Stephen and a few other Conservative and Labour MPs. The Bill also has sponsorship from @CarolineLucas and @cajardineMP. Write to your MP and ask them to vote for it on March 16th. https://t.co/db0p6tVT5i,StephenKerrMSP,"@CarolineLucas, @cajardineMP.",2017-12
2017-12-22,cpjelmore,Labour,"The outrage from Tories yesterday that the new #passport will be made in Germany, was a joy to be seen. #Brexit irony or what. https://t.co/c3uJQBGqDD",ukhomeoffice,,2017-12
2017-12-22,carolineflint,Labour,"Job Vacancy 'Seasonal Educational Instructor'
Full Time role.
Follow the link for more details. https://t.co/vmapvDdFAM 
#Doncaster @MyDoncaster #Jobs #outdoorlearning https://t.co/foqqlcrs1a",austerfield_sc,@MyDoncaster,2017-12
2017-12-22,pennymordaunt,Conservative,Visited Bolshoy Moskvoretsky Bridge to lay flowers at the scene of Russian opposition leader Boris Nemtsov's murder. Justice must be served. https://t.co/FBQjxJ5UiR,BorisJohnson,,2017-12
2017-12-22,stellacreasy,Labour (Co-op),@IsHousecroft of course I have- this is me educating the younger generation of walthamstow residents about the genre...preventing the horror that is jar jar binks entering their heads and helping them learn to love boba....#allpartoftheservice..,IsHousecroft,@IsHousecroft,2017-12
2017-12-22,siobhain_mc,Labour,Thank you for all the brilliant work you do @breastcancernow . The debate on Kadcyla &amp; @APPGBC meeting bringing #NICE @pfizer &amp; women w breast cancer together were 2017 highlights! https://t.co/2cFVgwslup,BCCare,"@breastcancernow, @APPGBC, @pfizer",2017-12
2017-12-22,philwilsonxmp,Labour,Read @soniasodha piece earlier this week on universal wage. Brilliant. https://t.co/LMs9qdoQTr,soniasodha,@soniasodha,2017-12
2017-12-22,dianajohnsonmp,Labour,@C_Birkenshaw Thank you and it was great to meet you too! Very best wishes for 2018!,,@C_Birkenshaw,2017-12
2017-12-22,siobhain_mc,Labour,@RobertNesta18 @MPSGraveneyVW @coopuk @RobertNesta18 - please email the details mcdonaghs@parliament.uk,RobertNesta18,"@RobertNesta18, @MPSGraveneyVW, @coopuk, @RobertNesta18, @parliament.uk",2017-12
2017-12-22,wesstreeting,Labour,London Tories are wrongly suggesting the Taxicard scheme is at risk .... https://t.co/pyQls2tsSd,RuthCadbury,,2017-12
2017-12-22,stewartmcdonald,Scottish National Party,In the rush to produce a #bluepassport did no one at the UK Govt notice they are the colours of the EU flag? 🇪🇺 https://t.co/XwV2yZ4Hoy,SNPdavid,,2017-12
2017-12-22,deidrebrock,Scottish National Party,"Edinburgh in Snow (1928) by William Crozier... The painting shows Princes Street Gardens &amp; Edinburgh Castle as viewed from the west, at the Mound. Look closely at the bottom left &amp; you can see a figure trudging through the thick snow. https://t.co/NWUpV9l9oG https://t.co/Ipu9XqhKCV",NatGalleriesSco,,2017-12
2017-12-22,gordonmarsden,Labour,"In between traveling the world to bring you the coolest gifts, Collectables, prop replicas, vintage &amp; retro toys. Having Christmas &amp; refitting We are also having a bit of a rebrand ! Here’s a sneak preview of our custom displays, showing what’s to come at Mr Brooks 2018 ! https://t.co/rvh85kGkj4",BrooksCollector,,2017-12
2017-12-22,ruthcadbury,Labour,Unwrapping mural test panels to show #Chiswick at the 'Sneak Peek' https://t.co/D8L29W4j8j https://t.co/of3LwfTk3t,ChiswickHighRd,,2017-12
2017-12-22,gareth_snell,Labour (Co-op),"@PeterWard09 Considering the paralysis in the Con Govt in all domestic areas while they deal with EU negotiations, it’s hardly my capacity for multitasking you need to be concerned with.",Peter___Ward,@PeterWard09,2017-12
2017-12-22,timfarron,Liberal Democrat,"@weetabixface You know it is, it really is. Thankyou.",weetabixface,@weetabixface,2017-12
2017-12-22,gavnewlandssnp,Scottish National Party,An absolute joy to spend the longest night of the year singing about light coming into the world. Such a special way to round off this year amongst so much loved @Paisley2021 bid Buddies and our  Partners @EngageNews1 and @STARprojPaisley #OurJourneyContinues https://t.co/ZhJKQSD3Kt,jeanmcameron,"@Paisley2021, @EngageNews1, @STARprojPaisley",2017-12
2017-12-22,ruthcadbury,Labour,@RuthCadbury joining me with the Christmas celebrations at The Dominuon Parish in #Hounslow https://t.co/8rYWUqgRPq,exCllr_Mukesh,@RuthCadbury,2017-12
2017-12-22,paulasherriff,Labour,"I love being home in Manchester for Christmas but the noticeable rise in people sleeping rough on our streets shames us. If a nation's greatness is measured by how it treats its weakest members, isn’t it time we tackle it once and for all?",EthanLDN,,2017-12
2017-12-22,lukepollard,Labour (Co-op),Speaking with Fran from @pcs_union and Ross from @pcs_southwest about the canpaign to protect jobs and services at Old Tree Court on Exeter St #plymouth https://t.co/XMTpcvG20n,,"@pcs_union, @pcs_southwest",2017-12
2017-12-22,jeremylefroy,Conservative,"Yesterday I spoke in the traditional pre-Christmas Backbench Business debate where I raised a number of local and national issues including County Hospital, Health and Social Care, the European Union negotiations and the UK’s humanitarian work. https://t.co/6cD8mjyKJL",,,2017-12
2017-12-22,halfon4harlowmp,Conservative,. @halfon4harlowMP speaking up for foster carers on #VictoriaLIVE,EHOinExile,@halfon4harlowMP,2017-12
2017-12-22,stephenlloydebn,Liberal Democrat,"125 presents, 200+ different Christmas food treats and about 50 brand new books. Plus the 80 or so presents for the community nurses to give out on the day alongside numerous boxes of chocs etc as well; Eastbourne &amp; Willingdon truly stepped up! Thank you all. And happy Christmas. https://t.co/sh18KrI7xH",ESHTNHS,,2017-12
2017-12-22,jessphillips,Labour,@85vickyc Thanks x,85vickyc,@85vickyc,2017-12
2017-12-22,marycreagh_,Labour,We're calling for a deposit return scheme to turn back this plastic tide. Our report: https://t.co/oKcYijUUsF @CommonsEAC https://t.co/NRdWJ8M1q5,,@CommonsEAC,2017-12
2017-12-22,lordwalney,Labour,"@PamHarper20, is delicious! Thank you, happy Xmas. Will we see you and Norm later? https://t.co/mBQ6kNso1D",,"@PamHarper20,",2017-12
2017-12-22,karlturnermp,Labour,"@EmmaHardyMP @KarlTurnerMP The parking dispute continues, members will be charged to park the cars they use to carry out the work of the employer from 1st Jan. Not a happy new year for @UnisonHull members! https://t.co/93ozhsCPZ4",nik1061,"@EmmaHardyMP, @KarlTurnerMP, @UnisonHull",2017-12
2017-12-22,keeleymp,Labour,Pathetic Govt propaganda backfires; Government admits it could have brought back blue passports without Brexit https://t.co/1MOvlo2Bg2,angelaeagle,,2017-12
2017-12-22,mike_fabricant,Conservative,BLUE! And STIFF!! And that's just Michael Fabricant!!! #bluepassport https://t.co/08OUE7Bms0,HamBevan,,2017-12
2017-12-22,drewhendrysnp,Scottish National Party,Great to catch up with Christine and the #WASPI women at their campaign stall in @Morrisons Inverness. These women and their fight against state pensions injustice are not going away and we will keep ensuring their voice is heard until UK gov sort this out https://t.co/xSlcPWxcDE,,@Morrisons,2017-12
2017-12-22,johnmcdonnellmp,Labour,From us @uklabour a huge big thank you to all of our amazing NHS &amp; care staff. We are so so proud of every one of you. Merry Christmas and a very happy New Year. Thank you #MerryXmasNHS https://t.co/b0KaCNyMTP,JonAshworth,@uklabour,2017-12
2017-12-22,jessphillips,Labour,@neilmclaughlin2 @no1carol They are not my party,neilmclaughlin2,"@neilmclaughlin2, @no1carol",2017-12
2017-12-22,stellacreasy,Labour (Co-op),Starting a clock for how long it takes @circlehousing to contact my office about @dave_787 mum - the complaint letter to chief exec about this will be as many words long as minutes it takes for them to pull their finger out and get her boiler fixed…. #xmascasework,,"@circlehousing, @dave_787",2017-12
2017-12-22,pritipatel,Conservative,"Salah increases Liverpool's lead as his shot finds the corner via Mustafi 

#AFCvLFC 0-2 (52)",Arsenal,,2017-12
2017-12-22,tpearce003,Labour,Saturday’s Daily EXPRESS: “Christmas! It’s Gone Balmy” #bbcpapers #tomorrowspaperstoday https://t.co/eGif48dq79,AllieHBNews,,2017-12
2017-12-22,heidiallen75,Conservative,@charlottejones0 @Anna_Soubry @NickyMorgan01 @Sandbach Merry Christmas to you too Charlotte!,charlottejones0,"@charlottejones0, @Anna_Soubry, @NickyMorgan01, @Sandbach",2017-12
2017-12-22,emmahardymp,Labour,"Children homeless&amp;Citizens starving,NHS short of funds,Police cuts, School budgets cut,Navy unable to patrol or set sail,Army numbers lowest since Napoleonic wars defence cuts,lack of teachers&amp;nurses,council budgets cut in half,but we can find half a billion for Blue passports?🤔",AngelaRayner,,2017-12
2017-12-22,kevinhollinrake,Conservative,"CCTV cameras in all slaughterhouses, increased prison sentences from six months to five years for animal abusers, ivory ban, microbeads ban, plastic bottle return scheme, pesticide restrictions, clamping down on puppy smuggling/online sales.... https://t.co/8Wl3bqBFn9",,,2017-12
2017-12-22,karlturnermp,Labour,Massive thanks to our public servants working over Xmas. @HumbersideFire @Humberbeat @YorksAmbulance and all our amazing #NHS staff. ❤️,,"@HumbersideFire, @Humberbeat, @YorksAmbulance",2017-12
2017-12-22,mikegapes,Labour (Co-op),"I have not had any constituent write demanding the return of the Blue passport - I have, however, had many asking where the promised £350m extra per week for the NHS is, which is immeasurably more important. https://t.co/sP2BD6Qm10",ChukaUmunna,,2017-12
2017-12-22,rebeccaharrismp,Conservative,"On top of the Government's £2 billion investment in adult social care, £100 million for hospital A&amp;Es and £337... https://t.co/C0izVCJAzb",halfon4harlowMP,,2017-12
2017-12-22,hammersmithandy,Labour,"These are the top-10 countries receiving US aid – and how they voted today on #Jerusalem 
https://t.co/QiVn1T9wXO https://t.co/PcOQT8tZWI",noa_landau,,2017-12
2017-12-22,mike_fabricant,Conservative,@Mike_Fabricant Granted https://t.co/66BuKvSTxn,bat211,@Mike_Fabricant,2017-12
2017-12-22,henrysmithuk,Conservative,A remarkable example of natural selection in action... https://t.co/NOpvEckR5D,,,2017-12
2017-12-22,virendrasharma,Labour,"Maiti Nepal organized a press meet on 22nd of December, 2017 to mark the commencement of use of a face... https://t.co/sLjfV1e674",MaitiNepal,,2017-12
2017-12-22,owenpaterson,Conservative,https://t.co/tn3Q7HKi8I,,,2017-12
2017-12-22,dougchapmansnp,Scottish National Party,My constituency office is closed for Christmas. We will re-open on Wednesday 3 Jan. Urgent case emails to douglas.chapman.mp@parliament.uk,,@parliament.uk,2017-12
2017-12-22,stellacreasy,Labour (Co-op),Also given it’s Christmas and your office will close for the holiday @circlehousing passing on my tweet when this is about a vulnerable elderly resident who hasn’t had a working boiler for nearly a week isn’t good enough. Clock is ticking and no call as yet… https://t.co/MyL6VViDMv,circlehousing,@circlehousing,2017-12
2017-12-22,theresecoffey,Conservative,Well done @EnvAgency for pursuing this waste criminal  https://t.co/4shsFxVh1m,,@EnvAgency,2017-12
2017-12-22,brandonlewis,Conservative,More good news for our economy: BBC News - UK government borrowing falls in November https://t.co/SFzAoOC22n,,,2017-12
2017-12-22,alexsobel,Labour (Co-op),"I'm distressed to hear about the explosion on Silk Mill Drive, Tinshill. My thoughts are with all those affected. If anyone needs assistance please email me on alex.sobel.mp@parliament.uk",,@parliament.uk,2017-12
2017-12-22,zacgoldsmith,Conservative,"Met brave campaigners for LGBT, media freedoms &amp; human rights in Russia. A free, vibrant civil society is a vital component of any democracy",BorisJohnson,,2017-12
2017-12-22,brandonlewis,Conservative,Great to meet the brilliant @andipeters at @GMB this morning. #topman,,"@andipeters, @GMB",2017-12
2017-12-22,angelarayner,Labour,"Tory minister's university band sang lurid and sexist songs and mocked the Queen Mother's death.....
https://t.co/qhVDYrB0eP",,,2017-12
2017-12-23,votepursglove,Conservative,Saturday’s @DailyMailUK “UK economy defies the gloom mongers to grow even faster” https://t.co/V6X3GOjFEL,CCHQPress,@DailyMailUK,2017-12
2017-12-23,johnpenrosenews,Conservative,"Early morning catch up with our local posties: lots of pressure from all those last-minute presents &amp; cards, but they’re coping well! https://t.co/arvnpiHivO",,,2017-12
2017-12-23,rees4neath,Labour (Co-op),There are various terms which we use in life which we understand but sometimes we don’t really know the full... https://t.co/R2BWavaAzy,malpope,,2017-12
2017-12-23,tpearce003,Labour,Over the festive period there has been an adjustment to the waste and recycling collection dates. Normal collections resume on Monday 8 January 🎄♻️ https://t.co/JxinOrRzSX,LBofBexley,,2017-12
2017-12-23,stellacreasy,Labour (Co-op),We're two thirds of the way to our @RocketFundUK target. Please help us reach our goal. @stellacreasy @wfcouncil @E17ArtTrail @organiclea @lotrust @TheLPFF  https://t.co/VeA9PSmjHb,CoppermillSch,"@RocketFundUK, @stellacreasy, @wfcouncil, @E17ArtTrail, @organiclea, @lotrust, @TheLPFF",2017-12
2017-12-23,gavnewlandssnp,Scottish National Party,Turkeys have voted for Christmas. Here’s a statement from their leader. https://t.co/TX2ytIxoSQ,davidschneider,,2017-12
2017-12-23,angusmacneilsnp,Scottish National Party,"Sad news - Leon Bernicoff, Gogglebox favourite, dies aged 83 https://t.co/aa4zocfscO",alex_m_orr,,2017-12
2017-12-23,geraintdaviesmp,Labour (Co-op),"Asthma &amp; diabetes growth in  children with Tories, diesel emissions &amp; Sugar-impregnated products hitting poorest hardest https://t.co/ZBOon49wD6",,,2017-12
2017-12-23,david_duguid,Conservative,"Not the first time SNP have claimed ‘lack of Scottish Tories’ when we have been sitting right there! Trying to intervene and being ignored!
Remember the IndyRef2 debate when SNP put hardly anyone in to speak and then TRIED to claim the debate was unbalanced? https://t.co/3KmrbuOE74",david_duguid,,2017-12
2017-12-23,stewartmcdonald,Scottish National Party,Classic 🙌🏻 https://t.co/5OfdVnm52P,StewartMcDonald,,2017-12
2017-12-23,kevinhollinrake,Conservative,"Why do we need any colour passport? We should just be able to shout, “British! Less of your nonsense!” and stroll straight through.",simonblackwell,,2017-12
2017-12-23,normanlamb,Liberal Democrat,"@normanlamb Norman,right on the money!particularly worrying in West Mids that FTs are not delivering for their patients,scandalous MH being treated as 2nd class citizens.",1oldcodger,@normanlamb,2017-12
2017-12-23,j_donaldson_mp,Democratic Unionist Party,Our new UK passport will be the most high tech &amp; secure we have ever seen. Making it more resistant to fraud &amp; forgery. #keepingussafe #britishblue #passport https://t.co/XxAyQfU4Xp,BrandonLewis,,2017-12
2017-12-23,jackdromeymp,Labour,"Matthew 25:35
For I was hungry and you gave me something to eat, I was thirsty and you gave me something to drink, I was a stranger and you invited me in,  I needed clothes and you clothed me, I was sick and you looked after me, I was in prison and you came to visit me. 💛💙",AbbeyPrimary,,2017-12
2017-12-23,davidgauke,Conservative,@AngelaRayner @AngelaRayner This is factually wrong. Why are you tweeting made up numbers? New #bluepassport will not cost the taxpayer anything extra. #LabourFail,BrandonLewis,"@AngelaRayner, @AngelaRayner",2017-12
2017-12-23,peterkyle,Labour,https://t.co/icCMhFNvsx,,,2017-12
2017-12-23,cwhittaker_mp,Conservative,A short video (whilst preparing Christmas Dinner!) wishing you a very Merry Christmas. #Christmas2017 #CalderValley https://t.co/JCH9K4jVa2,,,2017-12
2017-12-23,debbie_abrahams,Labour,https://t.co/22bZTNxyks,,,2017-12
2017-12-23,barrysheerman,Labour (Co-op),@ukbf_finds Absolutely right &amp; time for a radical change!,ukbf_finds,@ukbf_finds,2017-12
2017-12-23,alanmakmp,Conservative,"""This year we will celebrate Christmas secure in the knowledge that our servicemen and women, many far away from their own loved ones at this special time of year, are working to keep us safe. Thank you.” - Prime Minister Theresa May 

https://t.co/6lml69Nij5 https://t.co/YSBFd9j0WH",10DowningStreet,,2017-12
2017-12-23,emmahardymp,Labour,"Kate Maltby’s story got lost in the Damian Green sacking: it shows just how little his departure will change Westminster culture. Me for the Guardian:

https://t.co/B7Chozp6Iv",soniasodha,,2017-12
2017-12-23,edvaizey,Conservative,Well spotted https://t.co/C2iZAWlwln,stevegreen39,,2017-12
2017-12-23,mattrodda,Labour,"Many Grenfell survivors will not have a home to call their own this Christmas, and now face the uncertainty of whether they will get any justice at all. The inquiry must have the full confidence of those most affected by this tragedy. https://t.co/nTLVKpGrB4",jeremycorbyn,,2017-12
2017-12-23,drewhendrysnp,Scottish National Party,"2 days before Christmas and does @theresa_may announce emergency measures to help the million people using food banks, the 4 million kids living in poverty, the starving and homeless on our streets, no, she's changing the colour of our passport to blue at a cost of £500m https://t.co/MVWmVps2Kr",PeterStefanovi2,@theresa_may,2017-12
2017-12-23,emmahardymp,Labour,"Today it's revealed that the number of vulnerable people forced to spend Christmas in hospital because of a lack of suitable home care has doubled. 

Tories must stop sticking their heads in the sand and give our social care system the funding it needs. https://t.co/SEePNwEKcQ",jeremycorbyn,,2017-12
2017-12-23,alisonthewliss,Scottish National Party,"""The bonus paid to RBS chief Ross McEwan last year would pay the wages of all the staff at the Castlebay Barra branch for about 35 years"" @AngusMacNeilSNP https://t.co/Op4WQkxWzL",Ian_Fraser,@AngusMacNeilSNP,2017-12
2017-12-23,vincecable,Liberal Democrat,Not just black; too big for pockets. Survey quoted on #TheLastLeg showed #brexitpassport is second to #hanging as #Brexit benefit from taking back control. https://t.co/Z4ttecxEdA,timfarron,,2017-12
2017-12-23,tobias_ellwood,Conservative,James please explain where you get this figure from? You lose credibility in raising work we must do to help tough sleepers.  @jamescaan https://t.co/ybOiBBRxMX,,@jamescaan,2017-12
2017-12-23,david_duguid,Conservative,"Close to 26K retweets now and lie still being peddled or conflated with some other shortfall in UK public life! @jamescaan , have you withdrawn/apologised yet? @AngelaRayner ? @Independent - did you learn nothing from the ‘Animal Sentience’ #FakeNews ? https://t.co/BSzKQcPvj5",BBradley_Mans,"@jamescaan, @AngelaRayner, @Independent",2017-12
2017-12-23,ed_miliband,Labour,I was at a loose end last night.... https://t.co/Zqux1rTgj8,Channel4,,2017-12
2017-12-23,hughgaffneyccb,Labour,"@ZeynMo @wagamama_uk Was this Glasgow? If so, I would like to take this up. It’s incredible that in 2017 Big companies think they can get away with this. @PaulJSweeney @Gedk",ZeynMo,"@ZeynMo, @wagamama_uk, @PaulJSweeney, @Gedk",2017-12
2017-12-23,pauljsweeney,Labour (Co-op),"Everybody please get behind this for Christmas. Some horrible people broke into a Coatbridge food bank, but a lot of good people can give this a happy ending...
https://t.co/v4cfenYdKZ",mrmarkmillar,,2017-12
2017-12-23,alanbrownsnp,Scottish National Party,@IanBlackfordMP as if!!!,Ianblackford_MP,@IanBlackfordMP,2017-12
2017-12-23,mattwarman,Conservative,Fake news harms our democracy. Those who would deliberately misrepresent public policy for political gain - be it passports or animal sentience - should be called out.,RobbieGibb,,2017-12
2017-12-23,lucyallan,Conservative,Christmas message from the Prime Minister...Happy Christmas everyone. https://t.co/Mvu123k98B,10DowningStreet,,2017-12
2017-12-23,toniaantoniazzi,Labour,Arron true patriotism would be paying your taxes and not crawling up Trump’s backside at every opportunity. Merry Christmas and all the best. https://t.co/EBP012KCg9,DavidLammy,,2017-12
2017-12-23,redditchrachel,Conservative,"Facts on the #BluePassport in the video below.

If like me, you are annoyed at the blatant &amp; constant fake news from #Labour and others, please retweet and get the truth out there.

Yesterdays fake news was retweeted 20,000 times. It's important to correct it. #LabourFail https://t.co/FEsbfvIyPT",freespirited_p,,2017-12
2017-12-23,lordjohnmann,Labour,Such savage cruelty for so called pleasure makes me despair for the human race https://t.co/EiSS5sykkg,domdyer70,,2017-12
2017-12-23,derbychrisw,Labour,"Really interesting clip of an interview with billionaire Warren Buffett talking about why tax cuts for the wealthy are wrong
https://t.co/Ly41BwtFhy",,,2017-12
2017-12-23,vickyfoxcroft,Labour,From us @uklabour a huge big thank you to all of our amazing NHS &amp; care staff. We are so so proud of every one of you. Merry Christmas and a very happy New Year. Thank you #MerryXmasNHS https://t.co/b0KaCNyMTP,JonAshworth,@uklabour,2017-12
2017-12-23,ianclucas,Labour,Really toothless up front today.Shooting practice next week @Wrexham_AFC,,@Wrexham_AFC,2017-12
2017-12-23,barrysheerman,Labour (Co-op),@Independent If you're planning a trip you know which ones to avoid.,Independent,@Independent,2017-12
2017-12-23,gwynnemp,Labour,GOOOOOOAAAAAALLLL @aguerosergiokun!! https://t.co/iEZCPq84Gw,ManCity,@aguerosergiokun!!,2017-12
2017-12-23,benpbradshaw,Labour,@knotgirl1 delicious,knotgirl1,@knotgirl1,2017-12
2017-12-23,alison_mcgovern,Labour,Loving all the foghorn/bell chat ❤ happy christmas https://t.co/BJsrNGYSPq,david_clarke91,,2017-12
2017-12-23,labourlewis,Labour,"RT @LabKarenDavis: .@UNISONEastern @labourlewis I heard from a police officer today, that less than a month after he said he wouldn't keep…",,"@LabKarenDavis:, @UNISONEastern, @labourlewis",2017-12
2017-12-23,stewartmcdonald,Scottish National Party,A newspaper with no news on its front page. Must be nothing happening in the world... https://t.co/1A3BMxtev8,StewartMcDonald,,2017-12
2017-12-23,barrysheerman,Labour (Co-op),The 42 best books to read before you die https://t.co/y5O3MpRtqx,Independent,,2017-12
2017-12-23,s_hammond,Conservative,"Calling #RaynesPark locals! All welcome tomorrow to a #ChristmasEve of Carols, Brass Band, Story-telling, Mince Pies and Hot Chocolate! Start point outside the train station. End point in The Edward Rayne. 4-5pm. https://t.co/Awa6FLgaKA",RPCC_Church,,2017-12
2017-12-23,jessphillips,Labour,@cakesthebrain In bloom is my 9 year olds favourite,,@cakesthebrain,2017-12
2017-12-23,jackdromeymp,Labour,A big thank you to all the officers and staff @WMPolice who will be keeping us safe over #Christmas2017 . We appreciate all you do.,WestMidsPCC,@WMPolice,2017-12
2017-12-23,sarahchampionmp,Labour,Update on Counter Terrorism Policing North East investigation following arrests in #Sheffield https://t.co/ZC2FsBxfVS,syptweet,,2017-12
2017-12-23,barrysheerman,Labour (Co-op),"@mrjamesob A comic story at several levels. Telegraph tale reports Remain donor also caught by HMRC ruling, but naturally it’s high profile Brexits with money to burn who shout “ we wuz robbed” - they usually do",michaelwhite,@mrjamesob,2017-12
2017-12-23,cphilpofficial,Conservative,"Official stats revised upwards to show UK economy grew by 1.9% last year, one of the stronger performances of the G7. Further revisions suggest growth doing better in 2017 than preliminary estimates indicated.",afneil,,2017-12
2017-12-23,stephenmorganmp,Labour,"Merry Christmas &amp; a happy new year from the @RoyalNavy.

Thank you to all our personnel, and their friends and families that have supported them throughout the year. https://t.co/ZqDHEpXQtU",RoyalNavy,@RoyalNavy.,2017-12
2017-12-23,mikeamesburymp,Labour,Happy Christmas to our armed forces - to those serving at home and abroad. https://t.co/lqz63sTMek,jeremycorbyn,,2017-12
2017-12-23,brandonlewis,Conservative,"@BethRigby @Freeman_George @SkyNews &amp; international student visa applications are up as well, good news for our economy &amp; Universities.",BethRigby,"@BethRigby, @Freeman_George, @SkyNews",2017-12
2017-12-24,alison_mcgovern,Labour,@Conorpope Happy Christmas Popes x,Conorpope,@Conorpope,2017-12
2017-12-24,peter_dowd,Labour,"£490 million to change the colour of our passports while they cut schools, children’s services and police. Meanwhile no sign of the promised £350 million a week for our NHS. Tory priorities just wrong, wrong, wrong. https://t.co/5Z0Y7yXOC1",Bill_Esterson,,2017-12
2017-12-24,petewishart,Scottish National Party,There is no justice in this world ...... https://t.co/ryNRG7LFRH,Telegraph,,2017-12
2017-12-24,stevebakerhw,Conservative,"PlS RT. The northbound carriageway of the M40 between junction ten and junction 11 is currently closed after a multi vehicle RTC.
We would advise motorists to avoid the area at this time while emergency services are at the scene. https://t.co/ezYkJI1Gfl",ThamesVP,,2017-12
2017-12-24,laurasmithcrewe,Labour,Save our Cheshire Firefighters - sign the petition on my website https://t.co/qpz1Y0aGnI https://t.co/6U8mH5qUm7 @fbunational,LauraSmithCrewe,@fbunational,2017-12
2017-12-24,cpjelmore,Labour,Can’t beat #MuppetChristmasCarol - has to be in the top 5 best #Christmas films. Although Michael Cains singing is a little different🎅,,,2017-12
2017-12-24,jamesfrith,Labour,@orourkeclaire1 thanks Claire! Happy Christmas to you and the family x,orourkeclaire1,@orourkeclaire1,2017-12
2017-12-24,emmahardymp,Labour,Tories forced into fox hunting U-turn - @SueHayman1 https://t.co/cIpFkY4cMb,labourpress,@SueHayman1,2017-12
2017-12-24,petergrantmp,Scottish National Party,"Appalling if this is the case @wagamama_uk - people shouldn't come to work if they're ill, especially if they're serving food. Workers should not be penalised for something outwith their control. https://t.co/g8ZP0sHQaE",alisonthewliss,@wagamama_uk,2017-12
2017-12-24,philwilsonxmp,Labour,Thanks @KenPenton and Merry Christmas. 🎄🎁🎉 https://t.co/4Fw5wKimLK,KenPenton,@KenPenton,2017-12
2017-12-24,liambyrnemp,Labour,@crisis_uk @Crisis_Bham we’re good to go in the West Midlands for #CrisisXmas https://t.co/47sdTHTeVS,mattshrimper,"@crisis_uk, @Crisis_Bham",2017-12
2017-12-24,jamescleverly,Conservative,Merry Christmas and a happy New Year https://t.co/7vFD026iAA,,,2017-12
2017-12-24,gedk,Labour (Co-op),A very Merry Christmas to you and yours 🎄 x https://t.co/EL8BAEjTwM,,,2017-12
2017-12-24,karenpbuckmp,Labour,@pollytoynbee I can relate to nostalgia.,KarenPBuckMP,@pollytoynbee,2017-12
2017-12-24,smcpartland,Conservative,Merry Christmas and thank you for all your support https://t.co/ERBL1bKHP6,,,2017-12
2017-12-24,richardhrbenyon,Conservative,"Er, no I think just ‘sorry’ was all we are looking for @jamescaan  Go on. Try. #FakeNews #muppet https://t.co/wCShqb1XBf",jamescaan,@jamescaan,2017-12
2017-12-24,labourlewis,Labour,@A6er @SidLabour @Rachael_Swindon @imajsaclaimant @AaronBastani @chunkymark @EL4JC @ToryFibs @Harryslaststand @PeterStefanovi2 @daverussell @PeoplesMomentum Straight back at ya! X,,"@A6er, @SidLabour, @Rachael_Swindon, @imajsaclaimant, @AaronBastani, @chunkymark, @EL4JC, @ToryFibs, @Harryslaststand, @PeterStefanovi2, @daverussell, @PeoplesMomentum",2017-12
2017-12-24,gwynnemp,Labour,Some of the many heroes working on Christmas Day - we salute them all! 👏👏👏https://t.co/8GAeTclGxB,MENnewsdesk,,2017-12
2017-12-24,seemakennedy,Conservative,@chocopaul Merry Christmas. I have distributed 25 bags of your chocolate joy!,ChocAmorUK,@chocopaul,2017-12
2017-12-24,edwardjdavey,Liberal Democrat,"Blue passport, black passport or burgundy passport ... the #NHS only runs thanks to the support of staff from over 200 nationalities 🇬🇧 🇫🇷 🇵🇱 🇺🇬 🇳🇬 🇪🇸 🇵🇱 🇨🇴 🇮🇹 🇮🇳 🇯🇲 🇿🇦 🇦🇺 🇰🇪 🇨🇳 🇰🇪 🇹🇷 🇮🇱 🇳🇱 🇯🇵 🇳🇴 🇸🇴 #MerryXmasNHS #ThankUNHS @NHSDigital https://t.co/bZW743bLXy",NHSEngland,@NHSDigital,2017-12
2017-12-24,neill_bob,Conservative,BNI #BROMLEY wishes you a Merry Christmas and a happy #networking  New Year! https://t.co/GR8qtkRKxr https://t.co/3VfLXfSwFd,BNI_Keane,,2017-12
2017-12-24,albertocostamp,Conservative,"Wishing my great constituents, supporters and association members a very merry Christmas and a happy, prosperous New Year. 🎄 https://t.co/QING1V9S6B",,,2017-12
2017-12-24,lucianaberger,Labour (Co-op),On-call tonight for CAMHS - no suitable mental health bed available within 80 miles for young male patient on a medical ward - this is the reality of acute mental health services for young people - Christmas 2017. https://t.co/wJ5kXl4GVN,MindTech_Doc,,2017-12
2017-12-24,nsoames,Conservative,"""Whatever our faith, let us come together confident and united in the values we share. Happy Christmas."" - Prime Minister Theresa May 

https://t.co/KYDJvoF2W4 https://t.co/hntrhc2qam",10DowningStreet,,2017-12
2017-12-24,bill_esterson,Labour,We wish #Southport and beyond all the best for the season and coming year... https://t.co/Ytwh4eCEDx,SouthportLabour,,2017-12
2017-12-24,patmcfaddenmp,Labour,"‘Twas the night before Christmas, when all through the house, not a creature was stirring....",,,2017-12
2017-12-24,mattwestern_,Labour,"@BRTMerrill Happy Birthday, Merry Christmas and a Happy New Year @BRTMerrill.. Matt",BRTMerrill,"@BRTMerrill, @BRTMerrill..",2017-12
2017-12-24,joannaccherry,Scottish National Party,"In 12 hours Crisis at Christmas @CrisisScotland @crisis_uk will open its doors to homeless people in the Edinburgh area, the first of 5 days. Not just food, entertainment and companionship but a real opportunity to offer support that enables people leave homelessness for good.",marchmont0201,"@CrisisScotland, @crisis_uk",2017-12
2017-12-24,dr_philippaw,Scottish National Party,Theresa May ditches foxhunting to back animal rights |The Sunday Times - Caring Party?- so never mind human misery? https://t.co/B1srze5Zih,,,2017-12
2017-12-24,alisonthewliss,Scottish National Party,Best wishes #ForChristmas from all of us at the SNP group in Glasgow. https://t.co/ARKFJYf3B9,SNPforGlasgow,,2017-12
2017-12-24,rees4neath,Labour (Co-op),"A bit of last minute Christmas shopping at Siop Nia @HerdmanNia in Seven Sisters, Neath, presents for my family and friends. Lovely welcome and wonderful gifts #MadeInWales #HappyChristmas",,@HerdmanNia,2017-12
2017-12-24,mikeamesburymp,Labour,My thoughts &amp; prayers are with @CllrKieranQuinn @cllrsuequinn &amp; family. https://t.co/K4jeK4z9Gq,newsintameside,"@CllrKieranQuinn, @cllrsuequinn",2017-12
2017-12-24,realstephenkerr,Conservative,Merry Christmas to all! https://t.co/YsnKo4YNjm,StephenKerrMSP,,2017-12
2017-12-24,rees4neath,Labour (Co-op),Great to compare Christmas jumpers with my friend Brian @b_warlow in Neath Indoor Market @gnollparkrun next weekend https://t.co/Q55tN7lrBO,,"@b_warlow, @gnollparkrun",2017-12
2017-12-24,alisonthewliss,Scottish National Party,"Happy Christmas Eve! Tomorrow is the big day! If you need breastfeeding support or information, our amazing volunteers are answering calls on our National Breastfeeding Helpline every day over Christmas, 9.30am - 9.30pm 0300 100 0212. Call us if you need to https://t.co/EcK5wZXApu",BfN_UK,,2017-12
2017-12-24,petergrantmp,Scottish National Party,Cracks begin to appear in the EU’s position of unquestioning support for Spain and the constitutional status quo. #Catalunya @Elnacionalcaten https://t.co/nOjjH2Yuib,MrJohnNicolson,@Elnacionalcaten,2017-12
2017-12-24,hughgaffneyccb,Labour,"Last batch of @Queenstown_LP Xmas cards delivered, massive thank you to all the people that helped out! 🌹❄️ https://t.co/9rYkAFePsx",AydinDikerdem,@Queenstown_LP,2017-12
2017-12-24,nsoames,Conservative,@bbcnickrobinson Oh!forheavenssakegiveusabreak,bbcnickrobinson,@bbcnickrobinson,2017-12
2017-12-24,dianajohnsonmp,Labour,"Huge shout out to all wonderful dedicated NHS staff working Christmas - from nurses, to porters, to radiography &amp; lab staff, to cleaners, to doctors &amp; HCA’s &amp; all the rest! 

Thank you for doing what you do. The people of this country appreciate you. 

#MerryXmasNHS ❤️🎄 https://t.co/kypA8zrpvm",DancingTheMind,,2017-12
2017-12-24,gwynnemp,Labour,"Praying for Kieran’s health, and for Sue and the family at this difficult time. https://t.co/ooze8yGMrl",MyTamesideUK,,2017-12
2017-12-24,liliangreenwood,Labour,FYI @StudentsofIEN https://t.co/wBvjtMotgY,APPGRefugees,@StudentsofIEN,2017-12
2017-12-24,karlturnermp,Labour,Humans are sometimes absolutely excellent https://t.co/rK8AFlrvSy,OwenJones84,,2017-12
2017-12-25,petewishart,Scottish National Party,And she is off to fight the evil Faragists in the planet of the Kippers. Social conservative nostalgia fuelled by the Daily Mail is what she is up against. #DrWho,,,2017-12
2017-12-25,liliangreenwood,Labour,Merry Christmas everyone 🎄❄️⛄️🎅🏼🌟🥂 https://t.co/pVnG6pSXtH,,,2017-12
2017-12-25,annaturley,Labour (Co-op),@NeilBendelow You too Neil - hope you all have a lovely day! 🎁🎄🎅🏻🎉☃️,NeilBendelow,@NeilBendelow,2017-12
2017-12-25,bill_esterson,Labour,Merry Christmas everyone https://t.co/CuT0ZjSL6b,,,2017-12
2017-12-25,jamescleverly,Conservative,Merry Christmas and a happy New Year https://t.co/7vFD026iAA,JamesCleverly,,2017-12
2017-12-25,coyleneil,Labour,Thanks again to @GSTTnhs @GSTTCharity &amp; all volunteer organisers for the lovely Christmas dinner (&amp; wonderful views!) https://t.co/Mx6ZMGSuxB,,"@GSTTnhs, @GSTTCharity",2017-12
2017-12-25,drcarolinej,Conservative,Merry Christmas! https://t.co/yRF5UyLp2b,Conservatives,,2017-12
2017-12-25,normanlamb,Liberal Democrat,"@SchofieldRosie Thank you, Rosie! V happy Christmas!",ThisRNisAngry,@SchofieldRosie,2017-12
2017-12-25,mimsdavies,Conservative,Merry Christmas! https://t.co/yRF5UyLp2b,Conservatives,,2017-12
2017-12-25,bill_esterson,Labour,@GwynneMP @GwynneCllr 13 year old woke hours ago,GwynneMP,"@GwynneMP, @GwynneCllr",2017-12
2017-12-25,jesse_norman,Conservative,@policy_centre I think you may enjoy my book on Adam Smith next year :),policy_centre,@policy_centre,2017-12
2017-12-25,kirstysnp,Scottish National Party,Possibly the best two presents my husband has ever given me 😍 Happy Christmas folks! https://t.co/a6TYNnfz30,,,2017-12
2017-12-25,alisonthewliss,Scottish National Party,"@CSbungo @morageyrie Merry Christmas! I bought one from Ikea this year, don't regret it for a second. 😎",CSbungo,"@CSbungo, @morageyrie",2017-12
2017-12-25,guyopperman,Conservative,📽 Watch the magical story behind the Westminster Christmas Tree and its 300 mile journey from Northumberland to Parliament! 🎄 https://t.co/Uwze5pKQdi,GuyOpperman,,2017-12
2017-12-25,angusmacneilsnp,Scottish National Party,"Nollaig shona, shìtheil, dhòchasach, aoibhneach dhuibh uile. Peace, Hope and Joy to you all this Christmas. 🎄🎁🍾⚽️👍",OHenleyAlex,,2017-12
2017-12-25,eddiehughes4wn,Conservative,"#BT must be one of the worst service providers. Overpriced, appallingly unreliable broadband and unresponsive",GiselaStuart,,2017-12
2017-12-25,timfarron,Liberal Democrat,Maybe not *the* broadcast event of the day... but it's available here https://t.co/IFBC57FIk3 as John Pye and I fill a couple of hours with top tunes!,,,2017-12
2017-12-25,rupahuq,Labour,Two Christmas dinners in two venues encouraging people to #joinIn Was privileged to serve up turkey and trimmings and load dishwasher at St Barnabas and then @EalingSoup kitchen https://t.co/L3PqtIW3uL,,@EalingSoup,2017-12
2017-12-25,karen_karenelee,Labour,"@jamie_wallis aw thank-you, really enjoying life as an MP but keep in touch with Ric &amp; think lincoln council was a great place to start from. Still in Carholme too ❤️",jamie_wallis,@jamie_wallis,2017-12
2017-12-25,justinmadders,Labour,Merry Christmas everyone 🎅 https://t.co/1bBcqzGciV,,,2017-12
2017-12-25,barrysheerman,Labour (Co-op),@XHNews High time! Their people are being poisoned by the vile atmosphere in towns &amp; cities would this be tolerated in a functioning democratic system?,XHNews,@XHNews,2017-12
2017-12-25,nicdakin55,Labour,Merry Christmas comrades ✊🏻✊🏻✊🏻✊🏻@UKLabour @ScunnyLabour @NicDakinMP @LabourWomensNet @LabourLeft https://t.co/Exyd2DUgE0,Lisa_bridget,"@UKLabour, @ScunnyLabour, @NicDakinMP, @LabourWomensNet, @LabourLeft",2017-12
2017-12-25,dr_philippaw,Scottish National Party,@agcolehamilton In every self governing democratic country on earth in the last 20 elections they have backed the winning party 20 times. Do you see the difference?,MalcolmDavidSt2,@agcolehamilton,2017-12
2017-12-25,andreajenkyns,Conservative,Merry Christmas everyone. Wishing you a peaceful and magical day. Loving Clifford's 1st Christmas. https://t.co/w7NRkkTckr,,,2017-12
2017-12-25,keir_starmer,Labour,Walk on the Heath. Now quick Xmas pint in best pub in Britain  @ThePineapplePub with neighbours &amp; friends. Cooking next ...,,@ThePineapplePub,2017-12
2017-12-25,stellacreasy,Labour (Co-op),And your point is caller ….🤔😳😬 @jessphillips https://t.co/JFhxGCbiQ1,jessphillips,@jessphillips,2017-12
2017-12-25,angusmacneilsnp,Scottish National Party,@mckonomy In January they do ... So poor Daft Donald has noticed that this is first time in his presidency people have said Merry Xmas and assumes its something he has done ...his ego could not see the obvious reason ..that errr it is Christmas time again :))),mckonomy,@mckonomy,2017-12
2017-12-25,vincecable,Liberal Democrat,Happy #ChristmasDay. Visiting local care leavers for Xmas lunch. Then elderly residents with @churchestogether in #teddington,,@churchestogether,2017-12
2017-12-25,dr_philippaw,Scottish National Party,@SNPsoosie What a sweetie (you AND Molly!),indysoosie,@SNPsoosie,2017-12
2017-12-25,timloughton,Conservative,"""We think of our homes as places of warmth, familiarity and love... there is a timeless simplicity to the pull of home.""
Watch Her Majesty The Queen's Christmas broadcast 2017. Merry Christmas to all. #ChristmasDay2017 https://t.co/s9HAvPvrKO",RoyalFamily,,2017-12
2017-12-25,dianajohnsonmp,Labour,"The Urgent Care Centre in #Bransholme is open 24/7. It's often quicker than a trip to A&amp;E &amp; can care for sprains, strains, cuts &amp; minor injuries https://t.co/jZtPTaemFb",NHSHullCCG,,2017-12
2017-12-25,nadhimzahawi,Conservative,"Merry Christmas Everyone especially to those using the hashtag #joinin today, big LOVE &amp; hugs 🤗❤️🎄 https://t.co/O6O9pOZX9F",SUAHour,,2017-12
2017-12-25,alanmakmp,Conservative,"""We think of our homes as places of warmth, familiarity and love... there is a timeless simplicity to the pull of home.""
Watch Her Majesty The Queen's Christmas broadcast 2017. Merry Christmas to all. #ChristmasDay2017 https://t.co/s9HAvPvrKO",RoyalFamily,,2017-12
2017-12-25,acunninghammp,Labour,❤ the side of policing not many people see. Merry Christmas all and thankyou for the sacrifices you make all year round but especially at this time of year https://t.co/YmOOTVOO7V,LouHaigh,,2017-12
2017-12-25,petergrantmp,Scottish National Party,Sad but true https://t.co/MMkldC5N2G,joannaccherry,,2017-12
2017-12-25,karlturnermp,Labour,Such a lovely gesture! https://t.co/68GPawkBTL,hulllive,,2017-12
2017-12-25,angusmacneilsnp,Scottish National Party,@realDonaldTrump Cos it was another month like November!!! You are a daft soul Donny!! 🤣🤣🤣,,@realDonaldTrump,2017-12
2017-12-25,ruthsmeeth,Labour,Merry Christmas.  Especially to our armed forces who are away from their families and our amazing public servants who have to work today. And to their friends &amp; families who are celebrating today without them! Have a brilliant day everyone🎄🎁,,,2017-12
2017-12-25,votepursglove,Conservative,Happy Christmas to everyone in #CorbyEN and beyond - I hope you all have a wonderful day with family and friends. Enjoy!,,,2017-12
2017-12-25,carolynharris24,Labour,@GeorgeAylett George your so lovely. No idea where that tweet came from but happy to take your lovely compliment xx,GeorgeAylett,@GeorgeAylett,2017-12
2017-12-26,wesstreeting,Labour,Bankrupt. And losing with the grace and dignity you might expect... https://t.co/d9M2jhdY8T,wesstreeting,,2017-12
2017-12-26,lucyallan,Conservative,"Really good to see Universities Minister, thoughtfully standing up for free speech at Universities - @JoJohnsonUK stating @LimmudUK Conference, that Higher Education Institutions should stimulate and provoke debate, not stifle it - or face sanction: https://t.co/dxXlPAttQJ and : https://t.co/jfjfVdmoOX",halfon4harlowMP,"@JoJohnsonUK, @LimmudUK",2017-12
2017-12-26,sdoughtymp,Labour (Co-op),"We are still working hard to repair the burst trunk water main affecting Llanrumney and Rumney. The work is well underway, and we have bottled water being given out at the Eastern Leisure centre ( Llanrumney Ave, CF3 4DN). Your water should return to normal later this evening.",DwrCymru,,2017-12
2017-12-26,gavnewlandssnp,Scottish National Party,"New blog, overview of what we've achieved this year, and what we hope to achieve during 2018 @KSBScotland @CleanUpScotland @motivator_miche @NatalieDon89 @GavNewlandsSNP @DerekMackaySNP @ProvostCameron @RenCouncilNews @JohnstonePolice https://t.co/lbeDGVy1uh",ErskineCGarden,"@KSBScotland, @CleanUpScotland, @motivator_miche, @NatalieDon89, @GavNewlandsSNP, @DerekMackaySNP, @ProvostCameron, @RenCouncilNews, @JohnstonePolice",2017-12
2017-12-26,onnmel,Labour,"@AskPS_UK good morning, my son bought a game online yesterday but it’s the wrong one. Is there any way to get the right one?",,@AskPS_UK,2017-12
2017-12-26,hannahb4livimp,Scottish National Party,"My thoughts, good wishes and prayers to those in Catalonia who are in jail without trial, to those who are in exile @KRLS and those who are threatened because they believe in a different future for their children.It is time to talk and find a way forward. #Catalunya",TriciaMarwick,@KRLS,2017-12
2017-12-26,jessphillips,Labour,I'm going to make bubble and squeak and listen to this. https://t.co/hEaskHxI1s,gemcairn,,2017-12
2017-12-26,nsoames,Conservative,"Free speech within the law is the only sensible stand for universities. Suppression encourages the tyranny of the minority, and group think. Even if views are wrong-headed, foolish, politically motivated or evil. @JoJohnsonUK #FreeSpeech",AnthonySeldon,@JoJohnsonUK,2017-12
2017-12-26,keeleymp,Labour,Things I did when my nephew wanted a sparkly Elsa-from-Frozen cape: 1) BOUGHT HIM A SPARKLY ELSA-FROM-FROZEN CAPE BECAUSE THAT'S WHAT YOU DO. LEWIS.,carriesparkle,,2017-12
2017-12-26,heatherwheeler,Conservative,@LeShuttle what is the problem to Igbo please? We were meant to be on the 18.20 departure and have only just left 19.22,,@LeShuttle,2017-12
2017-12-26,gavnewlandssnp,Scottish National Party,"Imagine looking at the happy wee face of a kid at Christmas, and then deciding to do this. 

What. An. Arse. https://t.co/IU0TroKjyX",KirstyStricklan,,2017-12
2017-12-26,jostevenslabour,Labour,"We’re dealing with a burst affecting the supplies for customers in the Llanrumney, Rumney, Cyncoed, Pentwyn, Llanedeyrn &amp; Penylan areas of Cardiff. We’re working hard &amp; expect water supplies to return to normal later today. We're really sorry &amp; we'll keep you posted🔧👷",DwrCymru,,2017-12
2017-12-26,bbradley_mans,Conservative,"Just been sent this... feel like the good folks at @SkyBet might have had one too many tinnies over #Christmas, or are having some kind of #turkey induced issues. Nice boxing day ego boost, but I think @GavinWilliamson is the better bet of the two at 33/1 !!! https://t.co/6K6KWrJSvQ",,"@SkyBet, @GavinWilliamson",2017-12
2017-12-26,stewartmcdonald,Scottish National Party,"I'm so sick if saying this. Scottish Labour *opposed devolution of employment law* in the Smith Commission, the only meaningful opportunity for further devolution since the indyref. https://t.co/hjSPyQpHSd",Paauul,,2017-12
2017-12-26,alison_mcgovern,Labour,y n w a ❤,,,2017-12
2017-12-26,stellacreasy,Labour (Co-op),@JolyonRubs @DavidLammy @HKane both of you don't go all trump on me- his birth certificate does not lie...along with Brian Harvey and @junesarpong he's got E17 stamped on his soles....walthamstow like hotel california- you can check out but you never really leave...,JolyonRubs,"@JolyonRubs, @DavidLammy, @HKane, @junesarpong",2017-12
2017-12-26,jessphillips,Labour,RT @skdougherty: no platforming hot take: nobody cares about what is actually said in student unions,,@skdougherty:,2017-12
2017-12-26,jimfromoldham,Labour (Co-op),"Heartbreaking. Keiran was a decent man, Labour to his bones and will be sorely missed. 

Can’t begin to think about the hurt Sue and the family are going through. 

My love to them all. https://t.co/ODVj1KRRd8",BBCRadioManc,,2017-12
2017-12-26,nsoames,Conservative,"@JamesCleverly @glasterlaw1 It probably thinks I’m a citizen of the world. And as for my lovely half brother in ex law, I think he was contemplating the very serious qu of a gin fizz vs a whisky sour. It’s important to think these things through.",IsabelHardman,"@JamesCleverly, @glasterlaw1",2017-12
2017-12-26,wesstreeting,Labour,@mattgoddin  https://t.co/YGCyskaTvZ,mattgoddin,@mattgoddin,2017-12
2017-12-26,karlturnermp,Labour,Very kind indeed Sir. https://t.co/cc158rdsiN,barrysd,,2017-12
2017-12-26,gordonmarsden,Labour,This Tweet from @BlackpoolCarers has been withheld in response to a report from the copyright holder. Learn more.,BlackpoolCarers,@BlackpoolCarers,2017-12
2017-12-26,jessphillips,Labour,@marathonshine *cheering your dance*,marathonshine,@marathonshine,2017-12
2017-12-26,nsoames,Conservative,"Just when you think this country can’t get into any worse of a state and then you’re proved wrong.
https://t.co/yU66tM2pC6",Pandamoanimum,,2017-12
2017-12-26,lukepollard,Labour (Co-op),Well said @AngelaRayner https://t.co/SqVbtVZ7zS,labourpress,@AngelaRayner,2017-12
2017-12-26,rthondavehanson,Labour,"@ElectionMapsUK In the christmas theme here is a leaflet from n wales of christmas williams mp for @IanCLucas current seat of wrexham 
Williams lost the 1929 election to the seats former labour mp robert richards who first won in 1922 (who went on to lose in  1931 before regaining it in 1935) https://t.co/SxelezUkxS",ElectionMapsUK,"@ElectionMapsUK, @IanCLucas",2017-12
2017-12-26,jamesfrith,Labour,Top gifting and will be pride of place in my constituency office #Bobby https://t.co/QhNhhobtBI,,,2017-12
2017-12-26,annaturley,Labour (Co-op),"There's no room for barbaric blood sports in our society. Let's keep up the pressure on the Tories and tell them fox hunting is not welcome back in modern Britain.

Sign &amp; RT this if you're against animal cruelty ↓
#12DaysofChristmas https://t.co/L76HauECJJ",UKLabour,,2017-12
2017-12-26,jreynoldsmp,Labour (Co-op),"To avoid confusion, today's games have been postponed:

Ashton United v Stalybridge Celtic 

Droylsden v Hyde United",newsintameside,,2017-12
2017-12-26,laurasmithcrewe,Labour,"Devastating news, Kieran was a real friend to me and many more. During the last general election he was my agent, my mentor and most of all my friend. Our thoughts now with his wife Sue and the boys Liam and Matthew. R.I.P. Kieran https://t.co/nvy2yjULsr",AngelaRayner,,2017-12
2017-12-26,stephenmorganmp,Labour,Morning #Portsmouth #Southsea https://t.co/ctvsaCwhzw,,,2017-12
2017-12-26,rees4neath,Labour (Co-op),Facing teams like 'hot' Liverpool at Anfield is exactly what every Swansea City player should want #swans #lfc https://t.co/2ljwwexnCW,SwanseaCityLive,,2017-12
2017-12-26,stewartmcdonald,Scottish National Party,@mattjholding @AttitudeMag 🏳️‍🌈,HejMattJ,"@mattjholding, @AttitudeMag",2017-12
2017-12-26,rees4neath,Labour (Co-op),Voter ID trials 'could disenfranchise older people' https://t.co/jstPkWw67K,GdnPolitics,,2017-12
2017-12-26,joswinson,Liberal Democrat,How cool is this map of Britain’s rivers https://t.co/0K9gzfIndn,Mythical_Siren1,,2017-12
2017-12-26,kevin_j_foster,Conservative,"YouGov poll released this afternoon has 39% saying they'd prefer to stay in the the EU &amp; 48% saying prefer to leave. 

Wonder what the finding would be if word ""remain"" had been used instead of ""stay"".",MSmithsonPB,,2017-12
2017-12-26,tpearce003,Labour,"Brazen thieves have stolen £1,000 from a pensioner inside a lift in a London shopping centre. CCTV released by police shows two men distracting the pensioner while a woman rummages through her bags https://t.co/DYigjaSM4T https://t.co/yor6H68QJF",itvnews,,2017-12
2017-12-27,bbradley_mans,Conservative,"""Attempts to silence opinions that one disagrees with have no place in the English University system."" - Universities Minister @JoJohnsonUK https://t.co/AiyTnpb8EY",TheaDickinson,@JoJohnsonUK,2017-12
2017-12-27,ruthcadbury,Labour,"If you’re a constituent needing help or advice from my team; we’ll be back from next Wednesday (3rd Jan). If it’s an emergency, here is the link to a list of useful numbers for Hounslow residents    https://t.co/D6Ju11jRcN",,,2017-12
2017-12-27,albertocostamp,Conservative,Good news - but a reminder for constituents out and about today to be mindful of the conditions. https://t.co/BzQY91e7N9,HighwaysEMIDS,,2017-12
2017-12-27,mike_fabricant,Conservative,"Wot you learn on @BBCRadio4 : So many words are NOT Americanisms. 'Trash' is mentioned in several Shakespeare plays. They still use the 'old' words.
'Gotten' was the past participle of 'get'. I get, I got, I have gotten.",,@BBCRadio4,2017-12
2017-12-27,chukaumunna,Labour,"Governor, our grandparents fought the Nazis with Winston Churchill. They knew Churchill and relayed his greatness to future generations. He was one of our greatest Prime Ministers.  Your President in no way shape or form comes close to being the leader that Churchill was. https://t.co/pYNL5obBw3",GovMikeHuckabee,,2017-12
2017-12-27,lordianaustin,Labour,@IanAustinMP @politicalhackuk Anyway I’d love to spend more time highlighting how obnoxious you are but I’ve got friends and family to spend time with and you’ll keep !,BillEtheridgeuk,"@IanAustinMP, @politicalhackuk",2017-12
2017-12-27,tpearce003,Labour,INDEPENDENT DIGITAL: Corbyn: Labour will give power back to renters #tomorrowspaperstoday https://t.co/hE5AJ1YDwQ,hendopolis,,2017-12
2017-12-27,gileswatling,Conservative,"James Caan’s false claim that we were spending £500m to change passport colour was retweeted 30,000 times. His admitting it was fake news? 500 times. A lie is halfway round the world before truth even pulls its boots on (Mark Twain).",afneil,,2017-12
2017-12-27,lucianaberger,Labour (Co-op),Very sad thread highlighting the reality for too many children waiting for an inpatient mental health bed https://t.co/GD6v3VwsVN,Skardon,,2017-12
2017-12-27,metcalfe_sbet,Conservative,Every kid is a curious creative problem solving Engineer https://t.co/39773wMUPb,WillWhittow,,2017-12
2017-12-27,barrysheerman,Labour (Co-op),"We are all waking up to the reality of ""the longest fall in living standards"" thanks to those who led us in to #Brexit Not a worry for Boris IDS or Mr Mogg though!",,,2017-12
2017-12-27,fabianleedsne,Labour,@LabourList https://t.co/lzClGQ41G9,FabianLeedsNE,@LabourList,2017-12
2017-12-27,marshadecordova,Labour,"Millions of our young people are breathing air that is dangerously and illegally polluted.

The next Labour government will ensure that cleaning up our environment is a national priority.

https://t.co/qLEIxoXaLk",jeremycorbyn,,2017-12
2017-12-27,john2win,Conservative,"Revealed: homebuyers in Scotland now paying up to 155% more in property tax than counterparts south of the border. @HamishMacdonell reports 

https://t.co/3xB1k05tfN",magnusllewellin,@HamishMacdonell,2017-12
2017-12-27,imran_hussainmp,Labour,Number of victims representing themselves against abusers in family courts has more than doubled since 2012 as I’ve highlighted in the Guardian. Government Ministers should be ashamed. https://t.co/qQ0ahyXiNJ,GloriaDePiero,,2017-12
2017-12-27,yasminqureshimp,Labour,Number of victims representing themselves against abusers in family courts has more than doubled since 2012 as I’ve highlighted in the Guardian. Government Ministers should be ashamed. https://t.co/qQ0ahyXiNJ,GloriaDePiero,,2017-12
2017-12-27,gareththomasmp,Labour (Co-op),We also need a huge expansion in credit unions &amp; community banks so that those who do need to borrow can do so at reasonable rates &amp; not risk being exploited @johnmcdonnellMP @ABCULCUs @JenniferTankard @LordRoyKennedy @CoopParty  https://t.co/hFHQXAKzC5,,"@johnmcdonnellMP, @ABCULCUs, @JenniferTankard, @LordRoyKennedy, @CoopParty",2017-12
2017-12-27,spellar,Labour,Because the stubborn NHS bureaucracy resolutely refuse to do so and deprive our youngsters of the opportunity of a decent job and a rewarding career https://t.co/jf2p5dggG7,DenisMacShane,,2017-12
2017-12-27,alison_mcgovern,Labour,*messages grime playlist one last time* https://t.co/RHzya4PlhP,stellacreasy,,2017-12
2017-12-27,vincecable,Liberal Democrat,.@LBC challenged on #TradeDeal with @realDonaldTrump . Not just #foodsafety issues like #GMOs but opens up #NHS to #American companies. No wonder secret talks.,,"@LBC, @realDonaldTrump",2017-12
2017-12-27,hughgaffneyccb,Labour,"A festive thank you to our hardworking NHS staff, who are giving up their Christmas and New Year to take care of others. Here's @jonashworth's message to you ↓
#12DaysofChristmas https://t.co/jr40m8gmZh",UKLabour,@jonashworth's,2017-12
2017-12-27,neilgraysnp,Scottish National Party,"We are living through the worst decade of wage growth in 210 years under Tory watch. The Tory UKGov must finally act, #scrapthecap, invest in people, end austerity and tackle the crippling squeeze on family budgets. https://t.co/54cxInC22p",unisonscot,,2017-12
2017-12-27,tpearce003,Labour,"Housing crisis could push young voters to extremes, says former Whitehall chief https://t.co/vbJP2XeqXh",,,2017-12
2017-12-27,paulasherriff,Labour,"Goodnight all
It’s freezing here 
I think of all the homeless tonight and think
It’s a national disgrace that they have  no shelter tonight
What’s wrong with our government s to let this happen 
We must end this
💙🌹",NevilleSouthall,,2017-12
2017-12-27,sandbach,Conservative,Best Buys: Savings accounts for children https://t.co/CVwYmWfpke,,,2017-12
2017-12-27,annaturley,Labour (Co-op),@psmithpes That’s a good thing! I’m trying to limit myself to checking in a couple of times a day!,psmithpes,@psmithpes,2017-12
2017-12-27,stellacreasy,Labour (Co-op),"My mother, in amongst helping some of the most vulnerable young people in our society have a future, taught me to be kind to others and myself and not to waste my time with those who seek to demean other people for fun so ...#blocked https://t.co/aVX821pynH",,,2017-12
2017-12-27,lizmcinnes60,Labour,So sorry to hear of the sad death of Tameside Council Leader Kieran Quinn. He will be missed by all our Labour Family. My thoughts are with Sue and family.,,,2017-12
2017-12-27,greghands,Conservative,Hats off to the Germans. Who has ever seen one of these debt clocks go backwards? Ours has slowed considerably since 2010 thankfully. https://t.co/51WDMHv0JL,dw_politics,,2017-12
2017-12-28,justinmadders,Labour,No doubt speaking English very slowly and very loudly will resolve matters https://t.co/uRK3hXKWvN,eyespymp,,2017-12
2017-12-28,grahamemorris,Labour,"Britain pays out £93 billion a year in corporate welfare. £3,500 from each household. That's tax breaks, grants &amp; subsidies for corporations. This is utterly perverse in a country that can't look after its most vulnerable people.",Rachael_Swindon,,2017-12
2017-12-28,preetkgillmp,Labour (Co-op),"@UKLabour will address the housing crisis, by abolishing ‘no fault’ evictions. https://t.co/nBjnr9KQOW",pollyn1,@UKLabour,2017-12
2017-12-28,vernon_coaker,Labour,An example to us all to act now! https://t.co/BIKkpcs6Yw,BePlasticClever,,2017-12
2017-12-28,karen_karenelee,Labour,Labour will set up National Investment bank &amp; regional development banks to help deliver critical infrastructure &amp; skills businesses need. We’ll take action on late payment &amp; reintroduce the small profit corporation tax rate..Labour’s 2017 Manifesto https://t.co/P96KxBJZRN,MarshadeCordova,,2017-12
2017-12-28,rachelreevesmp,Labour,"This Christmas, thousands of you took part in The Great Christmas Get Together. To each and every one of you, THANK YOU. Together we have built stronger communities and made Christmas brighter. #MincePieMoments https://t.co/tDQIxDooni",great_together,,2017-12
2017-12-28,annclwyd,Labour,"% of Labour voters who'd be ""delighted or pleased"" if the Labour Party said it would...

Stop Brexit: 63%
Proceed with Brexit: 22%

via @YouGov, 17 - 19 Dec",BritainElects,"@YouGov,",2017-12
2017-12-28,cherylgillan,Conservative,@davidnberman @Conservatives I reply to all emails &amp; letters if you are my constituent please let me know I will check my electronic filing systems when the office opens,davidnberman,"@davidnberman, @Conservatives",2017-12
2017-12-28,tpearce003,Labour,Want to meet new people or learn new skills? Why not pop in to our next Volunteer Fair to meet local groups looking for volunteers? https://t.co/E50poWkkhi,BexleyVSC,,2017-12
2017-12-28,mikejwood,Conservative,"If you sent me this ‘birthday card’, it’s not my birthday and you don’t frighten me. Respectfully suggest you seek help and get a life. https://t.co/iVoL5wjPSd",heidiallen75,,2017-12
2017-12-28,preetkgillmp,Labour (Co-op),We fully back @PreetKGillMP petition to call for more police officers in Quinton as it's one of the major concerns for our followers posted to our Facebook page. We know @QuintonWMP do an outstanding job in the area with limited resources from national government. https://t.co/f4Jta53OBN,QuintonB32News,"@PreetKGillMP, @QuintonWMP",2017-12
2017-12-28,angusmacneilsnp,Scottish National Party,UK -  incompetent an unable to self-govern.. Time for Scottish independence obviously https://t.co/Wab3OcublG,mrjamesob,,2017-12
2017-12-28,annclwyd,Labour,@BenPBradshaw @_davelv @Davidgoosey2 @ASurreyLady @UKLabour @LibDems @GeraintDaviesMP @PaulFlynnMP @RogerGodsiff @helenhayes_ @DavidLammy @CatherineWest1 @DanielZeichner Not too late at all! Agree with Ben.Public opinion is changing in favour of staying in.See latest UGov poll.,BenPBradshaw,"@BenPBradshaw, @_davelv, @Davidgoosey2, @ASurreyLady, @UKLabour, @LibDems, @GeraintDaviesMP, @PaulFlynnMP, @RogerGodsiff, @helenhayes_, @DavidLammy, @CatherineWest1, @DanielZeichner",2017-12
2017-12-28,gareththomasmp,Labour (Co-op),@dighesj @CoopParty @UKLabour @gavinshuker @SDoughtyMP @KateOsamor @MikeGapes We believe in co-operation.... You’ll work it out from that comrade....!,dighesj,"@dighesj, @CoopParty, @UKLabour, @gavinshuker, @SDoughtyMP, @KateOsamor, @MikeGapes",2017-12
2017-12-28,stewartmcdonald,Scottish National Party,A reminder that we haven’t actually left the EU yet. Opinion is moving - admittedly in small steps - in only one direction. https://t.co/Cp1OTAB7y5,KevinASchofield,,2017-12
2017-12-28,bill_esterson,Labour,SMEs are being squeezed out of government contracts. Big companies dominate. Tory agenda means bad news for smaller businesses. Priorities all wrong. @jon_trickett @FT https://t.co/G8tLVCCpZZ https://t.co/5nYhKrk7fx,,"@jon_trickett, @FT",2017-12
2017-12-28,angusmacneilsnp,Scottish National Party,"It isn’t the ‘credibility’ of SIU that’s undermined by this. It’s the Scottish Press, blithely acting as donkeys for a blatant propaganda campaign. (Could be a new category at the self congratulatory Press Awards) https://t.co/aOjUnVaoG3",DerekBateman2,,2017-12
2017-12-28,thelma_dwalker,Labour,"As pupil numbers rise, funding is not rising accordingly. Schools are having to increase class sizes, reduce curriculum choices and make reductions to teaching and support staff posts #schoolcuts https://t.co/E6XC5wp8TI",NEUnion,,2017-12
2017-12-28,willquince,Conservative,"@Colchesterviews @katie_gazette @BevCol1 @TheGazette @Tim4Labour Agree poor choice of phrase, should have said those politically opposed who regularly comment on my social media posts and not generalised.",Colchesterviews,"@Colchesterviews, @katie_gazette, @BevCol1, @TheGazette, @Tim4Labour",2017-12
2017-12-28,rees4neath,Labour (Co-op),If prison is about rehabilitation as well as punishment then as a society we must be asking what is the point of wasting vital resources sending so many women to serve just a few weeks in jail? Prison ought to be used for those who really should be there. https://t.co/0kuUaSjKo9,RichardBurgon,,2017-12
2017-12-28,bill_esterson,Labour,"It’s strange Norman Tebbit is calling for whip to be withdrawn from Heseltine for disloyalty, when only a few years back he said he couldn’t blame Conservatives for voting Ukip",MichaelLCrick,,2017-12
2017-12-28,nsoames,Conservative,@stephsearle90 @soverysorry,stephsearle90,"@stephsearle90, @soverysorry",2017-12
2017-12-28,leicesterliz,Labour,"Men of the 15th Battalion, Royal Welch (Welsh) Fusiliers in the snow-covered front line trenches at Fleurbaix, 28 December 1917. Image: IWM #ThrowbackThursday https://t.co/rZxYZLTF0W",BritishArmy,,2017-12
2017-12-28,hannahb4livimp,Scottish National Party,"@thewiffs @RNIB @RNIBScotland They’re just beautiful and such a brilliant idea, thanks for sharing!",thewiffs,"@thewiffs, @RNIB, @RNIBScotland",2017-12
2017-12-28,sarahchampionmp,Labour,"RT @Mountainin2015: Retweeted Sarah Champion (@SarahChampionMP):

Once again Tories refuse an inquiry into the Battle of Orgreave.... https…",,"@Mountainin2015:, @SarahChampionMP):",2017-12
2017-12-28,lizmcinnes60,Labour,"For #NHS Staff, car parking charges are a tax on coming to work. Many hospitals also employ private firms to collect parking fines which causes distress to patients and visitors at an already stressful and worrying time. https://t.co/GN01uF7JH7",,,2017-12
2017-12-28,nsoames,Conservative,Such devastating news @OrielOxford https://t.co/APKDTjpkOs,TheoRycroft,@OrielOxford,2017-12
2017-12-28,ed_miliband,Labour,This is a really important interview about appalling racism in international football. @RhianBrewster9 is brave and right to speak out. @tracey_crouch. https://t.co/qkYyIb81EF,DTathletic,"@RhianBrewster9, @tracey_crouch.",2017-12
2017-12-28,ianblackford_mp,Scottish National Party,The front page of Thursday's Herald. https://t.co/JsFVNfrar5,heraldscotland,,2017-12
2017-12-28,marshadecordova,Labour,‘Sir’ Nick Clegg? A true sign of how Britain’s elite rewards failure | Owen Jones https://t.co/YqiYM6teNH,,,2017-12
2017-12-28,eddiehughes4wn,Conservative,Housing Minister @AlokSharma_RDG announces further powers for councils to crack down rogue landlords and kick them out of the business for good https://t.co/VHB3Y6rfnq https://t.co/HizZru9fZV,mhclg,@AlokSharma_RDG,2017-12
2017-12-28,tandhesi,Labour,"@TanDhesi Many great efforts in his first year as MP, what a great end to 2017. After successful lobbying of start of flights between Amritsar-UK, building support in such a short time is commendable. Thank you to @PreetKGillMP @MayorofLondon &amp; others. All the best for 2018. https://t.co/6GEzjOfMOr",singhsameep,"@TanDhesi, @PreetKGillMP, @MayorofLondon",2017-12
2017-12-28,stellacreasy,Labour (Co-op),"check my feed ""Gladys"". Been twice and slightly giddy at idea Brett Andersen coming to Walthamstow in March for the Rock and Roll Book Club.... https://t.co/88stwz54Um",GladysSteptoe,,2017-12
2017-12-28,rushanaraali,Labour,Mofiz Uddin has welcomed over 150 Rohingya onto his land https://t.co/WVAA5ET6TW,BBCWorld,,2017-12
2017-12-28,willquince,Conservative,@Dapcoach @ErinSummersN @TheGazette Of course. See my previous tweet for the point I was making. We must address these complex needs alongside housing in order to help people change their lives.,Dapcoach,"@Dapcoach, @ErinSummersN, @TheGazette",2017-12
2017-12-28,grahamemorris,Labour,StreetLink enables members of the public to connect people sleeping rough with local services that can support them. https://t.co/ET8LYELTRe https://t.co/XzUgAaLpeD,mikecoulson48,,2017-12
2017-12-28,sarahchampionmp,Labour,https://t.co/sL4EHu0umK,,,2017-12
2017-12-28,angusmacneilsnp,Scottish National Party,@NickCohen4 To correctly split :),NickCohen4,@NickCohen4,2017-12
2017-12-28,jreynoldsmp,Labour (Co-op),@soniasodha @IPPR I honestly think if anyone sat in on my surgeries and saw the scale and range of the problems they’d be converted to radicalism in no time,jreynoldsMP,"@soniasodha, @IPPR",2017-12
2017-12-28,jessphillips,Labour,This from @jessphillips is all kinds of true and ten shades of relatable https://t.co/86KH3Khc2N,beckypants,@jessphillips,2017-12
2017-12-28,edwardjdavey,Liberal Democrat,@markdavies22 @LibDemPress @vincecable @LibDems SNP?,,"@markdavies22, @LibDemPress, @vincecable, @LibDems",2017-12
2017-12-28,lizmcinnes60,Labour,"@mrhazzers @PeterWard09 @jessicaelgot Yes, they are. https://t.co/n1RMZOKv47",mrhazzers,"@mrhazzers, @PeterWard09, @jessicaelgot",2017-12
2017-12-28,ruthsmeeth,Labour,"Skwawkbox's antics are smothering this so posting again - PFI companies getting an unexpected bonus due to corporation tax changes. Given they signed up to pay those rates its time for a windfall tax if they won't negotiate - RT if you agree! 
https://t.co/z7OuRcpKj8",stellacreasy,,2017-12
2017-12-28,davidgauke,Conservative,Another good example of someone almost written off showing deep resilience and earning great respect https://t.co/k7N2Y1ffA7,RichardGrahamUK,,2017-12
2017-12-28,hollylynch5,Labour,As part of the #PoliceParliamentaryScheme I went out with @WYP_RPU today. Thanks to PC Paul Morris for an eventful shift. There have been 221 arrests for drink driving in West Yorks since Dec 1st. Thanks to all those working hard to keep our roads safe.,,@WYP_RPU,2017-12
2017-12-28,matthancock,Conservative,@andysefton @BBCBreakfast @BBCNaga On the whole route,,"@andysefton, @BBCBreakfast, @BBCNaga",2017-12
2017-12-28,bobblackman,Conservative,"UK has halved carbon emissions in electricity sector since 2012, now has 7th cleanest power system in the world https://t.co/D7EUKQnZiF",GavinBarwell,,2017-12
2017-12-28,henrysmithuk,Conservative,https://t.co/nfTzsvuOao,,,2017-12
2017-12-28,bill_esterson,Labour,US equivalent is responsible for making sure procurement reaches SMEs and that those larger firms with government contracts treat their suppliers properly https://t.co/V5Vrym4TND,JulesMorgan15,,2017-12
2017-12-28,karlturnermp,Labour,@RMTunion today launches a new film 'Unguarded' in support of both the “Keep The Guard on the Train” campaign and the workers involved in disputes across the country in defence of rail safety #keeptheguardonthetrain Please RT https://t.co/Q3g0Gw7BPB @AnnieBtransport,RMTunion,"@RMTunion, @AnnieBtransport",2017-12
2017-12-28,petewishart,Scottish National Party,@F1Bert86 @MBeirne93 Last time I looked Scotland was still part of the UK. Unless I'm missing something....,,"@F1Bert86, @MBeirne93",2017-12
2017-12-28,peter_dowd,Labour,"In 2017, we set out our plan to build a country for the many, not the few. 
Want a reminder of how we'll do it? Take a look and if you back our plan, pass it on ↓ #12DaysofChristmas https://t.co/p2fVFab6B5",UKLabour,,2017-12
2017-12-28,kirstysnp,Scottish National Party,@chelsee_kate Heya. My office won’t be staffed but my emails and voicemails are being monitored and any urgent queries will be responded to :),chelsee_kate,@chelsee_kate,2017-12
2017-12-28,matthancock,Conservative,@shaldonangler I think we agree on more than we disagree - for example that full fibre &amp; 5G are vital,shaldonangler,@shaldonangler,2017-12
2017-12-28,halfon4harlowmp,Conservative,"Three of Essex's hospitals, #Southend #Basildon and #Broomfield, listed in the top 10 most expensive hospitals in England for a one-hour parking ticket #hospitalparking @SouthendNHS @BasildonHosp @broomfieldnhs https://t.co/smU3O756Bm",BBCEssex,"@SouthendNHS, @BasildonHosp, @broomfieldnhs",2017-12
2017-12-28,barrysheerman,Labour (Co-op),"Men of the 15th Battalion, Royal Welch (Welsh) Fusiliers in the snow-covered front line trenches at Fleurbaix, 28 December 1917. Image: IWM #ThrowbackThursday https://t.co/rZxYZLTF0W",BritishArmy,,2017-12
2017-12-28,rhonddabryant,Labour,Moscow opposition legislator Ilya Yashin was detained today and faces trial tomorrow for organising a rally in support of free elections last Sunday. https://t.co/u8olC56pfx,Life_Disrupted,,2017-12
2017-12-28,benpbradshaw,Labour,"Times reporting that BrexSec DDavis being sidelined in the EU negotiations. 

https://t.co/poHBwndZPX",MSmithsonPB,,2017-12
2017-12-28,toniaantoniazzi,Labour,Incredible to be part of this amazing team! Making huge differences to people’s lives #emergencyfoodbank @ToniaAntoniazzi @Rhihi @mm4penllergaer @ellehcim_morgan @AdamMarkDavis #gorseinon #gower #letsmakeadifference #teamtonia https://t.co/sAAVnwSSts,NicolaMatthew16,"@ToniaAntoniazzi, @Rhihi, @mm4penllergaer, @ellehcim_morgan, @AdamMarkDavis",2017-12
2017-12-29,jreynoldsmp,Labour (Co-op),"@DavePiperDJ Thanks, have done now",DavePiperDJ,@DavePiperDJ,2017-12
2017-12-29,karlturnermp,Labour,We're very happy and extremely proud to announce that we will be opening an office in Hull City Centre. Thank you to everyone who has helped us towards this and we look forward to seeing you all come down to see us #support https://t.co/I0qyFRyMeN,hull4heroes,,2017-12
2017-12-29,lucympowell,Labour (Co-op),@neilsmithgmb @JacobMason @donnaludford @SeanMcHale9 @Communityincity Yes all over Mcr - too wet to settle at the moment though! https://t.co/1O6tXhbgfB,neilsmithgmb,"@neilsmithgmb, @JacobMason, @donnaludford, @SeanMcHale9, @Communityincity",2017-12
2017-12-29,spellar,Labour,"Maybe Skidmore is the real ""Private Pike "" of the Govt Front Bench ? https://t.co/QZDjXcew6x",JBeattieMirror,,2017-12
2017-12-29,mattwarman,Conservative,@yellabelly6 @jdwtweet @13pilgrim @paul_r_kenny I don’t dismiss anybody’s views. I disagree with some of your conclusions.,yellabelly6,"@yellabelly6, @jdwtweet, @13pilgrim, @paul_r_kenny",2017-12
2017-12-29,debbie_abrahams,Labour,Councils forced to fund emergency help for universal credit claimants https://t.co/aowR5pGC4Q #pauseandfix #univesalcredit,,,2017-12
2017-12-29,lordjohnmann,Labour,#OTD 1975. Equal Pay Act commences. It had been the last piece of legislation to reach the statute book before Labour’s 1970 election defeat. https://t.co/SDOvifJbCz,labour_history,,2017-12
2017-12-29,mphendrick,Labour (Co-op),@Azhar4Pendle @LindsayHoyle_MP Thanks Azhar and Congratulations Lindsay,Azhar4Pendle,"@Azhar4Pendle, @LindsayHoyle_MP",2017-12
2017-12-29,zacgoldsmith,Conservative,"""I will make 2018 the year of British leadership in defeating the ivory trade."" Fantastic to hear this from @BorisJohnson; 
https://t.co/D5QEYDdzpE",,@BorisJohnson;,2017-12
2017-12-29,marshadecordova,Labour,Axe this tax on the sick and those who care for them. If Theresa May won’t do it then a @jeremycorbyn Govt will https://t.co/QpVWqhRnw4,JonAshworth,@jeremycorbyn,2017-12
2017-12-29,sandbach,Conservative,@SunPolitics typo?,SunPolitics,@SunPolitics,2017-12
2017-12-29,alisonthewliss,Scottish National Party,Yer having a laugh richt?  As @alisonthewliss said ...”Is implementing the rape clause and the two child policy on your list of highlights?” #rapeclause #scraptherapeclause #scrapthefamilycap #DWPhighlights https://t.co/ZCwbbrp7UV… https://t.co/SF7r555Ayf,MartinJDocherty,@alisonthewliss,2017-12
2017-12-29,tom_watson,Labour,I went on @GMB to talk about Universal Credit and ended up being cajoled into dry January by @kategarraway. Must have been the Christmas hangover. https://t.co/3ilsEJONT4,piersmorgan,"@GMB, @kategarraway.",2017-12
2017-12-29,grahamemorris,Labour,"Alongside food banks, UK has the 3rd highest number of millionaires in the world (6% of world total) and 4th highest number of 'ultra high net worth' individuals. UK govt policies are major factors in global wealth inequality. #fightinequality  https://t.co/dVtSLWBf20 https://t.co/AR16PS1uKD",markcurtis30,,2017-12
2017-12-29,joannaccherry,Scottish National Party,Bonny views today #Scotland https://t.co/Tu9MAi2vi7,easterbavelaw,,2017-12
2017-12-29,yasminqureshimp,Labour,I've written this for The Observer on demands to remove Aung San Suu Kyi from the hugely popular children's book Goodnight Stories for Rebel Girls https://t.co/ryvK5hRY3A,janemerrick23,,2017-12
2017-12-29,sdoughtymp,Labour (Co-op),@UK_Music @spellar @musicvenuetrust .Full backing for this - following lead of  @WelshLabour @savewomanbyst,UK_Music,"@UK_Music, @spellar, @musicvenuetrust, @WelshLabour, @savewomanbyst",2017-12
2017-12-29,alisonthewliss,Scottish National Party,"@Charlot84851771 @heraldscotland @RogMull @alisonthewliss @ncsmiff @OxfamScotland @TransparencyUK @OliverBullough @andywightman I'm not a nation, Lotte. And I am very interested in UK tax avoidance and evasion. So much so that I write about it, among other things, for a living.",LeaskyHT,"@Charlot84851771, @heraldscotland, @RogMull, @alisonthewliss, @ncsmiff, @OxfamScotland, @TransparencyUK, @OliverBullough, @andywightman",2017-12
2017-12-29,emilythornberry,Labour,"Sit down, pour yourself a coffee and read @StewartWood 's Christmas Shaggy Dog story &gt;&gt; https://t.co/CMr4H6Ha4O",,@StewartWood,2017-12
2017-12-29,gwynnemp,Labour,@DavidSedgwick @TomDDowse Has the ski slope plan been axed again?,,"@DavidSedgwick, @TomDDowse",2017-12
2017-12-29,tom_watson,Labour,Fascinating row about the royal yacht over on my Facebook page. Take a look if you have a calm demeanour and a sense of humour. https://t.co/v2KIjI1xq7,,,2017-12
2017-12-29,mattwarman,Conservative,@bikerrebel1 @13pilgrim @yellabelly6 @wolfie_smythe You persistently mischaracterise disagreeing on a personal vote with not understanding the reasons other people felt differently.,bikerrebel1,"@bikerrebel1, @13pilgrim, @yellabelly6, @wolfie_smythe",2017-12
2017-12-29,ianblackford_mp,Scottish National Party,"You can bring some of these butternuts to Parliament, top left shelf! https://t.co/tIncDXyQrB",StewartMcDonald,,2017-12
2017-12-29,bill_esterson,Labour,"Agree with @Andrew_Adonis when he says, @theresa_may is the “voice of UKIP”. Also right to say her policies are leaving us in isolation. But there’s absolutely nothing splendid about that isolation. https://t.co/pzqY4H4mAx",,"@Andrew_Adonis, @theresa_may",2017-12
2017-12-29,stewartmcdonald,Scottish National Party,@Langside_Cafe Followed up by some smashin’ old school caramel shortcake #Whatatreat,StewartMcDonald,@Langside_Cafe,2017-12
2017-12-29,emmahardymp,Labour,Less than 1/3 surgeons report all #mesh removals to watchdog body #MHRA which helps keep figures low &amp; HIDES the HUGE problem of vaginal/pelvic mesh implants @EmmaHardyMP @OwenSmith_MP https://t.co/PeM0ZLvwO9 https://t.co/EzppR1llBC,MeshCampaign,"@EmmaHardyMP, @OwenSmith_MP",2017-12
2017-12-29,barrysheerman,Labour (Co-op),This is the moment an 89-year-old Hull man was robbed of his cash on Christmas Day. Please share! https://t.co/p3PF0ikjaF,hulllive,,2017-12
2017-12-29,sandyofipswich,Labour,"Suicide attempts by disability benefit claimants have doubled since controversial assessments introduced, latest findings described as ""damning indictment” of the controversial testing process and “greatest jump in suicide rates in any population”.  https://t.co/jzqL4bUqQy",PeterStefanovi2,,2017-12
2017-12-29,tandhesi,Labour,"This summer, 1.5 million young people were denied a vote in the General Election and a say in their future. It’s time we changed that. 
So in 2018 we’ll carry on campaigning for #votesat16. 
With us? Sign this: https://t.co/AI3MAQt6kg
#12DaysofChristmas https://t.co/15fslF5eDh",UKLabour,,2017-12
2017-12-29,wesstreeting,Labour,Please support the campaign to protect grassroots music venues. Find out more here + email your MP and ask them to support the @spellar Bill #agentofchange #savelivemusic https://t.co/oCEvJc18cS,MichaelDugher,@spellar,2017-12
2017-12-29,hughgaffneyccb,Labour,"Barbara Castle's radical Equal Pay Act finally gave women the right to make a claim for equal pay. Yet the 2017 gender pay gap means that for every £1 a man earns, women earn only 86p https://t.co/YQ36vRkYlg",labour_history,,2017-12
2017-12-29,emmadentcoad,Labour,Attempted suicides by #disability benefit claimants more than double after introduction of fit-to-work assessment https://t.co/sn4eC1pBem,MarshadeCordova,,2017-12
2017-12-29,emmadentcoad,Labour,"Some of the amazing women #BehindEveryGreatCity are firefighters. We will keep #FirefightingSexism  -  what will you pledge for gender equality in 2018? Watch this video for inspiration

https://t.co/3kyANIyI32 https://t.co/QiDJp06ngN",LondonFire,,2017-12
2017-12-29,helengrantmp,Conservative,The 2018 New Year's Honours 🎖️ list has just been released: https://t.co/Ake8BNMFJX https://t.co/RgJfAtrxDs,cabinetofficeuk,,2017-12
2017-12-29,normanlamb,Liberal Democrat,@sloumarsh I will send you a direct message with my number - do you need to follow me?,sloumarsh,@sloumarsh,2017-12
2017-12-29,chukaumunna,Labour,"So, a General Election has been called in Italy and Silvio Berlusconi - of all people! - is offering a universal basic income of sorts of €1000 (£888) costing €157bn (£140bn). Interesting  https://t.co/YTqe3hhq4A",,,2017-12
2017-12-29,madeleinemoon,Labour,Keep fighting @Billbrowder.  You are the one who is winning. https://t.co/T2iR56s6pZ,Billbrowder,@Billbrowder.,2017-12
2017-12-29,nigelmp,Conservative,"@jen_davies84 As a floating sales ship it will act as a showcase for Uk goods and services ,including the ship itself , as we engage in high level trade deals with the whole world. It will be a flagship for UK plc",,@jen_davies84,2017-12
2017-12-29,toniaantoniazzi,Labour,@GavNewlandsSNP Shouting here too! Nothing wrong with a woman shouting at the darts 🎯  come on Barny,GavNewlandsSNP,@GavNewlandsSNP,2017-12
2017-12-29,sandyofipswich,Labour,Councils forced to fund emergency help for universal credit claimants https://t.co/y3LbJuo6EL,MGreenwoodWW,,2017-12
2017-12-29,simonclarkemp,Conservative,"@peterchapman6 @Andrew_Adonis Labour in 2004 could have imposed restrictions on the A8 countries joining the EU, but didn't. Otherwise unqualified immigration rights. As for company-union negotiations, they're a matter for companies and unions and their lawyers.",peterchapman6,"@peterchapman6, @Andrew_Adonis",2017-12
2017-12-29,stellacreasy,Labour (Co-op),"@faybijou @frozenwarning Do you see in asking the question as though something sinister, treating as serious enables this type of controlling behaviour? Or do you think women MPs should be told who to speak to and made to leave a venue if a Tory turns up? #handmaidspolitics",faybijou,"@faybijou, @frozenwarning",2017-12
2017-12-29,karlturnermp,Labour,"Hull has been recognised in the Queen’s New Year Honour with awards given to city &amp; cultural leaders. Council Leader Stephen Brady and City Culture &amp; Place Manager Jon Pywell, @2017Hull CEO Martin Green, Exec Director Fran Hegyi &amp; Chair Rosie Millard will all be given honours.",Hullccnews,@2017Hull,2017-12
2017-12-29,deidrebrock,Scottish National Party,Delighted to comment on Tory MPs daft plans for a new Royal Yacht Britannia Lotto &amp; dragging us back to the 50’s - the 1850’s that is! Are they trying to distract us from the foundering of HMS Brexit? 🤔 https://t.co/UCNvek73oN,,,2017-12
2017-12-29,chionwurah,Labour,"Join Rachael Maskell MP, Shadow Rail Minister, to campaign against massive rail fare rises at Newcastle Central Station on 2 January at 8am. https://t.co/BvmfhpvM5O",LabourNorth,,2017-12
2017-12-29,davidmorrisml,Conservative,Absolutely delighted that @JackieDanielNHS has been made a Dame in the New Year Honours list. Hugely proud of her and everything she has achieved @UHMBT,,"@JackieDanielNHS, @UHMBT",2017-12
2017-12-29,nadhimzahawi,Conservative,Fancy a New Year Break @ArdenHotel? We have a couple of rooms left for you to join us... https://t.co/YL8ZJ6O4gM Call 01789 298682 to book #NewYear #NewYearBreaks https://t.co/ONUcfkrtII,ArdenHotel,@ArdenHotel?,2017-12
2017-12-29,angusmacneilsnp,Scottish National Party,"'...all forms of media will tank if I’m not there because without me, their ratings are going down the tubes.' Trump predicts the news media will aid him in achieving a second term. https://t.co/kTDw9YYOCS",latikambourke,,2017-12
2017-12-29,tom_watson,Labour,Lovely tune. https://t.co/BqGe4T08pu,lucypullin,,2017-12
2017-12-29,marshadecordova,Labour,"Despite what the Gov. claim Councils are diverting funds to offset impact of #universalcredit rollout, Labour claims https://t.co/CbPyMicaCb",,,2017-12
2017-12-29,wesstreeting,Labour,"This version is accurate, unlike the one briefed by No 10 earlier. https://t.co/SwtQcPC1f4",Andrew_Adonis,,2017-12
2017-12-29,anna_soubry,Conservative,1/2 Sorry #LordAdonis has resigned. We should be building a #Brexit consensus not perpetuating/deepening division.,,,2017-12
2017-12-29,lordianaustin,Labour,"@katiesdad52 @corr_matt I've campaigned for Labour in every election since 1983 whether or not I agreed with everything the leader, candidate or party said
So of course you can have views about the party's approach, direction &amp; policies just as Jeremy, John McDonnel et al did when Tony Blair was leader",katiesdad52,"@katiesdad52, @corr_matt",2017-12
2017-12-29,lordianaustin,Labour,"The Tories are blaming their election disaster on the boundaries.
Total nonsense!
They blew their majority because
1) they called an unnecessary election
2) their leader couldn't communicate with people
3) the manifesto &amp; campaign were terrible 
https://t.co/hQf2PMKhLL",,,2017-12
2017-12-29,conormcginn,Labour,We've put together a gallery of some of our favourite moments from 2017. See them here:  https://t.co/KcKWCy7Aoj,UK_Music,,2017-12
2017-12-29,davidlammy,Labour,"The actual President of the actual United States has basically just pronounced: ""It's going to be cold this weekend. So take that all you people with your facts, your evidence and your science."" https://t.co/ScWshSXoBP",,,2017-12
2017-12-29,derbychrisw,Labour,#ToryMess2017 this government is ruining our country. We need change NOW!  https://t.co/bFaONsBrsf,PeoplePower2024,,2017-12
2017-12-29,karlturnermp,Labour,Very sad to see @andrew_adonis step down. His letter of resignation demonstrates that Chris Grayling has important questions to answer on his back room deal with Stagecoach over East Coast Mainline.,tom_watson,@andrew_adonis,2017-12
2017-12-29,geraldjoneslab,Labour,"The dogged Welsh MP who confronted John Major about job losses in Merthyr
https://t.co/EcqtjTyLe5",merthyrexpress,,2017-12
2017-12-29,johnnymerceruk,Conservative,We should not assume Nato countries or the world’s democracies will retain their military superiority. Tech changes of the kind described below threaten global peace and underline why folk like @JohnnyMercerUK must win their defence spending fight https://t.co/58wAbxAjGi,montie,@JohnnyMercerUK,2017-12
2017-12-29,lordianaustin,Labour,@fentiger001 @jane738 Look at the result.,fentiger001,"@fentiger001, @jane738",2017-12
2017-12-29,lordianaustin,Labour,"@mrlongdenextra @shinydh @jeremycorbyn Big question. Yet we've had no post mortem
In North East, in the 26 seats we were defending, there were swings to Tories in 18. In East Mids, in the 14 we held before, 7 had swings to the Tories. In Yorks &amp; Humberside, there were Tory swings in 19 out of 33
Must think about this",mrlongdenextra,"@mrlongdenextra, @shinydh, @jeremycorbyn",2017-12
2017-12-29,annietrev,Conservative,"The underlying problem is the lack of vision. Brexit is being approached as an exercise in damage limitation rather than as an opportunity, writes @DanielJHannan https://t.co/YEjMlZyObc",BrexitCentral,@DanielJHannan,2017-12
2017-12-29,kerrymp,Labour,I think the Mogg is the man for this job. The Irish would I’m sure be delighted to hear him declare that Dublin is still a British colony. https://t.co/kwQDLDwlMo,TristanCorkPost,,2017-12
2017-12-29,rushanaraali,Labour,"This version of my resignation letter is accurate, unlike the one briefed by No 10 earlier. More to come in The Times tomorrow https://t.co/kq3f911Qwf",Andrew_Adonis,,2017-12
2017-12-29,wesstreeting,Labour,.@Andrew_Adonis a big loss to @NatInfraCom. Serious questions raised about East Coast bailout. Glad he'll be fighting Hard Brexit.,,"@Andrew_Adonis, @NatInfraCom.",2017-12
2017-12-29,tom_watson,Labour,Full extraordinary @Andrew_Adonis resignation letter from Chair of UK infrastructure commission over EU Withdrawal Bill - “worst legislation of my lifetime” for a “Ukip allied Brexit ..fraught with danger” and “indefensible bailout” of East Coast Mainline: https://t.co/jqECSsm4OF,faisalislam,@Andrew_Adonis,2017-12
2017-12-29,samgyimah,Conservative,@DanielKorski thanks Dan.,DanielKorski,@DanielKorski,2017-12
2017-12-29,julieforburnley,Labour,@GrahamKnowles4 Many cannot use public transport including patients attending for dialysis and chemotherapy. #Parkthecharges and end this tax on the sick and their families,GrahamKnowles4,@GrahamKnowles4,2017-12
2017-12-29,marcusfysh,Conservative,"As 2017 draws to a close, an inspirational quote to treasure. https://t.co/0gxrMWSHUv",anaglyph32,,2017-12
2017-12-30,neill_bob,Conservative,"Comments by the Chairman of the All Party Gibraltar Group, @neill_bob, in Parliament during Commons debate https://t.co/TbB8xVLWL4",LlanitoPal,"@neill_bob,",2017-12
2017-12-30,gutoaberconwy,Conservative,Welsh Secretary @AlunCairns extends his congratulations to Welsh recipients of the New Years #Honours 🎖 https://t.co/ThTczJdqSo,UKGovWales,@AlunCairns,2017-12
2017-12-30,lucianaberger,Labour (Co-op),.@lucianaberger plse share ⬇️ https://t.co/dnvzqYJe3c,DancingTheMind,@lucianaberger,2017-12
2017-12-30,gordonmarsden,Labour,We are so proud of @LindsayHoyle_MP who receives a #knighthood in the New Year's Honours List. Lindsay has proudly served the people of #Chorley since 1997. Lindsay was quick to state “This is recognition for Chorley and the electorate’s trust. It means a lot for Chorley.” https://t.co/1Mvbo4eeaS,ChorleyLabour,@LindsayHoyle_MP,2017-12
2017-12-30,kitmalthouse,Conservative,Great goal from @Dartmouth_MIH Foreman with assist from 22 McLaughlin!! #GoBigGreen #GoMyNephewJamie https://t.co/sd67T5LeVX,,@Dartmouth_MIH,2017-12
2017-12-30,nicdakin55,Labour,If we are counting it would be a 3rd referendum on this general issue! https://t.co/PYffEuvXSe,LordAshcroft,,2017-12
2017-12-30,angelarayner,Labour,"Minutes silence observed before the start of the game for Cllr Kieran Quinn, a true Bloods fan who passed away on Xmas Day https://t.co/NfcgjZq5QG",Droylsden_FC,,2017-12
2017-12-30,emmahardymp,Labour,15 amazing Hull people to receive Queen's New Year Honour https://t.co/K6PPgeCVuF,,,2017-12
2017-12-30,barrysheerman,Labour (Co-op),.@UNECE's Environmental Performance Reviews assist countries in improving their #environmental management &amp; performance. Is your country one of the 25 already reviewed? https://t.co/bjqwuDSQz4 https://t.co/R0qv25oyuj,UNECE,@UNECE's,2017-12
2017-12-30,cgreenuk,Conservative,How about not segregating women in “safe zones” &amp; instead the authorities/police stop or arrest &amp; convict/deport  the perpetrators of these attacks? https://t.co/gIlQp2FzZi,MorrisseyHelena,,2017-12
2017-12-30,andrewselous,Conservative,"Every tenant has a right to a safe, secure and decent home. New measures will crack down on bad practices and improve standards for renters. https://t.co/N6uMV3AnLH",Conservatives,,2017-12
2017-12-30,nsoames,Conservative,@PeterJLuff @GWRHelp #becauseoldfruittheycouldntrunabath,PeterJLuff,"@PeterJLuff, @GWRHelp",2017-12
2017-12-30,wesstreeting,Labour,"The National Infrastructure Commission was intended to build consensus, take tough decisions and face up to the real long term challenges facing the country. An optimistic, ambitious project I was delighted Osborne stole. Symptomatic of the age that it’s run into the ground.",KarimPalant,,2017-12
2017-12-30,karenpbuckmp,Labour,I couldn’t have put this better - whoever it was who wrote this: thank you  https://t.co/h3SCp8RjC2,liambyrnemp,,2017-12
2017-12-30,jamescleverly,Conservative,"She got very shirty with me when I said that there would be a Labour leadership contest before there would be a Tory one. 

Me thinks the Lady (Nugee) doth protest too much. https://t.co/XjOdpIxTgK",JohnRentoul,,2017-12
2017-12-30,debbie_abrahams,Labour,https://t.co/JaP0dmZMTc,,,2017-12
2017-12-30,pauljsweeney,Labour (Co-op),"@__marginalia__ @LapGongLeong I agree that the general tone of political discourse in Scotland (and increasingly in the UK since the EU referendum) over recent years has been tediously tribal and antagonistic. A product of simplistic, binary debate. Here's to a more dignified, dialectic and deliberative 2018.",,"@__marginalia__, @LapGongLeong",2017-12
2017-12-30,nsoames,Conservative,"Delighted that Melvyn Bragg has been made a Companion of Honour. His ‘In Our Time’ programme is, on its own, just about worth the licence fee. Almost unparalleled in its consistent excellence.",montie,,2017-12
2017-12-30,wesstreeting,Labour,"I keep being asked if I support setting up a new ‘centre’ party. No! I was a founder member of the SDP, aged 18. It failed dismally. Labour, to which I have belonged for 23 years, is a party, a movement &amp; a cause. That’s what moves mountains!",Andrew_Adonis,,2017-12
2017-12-30,tomtugendhat,Conservative,@kingofthecentre @EssexCanning @Tory4Liberty @Conservatives @theresa_may @JamesCleverly @BrandonLewis @NSoames @Jeremy_Hunt @JohnnyMercerUK @bbradleymp @redditchrachel @lucyallan @mariacaulfield @RuthDavidsonMSP @DominicRaab Thanks and yes I’ve been supportive but the real heroes are @SeemaKennedy and @RachelReevesMP. I was working with Jo on foreign policy.,,"@kingofthecentre, @EssexCanning, @Tory4Liberty, @Conservatives, @theresa_may, @JamesCleverly, @BrandonLewis, @NSoames, @Jeremy_Hunt, @JohnnyMercerUK, @bbradleymp, @redditchrachel, @lucyallan, @mariacaulfield, @RuthDavidsonMSP, @DominicRaab, @SeemaKennedy, @RachelReevesMP.",2017-12
2017-12-30,richardburgon,Labour,Always a good read - the mag is a great community initiative here in East Leeds. https://t.co/9UWTaBqbG5,eastleedsmag,,2017-12
2017-12-30,alisonthewliss,Scottish National Party,"Aerial view of Royal Infirmary, Glasgow Cathedral and the #Necropolis, c.1930 (Archive Ref no: P582). Can you identify any other landmarks? https://t.co/F9Cc4JgBWr",GC_Archives,,2017-12
2017-12-30,liamfox,Conservative,Congratulations to the DIT staff recognised by the #NewYearsHonours https://t.co/RKZCNKsXU7 https://t.co/QZyiz4820t,tradegovuk,,2017-12
2017-12-30,spellar,Labour,For Services to the Conservative Party - 1922 Committee’s Graham Brady and former Lib Dem leader Nick Clegg are knighted and Cheryl Gillan is made a dame https://t.co/gMKFHiqTgf,,,2017-12
2017-12-30,lucyallan,Conservative,This has been the best news for Telford in 2017 - dramatic sustained change in employment figures over last 5 years. https://t.co/NoVPYv0xWg,DamianHinds,,2017-12
2017-12-30,laurapidcock,Labour,"Heartfelt solidarity to Ihsan, the victim of what appears to be an appalling, racially-motivated attack in Durham. I know that his MP, @robertabwMP is on the case and I really do hope that, with the help of @DurhamPolice, he gets justice. https://t.co/Mxx4g16jxV",,"@robertabwMP, @DurhamPolice,",2017-12
2017-12-30,gordonmarsden,Labour,"College and training provider leaders, teachers and support staff recognised in New Year's #honourslist https://t.co/tx8h9aHIRD",tesfenews,,2017-12
2017-12-30,davidlinden,Scottish National Party,‘There is a thrill to seeing your stomach getting flatter’: why I run https://t.co/bBeisocRRV,guardian,,2017-12
2017-12-30,mikegapes,Labour (Co-op),Yes it’s the old WHSmith  which was on Ilford High Road opposite the Town Hall  before pedestrianisation and before the Exchange was built. I spent many hours browsing paperbacks there in the 1960s. https://t.co/NH0ra180B7,jhoward87,,2017-12
2017-12-30,jessphillips,Labour,@Philippa_Perry Don't do it. It is madness,Philippa_Perry,@Philippa_Perry,2017-12
2017-12-30,robertbuckland,Conservative,Congratulations to my friend Santa Pun who has been awarded an OBE in the #NewYearsHonours; he works hard for our local Gurkha/Nepali community in #Swindon.,,,2017-12
2017-12-30,carolynharris24,Labour,"Also congratulations to Dr Margaret Ruth Vincent, Alyson Williams, Superintendent Lee Porter and @samwarburton_ for being named in the New Years Honours list. Some of #Swansea and South Wales’ finest #NewYearsHonoursِ 2/2",,@samwarburton_,2017-12
2017-12-30,tobias_ellwood,Conservative,"Wherever the military are, we are. Use our postcode search and find your local SSAFA branch: https://t.co/7jbEyqMNBY https://t.co/hMwKiyXFOh",SSAFA,,2017-12
2017-12-30,marshadecordova,Labour,"Richard Branson's Virgin healthcare firm scoops £1bn of NHS contracts

https://t.co/6fwpjIcMo2",Debbie_abrahams,,2017-12
2017-12-30,philipdaviesuk,Conservative,@sevenbarrows #thouroughlywelldeservedfortraininggeniusandarealgentleman,NSoames,@sevenbarrows,2017-12
2017-12-30,hollylynch5,Labour,Very well deserved and many congratulations to Colin and Diane 👍😀 @WestYorksPolice @Skeathy1967 @WYP_Halifax @HollyLynch5 @SaferLeeds @WYP_PaulMoney @WYP_Specials https://t.co/vqnkU1lGMr,MarkBW_WY,"@WestYorksPolice, @Skeathy1967, @WYP_Halifax, @HollyLynch5, @SaferLeeds, @WYP_PaulMoney, @WYP_Specials",2017-12
2017-12-30,kevinbrennanmp,Labour,Wales star incredibly found guilty of foul play for bumping into ref as rugby's citing farce becomes even more farcical https://t.co/t5ONCxLdbe,WalesRugby,,2017-12
2017-12-30,cgreenuk,Conservative,Some weekend services in and out of Manchester will be affected from Saturday 6 January until Sunday 11 February 2018. Bus replacements will be available. Please check before you travel at https://t.co/2vYFFIf7ty @LindsayHoyle_MP @CGreenUK https://t.co/JbprVM39cb,TheGNRP,"@LindsayHoyle_MP, @CGreenUK",2017-12
2017-12-30,dominicraab,Conservative,"For all the doom and gloom around, UK stock markets finished 2017 at a record high. https://t.co/ItFrXcb11l",,,2017-12
2017-12-30,brandonlewis,Conservative,Another good example of Border Force working hard to keep us safe &amp; working with partners. https://t.co/o1g8wFvRoK,ukhomeoffice,,2017-12
2017-12-30,petewishart,Scottish National Party,"“The Liberals need to have a good look at themselves and observe the embarrassing, shameless establishment toadies that they have become‘. https://t.co/9CuUwZGKKm",,,2017-12
2017-12-30,seemakennedy,Conservative,"@kingofthecentre @TomTugendhat @EssexCanning @Tory4Liberty @Conservatives @theresa_may @JamesCleverly @BrandonLewis @NSoames @Jeremy_Hunt @JohnnyMercerUK @bbradleymp @redditchrachel @lucyallan @mariacaulfield @RuthDavidsonMSP @DominicRaab @RachelReevesMP Thank you, Chris.",,"@kingofthecentre, @TomTugendhat, @EssexCanning, @Tory4Liberty, @Conservatives, @theresa_may, @JamesCleverly, @BrandonLewis, @NSoames, @Jeremy_Hunt, @JohnnyMercerUK, @bbradleymp, @redditchrachel, @lucyallan, @mariacaulfield, @RuthDavidsonMSP, @DominicRaab, @RachelReevesMP",2017-12
2017-12-30,tomtugendhat,Conservative,@kingofthecentre @EssexCanning @Tory4Liberty @Conservatives @theresa_may @JamesCleverly @BrandonLewis @NSoames @Jeremy_Hunt @JohnnyMercerUK @bbradleymp @redditchrachel @lucyallan @mariacaulfield @RuthDavidsonMSP @DominicRaab I know you’ll say ‘I would say this wouldn’t I’ but he’s actually a very decent bloke. In perso. He listens and doesn’t come across as arrogant at all.,,"@kingofthecentre, @EssexCanning, @Tory4Liberty, @Conservatives, @theresa_may, @JamesCleverly, @BrandonLewis, @NSoames, @Jeremy_Hunt, @JohnnyMercerUK, @bbradleymp, @redditchrachel, @lucyallan, @mariacaulfield, @RuthDavidsonMSP, @DominicRaab",2017-12
2017-12-30,chionwurah,Labour,Check us out on Instagram! https://t.co/rAp70y0rQW https://t.co/C6Kj6ZW9BP,travel2pal,,2017-12
2017-12-30,nsoames,Conservative,Britain’s jobs boom sparks Army recruitment crisis as more young men opt to work in civvy street https://t.co/TmNmERZSJM,SunPolitics,,2017-12
2017-12-30,nsoames,Conservative,@bekiadam1 #alotaboutwhat?,,@bekiadam1,2017-12
2017-12-30,damianhinds,Conservative,"2017 has been a record-breaking year on employment ... 
Employment rate peaked at &gt;75% 
16-24s unemployed &amp; not in full-time education fell to record low of 4.8%
Unemployment hit its lowest rate since 1975 at 4.3% 
... and level down by &gt;1m since 2010",,,2017-12
2017-12-30,bobblackman,Conservative,Huge thanks to everyone who has taken part in this year's #Decembeard campaign. It's not too late to donate! https://t.co/2gLfpBFVuz https://t.co/DfMXmAexn6,bowelcancer,,2017-12
2017-12-30,tpearce003,Labour,MAIL ON SUNDAY: UK border farce #tomorrowspaperstoday https://t.co/xQvodmHQmV,hendopolis,,2017-12
2017-12-30,lukepollard,Labour (Co-op),@wyattd @UKLabour It should be funded centrally and so we don’t replace near universal parking fees with post code parking fees where poorer trusts charge and better off ones perhaps don’t.,wyattd,"@wyattd, @UKLabour",2017-12
2017-12-30,pauljsweeney,Labour (Co-op),"Violence against shop workers is at a 10 year high. 

Labour’s @DJohnsonMSP will look to change the law to give workers better protection. 

Read more here: https://t.co/FNCi9SsrZC",ScottishLabour,@DJohnsonMSP,2017-12
2017-12-30,justinmadders,Labour,"Congratulations to Alf Scorer on his MBE, well deserved",,,2017-12
2017-12-30,preetkgillmp,Labour (Co-op),Well done to @jamieoliver ammonium hydroxide agent should be banned from use in food products @McDonalds @BurgerKing @PHE_uk @JonAshworth https://t.co/ARpZkcgJlq,,"@jamieoliver, @McDonalds, @BurgerKing, @PHE_uk, @JonAshworth",2017-12
2017-12-30,gordonmarsden,Labour,"Damehood for @LivUni v-c Janet Beer and knighthood for @UniStrathclyde polling expert John Curtice in Queen's New Year Honours list for 2018
https://t.co/3yPBG0VOZA",timeshighered,"@LivUni, @UniStrathclyde",2017-12
2017-12-30,laurasmithcrewe,Labour,Please don’t forget to sign and share my petition to save our Cheshire Firefighters. It is vital that we don’t lose full time firefighters at Crewe-it is in the best interest of every single Cheshire resident. https://t.co/X2oZriX3yy,LauraSmithCrewe,,2017-12
2017-12-30,alisonthewliss,Scottish National Party,Being European City of Culture wasn't a minor thing for Glasgow. it was huge. it was a real turning point.,MhairiHunter,,2017-12
2017-12-30,mimsdavies,Conservative,"Everybody keep still! 1,2,3,4,5... wait...🐒🐧🦓🦏🦒 https://t.co/n48LkCMtuG",Marwellwildlife,,2017-12
2017-12-30,mimsdavies,Conservative,REVEALED: 109 service personnel have been honoured by Her Majesty the Queen. See the full Military Division list here: https://t.co/bSuo2PXm4q #NewYearsHonours https://t.co/BcWWAKsba2,DefenceHQ,,2017-12
2017-12-31,karen_karenelee,Labour,"#BecauseOfTories well over a million people have been given 3 day emergency food packages from food banks, thousands are homeless, and our NHS is in crisis due to lack of funding. #TeamTory https://t.co/2bxiTvyrEi",ForTheMany2020,,2017-12
2017-12-31,brandonlewis,Conservative,Excellent article from @PennyMordaunt outlining why our aid work is so vital https://t.co/tSqJWa1E04?amp=1,,@PennyMordaunt,2017-12
2017-12-31,votepursglove,Conservative,".@LiamFox praises businesses for increase in UK exports &amp; encourages even more firms to make selling overseas a New Year’s resolution, using DIT’s new digital tools https://t.co/GPnftFkfaX
👉  Latest figures show exports have risen by more than 14% year on year #ExportingIsGREAT https://t.co/KN9s5hDYNW",tradegovuk,@LiamFox,2017-12
2017-12-31,mgreenwoodww,Labour,A massive thank you to public sector workers- especially those working over the holiday period. https://t.co/jMBcNMn7KS,UKLabour,,2017-12
2017-12-31,lordwalney,Labour,"In other unsought music chat, I’ve just realised that Meghan Trainor goes “straight to VIP” not “straight to the Ivy”. Hum.",LordWalney,,2017-12
2017-12-31,cwhittaker_mp,Conservative,"As folks forecast UK economy for 2018, remember: assuming 1.7% growth for 2017, nearly EVERY major public + private forecaster underestimated UK growth and job creation for this year: IMF (1.1%), Barclays (0.7%), Goldman (1.4%), NIESR (1.4%), OBR (1.4%), OECD (1.2%), RBS (1%).",afneil,,2017-12
2017-12-31,helengoodmanba,Labour,"Before 2017 ends, read this fascinating account of a Suffrage meeting addressed by Millicent Fawcett in Darlington 100 years ago, from the excellent #DurhamAtWar project https://t.co/2vxKYs7x8H @JennyChapman @HelenGoodmanMP @joy4bishoptown #BehindEveryGreatCity",WomensGala,"@JennyChapman, @HelenGoodmanMP, @joy4bishoptown",2017-12
2017-12-31,emilythornberry,Labour,Beautiful https://t.co/PzLXPtUeIo,sturdyAlex,,2017-12
2017-12-31,deidrebrock,Scottish National Party,Join us live worldwide on https://t.co/ypWAbd6YFC as we #ceilidh our way into 2018 with musical friends @ManranOfficial @artmaccarmaig @EilidhC_ @ruairidhskye @CeitlinLRSmith @SIANceol @ellmac93  @brichaimbeul #ALBAceilidh #Hogmanay #Gaelic https://t.co/DtSyZzTXCk,GFCeilidhBand,"@ManranOfficial, @artmaccarmaig, @EilidhC_, @ruairidhskye, @CeitlinLRSmith, @SIANceol, @ellmac93, @brichaimbeul",2017-12
2017-12-31,faisal__rashid,Labour,"In 2018, Labour will show how the old political consensus is finished.

The hope of a new Britain run in the interests of the many, not the few, is closer than ever before.

#HappyNewYear https://t.co/PLLtkVvJ6s",jeremycorbyn,,2017-12
2017-12-31,realstephenkerr,Conservative,Gates are now open for the ‘Midnight Moment’ Event – not long now until the bells and our largest ever fireworks display! #Stirling #Hogmanay,StirlingCouncil,,2017-12
2017-12-31,derbychrisw,Labour,@PaddyBriggs The manifesto's a good place to start. But the plan for regional investment banks will deliver growth and decent jobs in every region of the country,PaddyBriggs,@PaddyBriggs,2017-12
2017-12-31,joanryanenfield,Labour,Congratulations to my sister @nes_nesil and my enişte @calemre 🎉 a beautiful nikah ceremony 💖 https://t.co/z7ZwnLdRfQ,EdaCaz,"@nes_nesil, @calemre",2017-12
2017-12-31,karen_karenelee,Labour,"In Lincoln we have NHS in crisis, child poverty, homelessness, sick ppl hit by benefit cuts, UC full rollout soon 😱 I will continue to work with local partners &amp; do what I can as an opposition MP, in govt as a Labour MP I will be a part of addressing these issues #for the many https://t.co/WEM1WJ9oea",Rachael_Swindon,,2017-12
2017-12-31,lesleylaird,Labour,"In 2017, young people voted in the highest numbers for a generation. They were determined to shape our country and our politics for the better.

We had a chance to build on that by lowering the voting age to 16 years old, but in November the Tories cynically sabotaged it. https://t.co/dVHSGdK4rX",jeremycorbyn,,2017-12
2017-12-31,justinmadders,Labour,In the context of the leasehold rip off for thousands of people buying new house it’s even more shocking. The government does really need to act promptly to avoid loss of confidence in the market. @justinmadders https://t.co/Pg4MpA5pZe,Peter_Dowd,@justinmadders,2017-12
2017-12-31,drlisacameronmp,Scottish National Party,Fantastic years highlights! It was great coming to meet with @2ndEK_BB and took me back to my time in the Girls Brigade many years ago. 😀 https://t.co/Eg4qCuC2Vq,2ndekbb,@2ndEK_BB,2017-12
2017-12-31,marshadecordova,Labour,Labour warns Universal Credit crisis next year to cause misery for families https://t.co/9xCWiOtLDI,Debbie_abrahams,,2017-12
2017-12-31,angusmacneilsnp,Scottish National Party,"🐑We'd LOVE to know your SHEEP BREEDS! 🐑

There are more than 60 different breeds of sheep in Britain. So comment the sheep breeds you manage below - or share a snap with us! #TeamSheep #Sheep365 #Farm365 https://t.co/QR0au6gf0s",lamlacvolac,,2017-12
2017-12-31,drewhendrysnp,Scottish National Party,#IRHHF Red Hot Highland Fling living up to its brilliant reputation again as the party goes into high gear with the fantastic @Skipinnish https://t.co/EoLcplQjwV,,@Skipinnish,2017-12
2017-12-31,liambyrnemp,Labour,"To every child of an alcoholic, we promised to make your long silent voices heard. Today the Govt listened! THANK YOU to ALL who helped write our manifesto for change @NacoaUK @AlcoholConcern #IAS @JonAshworth @CarolineFlintMP #FionaBruceMP 
@COAisathing  https://t.co/2qFxN2f89o",liambyrnemp,"@NacoaUK, @AlcoholConcern, @JonAshworth, @CarolineFlintMP, @COAisathing",2017-12
2017-12-31,angusmacneilsnp,Scottish National Party,Towards the cliffs ye swabs orders Lord Digby #UKkaput https://t.co/uPIfnPqF6n,Digbylj,,2017-12
2017-12-31,liambyrnemp,Labour,"What’s amazing about this change that .@LiamByrneMP , .@JonAshworth , .@CarolineFlintMP &amp; co have brought about is that at the heart of it is compassion and a meaningful willingness to listen. Not to just give an opportunity to speak... but to actually listen.",josh_ffw,"@LiamByrneMP, @JonAshworth, @CarolineFlintMP",2017-12
2017-12-31,tom_watson,Labour,https://t.co/cjZsu38PZa,,,2017-12
2017-12-31,lucympowell,Labour (Co-op),Still lol https://t.co/jkdY7N3lrh,BBC,,2017-12
2017-12-31,julieforburnley,Labour,I wish all my followers a Happy and Peaceful New Year. In 2018 the work goes on for  Burnley and for Britain https://t.co/K40O9UinTt,jeremycorbyn,,2017-12
2017-12-31,jimfromoldham,Labour (Co-op),Happy New Year to all in 2018✨ https://t.co/FpfycIyZRO,JimfromOldham,,2017-12
2017-12-31,samgyimah,Conservative,"Could 2018 be the year you go green and pledge to reduce, reuse and recycle more? Find out what you can recycle in the Tandridge district https://t.co/JoSoXKwMkz",TandridgeDC,,2017-12
2017-12-31,mimsdavies,Conservative,The Home Tavern in 1901. Now The Wagon Works. The newsagent on the left of this photo was demolished so that Leigh Road could be widened. Happy New Year! https://t.co/tqlCJ0H4RO,Eastleighistory,,2017-12
2017-12-31,jessphillips,Labour,"So, in 2018 - don't cede your power, your social and economic *space* to those who will use it badly. Collaborate with others who share your aims. Enjoy what is done more than the credit for doing it.

Trust yourself to shape your world, and do it. It's always better to try.",thedancingflea,,2017-12
2017-12-31,jessphillips,Labour,@Lewis_ALee @bycLIVE Thanks dude xx,Lewis_ALee,"@Lewis_ALee, @bycLIVE",2017-12
2017-12-31,bwallacemp,Conservative,@_ginger_kid And of course our preference would be to get access to content when properly oversighted and warranted. But we know what could be possible and what it not,BWallaceMP,@_ginger_kid,2017-12
2017-12-31,angelaeagle,Labour,"Yep: Grayling should quit over rail franchise 'bailout', says Adonis https://t.co/eiBsPnNreH",,,2017-12
2017-12-31,mimsdavies,Conservative,"Thanks everyone who is working tonight-again-sacrificing family time for dedication to the community &amp; putting others before themselves particularly those in NHS,service personnel,health care,fire &amp; local police.Thank you for everything &amp; we are very lucky to have you #grateful https://t.co/KaVFRI84PV",,,2017-12
2017-12-31,redditchrachel,Conservative,"@redditchrachel Fabulous idea, Rachel. If you haven’t joined the party already (and there’s only really one party that counts) then please make it your New Year’s resolution to do so! 

The @Conservatives - Building a Britain #FitForTheFuture 

https://t.co/54dTz7Hd2j",BeccyRyan,"@redditchrachel, @Conservatives",2017-12
2017-12-31,nicdakin55,Labour,"To every child of an alcoholic, we promised to make your long silent voices heard. Today the Govt listened! THANK YOU to ALL who helped write our manifesto for change @NacoaUK @AlcoholConcern #IAS @JonAshworth @CarolineFlintMP #FionaBruceMP 
@COAisathing  https://t.co/2qFxN2f89o",liambyrnemp,"@NacoaUK, @AlcoholConcern, @JonAshworth, @CarolineFlintMP, @COAisathing",2017-12
2017-12-31,annaturley,Labour (Co-op),@futuresgreen You too Darren and Matt xx,futuresgreen,@futuresgreen,2017-12
2017-12-31,nsoames,Conservative,"US hawks assume regime change in Iran would produce a pro-American government. Maybe, but I'd bet it would still be highly nationalistic, would want to keep full nuclear fuel cycle &amp; would be vigorous in defending its own perceived interests. (2)",stephenWalt,,2017-12
2017-12-31,nsoames,Conservative,Let’s be quite clear but contrary to what he says poor old Fungus does NOT lead a Govt in waiting#waiton,NSoames,,2017-12
2017-12-31,rebeccaharrismp,Conservative,"Absolutely right. Nobody wants £. Except for the world’s central banks, which hold £400bn+ (and rising). And those foreign investors who buy billions of pounds of gilts even tho yield only 1.19%. Other than that, spot on. https://t.co/S6YtGjqCWX",afneil,,2017-12
2017-12-31,stevebakerhw,Conservative,"As folks forecast UK economy for 2018, remember: assuming 1.7% growth for 2017, nearly EVERY major public + private forecaster underestimated UK growth and job creation for this year: IMF (1.1%), Barclays (0.7%), Goldman (1.4%), NIESR (1.4%), OBR (1.4%), OECD (1.2%), RBS (1%).",afneil,,2017-12
2017-12-31,alisonthewliss,Scottish National Party,MARGARET Thatcher – warned of the shedding of thousands of jobs in Scotland’s steel industry and the condemnation that would ensue for the Conservative Government – penned a brief note and…  https://t.co/pZcBd8ball,marionfellows,,2017-12
2017-12-31,onnmel,Labour,Govt confirm plans to support a national phoneline for children of alcoholics and work on cross party basis to put in place a strategy. What a victory for campaigners @NacoaUK @LiamByrneMP @CarolineFlintMP  https://t.co/pcawySjn6T,JonAshworth,"@NacoaUK, @LiamByrneMP, @CarolineFlintMP",2017-12
2017-12-31,lordwalney,Labour,"Obviously, a lot of people have been in touch asking my favourite album of 2017. Is @RobynHitchcock’s, so so good. 
(Actually no one’s asked)",,"@RobynHitchcock’s,",2017-12
2017-12-31,angusmacneilsnp,Scottish National Party,"@WingsScotland @kimgrecotpi I see the problem ... There is a bay with a castle in it ..what shall we call in ...I know ""Bagh a Chaisteil"" :))",,"@WingsScotland, @kimgrecotpi",2017-12
2017-12-31,karen_karenelee,Labour,..erm haven’t a few gone already? I bet Jeremy Hunt would be even more popular than Damian was given what’s happened to #ourNHS on his watch. Should be interesting to watch #forthemany https://t.co/LEin0O7S48,MirrorPolitics,,2017-12
2017-12-31,angusmacneilsnp,Scottish National Party,"“The British movement is separatist and backward looking, the Scottish home rule movement is inclusive and forward looking – they are as different as black and white, they are polar opposites and that is evident to see” https://t.co/zT2uCn6Ke2",Corri_Wilson,,2017-12
2017-12-31,kitmalthouse,Conservative,@Dartmouth_MIH GOOOOOAAALLL!!,Dartmouth_MIH,@Dartmouth_MIH,2017-12
2017-12-31,gavnewlandssnp,Scottish National Party,Me too. I'll see you there. https://t.co/aZn1Gx9i82,GeorgeAdam,,2017-12
2017-12-31,hannahb4livimp,Scottish National Party,"Thanks @TottyRocksLtd for the fabulous tailored ladies tux, perfect for a Hogmanay wedding! Uni pals together again @EilidhBarbour &amp; @BBCchrismclaug (who was not at uni with us but a legend nontheless!!) #hogmanaywedding #themctaggsgetmarried https://t.co/tsDtzV38Lw",,"@TottyRocksLtd, @EilidhBarbour, @BBCchrismclaug",2017-12
2017-12-31,sarahchampionmp,Labour,@marxuquera Sadly it is true but needs to change.,marxuquera,@marxuquera,2017-12
2017-12-31,nsoames,Conservative,"'The future is unknowable, but the past should give us hope' - Sir Winston Churchill #NewYearsEve https://t.co/ZnGfQkiZYz",ChartwellNT,,2017-12
2017-12-31,jamesduddridge,Conservative,Happy New Year from all of us @UKinKenya - watch @HCNicHailey reflect on UK/Kenya partnership in 2017 and look ahead to 2018 https://t.co/4IMEbqyCVR,UKinKenya,"@UKinKenya, @HCNicHailey",2017-12
2017-12-31,stuart_mcdonald,Scottish National Party,"Reality is Border Force &amp; other Home Office agencies are utterly under resourced for current duties, never mind throwing in Brexit. https://t.co/sSMukeWd4R",heraldscotland,,2017-12
2017-12-31,lordwalney,Labour,"@RobynHitchcock Anyway, https://t.co/jDnLwXL08V. It’s ace. https://t.co/h3K8xXtlLi",LordWalney,@RobynHitchcock,2017-12
2017-12-31,mimsdavies,Conservative,Loads of pictures of my highlights of my doing wonderful job across 2️⃣0️⃣1️⃣7️⃣ #Eastleigh #Hamble #HedgeEnd #Westminster supporting #Constituents #Charity #Community #MPLife         Here is to an ace  2️⃣0️⃣1️⃣8️⃣🎉✨🎇 https://t.co/WvTYvTM3xX,,,2017-12
2017-12-31,robertsyms,Conservative,"Australian High Commissioner: ""Bloody well done on Brexit, ma'am!""
Queen: ""I know, right?"" https://t.co/C4rDX8s8eA",DanielJHannan,,2017-12
2017-12-31,labourlewis,Labour,@Purfleetjohn I hope that’s where the comparison between @UKLabour and Spurs ends?! 😂,,"@Purfleetjohn, @UKLabour",2017-12
2017-12-31,acunninghammp,Labour,"Why not make your New Years resolution helping make your community even better! 
https://t.co/G21s6QAn80
17th Jan, 6.30pm, ARC Stockton. @arcstockton @CatalystComms @stocktoncouncil @BBCTees @_No_60 https://t.co/AQJCCvQZiR",StocktonSOUP,"@arcstockton, @CatalystComms, @stocktoncouncil, @BBCTees, @_No_60",2017-12
2017-12-31,nicdakin55,Labour,Something the queen and my nana agree on then. https://t.co/ZrPlaQ2n4h,Olly4Northfield,,2017-12
2017-12-31,annietrev,Conservative,"Excellent news that mothers’ names will go onto wedding certificates in future. @ukhomeoffice #EqualityforAll 

https://t.co/qm0mgpzbc0",,@ukhomeoffice,2017-12
2017-12-31,anna_soubry,Conservative,@ExileToffee @Official_NCFC Thanks and Happy New Year to you and yours,ExileToffee,"@ExileToffee, @Official_NCFC",2017-12
2017-12-31,andrewrosindell,Conservative,THIS MAKES ME SO HAPPY https://t.co/JcuWMKOAun,PupsPorn,,2017-12
