comment_id,parent_id,post_id,author,body,cleaned_body,score,created_utc
ms3yzhr,t3_1klpctv,1klpctv,serpentandivy,"You can ask, but I doubt you’d get it. Especially if it’s necessary works.","you can ask , but I doubt you d get it . especially if its necessary work .",51,2025-05-13T15:52:16+00:00
ms3zbra,t3_1klpctv,1klpctv,JMWTurnerOverdrive,"I think that's probably just part of living there - if you owned the place, would there be anything you could do about it? Probably not. Is the scaffolding needed? Probably so.

You might have a case if there's something unreasonable about it - say the scaffolding has effectively been abandoned and the landlord isn't doing anything about getting it moved, or you specifically asked about anything like this and were told no. And you can always ASK. But I wouldn't expect much.","I think that s probably just part of live there if you own the place , would there be anything you could do about it ? probably not . be the scaffolding need ? probably so . you might have a case if there s something unreasonable about it say the scaffolding have effectively be abandon and the landlord be not do anything about get it move , or you specifically ask about anything like this and be tell no . and you can always ask . but I would not expect much .",21,2025-05-13T15:53:55+00:00
ms45whn,t3_1klpctv,1klpctv,dleoghan,Christ on a bike.,christ on a bike .,12,2025-05-13T16:26:07+00:00
ms4a01b,t3_1klpctv,1klpctv,Valuable-Wallaby-167,"Probably not as it's presumably up to do some work on the building that you're living in. That you likely want them to do to keep the building inhabitable.

What did they say the scaffolding was for?",probably its presumably up to do some work on the building that you re live in . that you likely want they to do to keep the building inhabitable . what do they say the scaffolding be for ?,5,2025-05-13T16:46:08+00:00
ms5si2r,t3_1klpctv,1klpctv,iFallOverSometimes,"In all truth, you won’t be paying any premium for a basement flat with an outdoor space. I also have a basement flat with a patio and it is no more expensive than the ones above. If anything it is cheaper. Simple truth is you have no right to a reduction in rent","in all truth , you will not be pay any premium for a basement flat with an outdoor space . I also have a basement flat with a patio and it be expensive than the one above . if anything it be cheap . simple truth be you have to a reduction in rent",4,2025-05-13T21:08:08+00:00
ms45ehw,t3_1klpctv,1klpctv,alohabuilder,This is why LL don’t do improvements. How about be happy the place is being kept up?,this be why ll do not do improvement . how about be happy the place be be keep up ?,12,2025-05-13T16:23:40+00:00
ms45gwu,t1_ms3zi3f,1klpctv,mellotronworker,"Do people come to this sub to simply open their mouths and pass wind? You do not need any kind of planning permission to erect scaffolding, particularly that which sits on private land.","do people come to this sub to simply open their mouth and pass wind ? you do any kind of planning permission to erect scaffolding , particularly that which sit on private land .",15,2025-05-13T16:24:01+00:00
mrkdj9u,t3_1kj6pij,1kj6pij,cloud__19,"Search the sub, this gets asked about 5 times a day it feels like. Regularly enough anyway that all the relevant advice is there.","search the sub , this get ask about time a day it feel like . regularly enough anyway that all the relevant advice be there .",14,2025-05-10T10:05:34+00:00
mrlj8t9,t3_1kj6pij,1kj6pij,Accomplished-Bed8906,"A month of two before you want to move. As theres no fixed term contracts anymore, letting agents only get a month notice so you're not going to find many properties with a move in date more than a month ahead. I would set alerts up now though as there may be some festival lets being converted to long term tenancies in which case they will have more notice 

There's not many great agencies - Clan Gordon only good one I have experience with but they're pretty small","a month of two before you want to move . as there s term contract anymore , let agent only get a month notice so you re to find many property with a move in date more than a month ahead . I would set alert up now though as there may be some festival let be convert to long term tenancy in which case they will have more notice there s great agency clan gordon only good one I have experience with but they re pretty small",3,2025-05-10T14:59:37+00:00
mrjj98z,t3_1kj2ak3,1kj2ak3,Cinnamon-Dream,"Honestly, the idea of buying a flat for one year seems insane. The fees involved, the stress of buying and selling, time it takes. Would not be worth it. Given your uncertainty after the year, you'd be better off finding a flat share as even finding rental properties is hard right now.","honestly , the idea of buy a flat for one year seem insane . the fee involve , the stress of buy and selling , time it take . would worth it . give your uncertainty after the year , you d be well off find a flat share as even find rental property be hard right now .",75,2025-05-10T05:05:52+00:00
mrjkt64,t3_1kj2ak3,1kj2ak3,Seasick_YetDocked,"Another thing to bear in mind is where you want to live - take this year to explore the areas of Edinburgh, whether you want to live very centrally or are happy to live further out for more space/cheaper properties. Then if you do decide to stay, you can narrow down your property choices to the areas you want to live in. ","another thing to bear in mind be where you want to live take this year to explore the area of edinburgh , whether you want to live very centrally or be happy to live far out for more space cheap property . then if you do decide to stay , you can narrow down your property choice to the area you want to live in .",5,2025-05-10T05:19:15+00:00
mrk1i0e,t3_1kj2ak3,1kj2ak3,cloud__19,"Financially buying a flat for a year is absolutely bananas with all the costs involved, most places agree you should be planning to stay for at least 5 years if you're buying, although that's obviously not set in stone. There are good protections for renters in Scotland, you should look into that and see if it makes you feel more confident.","financially buy a flat for a year be absolutely banana with all the cost involve , most place agree you should be plan to stay for at least year if you re buy , although that s obviously in stone . there be good protection for renter in scotland , you should look into that and see if it make you feel more confident .",2,2025-05-10T08:00:42+00:00
mrkc06c,t3_1kj2ak3,1kj2ak3,deju_,"Can you afford to keep it as an asset if you leave? 

To be honest and it’s is a very unpopular fact on this Reddit when it comes to housing. 

Every person I know that had bought a flat for Uni and just kept it after eventually made a fortune on them. 

If you can’t afford to have it as a long term asset then rent. It’s stress free, no maintenance for a year. 

Potential to sell in a year and cover all hidden legal costs in buying is slim.","can you afford to keep it as an asset if you leave ? to be honest and its be a very unpopular fact on this reddit when it come to housing . every person I know that have buy a flat for uni and just keep it after eventually make a fortune on they . if you can not afford to have it as a long term asset then rent . its stress free , for a year . potential to sell in a year and cover all hide legal cost in buying be slim .",2,2025-05-10T09:50:11+00:00
mrkxoz0,t3_1kj2ak3,1kj2ak3,fergal777,Buy. Once you get into the Edinburgh vibe you won’t want to leave.,buy . once you get into the edinburgh vibe you will not want to leave .,1,2025-05-10T12:50:53+00:00
mrjyuvg,t3_1kj2ak3,1kj2ak3,DAZBCN,"Against some of the peoples comments here I would say look at buying, but the main thing here is do not look to sell quickly think of it as an investment, obviously not all properties are investments but Edinburgh is one of those places… I’ve known a few people who have not lost and only gained money by investing in and around Edinburgh. Renting is dead money.","against some of the people comment here I would say look at buying , but the main thing here be do to sell quickly think of it as an investment , obviously property be investment but edinburgh be one of those place I ve know a few people who have and only gain money by invest in and around edinburgh . renting be dead money .",1,2025-05-10T07:33:56+00:00
mrjjbld,t3_1kj2ak3,1kj2ak3,CuteProfessor3457,"I wouldn't purchase to sell in only a year: timescales, overheads etc. But you could always purchase for the long term but if you need to move elsewhere join the multitude of landlords in Edinburgh and use your income to rent in your new location. 

You would need to check out the latest tax position and your mortgage terms would need to support a switch to buy to rent.

But Edinburgh offers a strong rental market and good property growth. I'd look at at least 5 year horizon to let market growth outweigh selling costs etc.

You're better paying a mortgage directly if you can than sinking money into someone else's.","I would not purchase to sell in only a year timescale , overhead etc . but you could always purchase for the long term but if you need to move elsewhere join the multitude of landlord in edinburgh and use your income to rent in your new location . you would need to check out the late tax position and your mortgage term would need to support a switch to buy to rent . but edinburgh offer a strong rental market and good property growth . I d look at at least year horizon to let market growth outweigh sell cost etc . you re well pay a mortgage directly if you can than sink money into someone else .",-6,2025-05-10T05:06:25+00:00
mrjt33y,t1_mrjj98z,1kj2ak3,Historical-Mix4837,"Thank you, yes another reason I was debating for buying is because of the insane competitiveness to rent a flat in a reasonable price too. But I see your point of the stress and hassle etc, would you reckon that keeping the flat for a couple for years to rent out (if I am not in Edin) would be valuable or easier? or still seems more like a hassle?","thank you , yes another reason I be debate for buying be because of the insane competitiveness to rent a flat in a reasonable price too . but I see your point of the stress and hassle etc , would you reckon that keep the flat for a couple for year to rent out if I be edin would be valuable or easy ? or still seem more like a hassle ?",1,2025-05-10T06:36:49+00:00
mrjta6f,t1_mrjkt64,1kj2ak3,Historical-Mix4837,"Thank you for your response. I will be working in the three hospitals : Royal infirmary, western and St. john’s (in Livingston) so probably best outskirts of Edinburgh is oky too, do you have any recommendations for a good location to commute to the three locations mentioned ?","thank you for your response . I will be work in the three hospital royal infirmary , western and st . johns in livingston so probably good outskirt of edinburgh be oky too , do you have any recommendation for a good location to commute to the three location mention ?",0,2025-05-10T06:38:42+00:00
mrjtgi2,t1_mrjjbld,1kj2ak3,Historical-Mix4837,"Thank you for your help! Sorry for being a noob for properties, do you have any recommendations to who to speak to regarding mortgage etc ?","thank you for your help ! sorry for be a noob for property , do you have any recommendation to who to speak to regard mortgage etc ?",1,2025-05-10T06:40:25+00:00
mrjuzbt,t1_mrjt33y,1kj2ak3,OptionalQuality789,Buying isn’t any less competitive… well I guess it is if you’re loaded and just throw cash at a flat.,buying be not any less competitive well I guess it be if you re load and just throw cash at a flat .,15,2025-05-10T06:55:14+00:00
mrk1oja,t1_mrjt33y,1kj2ak3,FuzzBuket,Buying is mega competitive too,buying be mega competitive too,3,2025-05-10T08:02:32+00:00
mrk5j3p,t1_mrjt33y,1kj2ak3,JMWTurnerOverdrive,"Being a landlord is a hassle and nowhere near as easy as it once was. 

In your situation I would not buy. ",be a landlord be a hassle and nowhere near as easy as it once be . in your situation I would .,1,2025-05-10T08:42:30+00:00
mrjywby,t1_mrjtgi2,1kj2ak3,l_sch,"You'll want to speak to a mortgage broker, there are a lot of good online ones but they are better when you are actually in the process of getting a mortgage. I'd try and find a smaller one that is fee free and whole of the market to get some advice from. 

Generally speaking you can usually get a permission to let from your mortgage company after having stayed in the flat for a year. However once it comes to remortgaging you will likely have to switch to buy to let mortgage which are often more expensive.

Also worth considering if you rent your property out you will have to pay tax on any income (not profit) at your marginal tax rate (i.e. minimum 20%) plus additional fees for insurance, agent, periods of the property being empty and maintenance etc. make it overall not a very attractive option.","you ll want to speak to a mortgage broker , there be a lot of good online one but they be well when you be actually in the process of get a mortgage . I d try and find a small one that be fee free and whole of the market to get some advice from . generally speak you can usually get a permission to let from your mortgage company after having stay in the flat for a year . however once it come to remortgage you will likely have to switch to buy to let mortgage which be often more expensive . also worth consider if you rent your property out you will have to pay tax on any income at your marginal tax rate minimum plus additional fee for insurance , agent , period of the property be empty and maintenance etc . make it overall very attractive option .",1,2025-05-10T07:34:20+00:00
mrk5zuv,t1_mrjtgi2,1kj2ak3,CuteProfessor3457,"Broker will let you access the biggest market, but your own bank might be a good place to start and learn how it all works.

Lots of options around mortgage rates, how they work, with terms that may or may not help you with your goal.

Also look at things like stamp duty, depending on how much you are spending.

Rates are driven by what government set plus risk in you and your loan. So if you put more deposit, you generally get better rate.","broker will let you access the big market , but your own bank might be a good place to start and learn how it all work . lot of option around mortgage rate , how they work , with term that may or may you with your goal . also look at thing like stamp duty , depend on how much you be spend . rate be drive by what government set plus risk in you and your loan . so if you put more deposit , you generally get well rate .",1,2025-05-10T08:47:13+00:00
mrk1s4d,t1_mrjywby,1kj2ak3,cloud__19,"Plus CGT when it does get sold, additional rate LBTT/SDLT if it doesn't get sold. And on a practical level, it's deliberately pretty hard to evict tenants. The system is designed to discourage people from hoarding housing by making it difficult and expensive.","plus cgt when it do get sell , additional rate lbtt sdlt if it do not get sell . and on a practical level , its deliberately pretty hard to evict tenant . the system be design to discourage people from hoard housing by make it difficult and expensive .",2,2025-05-10T08:03:32+00:00
mr4ce3a,t3_1kh0q5k,1kh0q5k,plights4aisomer,"Since you mentioned you have a car; if you’re thinking of using it to commute into the city then keep in mind the high parking charges, or plan to park at a park & ride and use public transport from there","since you mention you have a car if you re think of use it to commute into the city then keep in mind the high parking charge , or plan to park at a park ride and use public transport from there",3,2025-05-07T19:35:28+00:00
mr34a0i,t3_1kh0q5k,1kh0q5k,missfoxsticks,I think you may need to look outside of Edinburgh. Is that your take home income? If so then the max you can spend on rent realistically is around £950 a month. Heating costs are expensive in the winter and your pool of available properties will be small as few flats allow dogs,I think you may need to look outside of edinburgh . be that your take home income ? if so then the max you can spend on rent realistically be around a month . heating cost be expensive in the winter and your pool of available property will be small as few flat allow dog,7,2025-05-07T16:04:15+00:00
mr3gee2,t3_1kh0q5k,1kh0q5k,Kingofmostthings,Look outside of Edinburgh if you want somewhere with a dog.,look outside of edinburgh if you want somewhere with a dog .,2,2025-05-07T17:02:40+00:00
mr32g9z,t3_1kh0q5k,1kh0q5k,lawlg,Id say you're looking at £950-1300. It does depend on location tho and if you want to be living on your own or in a house share.,I d say you re look at . it do depend on location tho and if you want to be live on your own or in a house share .,2,2025-05-07T15:55:25+00:00
mrhyz6v,t1_mr4ce3a,1kh0q5k,Neat_Tip_7943,Thank you,thank you,1,2025-05-09T22:48:14+00:00
mr3k3rw,t1_mr34a0i,1kh0q5k,Neat_Tip_7943,"Yes outside of Edinburgh is fine for me as I have a car, online it says to do 30% of your income, but thats only £650 and thats really a small amount for what I'm looking for, and a small amount in general","yes outside of edinburgh be fine for I as I have a car , online it say to do of your income , but that s only and that s really a small amount for what I m look for , and a small amount in general",-1,2025-05-07T17:20:20+00:00
mr3kayl,t1_mr34a0i,1kh0q5k,Neat_Tip_7943,Also is that with or without bills?,also be that with or ?,-1,2025-05-07T17:21:17+00:00
mr3k6qc,t1_mr3gee2,1kh0q5k,Neat_Tip_7943,Yes I have a car so that's fine for me,yes I have a car so that s fine for I,1,2025-05-07T17:20:44+00:00
mr3kb8k,t1_mr32g9z,1kh0q5k,Neat_Tip_7943,Is that without bills?,be that ?,1,2025-05-07T17:21:19+00:00
mr3kpnn,t1_mr3k3rw,1kh0q5k,missfoxsticks,You’ll get nothing near Edinburgh with a garden for that price - even a shit hole,you ll get nothing near edinburgh with a garden for that price even a shit hole,3,2025-05-07T17:23:12+00:00
mr7mbdy,t1_mr3k3rw,1kh0q5k,Unlikely_Project7443,That figure is outdated. For most people renting is now half of their income.,that figure be outdate . for most people rent be now half of their income .,2,2025-05-08T08:17:33+00:00
mr3kkz2,t1_mr3kayl,1kh0q5k,missfoxsticks,Without - virtually no properties will be rented or advertised with bills included. Also parking in Edinburgh is very limited and expensive so factor that in,without virtually will be rent or advertise with bill include . also park in edinburgh be very limited and expensive so factor that in,2,2025-05-07T17:22:35+00:00
ms9eime,t1_mr3kb8k,1kh0q5k,lawlg,Yeah that would be not including bills and that would be living alone,yeah that would be bill and that would be live alone,1,2025-05-14T12:43:21+00:00
mr7iawp,t1_mr3kpnn,1kh0q5k,Unidain,You'll find rooms in shared flats with communal gardens for that price,you ll find room in share flat with communal garden for that price,1,2025-05-08T07:35:08+00:00
mrhyxu2,t1_mr7mbdy,1kh0q5k,Neat_Tip_7943,Thanks,thank,1,2025-05-09T22:48:00+00:00
mr3lvv7,t1_mr3kkz2,1kh0q5k,Neat_Tip_7943,"I managed to find some decent places for around 7-800 without bills that are 1-2 bedroom with a garden thats 45 mins-1 hour out, which is fine for me, as soon as you put 'pet friendly' it reduces to about 5 options! But I'll have to make do","I manage to find some decent place for around that be bedroom with a garden that s hour out , which be fine for I , as soon as you put pet friendly it reduce to about option ! but ill have to make do",4,2025-05-07T17:28:41+00:00
mr7lv0a,t1_mr7iawp,1kh0q5k,missfoxsticks,Very very tough if not impossible to find shared flats who would allow and be happy with a dog - you can’t keep a dog in a bedroom the whole time,very very tough if to find share flat who would allow and be happy with a dog you can not keep a dog in a bedroom the whole time,3,2025-05-08T08:12:41+00:00
mr3pdfc,t1_mr3lvv7,1kh0q5k,missfoxsticks,"Have a look at Kircaldy and Cowdenbeath - cheaper and both have trains to central Edinburgh. This wee flat is nice and has street parking and a little fenced garden [Flat](https://www.rightmove.co.uk/properties/160729520). One thing to be aware of if you’re coming from abroad is that landlords can ask for extra security / guarantors if you don’t have a uk credit rating etc. If you’re moving from within the uk this obviously shouldn’t be an issue. Also, if it’s a ground floor flat or house and it says no pets it’s sometimes worth enquiring anyway and offering to pay an additional pet deposit or explaining that the dog is well behaved / house trained / not left alone for long etc as sometimes they’re willing to make an exception.","have a look at kircaldy and cowdenbeath cheap and both have train to central edinburgh . this wee flat be nice and have street parking and a little fence garden flat one thing to be aware of if you re come from abroad be that landlord can ask for extra security guarantor if you do not have a uk credit rating etc . if you re move from within the uk this obviously should not be an issue . also , if its a ground floor flat or house and it say its sometimes worth enquire anyway and offer to pay an additional pet deposit or explain that the dog be well behave house train alone for long etc as sometimes they re willing to make an exception .",2,2025-05-07T17:45:01+00:00
mr3rdv4,t1_mr3pdfc,1kh0q5k,Neat_Tip_7943,"I'm from the UK so thats fine. That's great advice thank you, I was originally just going to ignore the ones that say no pets, but I will do that. Thanks so much","I m from the uk so that s fine . that s great advice thank you , I be originally just go to ignore the one that say , but I will do that . thank so much",3,2025-05-07T17:54:21+00:00
mr3rngt,t1_mr3rdv4,1kh0q5k,missfoxsticks,Good luck! I used to work in leasing and it’s a shitty market right now - lots of landlords exiting and ever increasing demand,good luck ! I use to work in leasing and its a shitty market right now lot of landlord exit and ever increase demand,1,2025-05-07T17:55:34+00:00
mr3wa8q,t1_mr3rngt,1kh0q5k,Neat_Tip_7943,Lucky me!,lucky I !,2,2025-05-07T18:17:30+00:00
mpx8gqo,t3_1kbtaj5,1kbtaj5,Kingofmostthings,"You need to give details like budget, area, rooms, etc. otherwise people arn’t going to be able to help.","you need to give detail like budget , area , room , etc . otherwise people arnt go to be able to help .",4,2025-04-30T22:41:56+00:00
mpz0vlz,t3_1kbtaj5,1kbtaj5,Osprenti,Have you tried Gumtree?,have you try gumtree ?,3,2025-05-01T05:25:30+00:00
mpzd0hk,t3_1kbtaj5,1kbtaj5,theurbanjedi,OpenRent ,openrent,1,2025-05-01T07:23:27+00:00
mpzj6vz,t1_mpz0vlz,1kbtaj5,spookygayalexx,"we haven't! didn't even think of there, thanks","we have not ! do not even think of there , thank",1,2025-05-01T08:30:23+00:00
mpc5ix8,t3_1k97ylu,1k97ylu,Pleasant-Following79,"South Queensferry/Kirkliston/South Gyle/ Ratho/ Winchburgh. Midlothian eg Penicuik/Gorebridge/Newtongrange etc.
East Lothian Musselburgh/Tranent/Haddington. 

These are good areas just within your preferred commute. 

There are plenty of good areas in the suburbs of Edinburgh as well. Also there's always property being built all over the city as far as I can tell. Good luck, it's a great city","south queensferry kirkliston south winchburgh . midlothian eg penicuik gorebridge newtongrange etc . east lothian musselburgh tranent haddington . these be good area just within your preferred commute . there be plenty of good area in the suburb of edinburgh as well . also there s always property be build all over the city as far as I can tell . good luck , its a great city",3,2025-04-27T16:43:01+00:00
mpc7tm2,t3_1k97ylu,1k97ylu,AggressiveGoGetter,"Coincidentally looking to do the same, but in reverse, Edinburgh back to Belfast. One thing definitely to consider is public transport is MUCH better over here than back home. So you can afford to work centrally and live Mid/East/West Lothian. We looked out towards Livingston too. What do you think you’d be looking to spend in rent?

Do find it easier to find a rental here than in Belfast with an animal, we’ve 2 cats and it’s been dead easy every time.

Also no water charges here, that’s an England/Wales thing. Council tax takes that into account instead.

Any questions hit me up. Born raised and lived Belfast since birth, been over here for 7 years.","coincidentally look to do the same , but in reverse , edinburgh back to belfast . one thing definitely to consider be public transport be much well over here than back home . so you can afford to work centrally and live mid east west lothian . we look out towards livingston too . what do you think you d be look to spend in rent ? do find it easy to find a rental here than in belfast with an animal , we ve cat and its be dead easy every time . also charge here , that s an england wale thing . council tax take that into account instead . any question hit I up . bear raise and live belfast since birth , be over here for year .",1,2025-04-27T16:54:46+00:00
mpgrdii,t1_mpc5ix8,1k97ylu,TruthfulCartographer,Appreciate that. I guess it’s not the most focused question just trying to get a feel before making a move. Seems like I’m gonna have to go on a visit and suss it out a bit then grab a rental for a year,appreciate that . I guess its most focused question just try to get a feel before make a move . seem like I m go to have to go on a visit and suss it out a bit then grab a rental for a year,1,2025-04-28T11:23:13+00:00
mpc9uro,t1_mpc7tm2,1k97ylu,TruthfulCartographer,"Cheers appreciate that. Aye the transport is woeful in NI.

Rent wise it’s hard to say. But I reckon between £1000-1200 seems doable. Although having a Quick Look on right move it seems expensive around Edinburgh. At the moment we are barely paying 800 at home because it’s a low ish cost mortgage+extras situation for our house. Ideally would be looking some kind of 2.5 bedroom house (ie a box room to stick a desk in and work from).

May give you a shout for any other advice.",cheer appreciate that . aye the transport be woeful in ni . rent wise its hard to say . but I reckon between seem doable . although have a quick look on right move it seem expensive around edinburgh . at the moment we be barely pay at home because its a low ish cost mortgageextras situation for our house . ideally would be look some kind of bedroom house ie a box room to stick a desk in and work from . may give you a shout for any other advice .,1,2025-04-27T17:04:53+00:00
mpchylh,t1_mpc9uro,1k97ylu,AggressiveGoGetter,"Yeah feel free, £1000-1200 is definitely doable, key thing is, is to look regularly and sort by new, they do tend to go right and quick, particularly as we move towards summer. 

People can be quick to put the place down for whatever reason but it’s honestly a great place to live, particularly for the reason you’re looking for in terms of career. Well aware that my situation is very unique, but comparatively to living in Belfast, I managed to triple my income through being over here vs back home. Well aware it’s not the case for everyone, but again for my wife who has a more niche masters degree, she was well able to get a decent job at the hospital relatively quick","yeah feel free , be definitely doable , key thing be , be to look regularly and sort by new , they do tend to go right and quick , particularly as we move towards summer . people can be quick to put the place down for whatever reason but its honestly a great place to live , particularly for the reason you re look for in term of career . well aware that my situation be very unique , but comparatively to live in belfast , I manage to triple my income through be over here vs back home . well aware its case for everyone , but again for my wife who have a more niche master degree , she be well able to get a decent job at the hospital relatively quick",0,2025-04-27T17:44:41+00:00
mnket9w,t3_1k19fhe,1k19fhe,maza1980,Rented from them for 14 years with no real issues apart from incompetent sub contractors they used for a roof repair   but they were always easy to deal with and we got full deposit back when we left,rent from they for year with issue apart from incompetent sub contractor they use for a roof repair but they be always easy to deal with and we get full deposit back when we leave,4,2025-04-17T11:25:23+00:00
mnju3ms,t3_1k167t3,1k167t3,deju_,Sorry but this reeks of having done no research.,sorry but this reek of having do .,4,2025-04-17T08:09:23+00:00
mnjllrm,t3_1k167t3,1k167t3,tubbytucker,Sigh...look back through the sub.,sigh look back through the sub .,23,2025-04-17T06:41:57+00:00
mnjm5k9,t3_1k167t3,1k167t3,Kingofmostthings,Search the sub. Lots of good info and similar gets asked at least once a week. Good luck,search the sub . lot of good info and similar get ask at least once a week . good luck,5,2025-04-17T06:47:25+00:00
mnjm23f,t3_1k167t3,1k167t3,Viconahopa,"You can find a 3 bed place in town for that, just depends on what other elements are important to you. For areas like [Hillside] (or Comely bank, morningside, newington) (https://www.rightmove.co.uk/properties/159700199), there are plenty of shops, near public transport, parks nearby, but you will be in a flat. 

If you would like a terraced house with private garden, expect to go more out to the suburbs. Corstorphine may be a good place to look. But more out of the way, but has a lot of shops on the main road and close to the zoo.","you can find a bed place in town for that , just depend on what other element be important to you . for area like hillside or comely bank , morningside , newington there be plenty of shop , near public transport , park nearby , but you will be in a flat . if you would like a terrace house with private garden , expect to go more out to the suburb . corstorphine may be a good place to look . but more out of the way , but have a lot of shop on the main road and close to the zoo .",2,2025-04-17T06:46:26+00:00
mnjo5oi,t1_mnjllrm,1k167t3,Psychological-Arm844,But if this is always the response then you will probably find that all those previous posts are also useless.,but if this be always the response then you will probably find that all those previous post be also useless .,7,2025-04-17T07:07:27+00:00
mn8duz1,t3_1jzs1sy,1jzs1sy,JMWTurnerOverdrive,"No harm in looking, if the rent is too high. 

Do you have a locked front door, or can people walk up to the flat? Either way, I might have a note up along the lines of ""As of XX/XX/2025 the 'business' here has moved. Unwanted harassment will be reported to the police.'

A doorbell camera, if you can install one, will put them right off. 

If it was me I'd be opening the door and saying  ""Ah, are you looking for the brothel?"" loudly, but that's me...","in look , if the rent be too high . do you have a locked front door , or can people walk up to the flat ? either way , I might have a note up along the line of as of xx the business here have move . unwanted harassment will be report to the police . a doorbell camera , if you can install one , will put they right off . if it be I i d be open the door and say ah , be you look for the brothel ? loudly , but that s I",115,2025-04-15T13:45:52+00:00
mn8fqn0,t3_1jzs1sy,1jzs1sy,WiSH-Dumain,"A sign on the door saying ""The former tenants have left.""?",a sign on the door say the former tenant have leave . ?,31,2025-04-15T13:56:05+00:00
mn8p5qe,t3_1jzs1sy,1jzs1sy,bearlybearbear,"You can buy fake cctv cameras and a cctv ""in operation""sign, i would put that upfront on the door. A good deterrent.","you can buy fake cctv camera and a cctv in operationsign , I would put that upfront on the door . a good deterrent .",19,2025-04-15T14:45:08+00:00
mn8d6yj,t3_1jzs1sy,1jzs1sy,IdkWTFshOuLdIcAlL,"And it’s in Newington. 
Other evidence of my flat being a former brothel are used condoms i found in the stuck vacuum, and men knocking on my door requiring ‘special’ services and claiming my flat was a cathouse. 
I didn’t give a single fk about this till one of the men trynna break in. I shouted i will call the police if he wouldn’t leave and he said he was a police, then started to takeoff his clothes straight tf away. i know it’s hilarious but this shit scared the fk out of me.","and its in newington . other evidence of my flat be a former brothel be use condom I find in the stuck vacuum , and man knock on my door require special service and claim my flat be a cathouse . I do not give a single fk about this till one of the man trynna break in . I shout I will call the police if he would not leave and he say he be a police , then start to takeoff his clothe straight tf away . I know its hilarious but this shit scare the fk out of I .",40,2025-04-15T13:42:10+00:00
mn8kih2,t3_1jzs1sy,1jzs1sy,United-Syllabub-9914,Get a ring doorbell – this way you can see who’s out there and it also might put other people who are looking for the previous tenants off to know they’re being recorded,get a ring doorbell this way you can see who s out there and it also might put other people who be look for the previous tenant off to know they re be record,10,2025-04-15T14:21:35+00:00
mn8mp2z,t3_1jzs1sy,1jzs1sy,IdkWTFshOuLdIcAlL,guys i already have a sign on my doorbell says former tenants moved out don’t buzz me if you’re looking for them,guy I already have a sign on my doorbell say former tenant move out do not buzz I if you re look for they,11,2025-04-15T14:32:42+00:00
mnanhvs,t3_1jzs1sy,1jzs1sy,Kirstemis,"You could take photos of them and post them on facebook/nextdoor with a comment saying ""if you know this guy, please tell him that the flat in \[street\] isn't a brothel and he's no longer welcome.""","you could take photo of they and post they on facebook nextdoor with a comment say if you know this guy , please tell he that the flat in street be not a brothel and he s welcome .",6,2025-04-15T20:34:00+00:00
mn8l375,t3_1jzs1sy,1jzs1sy,Nearby-Internal3650,Put a sign up???,put a sign up ? ? ?,2,2025-04-15T14:24:31+00:00
mna6qo1,t3_1jzs1sy,1jzs1sy,CartoonistNo9,"Put a sign on the door stating no unsolicited calls. Property under new ownership. 

Word travels fast amongst brothel users.",put a sign on the door state call . property under new ownership . word travel fast amongst brothel user .,2,2025-04-15T19:10:35+00:00
mn8q4qz,t3_1jzs1sy,1jzs1sy,Practical_Outcome771,Cathouse? Didn't realise we were in the Old West still...,cathouse ? do not realise we be in the old west still,4,2025-04-15T14:50:01+00:00
mndu2y5,t3_1jzs1sy,1jzs1sy,GuanacoLunch,"Looking for a cat house... Found a cathouse 😿💔😿

(in all seriousness, I'm sorry, that sounds frightening and overwhelming and I hope you can find a solution)","look for a cat house find a cathouse in all seriousness , I m sorry , that sound frightening and overwhelming and I hope you can find a solution",3,2025-04-16T10:08:59+00:00
mnmafb9,t3_1jzs1sy,1jzs1sy,Maximum-Mind,A sign on the wall saying CCTV in use (even if there isn’t any) people tend not to stay around looking for it.,a sign on the wall say cctv in use even if there be not any people tend stay around look for it .,1,2025-04-17T17:26:24+00:00
mnyfrgy,t3_1jzs1sy,1jzs1sy,Locksmithbloke,"No idea without seeing the place, but I did a gate repair recently for someone who had drug seekers/dealers knocking on her ground floor window at all hours. She's now got a locked gate to stop them reaching her window easily.","the place , but I do a gate repair recently for someone who have drug seeker dealer knock on her ground floor window at all hour . she s now get a locked gate to stop they reach her window easily .",1,2025-04-19T17:19:01+00:00
mn8ex3w,t1_mn8duz1,1jzs1sy,IdkWTFshOuLdIcAlL,"i live in the ground floor and my friend used to knock on my window then i open the front door for them straight away cuz the buzzer was cut off by former tenants. That’s the reason those scumbags had the chance to trynna break in. now i fixed the buzzer and it do help a lot to block the strangers out, but some of the chinese men seems to have keys of front door cuz i didn’t open the front door and they just came in and knocked on my flat door…

and yeah i did that! when one of the guys said he wanted special service and i replied the only special service i could provide is chop your fuckin dick off and then pull out my kitchen knife💀 this shit works sometimes","I live in the ground floor and my friend use to knock on my window then I open the front door for they straight away cuz the buzzer be cut off by former tenant . that s the reason those scumbag have the chance to trynna break in . now I fix the buzzer and it do help a lot to block the stranger out , but some of the chinese man seem to have key of front door cuz I do not open the front door and they just come in and knock on my flat door and yeah I do that ! when one of the guy say he want special service and I reply the only special service I could provide be chop your fuckin dick off and then pull out my kitchen knife this shit work sometimes",37,2025-04-15T13:51:40+00:00
mn9jid9,t1_mn8duz1,1jzs1sy,BoxAlternative9024,^^^ don’t do this. Poor advice,do not do this . poor advice,3,2025-04-15T17:15:38+00:00
mn8g10r,t1_mn8fqn0,1jzs1sy,IdkWTFshOuLdIcAlL,i had it on my front door buzzer and i pull out tons of LGBTQ flats in front of my windows. They will ignore those and still knocking anyways,I have it on my front door buzzer and I pull out ton of lgbtq flat in front of my window . they will ignore those and still knock anyways,8,2025-04-15T13:57:40+00:00
mnk4v2q,t1_mn8p5qe,1jzs1sy,AnAlbannaichRigh,"Real ones are very cheap and provide actual security. A TP-link camera is £20, can be moved, remotely viewed, listened and spoken through and they offer a reasonably priced subscription service to auto record videos when the camera detects noise or movement. 

There are plenty of other options, many of which are far superior but my personal experience has been with TP-Link and the only problem I had was the videos wouldn't always record but that may be due to my network rather than their service. I suggest using a camera with an ethernet cable if possible, it'll be consistently available and it's more secure, on the note of security if you do this, make sure you put a strong password on the account because there's a whole online world that's built around looking for unsecured cameras.","real one be very cheap and provide actual security . a tplink camera be , can be move , remotely view , listen and speak through and they offer a reasonably price subscription service to auto record video when the camera detect noise or movement . there be plenty of other option , many of which be far superior but my personal experience have be with tplink and the only problem I have be the video would not always record but that may be due to my network rather than their service . I suggest use a camera with an ethernet cable if possible , it ll be consistently available and its more secure , on the note of security if you do this , make sure you put a strong password on the account because there s a whole online world that s build around look for unsecured camera .",2,2025-04-17T10:01:05+00:00
mn9dogj,t1_mn8d6yj,1jzs1sy,ferdia6,"Right... If you haven't called non-emergency police already I would. Based on this one encounter alone. 
Don't leave it too late, get a report and description etc over.","right if you have not call nonemergency police already I would . base on this one encounter alone . do not leave it too late , get a report and description etc over .",34,2025-04-15T16:47:32+00:00
mn8njz1,t1_mn8d6yj,1jzs1sy,thebounce42,"oh wow. I used to live in Newington when I was a student in 2016/17, a bit down the hill after the shops stop, and I remember seeing a house that seemed a bit like a brothel. This definitely sucks, hope these former clients figure out that whoever ran the brothel has moved and leave you alone soon!","oh wow . I use to live in newington when I be a student in , a bit down the hill after the shop stop , and I remember see a house that seem a bit like a brothel . this definitely suck , hope these former client figure out that whoever run the brothel have move and leave you alone soon !",12,2025-04-15T14:37:00+00:00
mn8m71u,t1_mn8d6yj,1jzs1sy,WarpedWilly,"Get a ring door bell and have a sign saying ""This is not a brothel""",get a ring door bell and have a sign say this be brothel,4,2025-04-15T14:30:09+00:00
mn9rtsk,t1_mn8d6yj,1jzs1sy,pretty_gauche6,Jesus Christ why would someone keep trying to get in after being told it’s not what they’re looking for,jesus christ why would someone keep try to get in after be tell its they re look for,6,2025-04-15T17:55:38+00:00
mnff82i,t1_mn8d6yj,1jzs1sy,AlexPenname,"The police may say they can't do anything, but still report it every time. A sign and even a fake camera that says ""the cathouse has moved **and anyone who attempts entry is being recorded and WILL be reported to the police**"" may help. The sign alone saying someone new lives here alone doesn't seem to be enough.

Keeping a dog bowl full of water outside can also help with unwanted intruders--that was my poor man's security system for a while. You don't need a dog, just evidence of a dog.","the police may say they can not do anything , but still report it every time . a sign and even a fake camera that say the cathouse have move and anyone who attempt entry be be record and will be report to the police may help . the sign alone say someone new life here alone do not seem to be enough . keep a dog bowl full of water outside can also help with unwanted intrudersthat be my poor man security system for a while . you do not need a dog , just evidence of a dog .",1,2025-04-16T15:55:58+00:00
mn8l8oz,t1_mn8kih2,1jzs1sy,IdkWTFshOuLdIcAlL,"my building buzzer is a bit old and don’t have cameras, changing the whole intercom system is not ideal since it cost a lot. will check out if there are any individual intercom devices that i could afford tho :3 thanks for advice","my building buzzer be a bit old and do not have camera , change the whole intercom system be since it cost a lot . will check out if there be any individual intercom device that I could afford tho thank for advice",1,2025-04-15T14:25:17+00:00
mndlrdf,t1_mnagfhf,1jzs1sy,IdkWTFshOuLdIcAlL,"my thought i could at least live a peaceful life here since the rent is so high but actually no, and i could tell landlord knows abt what happened in this house but didn’t tell me, therefore it’s obviously not worth such a high rent. If I'm gonna live here for a while till I find a new place, maybe lower rent is better. And thx for your advice! I’ve ordered a real cam :)","my thought I could at least live a peaceful life here since the rent be so high but actually no , and I could tell landlord know abt what happen in this house but do not tell I , therefore its obviously such a high rent . if I m go to live here for a while till I find a new place , maybe low rent be well . and thx for your advice ! I ve order a real cam",1,2025-04-16T08:41:29+00:00
mndzotc,t1_mndu2y5,1jzs1sy,IdkWTFshOuLdIcAlL,"lol one of the guy told me my flat is a cathouse, i didn’t understand what is a cathouse at that time till i saw a post abt an international student trynna find a cat cafe but run into a ‘cathouse’.. it’s hilarious","lol one of the guy tell I my flat be a cathouse , I do not understand what be a cathouse at that time till I see a post abt an international student trynna find a cat cafe but run into a cathouse its hilarious",2,2025-04-16T10:59:06+00:00
mnykaks,t1_mnyfrgy,1jzs1sy,IdkWTFshOuLdIcAlL,"that must be a shitty experience! glad you helped her. my landlord is considering doing something with the building gate, someone will come and check out next week.","that must be a shitty experience ! glad you help she . my landlord be consider do something with the building gate , someone will come and check out next week .",2,2025-04-19T17:42:25+00:00
mn8fwel,t1_mn8ex3w,1jzs1sy,hawk_wood16,cant the landlord help you to change the locks?,can not the landlord help you to change the lock ?,13,2025-04-15T13:56:58+00:00
mndn0jg,t1_mn8ex3w,1jzs1sy,kombuchalover420,why is the race of the men a detail here? doesn't seem relevant.,why be the race of the man a detail here ? do not seem relevant .,-2,2025-04-16T08:54:58+00:00
mn8kgko,t1_mn8g10r,1jzs1sy,JMWTurnerOverdrive,How long have you been there? Pain in the neck. to deal with. Have you... considered opening a brothel?,how long have you be there ? pain in the neck . to deal with . have you consider open a brothel ?,22,2025-04-15T14:21:19+00:00
mn8pfnz,t1_mn8njz1,1jzs1sy,IdkWTFshOuLdIcAlL,yeah and i recently found that this is not the only spot they got! some of my friends tell me they’ve heard someone also being harassed by these guys. i really hope authorities could do something to stop these guys from running brothels and breaking the peace of the city.,yeah and I recently find that this be only spot they get ! some of my friend tell I they ve hear someone also be harass by these guy . I really hope authority could do something to stop these guy from run brothel and break the peace of the city .,8,2025-04-15T14:46:31+00:00
mn8mifc,t1_mn8m71u,1jzs1sy,IdkWTFshOuLdIcAlL,i already have a sign said the former tenants had moved out don’t buzz if you’re looking for them,I already have a sign say the former tenant have move out do not buzz if you re look for they,7,2025-04-15T14:31:45+00:00
mndzbf3,t1_mn9rtsk,1jzs1sy,IdkWTFshOuLdIcAlL,yeah one of them came twice in a row and keep doubting if i’m a worker too. kinda humiliating.,yeah one of they come twice in a row and keep doubt if I m a worker too . kinda humiliating .,4,2025-04-16T10:56:03+00:00
mndz7ny,t1_mnah8uc,1jzs1sy,IdkWTFshOuLdIcAlL,was telling the whole story. if this made you uncomfortable i’m sorry. i’ve edited it,be tell the whole story . if this make you uncomfortable I m sorry . I ve edit it,0,2025-04-16T10:55:13+00:00
mnffnj1,t1_mndlrdf,1jzs1sy,AlexPenname,"Speaking as a fellow international student, private lets can be *really* good but also terrible. I can say Tollcross is nice and not terribly expensive, but still also close to uni.","speak as a fellow international student , private let can be really good but also terrible . I can say tollcross be nice and expensive , but still also close to uni .",2,2025-04-16T15:58:04+00:00
mn8gel6,t1_mn8fwel,1jzs1sy,IdkWTFshOuLdIcAlL,the front door lock it’s a bit tricky tho,the front door lock its a bit tricky tho,3,2025-04-15T13:59:41+00:00
mndyz0s,t1_mndn0jg,1jzs1sy,IdkWTFshOuLdIcAlL,"i didn’t consider abt this, sorry if this made you uncomfortable. will take it down.","I do not consider abt this , sorry if this make you uncomfortable . will take it down .",1,2025-04-16T10:53:17+00:00
mn8lvp9,t1_mn8kgko,1jzs1sy,IdkWTFshOuLdIcAlL,"7 months now and no, i personally prefer illegalising purchasing for sex, it’s kinda exploitation of women and enhancing patriarchy","month now and no , I personally prefer illegalise purchase for sex , its kinda exploitation of woman and enhance patriarchy",-9,2025-04-15T14:28:33+00:00
mn9jodx,t1_mn8kgko,1jzs1sy,BoxAlternative9024,😆,,-1,2025-04-15T17:16:25+00:00
mn8pni7,t1_mn8pc8g,1jzs1sy,IdkWTFshOuLdIcAlL,"woah this is real nice. thank you, ordering one rn.","woah this be real nice . thank you , order one rn .",3,2025-04-15T14:47:36+00:00
mnfgl3z,t1_mnffnj1,1jzs1sy,IdkWTFshOuLdIcAlL,"can’t deny it’s a great area, but it would be very difficult to rent a flat there since huge numbers of potential tenants are competing with me, and most of them have a real job or have guarantors 🥲","can not deny its a great area , but it would be very difficult to rent a flat there since huge number of potential tenant be compete with I , and most of they have a real job or have guarantor",0,2025-04-16T16:02:40+00:00
mnyiggb,t1_mn8gel6,1jzs1sy,Locksmithbloke,"If a load of random men have keys, and keep letting themselves in, then the lock needs changed anyway.","if a load of random man have key , and keep let themselves in , then the lock need change anyway .",1,2025-04-19T17:32:53+00:00
mnyffxb,t1_mndyz0s,1jzs1sy,Locksmithbloke,"If it's only Chinese men with a key, and everyone else knocks, then it's a possibly important detail.","if its only chinese man with a key , and everyone else knock , then its a possibly important detail .",1,2025-04-19T17:17:22+00:00
mn8mlp5,t1_mn8lvp9,1jzs1sy,JMWTurnerOverdrive,"Seven months? Your address must still be online, or be given out somewhere, I'd guess.

\>  personally prefer illegalising purchasing for sex, it’s kinda exploitation of women and enhancing patriarchy

True. Probably not the best idea.","seven month ? your address must still be online , or be give out somewhere , i d guess . personally prefer illegalise purchase for sex , its kinda exploitation of woman and enhance patriarchy true . probably good idea .",11,2025-04-15T14:32:13+00:00
mn9jrbc,t1_mn8lvp9,1jzs1sy,BoxAlternative9024,😬,,0,2025-04-15T17:16:49+00:00
mn917g7,t1_mn8pni7,1jzs1sy,bearlybearbear,"Apologies the one I linked doesn't work without other cameras present, you need this one:

https://www.argos.co.uk/product/8449498?rec=GPDP[8449742]:bottomSlider:P1:OHAT:alternatives:8449498:EJNMNkbAPNlYMdvdsXkM

Camcel the other and order this one instead for £4 more.","apology the one I link do not work camera present , you need this one camcel the other and order this one instead for more .",3,2025-04-15T15:45:18+00:00
mn8qgrt,t1_mn8pni7,1jzs1sy,Common_Physics_1568,"If you're putting it outside your flat door you might want to speak to your neighbours as some people don't like cameras in a shared stairwell. However, I think most people will be fine with it if you explain what's going on","if you re put it outside your flat door you might want to speak to your neighbour as some people do not like camera in a share stairwell . however , I think most people will be fine with it if you explain what s go on",3,2025-04-15T14:51:43+00:00
mn90fjj,t1_mn8pni7,1jzs1sy,bearlybearbear,"No problem, saw it on a deal site.",", see it on a deal site .",1,2025-04-15T15:41:28+00:00
mnfh6sc,t1_mnfgl3z,1jzs1sy,AlexPenname,Unfortunately that's the same pretty much across the city at the moment--I had the best luck with private landlords. Just make sure you look them up in the landlord registry (unlicensed flats are a big deal to the council) and that your deposit is held by the agency rather than just given to the landlord.,unfortunately that s the same pretty much across the city at the momenti have the good luck with private landlord . just make sure you look they up in the landlord registry unlicensed flat be a big deal to the council and that your deposit be hold by the agency rather than just give to the landlord .,1,2025-04-16T16:05:43+00:00
mnyjtpj,t1_mnyffxb,1jzs1sy,IdkWTFshOuLdIcAlL,"Thanks for the heads up, i do heard someone living in my area was also knocked by these chinese guys with same reason. I knew there were some chinese gang but i didn’t know they are still active and also running brothel. I already reported this to the police","thank for the head up , I do hear someone live in my area be also knock by these chinese guy with same reason . I know there be some chinese gang but I do not know they be still active and also run brothel . I already report this to the police",1,2025-04-19T17:39:59+00:00
mn8s03e,t1_mn8qgrt,1jzs1sy,IdkWTFshOuLdIcAlL,yes i will talk to them! thank you :),yes I will talk to they ! thank you,5,2025-04-15T14:59:19+00:00
mnfib4s,t1_mnfh6sc,1jzs1sy,IdkWTFshOuLdIcAlL,speaking of unregistered landlord i’ve unfortunately encountered one 2years ago lol. after i found out she didn’t secure my deposit and even the flat was unregistered she was so mad and threatened to evict me. but when i really started to plan to sue her she scared the shit out and started to cry and beg me not to💀finding a good landlord and nice flat is really hard it’s very lucky of you man,speak of unregistered landlord I ve unfortunately encounter one ago lol . after I find out she do not secure my deposit and even the flat be unregistered she be so mad and threaten to evict I . but when I really start to plan to sue she she scare the shit out and start to cry and beg I a good landlord and nice flat be really hard its very lucky of you man,1,2025-04-16T16:11:18+00:00
mmjkmit,t3_1jwn5d0,1jwn5d0,Ok-Kaleidoscope-2785,"Get in touch with Living Rent or Shelter Scotland, they can give you advice.","get in touch with live rent or shelter scotland , they can give you advice .",103,2025-04-11T11:07:51+00:00
mmjlrq5,t3_1jwn5d0,1jwn5d0,somhairle1917,"Some advice on this tool from Living Rent here [https://fightrent.netlify.app/](https://fightrent.netlify.app/)

  
We're also exploring a new tool to specifically help with actually contesting increases - feel free to ping me a DM and I'd happily chat to you about your options more!",some advice on this tool from live rent here be also explore a new tool to specifically help with actually contest increase feel free to ping I a dm and i d happily chat to you about your option more !,43,2025-04-11T11:16:59+00:00
mmk196h,t3_1jwn5d0,1jwn5d0,Ok_Brick_5806,"What has happened with rent caps is that they’ve been completely removed from the 1st of April which means that landlords are free to charge whatever increase they want as long as they can justify in line with market rents. Your options are basically to pay it or to take them to tribunal to evaluate whether it’s a fair increase but unfortunately due to the cap being in place for the last few years If you take it to tribunal, There’s even a chance it will be even higher than 10%. 

They are bringing rent caps back in 2026/2027 and the legislation is currently in the Scottish parliament but for the next two years is going to be a free-for-all on rent increases. Because there’s a cap coming in again, this also means that the rent increases are likely to be incredibly high over the next two years before they’re capped again. 

It’s honestly politically crappy to have had this situation happen because it’s obvious that these next two years rents are gonna shoot up dramatically in a totally uncontrolled way. ","what have happen with rent cap be that they ve be completely remove from the of april which mean that landlord be free to charge whatever increase they want as long as they can justify in line with market rent . your option be basically to pay it or to take they to tribunal to evaluate whether its a fair increase but unfortunately due to the cap be in place for the last few year if you take it to tribunal , there s even a chance it will be even high than . they be bring rent cap back in and the legislation be currently in the scottish parliament but for the next two year be go to be a freeforall on rent increase . because there s a cap come in again , this also mean that the rent increase be likely to be incredibly high over the next two year before they re cap again . its honestly politically crappy to have have this situation happen because its obvious that these next two year rent be go to shoot up dramatically in a totally uncontrolled way .",24,2025-04-11T13:02:26+00:00
mmjkq0f,t3_1jwn5d0,1jwn5d0,jjw1998,"The rent increase cap of 12% has just ended, if you wish to challenge it follow these steps here for a rent officer to determine fair market value for your property https://scotland.shelter.org.uk/housing_advice/tenants_rights/rent_increase_prt","the rent increase cap of have just end , if you wish to challenge it follow these step here for a rent officer to determine fair market value for your property",21,2025-04-11T11:08:39+00:00
mmjz7l7,t3_1jwn5d0,1jwn5d0,AlectoGaia,Living Rent is great for this sort of thing,live rent be great for this sort of thing,2,2025-04-11T12:50:01+00:00
mmjwk6y,t3_1jwn5d0,1jwn5d0,PurchaseDry9350,"Hi, I sent you a message asking which letting agency it is etc., I hope that's ok.","hi , I send you a message ask which let agency it be etc . , I hope that s ok .",1,2025-04-11T12:33:09+00:00
mmn18sq,t3_1jwn5d0,1jwn5d0,rustygold82,"Rent cap ended but rent should still be in line with market value , have a look and see what similar properties are renting for","rent cap end but rent should still be in line with market value , have a look and see what similar property be rent for",1,2025-04-11T22:15:04+00:00
mmjmyxv,t3_1jwn5d0,1jwn5d0,blundermole,"What rent are you paying now, where is your home, how many bedrooms is it?","what rent be you pay now , where be your home , how many bedroom be it ?",1,2025-04-11T11:26:15+00:00
mmjybln,t3_1jwn5d0,1jwn5d0,farcetasticunclepig,The average rent for a 2 bed property in Edinburgh is about £1420/month (according to the ONS). The average cost for a 2-bed Council flat in Edinburgh is £105.51. Time to link private rents to Council rents.,the average rent for a bed property in edinburgh be about month accord to the ons . the average cost for a council flat in edinburgh be . time to link private rent to council rent .,-14,2025-04-11T12:44:27+00:00
mmjlhdx,t3_1jwn5d0,1jwn5d0,Touch_My_Goat,Googling 'rent cap Edinburgh' would have been quicker than typing this out,google rent cap edinburgh would have be quick than type this out,-98,2025-04-11T11:14:44+00:00
mmjpbi1,t1_mmjkmit,1jwn5d0,pretty_gauche6,Yeah that’s better than asking reddit thanks,yeah that s well than ask reddit thank,27,2025-04-11T11:43:40+00:00
mmq4pkd,t1_mmk196h,1jwn5d0,cockapoo-zoomies0219,"The surge in new student accommodation developments springing up all around Edinburgh, mainly funded by investment firms for transient, seasonal students comes at a cost of reducing private rental property for non-student, thereby driving up rental costs for all other renters in Edinburgh. The winners are the big investment companies, who can charge what they wish for rents. While private landlords who appear to be the scapegoat for City Of Edinburgh Council’s housing failings!","the surge in new student accommodation development spring up all around edinburgh , mainly fund by investment firm for transient , seasonal student come at a cost of reduce private rental property for nonstudent , thereby drive up rental cost for all other renter in edinburgh . the winner be the big investment company , who can charge what they wish for rent . while private landlord who appear to be the scapegoat for city of edinburgh council housing failing !",1,2025-04-12T12:53:36+00:00
mmjmnj6,t1_mmjkq0f,1jwn5d0,Sin_nombre__,"The risk is, if you challenge it and open market rent is higher than the increase, it could go up further. I'd say contact Living Rent.","the risk be , if you challenge it and open market rent be high than the increase , it could go up far . I d say contact living rent .",14,2025-04-11T11:23:47+00:00
mmjpfi5,t1_mmjmyxv,1jwn5d0,pretty_gauche6,We are well below market rate so I think we’re screwed,we be well below market rate so I think be screw,5,2025-04-11T11:44:30+00:00
mmka0vj,t1_mmjybln,1jwn5d0,whiskylover86,"That’s the weekly rate for council rent. In addition that’s last year’s figure you’re quoting. 

As with most things housing related the solution is to build more homes and address the supply side issue. 

Your suggestion is completely unworkable.",that s the weekly rate for council rent . in addition that s last year figure you re quote . as with most thing housing relate the solution be to build more home and address the supply side issue . your suggestion be completely unworkable .,4,2025-04-11T13:51:45+00:00
mmjnzj4,t1_mmjlhdx,1jwn5d0,thehealingprocess,Shutting the fuck up is also really quick to do. Try it out!,shut the fuck up be also really quick to do . try it out !,64,2025-04-11T11:33:59+00:00
mmk69bf,t1_mmjlhdx,1jwn5d0,aloe1420,"Sometimes people want personal experience on if they’ve managed a way round this themselves. Google isn’t always the option, especially someone wanting help locally. Great input from you!","sometimes people want personal experience on if they ve manage a way round this themselves . google be not always the option , especially someone want help locally . great input from you !",5,2025-04-11T13:31:27+00:00
mmq5sll,t1_mmq4pkd,1jwn5d0,Ok_Brick_5806,"Couldn’t agree more. The issue is that universities continue to add more and more courses and programs to their roster which they primarily advertise to foreign students because they get 10 times as much in tuition fees and of course there’s nowhere for those students to live. 

The solution is for the local authority to request that the university stop increasing student numbers and increasing courses and even reduce the number of courses that they offer. So it’s not just the investment firms, but the universities themselves that are operating much like big business and not at all like universities.","could not agree more . the issue be that university continue to add more and more course and program to their roster which they primarily advertise to foreign student because they get time as much in tuition fee and of course there s nowhere for those student to live . the solution be for the local authority to request that the university stop increase student number and increase course and even reduce the number of course that they offer . so its the investment firm , but the university themselves that be operate much like big business and all like university .",3,2025-04-12T13:00:51+00:00
mn1xsfy,t1_mmq4pkd,1jwn5d0,yakuzakid3k,Boohoo poor landlord! GET A REAL JOB PARASITE!,boohoo poor landlord ! get a real job parasite !,1,2025-04-14T12:51:28+00:00
mmjqd48,t1_mmjpfi5,1jwn5d0,blundermole,"You correctly pre-empted where I was going with those questions!

I would take advice from Shelter. You may be right that your landlord is able to bring your flat in line with the market rate. Personally I think an additional rule that caps how high an individual rent increase can be would be sensible. If the market rate is 1,000, an increase from 950 is a lot more manageable than an increase from 600. There are some flats out there rented out well below market rate because of what happened to the market during the pandemic, and in instances like that I think landlords should get things back in like with the market rate gradually.

There’s talk about the government capping rent increases at 1% above inflation in certain areas, too, but I expect that will come too late for your case.","you correctly preempt where I be go with those question ! I would take advice from shelter . you may be right that your landlord be able to bring your flat in line with the market rate . personally I think an additional rule that cap how high an individual rent increase can be would be sensible . if the market rate be , an increase from be a lot more manageable than an increase from . there be some flat out there rent out well below market rate because of what happen to the market during the pandemic , and in instance like that I think landlord should get thing back in like with the market rate gradually . there s talk about the government cap rent increase at above inflation in certain area , too , but I expect that will come too late for your case .",13,2025-04-11T11:51:10+00:00
mmkb29e,t1_mmk1g1z,1jwn5d0,somhairle1917,Living Rent can help you assess market rents and make an informed judgement - you should definitely contact them.,live rent can help you assess market rent and make an informed judgement you should definitely contact they .,7,2025-04-11T13:57:06+00:00
mmkfqbf,t1_mmk1g1z,1jwn5d0,Sin_nombre__,Living Rent often support tenants to negotiate agreements with landlords that are much more favourable than what the landlord was initially considering.,live rent often support tenant to negotiate agreement with landlord that be much more favourable than what the landlord be initially consider .,1,2025-04-11T14:20:52+00:00
mmj4379,t3_1jwkh8a,1jwkh8a,CFDsForFun,£1k-£1.5k depending on location. Maybe a bit more for super central,depend on location . maybe a bit more for super central,18,2025-04-11T08:24:54+00:00
mmj1asj,t3_1jwkh8a,1jwkh8a,danatron1,1100-1200 seems to be the going rate,seem to be the go rate,5,2025-04-11T07:55:00+00:00
mmj36t5,t3_1jwkh8a,1jwkh8a,Iron_Hermit,"I'd say 1300 is a good shout with some leeway either way depending on quality and location. 

It should go without saying though that the Edinburgh property market is cooked and everything is more expensive because it's Edinburgh, not because it's necessarily good.","I d say be a good shout with some leeway either way depend on quality and location . it should go though that the edinburgh property market be cook and everything be more expensive because its edinburgh , its necessarily good .",7,2025-04-11T08:15:12+00:00
mmj30ol,t3_1jwkh8a,1jwkh8a,blundermole,"The market sets the prices, and landlords will usually charge as much as the market allows them to.

You can find up to date prices on RightMove. Flats will not often rent for higher or lower than the listing price.","the market set the price , and landlord will usually charge as much as the market allow they to . you can find up to date price on rightmove . flat will rent for high or low than the list price .",6,2025-04-11T08:13:21+00:00
mmj3uv7,t3_1jwkh8a,1jwkh8a,TheIrishElbow,"I'm paying 1050 p/m and the place is just by Haymarket station, so I feel it's a really good location too.  I think I got really lucky finding this one a couple of years ago, so I'm going to hang on to it for as long as I can.","I m pay p m and the place be just by haymarket station , so I feel its a really good location too . I think I get really lucky find this one a couple of year ago , so I m go to hang on to it for as long as I can .",4,2025-04-11T08:22:24+00:00
mmj36fc,t3_1jwkh8a,1jwkh8a,R2-Scotia,"The 3 primary drivers of real estate price are location, location, location

A 2 bed will be under £1k in a rough or far flung neighbourhood, and closer to £2k somewhere swanky","the primary driver of real estate price be location , location , location a bed will be under in a rough or far flung neighbourhood , and close to somewhere swanky",9,2025-04-11T08:15:05+00:00
mmj5irz,t3_1jwkh8a,1jwkh8a,Tom_Alpha,This is a bit of a vague question without an idea of where in the city you are considering. There is a massive variation across areas,this be a bit of a vague question idea of where in the city you be consider . there be a massive variation across area,6,2025-04-11T08:40:35+00:00
mmj1f04,t3_1jwkh8a,1jwkh8a,HikerTom,i pay 1500 for a 3 bedroom... so id say its probably around 1200-1300,I pay for a bedroom so I d say its probably around,3,2025-04-11T07:56:13+00:00
mmj2n4g,t3_1jwkh8a,1jwkh8a,CaptainCymru,"£1350 for me, EH1","for I ,",3,2025-04-11T08:09:21+00:00
mmj4nh1,t3_1jwkh8a,1jwkh8a,jdog010,I rented out my 2 bed place near Broughton Road last year for £1100.,I rent out my bed place near broughton road last year for .,3,2025-04-11T08:31:03+00:00
mmj1gs6,t3_1jwkh8a,1jwkh8a,Silent-Dog708,"I'll be moving to edinburgh for some contracting very soon, we are looking for a 2 bedroom place next month.. i look forward to the competition lol.

we are budgeting 1,200-1,500 for rent. How about you?","ill be move to edinburgh for some contracting very soon , we be look for a bedroom place next month I look forward to the competition lol . we be budget for rent . how about you ?",0,2025-04-11T07:56:45+00:00
mmsf2so,t1_mmj1asj,1jwkh8a,jamj-,"I’m currently searching for a place and this seems to be the rate for a one bed, not two","I m currently search for a place and this seem to be the rate for a one bed ,",2,2025-04-12T20:22:52+00:00
mmj2mri,t1_mmj1asj,1jwkh8a,Beautiful_Donkey_468,Thank you. Would there be a difference between a flat and a small house?,thank you . would there be a difference between a flat and a small house ?,-1,2025-04-11T08:09:14+00:00
mmj40y0,t1_mmj3uv7,1jwkh8a,Beautiful_Donkey_468,That’s a really good deal. Cheaper than buying perhaps!,that s a really good deal . cheap than buy perhaps !,-5,2025-04-11T08:24:14+00:00
mmj2owa,t1_mmj2n4g,1jwkh8a,Beautiful_Donkey_468,Good post code!,good post code !,1,2025-04-11T08:09:53+00:00
mmj329q,t1_mmj2n4g,1jwkh8a,R2-Scotia,Bargain,bargain,1,2025-04-11T08:13:50+00:00
mmj2s85,t1_mmj2mri,1jwkh8a,danatron1,A house would likely be a bit more expensive. You can browse properties on rightmove to get a feel for prices.,a house would likely be a bit more expensive . you can browse property on rightmove to get a feel for price .,7,2025-04-11T08:10:51+00:00
mmj69bm,t1_mmj2owa,1jwkh8a,CaptainCymru,"Yeah, it's lovely, peaceful, and quiet /s. Good walking commute through Princes Street Gardens though. I wouldn't recommend EH1.","yeah , its lovely , peaceful , and quiet . good walking commute through prince street garden though . I would not recommend .",7,2025-04-11T08:48:27+00:00
mmjpx83,t1_mmj2owa,1jwkh8a,soup-monger,"What a weird comment. EH1 is central, yes, but that isn’t necessarily always a good thing. Postcodes are all over the place in Edinburgh anyway - look at a postcode map.","what a weird comment . be central , yes , but that be not necessarily always a good thing . postcode be all over the place in edinburgh anyway look at a postcode map .",-4,2025-04-11T11:48:02+00:00
mmdemd8,t3_1jvvcrq,1jvvcrq,Esensepsy,"I stay in my parents old place, but when they were renting it out before I moved in DJ Alexander were constantly suggesting they raise the rent for no reason other than they could. ""Raising in line with market value"" just means their cartel wants to raise prices for no apparent reason","I stay in my parent old place , but when they be rent it out before I move in dj alexander be constantly suggest they raise the rent for other than they could . raise in line with market value just mean their cartel want to raise price for reason",179,2025-04-10T11:42:30+00:00
mmdefni,t3_1jvvcrq,1jvvcrq,Automatic-Apricot795,"Anything that pisses him off has to be a good thing. 


Keep on it. ",anything that piss he off have to be a good thing . keep on it .,188,2025-04-10T11:41:08+00:00
mmdhny0,t3_1jvvcrq,1jvvcrq,Shogun88,"Damn that's some weirdo behaviour by The Scotsman giving this guy a platform to air his biased opinion and then to simply refer to him in a caption as a mere ""property expert"" is disingenuous at best lol",damn that s some weirdo behaviour by the scotsman give this guy a platform to air his biased opinion and then to simply refer to he in a caption as a mere property expert be disingenuous at well lol,99,2025-04-10T12:03:55+00:00
mmdcvqp,t3_1jvvcrq,1jvvcrq,knoxvi11ian,"If DJA are against it, I’m probably all for it","if dja be against it , I m probably all for it",147,2025-04-10T11:29:34+00:00
mmdc9lm,t3_1jvvcrq,1jvvcrq,DNSFRD69,this fucking prick has some fucking nerve. my rent through his agency has gone up over 12% since they took over braemore alone. i was on the foodbanks recently trying to pay my arrears off,this fucking prick have some fucking nerve . my rent through his agency have go up over since they take over braemore alone . I be on the foodbank recently try to pay my arrear off,116,2025-04-10T11:24:52+00:00
mmdgiyo,t3_1jvvcrq,1jvvcrq,ccx123,"Would never rent from this bloke. I remember standing in line behind him in a branch of BOS where he withdrew 15k in cash, and got arsey when the cashier tried to count it - apparently he was on a hot streak at the casino round the corner and didn't want to wait to get back to the table.","would from this bloke . I remember stand in line behind he in a branch of bos where he withdraw in cash , and get arsey when the cashier try to count it apparently he be on a hot streak at the casino round the corner and do not want to wait to get back to the table .",28,2025-04-10T11:56:04+00:00
mmdpfzw,t3_1jvvcrq,1jvvcrq,somhairle1917,"every time some landlord whines about rent controls, I'm more certain that they're great","every time some landlord whine about rent control , I m more certain that they re great",26,2025-04-10T12:54:20+00:00
mmdflpv,t3_1jvvcrq,1jvvcrq,Marquis_de_Dustbin,"I left a shit hole flat in Dalry with a collapsing kitchen that was 720 and since I left they've raised it 26%. They then have the gall to charge me for cleaning wallpaper that in the report you can see is visibly rotting off the wall. 


Left this mid comment but anyway my point is that David Alexander should be in fucking prison and all his assets seized. ",I leave a shit hole flat in dalry with a collapse kitchen that be and since I leave they ve raise it . they then have the gall to charge I for clean wallpaper that in the report you can see be visibly rot off the wall . leave this mid comment but anyway my point be that david alexander should be in fuck prison and all his asset seize .,22,2025-04-10T11:49:36+00:00
mmdkxg4,t3_1jvvcrq,1jvvcrq,Kenobiismycatsname,"When I was house hunting, for the most part their agents were fucking clueless about the property - no idea for council tax, broadband type, energy rating and so on. Rented with Bruce Rae who knew the entire property inside and out with a packet of all the info. Difference was night and day.

Honorable mention for Southside who showed me a piss covered slum on mayfield terrace.","when I be house hunting , for the most part their agent be fuck clueless about the property for council tax , broadband type , energy rating and so on . rent with bruce rae who know the entire property inside and out with a packet of all the info . difference be night and day . honorable mention for southside who show I a piss cover slum on mayfield terrace .",17,2025-04-10T12:25:55+00:00
mmdrdna,t3_1jvvcrq,1jvvcrq,KabooshWasTaken,had to deal with DJA on their staff night out and they were one of the worst groups i've had to deal with,have to deal with dja on their staff night out and they be one of the bad group I ve have to deal with,9,2025-04-10T13:06:00+00:00
mmdiujt,t3_1jvvcrq,1jvvcrq,Snakatorium,"""Disincentive to investment"" vs ""People cannot afford a roof over their heads"". Only one person is out of touch here and it might just be the one who makes more money when people suffer. DJA can rot in hell.",disincentive to investment vs people can not afford a roof over their head . only one person be out of touch here and it might just be the one who make more money when people suffer . dja can rot in hell .,13,2025-04-10T12:12:02+00:00
mmdu2hb,t3_1jvvcrq,1jvvcrq,BarnabyBundlesnatch,They ruined a perfectly good bum when they put teeth in David Alexanders mouth...,they ruin a perfectly good bum when they put tooth in david alexanders mouth,10,2025-04-10T13:21:52+00:00
mmdi71x,t3_1jvvcrq,1jvvcrq,37025InvernessTMD,![gif](giphy|bYzZOfz4pCl3fRQ5O2|downsized),!,6,2025-04-10T12:07:34+00:00
mmh051r,t3_1jvvcrq,1jvvcrq,calathearose,"“Antelope wanting to live is out of touch with reality, it’s just the circle of life”  writes Hyena. What kind of biased, immoral pseudo journalism is this? He’s using a fake newspaper as his own personal disinformation blog. Shite like this shouldn’t be published. Waste of server space.","antelope want to live be out of touch with reality , its just the circle of life write hyena . what kind of biased , immoral pseudo journalism be this ? he s use a fake newspaper as his own personal disinformation blog . shite like this should not be publish . waste of server space .",5,2025-04-10T22:56:37+00:00
mmi3ay9,t3_1jvvcrq,1jvvcrq,Additional_Tone_2004,"Cunt.

Edit: Was so ragin' I forgot to ask my question. Do we know where these control areas are?",cunt . edit be so ragin I forget to ask my question . do we know where these control area be ?,3,2025-04-11T02:56:45+00:00
mme3su4,t3_1jvvcrq,1jvvcrq,minceround4tea,"Oh no, won't someone save the idle rentier class and stop these nasty nats.","oh no , will not someone save the idle renti class and stop these nasty nat .",6,2025-04-10T14:14:47+00:00
mmhf2k5,t3_1jvvcrq,1jvvcrq,Deviantmonster,"C**ts like him do not care about people. It’s call capital and exploitation. Landlords need to be put under control, along with conglomerates buying up land and buildings. What REALLY drives down investment? People not being able to work, rent or build businesses.","ct like he do about people . its call capital and exploitation . landlord need to be put under control , along with conglomerate buy up land and building . what really drive down investment ? people able to work , rent or build business .",3,2025-04-11T00:24:24+00:00
mmecm0s,t3_1jvvcrq,1jvvcrq,BabaMcBaba,Saw the property of my dreams up for rent and was about to book a viewing until I seen that DJA were the letting agent in charge. I'll do without.,see the property of my dream up for rent and be about to book a viewing until I see that dja be the let agent in charge . ill do without .,4,2025-04-10T14:58:28+00:00
mmeu7al,t3_1jvvcrq,1jvvcrq,Low-Hyena-7775,"DJ Alexander can get so far to actual fuck. As soon as the apocalypse happens I am bee-lining to their HQ and shaking my first, cause I'm a pussy but still. Fuck em.","dj alexander can get so far to actual fuck . as soon as the apocalypse happen I be beeline to their hq and shake my first , cause I m a pussy but still . fuck em .",5,2025-04-10T16:25:26+00:00
mmdlfa9,t3_1jvvcrq,1jvvcrq,MassiveClusterFuck,"No housing should be rented for profit, cost covering only. If that was the case the housing situation wouldn’t be as awful as it is. This cunt needs to take his mouth for a shite next time before he starts talking.","should be rent for profit , cost cover only . if that be the case the housing situation would not be as awful as it be . this cunt need to take his mouth for a shite next time before he start talk .",7,2025-04-10T12:29:10+00:00
mme9f0e,t3_1jvvcrq,1jvvcrq,Gingerbeercatz,"How the fuck are people meant to afford a home?
Someone posted  a 2 bed on FB earlier for  nearly £2k a month. That's insane.",how the fuck be people mean to afford a home ? someone post a bed on fb early for nearly a month . that s insane .,2,2025-04-10T14:42:57+00:00
mmf0dn5,t3_1jvvcrq,1jvvcrq,corporategiraffe,Turkeys: “People out of touch with reality on Christmas Day meal choices”,turkeys people out of touch with reality on christmas day meal choice,2,2025-04-10T16:55:49+00:00
mmdx4dh,t3_1jvvcrq,1jvvcrq,FootCheeseParmesan,Rent caps are good and work. Anything that upsets property profiteers is a good thing.,rent cap be good and work . anything that upset property profiteer be a good thing .,5,2025-04-10T13:39:22+00:00
mmgnia1,t3_1jvvcrq,1jvvcrq,YeetingUpHills,"Boggles my mind how they’re building up to a monopoly of the rental market, swallowing loads of other companies - the guy is such a an infuriating dickhead","boggle my mind how they re build up to a monopoly of the rental market , swallow load of other company the guy be such a an infuriate dickhead",2,2025-04-10T21:46:07+00:00
mmj6l6g,t3_1jvvcrq,1jvvcrq,Obi-Scone,"DJ Alexander -  ""Oh noes, my investments."" Lol. 95% tax on this guy please.","dj alexander oh no , my investment . lol . tax on this guy please .",1,2025-04-11T08:51:59+00:00
mmqnof7,t3_1jvvcrq,1jvvcrq,bartyb0i,Fuck that company.,fuck that company .,1,2025-04-12T14:45:35+00:00
mmusgxs,t3_1jvvcrq,1jvvcrq,UberDaftie,"I see the Scotsman are running pro-SNP pieces now by getting this fucking thieving, massively unpopular cunt to weigh in with his fucking dogshit opinions.  

Having DJ Alexander give his opinion on the rental market is like contacting Gary Glitter for his opinion on running a nursery.","I see the scotsman be run prosnp piece now by get this fucking thieving , massively unpopular cunt to weigh in with his fucking dogshit opinion . have dj alexander give his opinion on the rental market be like contact gary glitter for his opinion on run a nursery .",1,2025-04-13T05:58:26+00:00
mn1z77j,t3_1jvvcrq,1jvvcrq,nihilistic-bug00,"Raising rent for the sake of it isn't even the worse thing DJA is doing, but it's all nicely shushed by management...","raise rent for the sake of it be not even the bad thing dja be do , but its all nicely shush by management",1,2025-04-14T13:00:17+00:00
mmdejfn,t3_1jvvcrq,1jvvcrq,crystalGwolf,"Rental policy reform without actually building more houses is like trying to reinforce a water vessel with too much flowing into it. 

You can reinforce it with titanium if you like, the water is still going to burst it. 

The nature of supply and demand economics means the power is firmly in the landlords' hands and anything you try to hurt them with will just be deflected on to tenants. No clever policy exists. Just build more houses, that's it. 

So, yes, the SNP have their head in the sand and are out of touch on this one.","rental policy reform build more house be like try to reinforce a water vessel with too much flow into it . you can reinforce it with titanium if you like , the water be still go to burst it . the nature of supply and demand economic mean the power be firmly in the landlord hand and anything you try to hurt they with will just be deflect on to tenant . policy exist . just build more house , that s it . so , yes , the snp have their head in the sand and be out of touch on this one .",-5,2025-04-10T11:41:54+00:00
mmggbhh,t3_1jvvcrq,1jvvcrq,HelpfulDoctor2645,DJ Alexander is out of touch with reality generally,dj alexander be out of touch with reality generally,1,2025-04-10T21:08:28+00:00
mmdfb2h,t3_1jvvcrq,1jvvcrq,Adventurous-Rub7636,Governments have a horrendous record when they meddle in market pricing. With the exit of Patrick Harvey this is a missed opportunity for the SNP to at least put up some smoke signals about a more nuanced policy towards rent pricing and the PRS. But no that rasping sound is the noise of the Iceberg ripping through the hull of the ship of the SNP’s housing policy.,government have a horrendous record when they meddle in market pricing . with the exit of patrick harvey this be a miss opportunity for the snp to at least put up some smoke signal about a more nuanced policy towards rent pricing and the prs . but rasp sound be the noise of the iceberg rip through the hull of the ship of the snps housing policy .,-2,2025-04-10T11:47:28+00:00
mmdifa9,t3_1jvvcrq,1jvvcrq,dwg-87,"He is right.

You may not like to hear this, it may not fit with your politics but he is right. 

The rent “caps” have done more to spike rentals in recent years than anything else. 

Before anyone takes the hump, I know this because I’m a market specialist and get paid a lot of money to know this.

Edit: can’t help but piss my pants at the downvotes. It always bewilders me that people just do not want to listen then complain when they don’t get the results they want.","he be right . you may to hear this , it may with your politic but he be right . the rent cap have do more to spike rental in recent year than anything else . before anyone take the hump , I know this because I m a market specialist and get pay a lot of money to know this . edit can not help but piss my pant at the downvote . it always bewilder I that people just do to listen then complain when they do not get the result they want .",-21,2025-04-10T12:09:07+00:00
mmg177s,t3_1jvvcrq,1jvvcrq,-Xserco-,"Nationalism doesn't doesn't tax the rich.

Nationalism doesn't put bread on the table.",nationalism do not do not tax the rich . nationalism do not put bread on the table .,-3,2025-04-10T19:55:21+00:00
mmenq9n,t3_1jvvcrq,1jvvcrq,SuccessfulWeb737,How about a protest outside their building if any thing be  something to do . Any takers ?,how about a protest outside their building if any thing be something to do . any taker ?,-3,2025-04-10T15:53:37+00:00
mmdfd8g,t1_mmdemd8,1jvvcrq,PlentyOfMoxie,"Trickle-up economics, working as intended.","trickleup economic , work as intend .",64,2025-04-10T11:47:54+00:00
mme5d8u,t1_mmdemd8,1jvvcrq,ElectronicBruce,"I can second that, for a property I had whilst I was away, suggested several ways that I could increase the rent and why I should, it was already in line with flat’s around it..","I can second that , for a property I have whilst I be away , suggest several way that I could increase the rent and why I should , it be already in line with flat around it",8,2025-04-10T14:22:41+00:00
mmerser,t1_mmdemd8,1jvvcrq,CitizenoftheWorld-95,Don’t they get a commission on rent?,do not they get a commission on rent ?,5,2025-04-10T16:13:38+00:00
mmdr9pd,t1_mmdefni,1jvvcrq,TranslatesToScottish,"Thing that gets me is when twats like this come out with stuff about rent controls ""driving up"" rental prices.

I don't recall rental costs ever going downward in the time prior to rent caps, do you?

I do remember seeing DJ Alexander advertise a property with four bedrooms for around £1000 per month with the caveat in the description that they were applying for an HMO license for it, and so anyone who took it now would have to agree that the rent would go up by around 50% if that was granted. Would love to know how rent caps caused that increase, David!","thing that get I be when twat like this come out with stuff about rent control drive up rental price . I do not recall rental cost ever go downward in the time prior to rent cap , do you ? I do remember see dj alexander advertise a property with four bedroom for around per month with the caveat in the description that they be apply for an hmo license for it , and so anyone who take it now would have to agree that the rent would go up by around if that be grant . would love to know how rent cap cause that increase , david !",47,2025-04-10T13:05:21+00:00
mmdno22,t1_mmdhny0,1jvvcrq,WanderinGit,"Over 340 ""articles"" apparently.",over article apparently .,22,2025-04-10T12:43:28+00:00
mmelko5,t1_mmdhny0,1jvvcrq,GeekyGamer2022,The Hootsman is a fucking rag.,the hootsman be a fucking rag .,13,2025-04-10T15:43:04+00:00
mmds2qm,t1_mmdhny0,1jvvcrq,ga_syndrome,Probably happens a lot more than most people think.,probably happen a lot more than most people think .,2,2025-04-10T13:10:10+00:00
mn7at1t,t1_mmdhny0,1jvvcrq,AnAlbannaichRigh,"The ""property expert"" who had to sell off his company to the Lomond group to keep it afloat",the property expert who have to sell off his company to the lomond group to keep it afloat,1,2025-04-15T08:37:10+00:00
mmdlj69,t1_mmdcvqp,1jvvcrq,FireFingers1992,"Agreed, if a letting agency tells me the sky is blue I am heading straight to the opticians because now I can't trust my own eyes.","agree , if a let agency tell I the sky be blue I be head straight to the opticians because now I can not trust my own eye .",25,2025-04-10T12:29:52+00:00
mmdzpgd,t1_mmdc9lm,1jvvcrq,thrungoli,Only 12%? 😫 up 25% from Braemore despite challenging it,only ? up from braemore despite challenge it,9,2025-04-10T13:53:21+00:00
mmfiuei,t1_mmdc9lm,1jvvcrq,waywardwixy,"Same here. Inspection due in 2 weeks which means another increase. Flat has no central heating, broken sofa, shit hot water... massive list of annoying things that they never fix right. 

Hate them.","same here . inspection due in week which mean another increase . flat have heating , break sofa , shit hot water massive list of annoying thing that they right . hate they .",3,2025-04-10T18:24:32+00:00
mmgkt7w,t1_mmdc9lm,1jvvcrq,_schindlerscyst,Fun fact... Braemore actually bought DJ Alexander but their own name was so trashed that somehow calling themselves DJ Alexander was a better option,fun fact braemore actually buy dj alexander but their own name be so trash that somehow call themselves dj alexander be a well option,2,2025-04-10T21:31:55+00:00
mmfcznk,t1_mmdgiyo,1jvvcrq,MonkeyPuzzles,"Personally when I've blown my roll and need to go withdraw 15k, it's not exactly what I'd call a ""hot streak"".","personally when I ve blow my roll and need to go withdraw , its what i d call a hot streak .",6,2025-04-10T17:56:12+00:00
mmdldw2,t1_mmdgiyo,1jvvcrq,scottofscotia,"Also, he isn't a qualified, which is why they've set up so many subsidiaries to bypass standard requirements on qualification. V sketchy.","also , he be not a qualified , which be why they ve set up so many subsidiary to bypass standard requirement on qualification . v sketchy .",6,2025-04-10T12:28:55+00:00
mmf9vvg,t1_mmdgiyo,1jvvcrq,u_WorkPhotosTeam,lol if he needed another 15k that sounds like a pretty questionable hot streak 🤷‍♂️,lol if he need another that sound like a pretty questionable hot streak,3,2025-04-10T17:41:30+00:00
mmeps99,t1_mmdlfa9,1jvvcrq,k3nn3h,"How in the fuck would making renting de facto illegal improve the housing situation? It'd be great for the bailiffs as they turfed out Edinburgh's renters, but everyone else would be fucked!","how in the fuck would make rent de facto illegal improve the housing situation ? it d be great for the bailiff as they turf out edinburgh renter , but everyone else would be fuck !",-1,2025-04-10T16:03:38+00:00
mmelyfg,t1_mme9f0e,1jvvcrq,GeekyGamer2022,You're not. That's the point. Milk you dry and prevent you from ever being able to save a deposit.,you re not . that s the point . milk you dry and prevent you from ever be able to save a deposit .,2,2025-04-10T15:44:58+00:00
mmh0p7s,t1_mmgnia1,1jvvcrq,calathearose,"That’s so he can keep spouting shite about market rate, if he has a monopoly market rate is whatever his tiny brain wants it to be","that s so he can keep spout shite about market rate , if he have a monopoly market rate be whatever his tiny brain want it to be",0,2025-04-10T22:59:45+00:00
mmdin3j,t1_mmdejfn,1jvvcrq,john_454,"Somewhat disagree here DJ Alexander are large enough to  essentially set 'rental pricing norms'  due to there huge market share size.

Building rentals will help but if their market shares remain it won't solve the issue.

Lots of countries including Germany have rental increase caps and work with large housing providers.

Yes the government needs to zone for more high density homes and it does stabilise the market ( see Auckland NZ zoning reforms and rental prices).

The fact still remains a small number of the company's collude and constantly driven rent rises. 

The aren't responding to the market. They literally are the market.

We need the government to step and get back to making homes for people like they did after ww2 where they rented them out affordably !",somewhat disagree here dj alexander be large enough to essentially set rental pricing norm due to there huge market share size . building rental will help but if their market share remain it will not solve the issue . lot of country include germany have rental increase cap and work with large housing provider . yes the government need to zone for more high density home and it do stabilise the market see auckland nz zone reform and rental price . the fact still remain a small number of the company collude and constantly drive rent rise . the be not respond to the market . they literally be the market . we need the government to step and get back to make home for people like they do after where they rent they out affordably !,24,2025-04-10T12:10:37+00:00
mmdkx3j,t1_mmdifa9,1jvvcrq,Keios80,"Oh, well, if you're a market specialist who is paid a lot to know this, we'll take your word for it. Incidentally, I'm the King of Mars and I say you're full of crap.","oh , well , if you re a market specialist who be pay a lot to know this , well take your word for it . incidentally , I m the king of mar and I say you re full of crap .",20,2025-04-10T12:25:51+00:00
mmdja9h,t1_mmdifa9,1jvvcrq,mightyslacker,Can you elaborate on this sentence: 'The rent “caps” have done more to spike rentals in recent years than anything else.' - genuinely curious,can you elaborate on this sentence the rent cap have do more to spike rental in recent year than anything else . genuinely curious,7,2025-04-10T12:14:59+00:00
mmdxb7s,t1_mmdifa9,1jvvcrq,FootCheeseParmesan,The caps have done nothing to increase prices. Landlords have.,the cap have do nothing to increase price . landlord have .,3,2025-04-10T13:40:25+00:00
mmem3q7,t1_mmdifa9,1jvvcrq,TranslatesToScottish,"> The rent “caps” have done more to spike rentals in recent years than anything else.

In which case, what's the reason rent prices were rising constantly prior to the rent caps? 

The biggest contributor to the rise in rental prices was the emergency and growth of AirBNB (and similar), let's be honest. So many landlords piled right into that because it meant more money on the surface. Just look at when Covid hit, how many rental listings had the old ""rolled towels on the bed"" photos, as that housing stock suddenly appeared on the market again. 

Building more houses is necessary, I agree, but there's a LOT of housing stock out there that landlords themselves took off the long-term rental market to make a fast buck with.","the rent cap have do more to spike rental in recent year than anything else . in which case , what s the reason rent price be rise constantly prior to the rent cap ? the big contributor to the rise in rental price be the emergency and growth of airbnb and similar , let be honest . so many landlord pile right into that because it mean more money on the surface . just look at when covid hit , how many rental listing have the old roll towel on the bed photo , as that housing stock suddenly appear on the market again . build more house be necessary , I agree , but there s a lot of housing stock out there that landlord themselves take off the longterm rental market to make a fast buck with .",2,2025-04-10T15:45:41+00:00
mmj6mq8,t1_mmg177s,1jvvcrq,GingerSnapBiscuit,"Neither does the Union, last I checked.","neither do the union , last I check .",3,2025-04-11T08:52:27+00:00
mme9b8e,t1_mme5d8u,1jvvcrq,Esensepsy,Yeah 100% it's wild. They would argue that we could increase rent in line with rents in the postcode... But when looking online our flat was already consistent with nearby rents. I swear these companies artificially just keep pushing rents up everywhere. Scumbags,yeah its wild . they would argue that we could increase rent in line with rent in the postcode but when look online our flat be already consistent with nearby rent . I swear these company artificially just keep push rent up everywhere . scumbag,20,2025-04-10T14:42:24+00:00
mmhsave,t1_mmerser,1jvvcrq,DINNERTIME_CUNT,Yup.,yup .,2,2025-04-11T01:46:17+00:00
mmjshjb,t1_mmdr9pd,1jvvcrq,NotOnYerNelly,The rent caps only work when occupied. As soon as you leave the rent is jacked up as high as they can get away with for the new tenants.,the rent cap only work when occupy . as soon as you leave the rent be jack up as high as they can get away with for the new tenant .,3,2025-04-11T12:05:54+00:00
mmdpzll,t1_mmdno22,1jvvcrq,Shogun88,Eeeek,eeeek,3,2025-04-10T12:57:35+00:00
mmfe5du,t1_mmdlj69,1jvvcrq,Fiona65682,"If this ever happens again challenge it through rent service Scotland, it  would have been a maximum capped increase of 12%","if this ever happen again challenge it through rent service scotland , it would have be a maximum cap increase of",1,2025-04-10T18:01:44+00:00
mmg4t7s,t1_mmfiuei,1jvvcrq,Normal_Human_4567,"Do you have a thermometer? There are set temperatures you have to be able to keep the place at. If you aren't able to keep it warm they're not fulfilling their side of the contract.

I'm not a lawyer so I'll stop there but... Get a thermometer",do you have a thermometer ? there be set temperature you have to be able to keep the place at . if you be not able to keep it warm they re their side of the contract . I m lawyer so ill stop there but get a thermometer,3,2025-04-10T20:12:14+00:00
mmj6e3n,t1_mmfcznk,1jvvcrq,GingerSnapBiscuit,"No no you don't get it, he got all the losing out of the way so NOW he gets to win it all back - Gamblers Everywhere, Always.","you do not get it , he get all the losing out of the way so now he get to win it all back gambler everywhere , always .",2,2025-04-11T08:49:52+00:00
mme9leo,t1_mmdldw2,1jvvcrq,ElectronicBruce,Qualified at what?,qualified at what ?,4,2025-04-10T14:43:49+00:00
mmfahtp,t1_mmeps99,1jvvcrq,MassiveClusterFuck,"I’m not saying make renting illegal, I’m saying make renting for profit illegal. That alone would free up housing stock so people can get on the ladder since there wouldn’t be people buying up the housing as a means of income rather than a place to live. That would also have the effect of stopping random price hikes when renting since the landlord/agency can’t just up the price as they see fit.","I m make rent illegal , I m say make renting for profit illegal . that alone would free up housing stock so people can get on the ladder since there would not be people buy up the housing as a means of income rather than a place to live . that would also have the effect of stop random price hike when rent since the landlord agency can not just up the price as they see fit .",1,2025-04-10T17:44:23+00:00
mmdpc70,t1_mmdin3j,1jvvcrq,crystalGwolf,"Yep...so build more houses to switch the supply and demand imbalance.

DJ could have complete monopoly over Edinburgh but if there's more supply than demand, sorry mate, terms dictated by tenants. Until then, the market always finds a way.","yep so build more house to switch the supply and demand imbalance . dj could have complete monopoly over edinburgh but if there s more supply than demand , sorry mate , term dictate by tenant . until then , the market always find a way .",-3,2025-04-10T12:53:42+00:00
mmdrvhn,t1_mmdja9h,1jvvcrq,Dolly57,"Rent caps have been put on existing rentals and have been ultimately led by what is deemed 'market value'. Market value is what is currently available on the open market for a similar size and quality and because current rents are capped and investors know they will be limited on the level of future increases, they set the price higher than they would have before to combat it. Due to the level of demand, these flats get rented and so the market value increases. 

There is thought that rent caps that prevent you raising the rent between tenants by a certain amount would prevent this but what happens in that scenario is that a 2 similar flats on the same street could have very varying levels of rent.

Also rent cap zones, that say a 2 bed flat of size X and in crap condition is the same value as a sinilar flat in great condition because they are in the same location. This disincentivises landlords from keeping the property in a decent condition as there is no reason to upkeep to win tenants.

Ultimately the only way to keep condition of rental property high, whilst keeping rents lower, is to build more housing. This increases stock to what the demand is and keeps landlords encouraged to be better at repairing things and improving them at a higher rate.","rent cap have be put on exist rental and have be ultimately lead by what be deem market value . market value be what be currently available on the open market for a similar size and quality and because current rent be cap and investor know they will be limit on the level of future increase , they set the price high than they would have before to combat it . due to the level of demand , these flat get rent and so the market value increase . there be think that rent cap that prevent you raise the rent between tenant by a certain amount would prevent this but what happen in that scenario be that a similar flat on the same street could have very varying level of rent . also rent cap zone , that say a bed flat of size x and in crap condition be the same value as a sinilar flat in great condition because they be in the same location . this disincentivise landlord from keep the property in a decent condition as there be to upkeep to win tenant . ultimately the only way to keep condition of rental property high , whilst keep rent lower , be to build more housing . this increase stock to what the demand be and keep landlord encourage to be well at repair thing and improve they at a high rate .",5,2025-04-10T13:08:58+00:00
mmehpby,t1_mmdja9h,1jvvcrq,dwg-87,"Landlords put up rents massively to offset the risk the cap presented to them. As an example, rather than putting a one bed from £700 PCM to £750 PCM, they were chucking it up to a £1,000 PCM. The general stock shortage meant people would pay it. 

This is a simplistic example of a more complex issue for the purposes of a Reddit comment. It’s fairly standard for individuals / investors to mitigate risk - this is not exclusive to rents.","landlord put up rent massively to offset the risk the cap present to they . as an example , rather than put a one bed from pcm to pcm , they be chuck it up to a pcm . the general stock shortage mean people would pay it . this be a simplistic example of a more complex issue for the purpose of a reddit comment . its fairly standard for individual investor to mitigate risk this be to rent .",2,2025-04-10T15:23:49+00:00
mmemxle,t1_mmem3q7,1jvvcrq,dwg-87,"So following on your train of thought, what happened to rentals when COVID hit and all these properties came back to the market? Did rental prices collapse at this point?","so follow on your train of thought , what happen to rental when covid hit and all these property come back to the market ? do rental price collapse at this point ?",1,2025-04-10T15:49:45+00:00
mmn4zl0,t1_mmj6mq8,1jvvcrq,-Xserco-,"Correct.

But apparently, sticking to systems that aren't working seems to, atleast in the minds of many.","correct . but apparently , stick to system that be not work seem to , atleast in the mind of many .",1,2025-04-11T22:37:12+00:00
mmkdvan,t1_mmjshjb,1jvvcrq,TranslatesToScottish,"And without the caps, they would just jack it as high as they could for the existing tenants. That's the thing. It's not just about new renters.

Even within the confines of the caps, my rent in the last few years has gone up uniformly by the maximum allowed in the minimum time every single chance. I moved in April 2021, and the rent has increased 25% since then. Do landlords really need to push it higher still without caps to prevent that?","and cap , they would just jack it as high as they could for the exist tenant . that s the thing . its about new renter . even within the confine of the cap , my rent in the last few year have go up uniformly by the maximum allow in the minimum time every single chance . I move in april , and the rent have increase since then . do landlord really need to push it high still to prevent that ?",6,2025-04-11T14:11:29+00:00
mmf0bzw,t1_mme9leo,1jvvcrq,--cheese--,DJing. Man can't spin discs to save his life.,djing . man can not spin disc to save his life .,16,2025-04-10T16:55:36+00:00
mmf8ir8,t1_mme9leo,1jvvcrq,scottofscotia,"I know someone who worked for them and said he failed in qualifications for becoming a legit partner of a legal firm to cover property so to get round it, set up new companies to use to bypass it with loopholes.","I know someone who work for they and say he fail in qualification for become a legit partner of a legal firm to cover property so to get round it , set up new company to use to bypass it with loophole .",3,2025-04-10T17:35:00+00:00
mmfjls5,t1_mmfahtp,1jvvcrq,k3nn3h,"right, but if it were illegal to make a profit from providing housing, why would anyone do it? and if noone rented out housing, how could anyone rent a home? pretty fucking mental to suggest ""no-one can rent a home, ever"" as an improvement over the current situation","right , but if it be illegal to make a profit from provide housing , why would anyone do it ? and if noone rent out housing , how could anyone rent a home ? pretty fucking mental to suggest noone can rent a home , ever as an improvement over the current situation",0,2025-04-10T18:28:13+00:00
mmdq5z1,t1_mmdpc70,1jvvcrq,john_454,"As I said building more is a component but it will not be itself solve the issue. People follow DJ Alexander's lead when they put up rent to "" market price"" so does everyone else. 

You cannot go without a home so rent will rise and what will you do be homeless?",as I say build more be a component but it will itself solve the issue . people follow dj alexander lead when they put up rent to market price so do everyone else . you can not go home so rent will rise and what will you do be homeless ?,6,2025-04-10T12:58:40+00:00
mmizcyv,t1_mmdpc70,1jvvcrq,DisplacedTeuchter,"If you build more houses, without rental reforms they'll end up getting bought by landlords. Who will then still strangle the supply to keep prices high.","if you build more house , reform they ll end up getting buy by landlord . who will then still strangle the supply to keep price high .",2,2025-04-11T07:34:13+00:00
mmj6ilt,t1_mmdpc70,1jvvcrq,GingerSnapBiscuit,"They ARE building more houses.  There are like 20,000 going up around the suburbs of Edinburgh, 2 or 3 whole new cities being built.  This shit doesn't happen overnight.  Meanwhile landlords keep flinging the rent up year on year by the max allowed.","they be build more house . there be like go up around the suburb of edinburgh , or whole new city be build . this shit do not happen overnight . meanwhile landlord keep fling the rent up year on year by the max allow .",2,2025-04-11T08:51:14+00:00
mmeofo3,t1_mmdrvhn,1jvvcrq,dwg-87,"Just an FYI, just building more housing in general doesn’t necessarily help.","just an fyi , just build more housing in general do not necessarily help .",3,2025-04-10T15:57:03+00:00
mmfcx8j,t1_mmehpby,1jvvcrq,mightyslacker,"So the alternative is to not cap and trust them to 'do the right thing'?  Or is it that this system seems to benefit current tenants and fucks people looking, and the alternative makes it a more level playing ground (even if that means it's a shitty playing ground for everyone)?","so the alternative be to and trust they to do the right thing ? or be it that this system seem to benefit current tenant and fuck people look , and the alternative make it a more level playing ground even if that mean its a shitty playing ground for everyone ?",3,2025-04-10T17:55:53+00:00
mmj6tdl,t1_mmehpby,1jvvcrq,GingerSnapBiscuit,"> Landlords put up rents massively to offset the risk the cap presented to them. As an example, rather than putting a one bed from £700 PCM to £750 PCM, they were chucking it up to a £1,000 PCM. The general stock shortage meant people would pay it.

And then, of course, last year when the Caps were removed the rents dropped back down, since now that risk was removed.  Naturally.  Of course.  

Oh no, wait, none of that shit happened, because landlords are fucking parasites and nothing would make them lower rent.","landlord put up rent massively to offset the risk the cap present to they . as an example , rather than put a one bed from pcm to pcm , they be chuck it up to a pcm . the general stock shortage mean people would pay it . and then , of course , last year when the cap be remove the rent drop back down , since now that risk be remove . naturally . of course . oh no , wait , none of that shit happen , because landlord be fuck parasite and nothing would make they low rent .",2,2025-04-11T08:54:27+00:00
mmf3kkq,t1_mmemxle,1jvvcrq,TranslatesToScottish,"For me, yes. Others may have had a different experience, but I moved during Covid and the flat I got was lower in rent than it had been for the prev tenants (who I got to know over some shenanigans by our pals Evri). I remember when I was looking there were quite a few I was surprised by the fairly low rent for at the time. 

I don't have stats or anything; just my own experience, so maybe I'm just a lucky anomaly, but I'm 100% sure I wouldn't have been in this flat if I'd moved pre-Covid (and it's probably why the rent has gone up the max allowed in the min possible time every chance since, to the point I'm close to being priced out of it again).

But you've answered my question with a question, and not explained why rents were rising prior to caps if caps are the big problem driving up rents.","for I , yes . other may have have a different experience , but I move during covid and the flat I get be low in rent than it have be for the prev tenant who I get to know over some shenanigan by our pal evri . I remember when I be look there be quite a few I be surprise by the fairly low rent for at the time . I do not have stat or anything just my own experience , so maybe I m just a lucky anomaly , but I m sure I would not have be in this flat if I d move precovid and its probably why the rent have go up the max allow in the min possible time every chance since , to the point I m close to be price out of it again . but you ve answer my question with a question , and why rent be rise prior to cap if cap be the big problem drive up rent .",2,2025-04-10T17:11:22+00:00
mmn37rg,t1_mmf0bzw,1jvvcrq,CollReg,"Damn, and [it’s usually the DJs that save other people…](https://m.youtube.com/watch?v=GtfZbj4J71A&t=2m44s)","damn , and its usually the djs that save other people",2,2025-04-11T22:26:33+00:00
mmfku29,t1_mmfjls5,1jvvcrq,MassiveClusterFuck,"What are you on about? That’s the whole point, people wouldn’t be buying up housing just to rent out so that means others can actually buy a home and keep it to themselves. There would still be plenty of ways to rent homes without profit, do you think councils are making massive amounts of the houses they own and rent? Absolutely not, not compared to private landlords or companies. It would also pave the way for rent to own models being more accessible, something that isn’t possible in the current market.","what be you on about ? that s the whole point , people would not be buy up housing just to rent out so that mean other can actually buy a home and keep it to themselves . there would still be plenty of way to rent home , do you think council be make massive amount of the house they own and rent ? absolutely not , to private landlord or company . it would also pave the way for rent to own model be more accessible , something that be not possible in the current market .",4,2025-04-10T18:34:14+00:00
mmdqrha,t1_mmdq5z1,1jvvcrq,crystalGwolf,"Yeah I'm not disagreeing. Check my 1st sentence of 1st comment. 

In the environment we are in now, all policy will be ineffective and, in some cases, detrimental to the renter. Build, then policy will start to magically work","yeah I m . check my sentence of comment . in the environment we be in now , all policy will be ineffective and , in some case , detrimental to the renter . build , then policy will start to magically work",1,2025-04-10T13:02:16+00:00
mmj2gq6,t1_mmizcyv,1jvvcrq,crystalGwolf,Read 1st sentence of 1st comment,read sentence of comment,1,2025-04-11T08:07:25+00:00
mmjse07,t1_mmj6ilt,1jvvcrq,crystalGwolf,"How does buildings in construction affect supply conditions today? And how will 20k affect the existing chasm between supply and demand?

I'm aware, which is why more need being built. They were needed 10 years ago. 

Policy in adverse conditions often has a way of fucking things up even more.

E.g. rent controls widely shown to only benefit a minority of renters, increasing the rents disproportionately for others through reduced quantity and quality of housing and augmentation of the uncontrolled market - because when the demand is so high, the market always finds a way of getting round policy.","how do building in construction affect supply condition today ? and how will affect the exist chasm between supply and demand ? I m aware , which be why more need be build . they be need year ago . policy in adverse condition often have a way of fuck thing up even more . rent control widely show to only benefit a minority of renter , increase the rent disproportionately for other through reduce quantity and quality of housing and augmentation of the uncontrolled market because when the demand be so high , the market always find a way of get round policy .",1,2025-04-11T12:05:14+00:00
mmfj1go,t1_mmfcx8j,1jvvcrq,dwg-87,"Trust to do the right thing? It’s not as simple as that.

One thing worth bearing in mind, the intention of policy and the results they produce are not one and the same.

I have often seen in the opposite effects of what was intended from the policy implemented. The rent cap is one such example. Anyone who has half a slither of actual knowledge of this subject knows it. It’s no secret. 

You get the Reddit brigade though who just can’t fathom how this can be the case.","trust to do the right thing ? its simple as that . one thing worth bear in mind , the intention of policy and the result they produce be and the same . I have often see in the opposite effect of what be intend from the policy implement . the rent cap be one such example . anyone who have half a slither of actual knowledge of this subject know it . its . you get the reddit brigade though who just can not fathom how this can be the case .",1,2025-04-10T18:25:29+00:00
mmj96ai,t1_mmj6tdl,1jvvcrq,dwg-87,"Honest to god, is this even serious? 🤦‍♂️

People are quick to fire in and open their mouth blissfully unaware theyself evidently have absolutely no idea what they are talking about. 

Just an FYI, rents are actually under downward pressure at the moment.","honest to god , be this even serious ? people be quick to fire in and open their mouth blissfully unaware theyself evidently have absolutely what they be talk about . just an fyi , rent be actually under downward pressure at the moment .",1,2025-04-11T09:19:49+00:00
mmdr76b,t1_mmdqrha,1jvvcrq,john_454,Bigger companies doing long term build to rent would be great. Edinburgh wastes so much land on fucking golf courses. So much potential.,big company do long term build to rent would be great . edinburgh waste so much land on fuck golf course . so much potential .,3,2025-04-10T13:04:55+00:00
mmj459w,t1_mmj2gq6,1jvvcrq,DisplacedTeuchter,"Read it point stands.

If landlords buy the newly built houses rents will not come down.

If you build lots of new houses and don't control where they go or make changes to rental legislation a significant number will just end up on DJ Alexander and the other handful of letting agents books as well and they'll just set the same rental rates they already do.",read it point stand . if landlord buy the newly build house rent will down . if you build lot of new house and do not control where they go or make change to rental legislation a significant number will just end up on dj alexander and the other handful of let agent book as well and they ll just set the same rental rate they already do .,2,2025-04-11T08:25:32+00:00
mmjt6pn,t1_mmjse07,1jvvcrq,GingerSnapBiscuit,"So we should just stick with the status quo until building supply catches up to demand then should we?  Just hope that the current trend for landlords whacking up rents year on year to at or near the cap for rent increases abates on its own and landlords just lower costs out of the kindness of their heart?

What would be a better proposal to deal with the current sitaution with rents spiraling out of control?  And yes, I know, ""build more houses"", that is happening but it can't be made to happen TODAY, which is when the issue exists, so what proposal exists that sorts TODAYs issue in a timely enough manner that it helps people having housing issues NOW?","so we should just stick with the status quo until build supply catch up to demand then should we ? just hope that the current trend for landlord whack up rent year on year to at or near the cap for rent increase abate on its own and landlord just low cost out of the kindness of their heart ? what would be a well proposal to deal with the current sitaution with rent spiral out of control ? and yes , I know , build more house , that be happen but it can not be make to happen today , which be when the issue exist , so what proposal exist that sort today issue in a timely enough manner that it help people have housing issue now ?",1,2025-04-11T12:10:43+00:00
mmfkwxf,t1_mmfj1go,1jvvcrq,mightyslacker,"Oh absolutely, I'm just curious on what you think happens if there is no cap and how that is 'better'","oh absolutely , I m just curious on what you think happen if there be and how that be well",2,2025-04-10T18:34:38+00:00
mmje7yv,t1_mmj96ai,1jvvcrq,GingerSnapBiscuit,"I own now so I only have Reddit to go off, but I've not seen a single person posting about their Landlord slashing their rent, or dropping it down due to ""downward market pressure"".  Just lots and lots of posts about landlords hiking the rent to meet Local Market Rates, and people seeing houses they used to rent for £750pcm on the market for £1000pcm now.

If there is downward pressure it doesn't seem to be reflected widespread in the cost of flats/housing.  Maybe there is a trend in prices lowering which I am unable to see, I don't have access to the same data you probably do for your work.","I own now so I only have reddit to go off , but I ve a single person post about their landlord slash their rent , or drop it down due to downward market pressure . just lot and lot of post about landlord hike the rent to meet local market rate , and people see house they use to rent for on the market for now . if there be downward pressure it do not seem to be reflect widespread in the cost of flat housing . maybe there be a trend in price lower which I be unable to see , I do not have access to the same datum you probably do for your work .",1,2025-04-11T10:11:05+00:00
mmhcbtc,t1_mmdr76b,1jvvcrq,crystalGwolf,"Ye. My personal grievance is with listed buildings. Let people live in warm, modern buildings. Do we still want the old windows even when there's floating cars zoomin about?","ye . my personal grievance be with list building . let people live in warm , modern building . do we still want the old window even when there s float car zoomin about ?",1,2025-04-11T00:07:49+00:00
mmj4eb2,t1_mmj459w,1jvvcrq,crystalGwolf,1st sentence said policy is ineffective without first building houses. Not that policy is ineffective,sentence say policy be ineffective building house . policy be ineffective,0,2025-04-11T08:28:16+00:00
mmjxj3u,t1_mmjt6pn,1jvvcrq,crystalGwolf,"Counter-intuitively to most, make financial conditions better for current landlords. High stamp duty is fine however, for example, the current tax conditions applying to landlords are bat shit. 

As an example, I could rent my flat for £1300 (below market rate) and be happy with that. 15% management fee, £189 property management, £800 mortgage. £100 profit, pay my tax, £50 profit after tax. But that's not how it works. 

They changed it so you can only claim 20% of mortgage in tax relief. So my after-tax profit is now negative £262. I would have to charge £1,900 just to break even. 

In supply side conditions, this is great. It deters leveraged landlords from the market, making everything amazing for everyone. But we're in demand side conditions and landlords can just hike up their rents knowing tenants have to take it. The tax system forces landlords to charge higher rents or tax evade. 

Does it cause some landlords to leave the market? Yeah, for sure. But until wages catch up with house values, that doesn't really help first time buyers does it and it only leads to worse conditions for them in the rental market.

Honestly, just changing that is a huge step. But they won't because the gov is purely performative and unwilling to be pragmatic because, rightly, pissed off renters want the performance.","counterintuitively to most , make financial condition well for current landlord . high stamp duty be fine however , for example , the current tax condition apply to landlord be bat shit . as an example , I could rent my flat for below market rate and be happy with that . management fee , property management , mortgage . profit , pay my tax , profit after tax . but that s it work . they change it so you can only claim of mortgage in tax relief . so my aftertax profit be now negative . I would have to charge just to break even . in supply side condition , this be great . it deter leveraged landlord from the market , make everything amazing for everyone . but be in demand side condition and landlord can just hike up their rent know tenant have to take it . the tax system force landlord to charge high rent or tax evade . do it cause some landlord to leave the market ? yeah , for sure . but until wage catch up with house value , that do not really help first time buyer do it and it only lead to bad condition for they in the rental market . honestly , just change that be a huge step . but they will not because the gov be purely performative and unwilling to be pragmatic because , rightly , piss off renter want the performance .",1,2025-04-11T12:39:23+00:00
mmfsanl,t1_mmfkwxf,1jvvcrq,dwg-87,"The point I am making is that it was the cherry on top of a shit tone of bad decision by the Governemnt that caused sharp spikes in pricing. This likely would not have happened if not for the policy. 

Interestingly, rents are starting to come back a bit recently…. Just happens to coincide with it being lifted.","the point I be make be that it be the cherry on top of a shit tone of bad decision by the governemnt that cause sharp spike in pricing . this likely would happen if the policy . interestingly , rent be start to come back a bit recently . just happen to coincide with it be lift .",1,2025-04-10T19:11:09+00:00
mmjn7qo,t1_mmje7yv,1jvvcrq,dwg-87,"So to confirm, you have absolutely no idea what you are talking about. You are not even aware of how inherently silly what you have just said is are you?

It’s like you have read a Wikipedia page on engineering and trying to speak an aeronautical engineer about how to build an aircraft. 

Laughable.","so to confirm , you have absolutely what you be talk about . you be aware of how inherently silly what you have just say be be you ? its like you have read a wikipedia page on engineer and try to speak an aeronautical engineer about how to build an aircraft . laughable .",1,2025-04-11T11:28:08+00:00
mmj5gql,t1_mmj4eb2,1jvvcrq,DisplacedTeuchter,"Ah sorry, for some reason Reddit glitched and it didn't load when I went to look up.

I don't entirely disagree but think there's a decent amount of new builds, especially in somewhere like East Lothian and it's done nothing for rent.

Recent policy around new builds has if anything propped up unrealistic values and transferred public money to private hands.

More houses definitely required (more towns really, so many new build estates are completely soulless and look like US suburbs where you're fucked without a car) but massive changes to the law would also be required to make a real difference. We'll never get a government on any side with the stomach for it though.","ah sorry , for some reason reddit glitche and it do not load when I go to look up . I do not entirely disagree but think there s a decent amount of new build , especially in somewhere like east lothian and its do nothing for rent . recent policy around new build have if anything prop up unrealistic value and transfer public money to private hand . more house definitely require more town really , so many new build estate be completely soulless and look like us suburb where you re fuck car but massive change to the law would also be require to make a real difference . well a government on any side with the stomach for it though .",1,2025-04-11T08:39:58+00:00
mmfulv1,t1_mmfsanl,1jvvcrq,mightyslacker,Thanks for your time and the explanation!,thank for your time and the explanation !,1,2025-04-10T19:22:46+00:00
mmjti18,t1_mmjn7qo,1jvvcrq,GingerSnapBiscuit,"Where can this ""downward pressure"" on housing price be seen?  Is there a noticable lowering of the median rental price in Edinburgh?  Is there a trend of flats coming onto the market at lower than the current ""market rate"" for housing?  Or is it that market rate itself which is being lowered?  

I can only form an opinion based on the evidence presented.  All the evidence I've seen suggests that rental prices are NOT, in fact, falling in Edinburgh.  If this is not the case I'd love to be educated on the facts.","where can this downward pressure on housing price be see ? be there a noticable lowering of the median rental price in edinburgh ? be there a trend of flat come onto the market at low than the current market rate for housing ? or be it that market rate itself which be be lower ? I can only form an opinion base on the evidence present . all the evidence I ve see suggest that rental price be not , in fact , fall in edinburgh . if this be case i d love to be educate on the fact .",1,2025-04-11T12:12:52+00:00
mmjqjh2,t1_mmj5gql,1jvvcrq,crystalGwolf,"All too little too late. There wasn't enough housing before and now net migration is 650k+ and only 300k house built annually. 

Yeah, there's definitely policy that can work - if the result of that policy is more housing becomes available.","all too little too late . there be not enough housing before and now net migration be and only house build annually . yeah , there s definitely policy that can work if the result of that policy be more housing become available .",1,2025-04-11T11:52:24+00:00
mmjzv4c,t1_mmjti18,1jvvcrq,dwg-87,"Your trying to sound clever and you really are making yourself sound more and more ignorant. You are just completely blissfully unaware 🤦‍♂️.

Have you considered that 1) other people might know more about this than you 2) you are wrong 3) you are clearly unaware of anything you are talking about and smart sound silly to someone who does?

Is your ego capable of accepting any of these three possibilities?",your try to sound clever and you really be make yourself sound more and more ignorant . you be just completely blissfully unaware . have you consider that other people might know more about this than you you be wrong you be clearly unaware of anything you be talk about and smart sound silly to someone who do ? be your ego capable of accept any of these three possibility ?,1,2025-04-11T12:54:03+00:00
mmk1oa0,t1_mmjzv4c,1jvvcrq,GingerSnapBiscuit,"I'm asking for evidence of the claim that there is downward pressure on rental prices. That's literally all I want. So far the evidence you've provided is ""trust me bro"".

Anyone who accepts random people's claims on the Internet WITHOUT asking for evidences/sources is the idiot, in my experience.","I m ask for evidence of the claim that there be downward pressure on rental price . that s literally all I want . so far the evidence you ve provide be trust I bro . anyone who accept random people claim on the internet for evidence source be the idiot , in my experience .",1,2025-04-11T13:04:58+00:00
mm67mt7,t3_1juob8w,1juob8w,43103,"Bro, “young professionals” just means not students (so you’re paying council tax). I live in a flat with 5 of us 26-35 on pretty much minimum wage. It’s great, we’re all buds. Just keep looking, you’ll find your people.","bro , young professional just mean so you re pay council tax . I live in a flat with of we on pretty much minimum wage . its great , be all bud . just keep look , you ll find your people .",473,2025-04-09T06:50:26+00:00
mm67gm5,t3_1juob8w,1juob8w,PutTheDamnDogDown,You're doing fine. You're doing well. You're working hard and supporting yourself. Be proud of yourself and keep the heid. It's a tough world out there and you're doing enough.,you re do fine . you re do well . you re work hard and support yourself . be proud of yourself and keep the heid . its a tough world out there and you re do enough .,128,2025-04-09T06:48:41+00:00
mm6aqz5,t3_1juob8w,1juob8w,devandroid99,"Professionals just means people with jobs, it doesn't mean some BMW driving finance bellend.","professional just mean people with job , it do not mean some bmw drive finance bellend .",241,2025-04-09T07:22:46+00:00
mm6afv6,t3_1juob8w,1juob8w,SuperbPhase6944,You're probably earning more than the guys doing PhDs. You'll certainly have better job security if they're at any of the universities in Edinburgh at the moment.,you re probably earn more than the guy do phds . you ll certainly have well job security if they re at any of the university in edinburgh at the moment .,87,2025-04-09T07:19:27+00:00
mm689zi,t3_1juob8w,1juob8w,NotOnYerNelly,I’m like this. I’m 42. Went back to college at 30. Recently lost my job now. More people in this position than you think.,I m like this . I m . go back to college at . recently lose my job now . more people in this position than you think .,39,2025-04-09T06:56:58+00:00
mm6ajiv,t3_1juob8w,1juob8w,itsmedee28,"You are doing incredible, I am the same as you, late 20's in a minimum wage job, no degree or anything special, hit a couple bumps in my past but here we are, alive, breathing and surviving. 

Sometimes we are all too hard on ourselves, we are the same as these 'professionals', we just took a different path in life and that is okay. 

Never be ashamed of who you are and what you have accomplished because I can guarantee you now, in 10 years they will be stressed tf out, miserable and to tired to do anything. 

You're doing incredible, never think any different! x","you be do incredible , I be the same as you , late in a minimum wage job , or anything special , hit a couple bump in my past but here we be , alive , breathe and survive . sometimes we be all too hard on ourselves , we be the same as these professional , we just take a different path in life and that be okay . ashamed of who you be and what you have accomplish because I can guarantee you now , in year they will be stress tf out , miserable and to tired to do anything . you re do incredible , any different ! x",30,2025-04-09T07:20:32+00:00
mm6bxeg,t3_1juob8w,1juob8w,SlippersParty2024,"I'm a graduate, I have done all sorts of jobs since University (I'm 50+ so that was a long time ago). Office, minimum wage, temp jobs, you name it. The job I remember the most fondly was in retail. Ignore the status bullshit, a job is a job and you never know what opportunity comes next.","I m a graduate , I have do all sort of job since university I m so that be a long time ago . office , minimum wage , temp job , you name it . the job I remember the most fondly be in retail . ignore the status bullshit , a job be a job and you what opportunity come next .",16,2025-04-09T07:35:23+00:00
mm6cgkn,t3_1juob8w,1juob8w,luckykat97,"They're also just in houseshares you're looking at living in so I'm sure why you'd assume they have much more money than you. PhD students rarely have much money at all.

""Young professional"" flatshare doesn't mean you need a particular kind of job and degree. They just mean they want to live with other young people in full time employment and not those who are full time students or might want to party more.",they re also just in houseshare you re look at live in so I m sure why you d assume they have much more money than you . phd student rarely have much money at all . young professional flatshare do not mean you need a particular kind of job and degree . they just mean they want to live with other young people in full time employment and who be full time student or might want to party more .,16,2025-04-09T07:41:08+00:00
mm68bvz,t3_1juob8w,1juob8w,Parmarti,"They’re all on minimum wage anyways, just feel at ease with your path and do better from now on.","they re all on minimum wage anyways , just feel at ease with your path and do well from now on .",14,2025-04-09T06:57:30+00:00
mm6awg3,t3_1juob8w,1juob8w,PersonalityOld8755,"Nothing to be embarrassed about, work is work. Iv lived with many bar workers etc.. they are usually really busy.","nothing to be embarrassed about , work be work . iv live with many bar worker etc they be usually really busy .",8,2025-04-09T07:24:24+00:00
mm6lavw,t3_1juob8w,1juob8w,ParanoidNarcissist2,You shouldn't be embarrassed about working for a living.,you should not be embarrassed about work for a living .,6,2025-04-09T09:17:35+00:00
mm6ca8y,t3_1juob8w,1juob8w,R4vendarksky,"
If it helps, most of my friends who did degrees in their 20s ended up having to do unrelated jobs in their 30s","if it help , most of my friend who do degree in their end up have to do unrelated job in their",5,2025-04-09T07:39:15+00:00
mm6fwqo,t3_1juob8w,1juob8w,randombean,"I've lived in flat shares in Edinburgh for 5+ years now

I've lived with undergrads, masters students, phds, people who just work, etc. I've lived with a PhD student who worked at McDonald's and another in a hotel. I've worked with people making decent income too.

It took me until maybe last year to feel ""on my feet"". Along this time the people I've lived with too have been in similar, worse, or better situations. We all need a place to live and we all have our better and worse times.

I think right now I try to just be grateful for what I do have. A roof over my head and a steady job. We'll always be able to compare with others and see it better, but often it's not all worked out for them either.","I ve live in flat share in edinburgh for year now I ve live with undergrad , master student , phds , people who just work , etc . I ve live with a phd student who work at mcdonald and another in a hotel . I ve work with people make decent income too . it take I until maybe last year to feel on my foot . along this time the people I ve live with too have be in similar , bad , or well situation . we all need a place to live and we all have our well and bad time . I think right now I try to just be grateful for what I do have . a roof over my head and a steady job . well always be able to compare with other and see it well , but often its work out for they either .",3,2025-04-09T08:18:26+00:00
mm6h0ph,t3_1juob8w,1juob8w,yakuzakid3k,"I'm nearly 50 and not far off minimum wage. One too many life fuck ups means it's impossible for me to hold down a real job, or even get my foot into having a ""career"". Thankfully I bought a flat in my 20s when they were still affordable, otherwise I would no longer be able to live here on my own. Would be paying double my mortgage for rent on the same property.","I m nearly and off minimum wage . one too many life fuck up mean its impossible for I to hold down a real job , or even get my foot into have a career . thankfully I buy a flat in my when they be still affordable , otherwise I would be able to live here on my own . would be pay double my mortgage for rent on the same property .",5,2025-04-09T08:30:48+00:00
mm6oz49,t3_1juob8w,1juob8w,PoopsMcGroots,"Context is late 1990’s. I’d landed some entry level temping work in Edinburgh and was commuting in by train. Someone at work nudged me in the direction of a flatshare with a door by a fetish shop called Whiplash Trash on Cockburn St. I look back on it now as part of the adventure of my early life but it was grim as fuck. A tiny, dirty, coffin shaped room with a window out across Fleshmarket Close overlooked by the backpacker’s lodge on the opposite side that felt close enough to reach across the alley. Flatmates were a permanently drunk but chill Welsh guy, an intense ex-military guy that worked security somewhere and felt like he’d snap and go postal at any moment, and another guy no-one saw: all of them double my age. £30 a week rent. Few months later, landlord offered me a whole single bedroom flat in Smithfield St, Gorgie for £70 a week, which I gratefully accepted. Changed jobs a few times before finally landing something salaried down South. Which was just as well as the kids playing ‘floor is lava’ in the flat above finally loosened the plaster from the ceiling in the bedroom and it collapsed one night while I was watching telly in the other room.

Good times 😂

The rental for single bed flats in Smithfield St were  £960 a month last time I idly looked. ‘Kin ‘ell.

Don’t worry though: the message is that you don’t have stay in one spot in your work or where you live. Use each one as foundation for the next step. Build some network amongst your work colleagues. Put yourself in front of opportunity. You’ll be fine.","context be late . I d land some entry level temping work in edinburgh and be commute in by train . someone at work nudge I in the direction of a flatshare with a door by a fetish shop call whiplash trash on cockburn st . I look back on it now as part of the adventure of my early life but it be grim as fuck . a tiny , dirty , coffin shape room with a window out across fleshmarket close overlook by the backpacker lodge on the opposite side that feel close enough to reach across the alley . flatmate be a permanently drunk but chill welsh guy , an intense exmilitary guy that work security somewhere and feel like he d snap and go postal at any moment , and another guy noone see all of they double my age . a week rent . few month later , landlord offer I a whole single bedroom flat in smithfield st , gorgie for a week , which I gratefully accept . change job a few time before finally land something salary down south . which be just as well as the kid play floor be lava in the flat above finally loosen the plaster from the ceiling in the bedroom and it collapse one night while I be watch telly in the other room . good time the rental for single bed flat in smithfield st be a month last time I idly look . kin ell . do not worry though the message be that you do not have stay in one spot in your work or where you live . use each one as foundation for the next step . build some network amongst your work colleague . put yourself in front of opportunity . you ll be fine .",3,2025-04-09T09:55:52+00:00
mm6h117,t3_1juob8w,1juob8w,FreddyDeus,Going out to work is nothing to be embarrassed about. And you’re still young enough to do other things regarding your career.,go out to work be nothing to be embarrassed about . and you re still young enough to do other thing regard your career .,3,2025-04-09T08:30:53+00:00
mm6b3f4,t3_1juob8w,1juob8w,sirsheego,If you had a chat with some of the ‘professionals’ some didn’t get their life together until late 30s. You still have time don’t look down on yourself because of the kind of work you do what’s important is your bills are being paid and you’re aiming to be better in life.,if you have a chat with some of the professional some do not get their life together until late . you still have time do not look down on yourself because of the kind of work you do what s important be your bill be be pay and you re aim to be well in life .,4,2025-04-09T07:26:29+00:00
mm6mojn,t3_1juob8w,1juob8w,Sonmii,"I was flat-sharing with random folk until I was late twenties, and had many different flatmates ranging up to around late 30s. They all had different jobs, from students to waiters to bar workers to professors.

Literally noone ever cared lol, and personally the only thing that mattered to me was that they were sound to live with (which 99% were).","I be flatshare with random folk until I be late twenty , and have many different flatmate range up to around late . they all have different job , from student to waiter to bar worker to professor . literally noone ever care lol , and personally the only thing that matter to I be that they be sound to live with which be .",2,2025-04-09T09:32:17+00:00
mm6mxcc,t3_1juob8w,1juob8w,bendan99,"I'm in my fifties now and have my own bought and paid for house, but I was in exactly your position in my late twenties. There's no one I respect more than people doing an honest job to the best of their ability.","I m in my fifty now and have my own buy and pay for house , but I be in exactly your position in my late twenty . there s I respect more than people do an honest job to the good of their ability .",2,2025-04-09T09:34:52+00:00
mm6nepr,t3_1juob8w,1juob8w,offitayenor,Young professionals is literally people under the age of 35 who are not students and are working.  You’ll be fine. I have never once considered what my flatmates did for a living if it paid the rent/ bills and wasn’t illegal. It has made literally no impact on how I view them at all.,young professional be literally people under the age of who be and be work . you ll be fine . I have consider what my flatmate do for a living if it pay the bill and be not illegal . it have make literally on how I view they at all .,2,2025-04-09T09:39:59+00:00
mm71cvl,t3_1juob8w,1juob8w,Relative-Radio-8629,"The government is to blame for how you're feeling. If it makes you feel at all better, every person I know that has managed to get on the property ladder has had (boomer) parent help! It's almost impossible for a single person on a low-average wage to save enough for a house deposit while also paying ridiculous levels of rent. It's not your fault and we are all feeling the same!","the government be to blame for how you re feel . if it make you feel at all well , every person I know that have manage to get on the property ladder have have boomer parent help ! its almost impossible for a single person on a lowaverage wage to save enough for a house deposit while also pay ridiculous level of rent . its fault and we be all feel the same !",2,2025-04-09T11:41:11+00:00
mm6i7ju,t3_1juob8w,1juob8w,FourEyedMatt,"Comparison is the thief of joy.

Live your life and enjoy, especially in your 20’s.","comparison be the thief of joy . live your life and enjoy , especially in your .",1,2025-04-09T08:44:02+00:00
mm6inj8,t3_1juob8w,1juob8w,daveyh420,"if it makes you feel any better, you are probably earning more than the PhD students","if it make you feel any well , you be probably earn more than the phd student",1,2025-04-09T08:48:50+00:00
mm6j2zk,t3_1juob8w,1juob8w,jenkinsmi,I live in a professional flat it's just a couple other people working regular jobs nothing snobby or weird or negative,I live in a professional flat its just a couple other people work regular job nothing snobby or weird or negative,1,2025-04-09T08:53:29+00:00
mm6jxo2,t3_1juob8w,1juob8w,HeriotAbernethy,"OP, it’s a long time since I flatshared, but back then I wasn’t earning much and shared with students and others in a similar boat. Without exception what we cared about was having congenial, considerate flatmates who would pay their share of the bills on time. So long as they earned their income by lawful means we didn’t care how much it was or how they earned it.

Enjoy your time flatsharing, but do put in place the stepping stones - saving, training, job hunting - which will help you move on. Good luck.","op , its a long time since I flatshare , but back then I be not earn much and share with student and other in a similar boat . what we care about be have congenial , considerate flatmate who would pay their share of the bill on time . so long as they earn their income by lawful mean we do not care how much it be or how they earn it . enjoy your time flatshare , but do put in place the step stone saving , training , job hunting which will help you move on . good luck .",1,2025-04-09T09:02:48+00:00
mm6k375,t3_1juob8w,1juob8w,ultravires83,"Comparison is the thief of joy.
I never found my feet job wise until I was well into my 30’s. I’ve worked minimum wage jobs and you are working and earning be proud you are doing so. 
Life’s too short to worry about what others are doing.
Live your own life.",comparison be the thief of joy . I my foot job wise until I be well into my . I ve work minimum wage job and you be work and earn be proud you be do so . life too short to worry about what other be do . live your own life .,1,2025-04-09T09:04:29+00:00
mm6mn97,t3_1juob8w,1juob8w,Beautiful_Donkey_468,"Hey man, do not worry where other’s are in life! It seems like you are doing well, keep going.","hey man , do where other be in life ! it seem like you be do well , keep go .",1,2025-04-09T09:31:54+00:00
mm6qdgn,t3_1juob8w,1juob8w,iamfunball,"Friend, I’m in the same boat at 36, wishing I could get back in school but just trying to live for now","friend , I m in the same boat at , wish I could get back in school but just try to live for now",1,2025-04-09T10:09:37+00:00
mm6rq9r,t3_1juob8w,1juob8w,aloe1420,"So many single people are living in shared accommodation. There’s absolutely nothing to be embarrassed about. It’s the rent prices of 1 bed flats that are embarrassingly high, most people can’t afford this alone. You might be surprised and actually enjoying the socialisation of living with others. You also have the rest of your life to work and find a ‘career’. Be proud of yourself for having a job and a roof over your head.","so many single people be live in shared accommodation . there s absolutely nothing to be embarrassed about . its the rent price of bed flat that be embarrassingly high , most people can not afford this alone . you might be surprised and actually enjoy the socialisation of live with other . you also have the rest of your life to work and find a career . be proud of yourself for have a job and a roof over your head .",1,2025-04-09T10:22:35+00:00
mm709qw,t3_1juob8w,1juob8w,Pleasant-Following79,"You never know what is happening in other people's lives. Even those who seem to have it all together usually have some shit going on. I'm 50 soon and working in a hotel for crap money. I also have another job that pays well but is sporadic. You shouldn't be embarrassed about anything in your life. You're productive and  that should be enough. Try to focus on making yourself happy regardless of who you live with. And remember, you just never know everyone's circumstances so try not to make assumptions. One more thing...most people are not thinking about you and your salary. Believe me.","you what be happen in other people live . even those who seem to have it all together usually have some shit go on . I m soon and work in a hotel for crap money . I also have another job that pay well but be sporadic . you should not be embarrassed about anything in your life . you re productive and that should be enough . try to focus on make yourself happy regardless of who you live with . and remember , you just everyone circumstance so try make assumption . one more thing most people be about you and your salary . believe I .",1,2025-04-09T11:33:18+00:00
mm71sc5,t3_1juob8w,1juob8w,Speysidegold,"Lol most people in Edinburgh work I know work in hospitality, care or as cleaners I think you'll be fine dude","lol most people in edinburgh work I know work in hospitality , care or as cleaner I think you ll be fine dude",1,2025-04-09T11:44:17+00:00
mm731ze,t3_1juob8w,1juob8w,zubeye,"it sounds like this more of a student thing, you are applying in areas dominated by studends or recent graduates. and finding out just how much of an impact the universities have on the city

A lot of phd studends are very skint, so it's not as much about money, as whether you gel with the people

which has much more to do with whether you face the same kind of day to day challenges, than income.","it sound like this more of a student thing , you be apply in area dominate by studend or recent graduate . and find out just how much of an impact the university have on the city a lot of phd studend be very skint , so its much about money , as whether you gel with the people which have much more to do with whether you face the same kind of day to day challenge , than income .",1,2025-04-09T11:53:07+00:00
mm7ltil,t3_1juob8w,1juob8w,Metal_corrosion,"Probably the phd guys will look up to you as you have a job that enables you to get a flat in same level as them. So about your flatmates don't worry since you are paying the same amount of rent as them and in many cases if you can get along it doesn't matter whether you are phd or illiterate you can be friends. 
On the other hand you can be flatmate with someone like yourself and being toxic.",probably the phd guy will look up to you as you have a job that enable you to get a flat in same level as they . so about your flatmate do not worry since you be pay the same amount of rent as they and in many case if you can get along it do not matter whether you be phd or illiterate you can be friend . on the other hand you can be flatmate with someone like yourself and be toxic .,1,2025-04-09T13:47:08+00:00
mm7paae,t3_1juob8w,1juob8w,CarrotTraditional739,"Yeah don't worry, I think you're doing great.

I basically restarted my education at 23, after literally 5 years of depression and trying to finish a degree I could never manage.

I have gotten my PhD now and I am 36. I have two contracts now working but I am not an employee with holiday pay or sickness pay, pension etc. The complex I have and have had for years is massive. If I was one of the PhD students living next to you, I would feel like a child.","yeah do not worry , I think you re do great . I basically restart my education at , after literally year of depression and try to finish a degree I could . I have get my phd now and I be . I have two contract now work but I be employee with holiday pay or sickness pay , pension etc . the complex I have and have have for year be massive . if I be one of the phd student live next to you , I would feel like a child .",1,2025-04-09T14:05:15+00:00
mm82t37,t3_1juob8w,1juob8w,gus-here,"I feel this on a very personal level but as far as I’m aware, we are all feeling the pinch! If you need extra work drop me a message as we take on part and full time people over the summer for our events :)","I feel this on a very personal level but as far as I m aware , we be all feel the pinch ! if you need extra work drop I a message as we take on part and full time people over the summer for our event",1,2025-04-09T15:12:50+00:00
mm8ne2n,t3_1juob8w,1juob8w,Individual_Chain4108,"You’re an honest working person, i’m a now not so young professional, but at that stage of life I would live with anyone who was a decent human being! It makes for much more interesting conversations than living with people in your own profession!","you re an honest work person , I m a now young professional , but at that stage of life I would live with anyone who be a decent human being ! it make for much more interesting conversation than live with people in your own profession !",1,2025-04-09T16:54:08+00:00
mm91jvr,t3_1juob8w,1juob8w,IllustratorHot4169,"Completely understand how you’re feeling. I’m turning 30 soon and I’ve also had a very rocky start to life. I am trying to move from London to Edinburgh. Saved up, quit my London job, (because I couldn’t work remotely), got a guarantor and can’t find a flat or a job in Edinburgh. I have a lot of good work experience but I’m being rejected from entry level jobs. Unfortunately for me I also have a dog so no luck even with mid market rent flats. Now I’m stuck in London without a job and trying not to burn through my Edinburgh savings. I’m going to have to get another job here and postpone my move. What’s worse is I told everyone I was leaving when I previously got approved for a flat, the landlord changed his mind and decided not to rent it out. I’m trying not to be embarrassed by this. 
Anyway, all this to say, your path is your own, can’t really compare with other people who haven’t experienced what you have. Find little ways to enjoy your life and keep working on creating the life you want. Don’t give up. x","completely understand how you re feel . I m turn soon and I ve also have a very rocky start to life . I be try to move from london to edinburgh . save up , quit my london job , because I could not work remotely , get a guarantor and can not find a flat or a job in edinburgh . I have a lot of good work experience but I m be reject from entry level job . unfortunately for I I also have a dog so even with mid market rent flat . now I m stuck in london job and try burn through my edinburgh saving . I m go to have to get another job here and postpone my move . what s bad be I tell everyone I be leave when I previously get approve for a flat , the landlord change his mind and decide rent it out . I m try be embarrass by this . anyway , all this to say , your path be your own , can not really compare with other people who have not experience what you have . find little way to enjoy your life and keep work on create the life you want . do not give up . x",1,2025-04-09T18:00:33+00:00
mma6pd3,t3_1juob8w,1juob8w,Federal-Ad574,"I felt the same way. As a recent graduate who hasn’t found a full time job and also an international student, I was always rejected by the local agent which made me feel bad and excluded","I feel the same way . as a recent graduate who have not find a full time job and also an international student , I be always reject by the local agent which make I feel bad and exclude",1,2025-04-09T21:21:17+00:00
mmakkvl,t3_1juob8w,1juob8w,PM_ME_UR_SMILE_PLIZ,"I applied through a property management site and I got my flat with a guarantor since I didn’t have a job yet. And I’m still on a living wage after all that pish. You’ll be fine mate, despite the relatively posher lifestyle everyone else seems to be having. Even the PhD students I know do the same job as mine on top of Universal Credit.","I apply through a property management site and I get my flat with a guarantor since I do not have a job yet . and I m still on a living wage after all that pish . you ll be fine mate , despite the relatively posher lifestyle everyone else seem to be have . even the phd student I know do the same job as mine on top of universal credit .",1,2025-04-09T22:37:55+00:00
mmcbz7b,t3_1juob8w,1juob8w,nReasonable_,We all got to start somewhere....,we all get to start somewhere,1,2025-04-10T05:25:49+00:00
mmcmte9,t3_1juob8w,1juob8w,moonGazerr,"Comparison is the thief of joy. 

I'm also like you. Like twenties and don't have a professional job nor a crazy education. 

I had to learn to stop comparing myself to others who have graduated from university when I moved here, or who have high paying jobs. What matters is your character, ultimately. Besides, even if you get a degree, chances are you might not get a job in the industry you want straight away. It's a tough world out there because of competition. 

Don't do this to yourself. I'm sure you're a great person! Who has a lot to offer. Job and education are not what makes you stand out. Those are substantial things in comparison to who you are. 

Just be you, man. The people who vibe with it will follow.","comparison be the thief of joy . I m also like you . like twenty and do not have a professional job nor a crazy education . I have to learn to stop compare myself to other who have graduate from university when I move here , or who have high pay job . what matter be your character , ultimately . besides , even if you get a degree , chance be you might a job in the industry you want straight away . its a tough world out there because of competition . do not do this to yourself . I m sure you re a great person ! who have a lot to offer . job and education be make you stand out . those be substantial thing in comparison to who you be . just be you , man . the people who vibe with it will follow .",1,2025-04-10T07:11:16+00:00
mmcpjva,t3_1juob8w,1juob8w,LJ359,As a post-grad currently my options are not looking good after graduation so we'll probably both be working minimum wage so really I wouldn't feel embarrassed,as a postgrad currently my option be good after graduation so well probably both be work minimum wage so really I would not feel embarrassed,1,2025-04-10T07:40:41+00:00
mmcw1j5,t3_1juob8w,1juob8w,CardVarious4367,"I was exactly like this when I first moved at 24. I had to move pretty fast as I got a new job and in a city where I barely knew anyone, and got into a flatshare with 5 others (all very different backgrounds, you'd never have guessed we all lived together if you saw us outside)

Anyway it was brief, but I lived there just under a year and I eventually found the right place for myself and now I'm living with my gf (took a while, especially after COVID held the world back a few years and we had to play the waiting game there)

My point being, your first place might not be what you think it might get at first, but it's a learning curve and a half, and you'll be glad of the things you learn by living out there by yourself. :)

Hope you make some new friends this way too! 😁","I be exactly like this when I first move at . I have to move pretty fast as I get a new job and in a city where I barely know anyone , and get into a flatshare with other all very different background , you d guess we all live together if you see we outside anyway it be brief , but I live there just under a year and I eventually find the right place for myself and now I m live with my gf take a while , especially after covid hold the world back a few year and we have to play the waiting game there my point being , your first place might what you think it might get at first , but its a learn curve and a half , and you ll be glad of the thing you learn by live out there by yourself . hope you make some new friend this way too !",1,2025-04-10T08:52:20+00:00
mmcw3az,t3_1juob8w,1juob8w,lee_h2000,Hey man don’t be so hard on yourself I’m only 24 but I make a good wage but even still I pay about £730 a month just for rent for my room and there’s like 4 of us who are all 24-27 I just couldn’t afford a flat myself even with my wage I get like that too so don’t worry but don’t be embarrassed,hey man do not be so hard on yourself I m only but I make a good wage but even still I pay about a month just for rent for my room and there s like of we who be all I just could not afford a flat myself even with my wage I get like that too so do not worry but do not be embarrassed,1,2025-04-10T08:52:51+00:00
mmdebgr,t3_1juob8w,1juob8w,mustybingohall,Comparison is the thief of joy my dude,comparison be the thief of joy my dude,1,2025-04-10T11:40:17+00:00
mmdfhbu,t3_1juob8w,1juob8w,Few-Measurement3491,"A frw things for the OP:

Don’t worry about living in shared accmoodate in your late 20’s. It’s perfectly reasonable thing to do (in my late 20’s and early 30’s, I  lived in shared accommodate with a family for several years; financially it was a great decision). 

Don’t be turned off by ad’s which state they’re looking for “young professionals” or similar: apply and see if you can secure a room regardless of what job you work. 

As others have stated, “comparison is the theif of joy”. Don’t worry too much about others and their jobs. Just try and be the best person you can be, and look to make day by day, week by week improvements. Over time, these small improvements accumulate and become far more noticeable.","a frw thing for the op do not worry about live in share accmoodate in your late . its perfectly reasonable thing to do in my late and early , I live in share accommodate with a family for several year financially it be a great decision . do not be turn off by ad which state they re look for young professional or similar apply and see if you can secure a room regardless of what job you work . as other have state , comparison be the theif of joy . do not worry too much about other and their job . just try and be the good person you can be , and look to make day by day , week by week improvement . over time , these small improvement accumulate and become far more noticeable .",1,2025-04-10T11:48:44+00:00
mme8vx2,t3_1juob8w,1juob8w,DrTorquemada,"When they start going on about smashed avocados, counter them with smashed potatoes","when they start go on about smash avocado , counter they with smashed potato",1,2025-04-10T14:40:17+00:00
mmf10mu,t3_1juob8w,1juob8w,BigBaker420,"It's always going to be difficult not to compare yourself to others. As someone that does this regularly, it can be very self defeating.

One thing I have learned from keeping in touch with some of my closest school/uni friends is that everyone's journey in life is different & you have to remind yourself that your own life is your own journey.

One friend moved to Canada with his wife, had kids & they now live somewhere west of Glasgow.

Another friend, got a girl pregnant in the Phillippines, sold his BMW Z4 & is now over there. Seen him twice in 2 years.

Meanwhile, I'm 37, still live with my parents. I have a Master's degree but can't seem to find a job so moving out anytime soon is a pipe dream.

Whatever you're doing in life, try not be too hard on yourself. If you're happy then more power to you. Just remember, everyone walks their own path in life, some easier, some not so but we all walk our own paths together.","its always go to be difficult compare yourself to other . as someone that do this regularly , it can be very self defeat . one thing I have learn from keep in touch with some of my close school uni friend be that everyone journey in life be different you have to remind yourself that your own life be your own journey . one friend move to canada with his wife , have kid they now live somewhere west of glasgow . another friend , get a girl pregnant in the phillippine , sell his bmw be now over there . see he twice in year . meanwhile , I m , still live with my parent . I have a masters degree but can not seem to find a job so move out anytime soon be a pipe dream . whatever you re do in life , try too hard on yourself . if you re happy then more power to you . just remember , everyone walk their own path in life , some easy , some but we all walk our own path together .",1,2025-04-10T16:58:56+00:00
mmfjwjq,t3_1juob8w,1juob8w,MaeganLuv,Edinburgh is super expensive- so I know it’s tough. There are know rules and milestones. Concentrate of just being happy and don’t judge yourself by others. You are working and contributing and engaging in society. Lots of positives. If working full time- minimum wage is now 25k. It’s just sad that the cost of living is as high as it is. But- no shame in grafting and trying your best.,edinburgh be super expensive so I know its tough . there be know rule and milestone . concentrate of just be happy and do not judge yourself by other . you be work and contribute and engage in society . lot of positive . if work full time minimum wage be now . its just sad that the cost of living be as high as it be . but in grafting and try your good .,1,2025-04-10T18:29:40+00:00
mmgh77m,t3_1juob8w,1juob8w,InterestingAd315,You are doing great! It can feel like that for all of us. Even successful people end up at a table with far richer or more successful people. Just remember what’s important. You got this.,you be do great ! it can feel like that for all of we . even successful people end up at a table with far rich or more successful people . just remember what s important . you get this .,1,2025-04-10T21:13:01+00:00
mmjiznq,t3_1juob8w,1juob8w,Star-Anise0970,Young professionals means you're young and you've got a job. Don't feel bad.,young professional mean you re young and you ve get a job . do not feel bad .,1,2025-04-11T10:54:20+00:00
mmp1058,t3_1juob8w,1juob8w,SpoonieAB3,"Remember- the race is long and, in the end, it’s only against yourself.","remember the race be long and , in the end , its only against yourself .",1,2025-04-12T06:41:44+00:00
mn3zyib,t3_1juob8w,1juob8w,Murky-Income-400,"I'm sorry you are struggling. Your wealth does not determine your worth in any way. It's tough out there, sounds like you are doing your absolute best. The way you've written this, sounds like you've been through a lot, so you should be proud you are doing honest work and grafting. Everyone is faking it and pretending they're comfortable. 

It's a rigged, unfair system, so I hope you get what you need. And also, if aren't already, consider joining one of the many movements for justice out there (In this case I'm thinking Living Rent) - not just to make things better for yourself and for others, but also becuase you will meet people who are in a similar situation to you and that will help you feel better - and you will feel one of the most precious feelings there is - cameraderie and solidarity.","I m sorry you be struggle . your wealth do your worth in any way . its tough out there , sound like you be do your absolute well . the way you ve write this , sound like you ve be through a lot , so you should be proud you be do honest work and grafting . everyone be fake it and pretend they re comfortable . its a rig , unfair system , so I hope you get what you need . and also , if be not already , consider join one of the many movement for justice out there in this case I m think live rent to make thing well for yourself and for other , but also becuase you will meet people who be in a similar situation to you and that will help you feel well and you will feel one of the most precious feeling there be cameraderie and solidarity .",1,2025-04-14T19:14:44+00:00
mm6cu27,t3_1juob8w,1juob8w,r0bot5,"In some light you’ve avoided the years of commitment in higher education that a lot of students are finding have only rewarded them debt and missed opporunities to build real world experience. Be proud you are on track like the rest of us; working and providing for yourself, you pay taxes and contribute to the economy, if that isn’t a measure of success then you’re talking to too many pretentious students.","in some light you ve avoid the year of commitment in high education that a lot of student be find have only reward they debt and miss opporunitie to build real world experience . be proud you be on track like the rest of we work and provide for yourself , you pay taxis and contribute to the economy , if that be not a measure of success then you re talk to too many pretentious student .",-3,2025-04-09T07:45:07+00:00
mm6iupm,t1_mm67mt7,1juob8w,ShinAusra,"I second this. Waa in a similar position until I was around 35. Sometimes shit just takes time to.get going. And if not, just enjoy the ride. We're here for.a good time not a long time","I second this . waa in a similar position until I be around . sometimes shit just take time go . and if not , just enjoy the ride . be here good time long time",69,2025-04-09T08:50:59+00:00
mm69o6n,t1_mm67mt7,1juob8w,Additional_Tone_2004,\^ this.,this .,13,2025-04-09T07:11:22+00:00
mm84tcg,t1_mm67mt7,1juob8w,RebellioniteV2,^ this this,this this,1,2025-04-09T15:22:49+00:00
mm6bfjq,t1_mm6aqz5,1juob8w,SlippersParty2024,Comment of the day for 'BMW driving finance bellend'!,comment of the day for bmw drive finance bellend !,42,2025-04-09T07:30:06+00:00
mm7rdzs,t1_mm6aqz5,1juob8w,Solsbeary,Either that or someone banging on about Artisan Roast...,either that or someone bang on about artisan roast,3,2025-04-09T14:16:04+00:00
mm6vv3v,t1_mm6afv6,1juob8w,Another_Valkyrie,"This 1000% my sister was studying to get a PhD and never completed it.  
She spend years on that, when she could have joined the work force.  
She is now a part time teacher/assitant teacher but won't ever be able to be hired as a proper teacher due to having 0 qualifications. She is now in her 40s and feels its too late to get qualified.  
I have a masters degree and found a job that has practically nothing to do with my degree.  
Most people that I know, which went to Uni, ended up doing something completely different.","this my sister be study to get a phd and it . she spend year on that , when she could have join the work force . she be now a part time teacher assitant teacher but will not ever be able to be hire as a proper teacher due to have qualification . she be now in her and feel its too late to get qualified . I have a masters degree and find a job that have practically nothing to do with my degree . most people that I know , which go to uni , end up do something completely different .",11,2025-04-09T10:58:50+00:00
mm6kpqt,t1_mm6afv6,1juob8w,BasilBernstein,What do you reckon is happening at the unis? Have they bitten off more than they can chew?,what do you reckon be happen at the uni ? have they bite off more than they can chew ?,3,2025-04-09T09:11:15+00:00
mm8a3fo,t1_mm6bxeg,1juob8w,OreoSpamBurger,"Best job I ever had, for about a year after graduating (2:1 from a top ten uni!) , was in a large chain record shop. 

Was taken on as Christmas staff and kept on.

Saved up and went traveling, and then came back to more shit minimum wage and office temp jobs lol.","good job I ever have , for about a year after graduate from a top ten uni ! , be in a large chain record shop . be take on as christmas staff and keep on . save up and go travel , and then come back to more shit minimum wage and office temp job lol .",4,2025-04-09T15:48:48+00:00
mmgiice,t1_mm6cgkn,1juob8w,Longtimelurker38,This 100%. They just want someone who has to get up for work in the morning and isn't going to be up partying all night. It doesn't matter what that work is.,this . they just want someone who have to get up for work in the morning and be not go to be up party all night . it do not matter what that work be .,3,2025-04-10T21:19:45+00:00
mm6cs14,t1_mm6bugz,1juob8w,luckykat97,"How are you making below minimum wage? Unless you are only working part-time, that is illegal.

I'd suggest you aim for a full time job regardless. I know you say your gf is very supportive and is happy to carry the financial burden but as an adult and given you aren't married to her you should be in a position where you could support yourself with the basics independently so you are not left in trouble if the relationship were to break down.

I'd also suggest you watch your attitude towards full-time workers. You're dependent on your gf supporting you and I bet she ""slaves"" more than 9-5 to do so. You are not superior for getting to opt out of it because she's carrying the household.","how be you make below minimum wage ? unless you be only work parttime , that be illegal . I d suggest you aim for a full time job regardless . I know you say your gf be very supportive and be happy to carry the financial burden but as an adult and give you be not married to she you should be in a position where you could support yourself with the basic independently so you be in trouble if the relationship be to break down . I d also suggest you watch your attitude towards fulltime worker . you re dependent on your gf support you and I bet she slave more than to do so . you be for get to opt out of it because she s carry the household .",15,2025-04-09T07:44:32+00:00
mm6h9la,t1_mm6bugz,1juob8w,yakuzakid3k,"WTF man. That's horrendous, I'd be having words with the family you have dinners with, or getting out of that toxic relationship!","wtf man . that s horrendous , i d be have word with the family you have dinner with , or get out of that toxic relationship !",1,2025-04-09T08:33:34+00:00
mm990og,t1_mm7rdzs,1juob8w,ZombieFrankSinatra,Eh?,eh ?,1,2025-04-09T18:36:35+00:00
mm88jme,t1_mm6vv3v,1juob8w,OreoSpamBurger,"As someone who currently works on the edges of academia (TEFL, ESOL, EAP, and adult literacy) there's loads of people with masters and phds doing minimum wage jobs, and plenty more unemployed.

I had to have a degree, masters, and a DELTA to get my job and it's not that much above minimum wage either.","as someone who currently work on the edge of academia tefl , esol , eap , and adult literacy there s load of people with master and phds do minimum wage job , and plenty more unemployed . I have to have a degree , master , and a delta to get my job and its much above minimum wage either .",7,2025-04-09T15:41:16+00:00
mm89f0e,t1_mm6kpqt,1juob8w,OreoSpamBurger,"International student numbers never recovered after covid. 

China's economy is shrinking and the birth rate is through the floor and has been for years. 

Visa policy changes means it's not as easy to stay after degree. 

People realizing a degree from the UK not as valuable as it one was.",international student number after covid . china economy be shrink and the birth rate be through the floor and have be for year . visa policy change mean its easy to stay after degree . people realize a degree from the uk valuable as it one be .,12,2025-04-09T15:45:30+00:00
mm6n694,t1_mm6kpqt,1juob8w,timangus,A combination of Brexit and the Scottish government free tuition policy have made things financially tricky for them.,a combination of brexit and the scottish government free tuition policy have make thing financially tricky for they .,3,2025-04-09T09:37:32+00:00
mm6epri,t1_mm6cs14,1juob8w,cloud__19,"I know. I'd be absolutely fuming if I was going to work all day to support someone whose ""business"" is bringing in £15 a month and who was slagging off the way their lifestyle was supported.",I know . I d be absolutely fume if I be go to work all day to support someone whose business be bring in a month and who be slag off the way their lifestyle be support .,10,2025-04-09T08:05:18+00:00
mma0kzf,t1_mm990og,1juob8w,SimpelLanguages,It's a café you go to if you like your coffee hot and your service cold.,its a café you go to if you like your coffee hot and your service cold .,3,2025-04-09T20:50:27+00:00
mma0zo3,t1_mm88jme,1juob8w,SimpelLanguages,This is a field I'm very much interested in! Can I please buy you lunch for a chat?,this be a field I m very much interested in ! can I please buy you lunch for a chat ?,2,2025-04-09T20:52:23+00:00
mm6h07y,t1_mm6epri,1juob8w,luckykat97,Yup. Ridiculous attitude.,yup . ridiculous attitude .,3,2025-04-09T08:30:39+00:00
mm6epnd,t1_mm6dr1v,1juob8w,luckykat97,"You'd be better off getting a part time role in a supermarket or something. Uber is obviously below minimum because you're not employed at all by Uber... you're self employed. 

I'm not sure your gf has given good advice here. After years of work you're only turning £15 a month in profit. You'd make more working 1.5hrs in a minimum wage job or selling a single item second hand a month on ebay. This isn't going to support either of you any time soon. Most people do these things on the side until they have at least a reasonable part-time income.",you d be well off get a part time role in a supermarket or something . uber be obviously below minimum because you re at all by uber you re self employ . I m your gf have give good advice here . after year of work you re only turn a month in profit . you d make more work in a minimum wage job or sell a single item second hand a month on ebay . this be not go to support either of you any time soon . most people do these thing on the side until they have at least a reasonable parttime income .,9,2025-04-09T08:05:16+00:00
mm6ew3i,t1_mm6dr1v,1juob8w,cloud__19,To go from £5 a month last year to £15 a month this year even with investment suggests that might not have been the wisest decision but it's your lives. Not sure it's a great advert for starting your own business though.,to go from a month last year to a month this year even with investment suggest that might be the wise decision but its your life . its a great advert for start your own business though .,7,2025-04-09T08:07:15+00:00
mm6nufu,t1_mm6myth,1juob8w,Comfortable-Act5473,Dude youre delusional. £15 barely pays for my mcdonalds.,dude you re delusional . barely pay for my mcdonald .,3,2025-04-09T09:44:30+00:00
mm6r5hv,t1_mm6jxt2,1juob8w,Sisarqua,">I've cried plenty already,

Tears are free.

> thinking I hate the feeling that I'm actually free loading, 

You are. 

Also, you can't afford to be having ""nice meals out"" when you can't afford to help with rent and bills.","I ve cry plenty already , tear be free . think I hate the feeling that I m actually free loading , you be . also , you can not afford to be have nice meal out when you can not afford to help with rent and bill .",3,2025-04-09T10:17:08+00:00
mmalecg,t1_mma0kzf,1juob8w,Raventomb,"Oh gawd, hate that place.","oh gawd , hate that place .",2,2025-04-09T22:42:37+00:00
mmcejku,t1_mma0kzf,1juob8w,ZombieFrankSinatra,"I'm still lost. 

It's a good but not great coffee shop. Plenty of better ones. But why would they be banging on about there?",I m still lose . its a good but coffee shop . plenty of well one . but why would they be bang on about there ?,0,2025-04-10T05:49:34+00:00
mm6o3np,t1_mm6jay8,1juob8w,Comfortable-Act5473,"I wouldn't call that brave. It's pathetic bro. Get a job I hate freeloaders, basically like people on benefit.","I would not call that brave . its pathetic bro . get a job I hate freeloader , basically like people on benefit .",4,2025-04-09T09:47:08+00:00
ml8n0do,t3_1jqpc7e,1jqpc7e,OptionalQuality789,3 pets is gonna make this insanely difficult. ,pet be go to make this insanely difficult .,24,2025-04-03T18:04:16+00:00
ml8n28l,t3_1jqpc7e,1jqpc7e,atascon,Student + foreigner + multiple pets is a very difficult combination. In a housing crisis that puts you right at the bottom of the pile. Theoretically it's not impossible but you will need lots of luck and money. Don't forget that you need to be physically present in Edinburgh to secure a flat so you can't really do a lot in advance.,student foreigner multiple pet be a very difficult combination . in a housing crisis that put you right at the bottom of the pile . theoretically its but you will need lot of luck and money . do not forget that you need to be physically present in edinburgh to secure a flat so you can not really do a lot in advance .,19,2025-04-03T18:04:31+00:00
ml8mzbj,t3_1jqpc7e,1jqpc7e,cloud__19,"Search the sub, honestly I was looking for something earlier and a variation of this is almost every 3rd thread. There's tons of info already there.","search the sub , honestly I be look for something early and a variation of this be almost every thread . there s ton of info already there .",10,2025-04-03T18:04:07+00:00
ml8rsnx,t3_1jqpc7e,1jqpc7e,orangereddit,"If you can afford it, Moda is pet friendly - [https://modaliving.com/locations/edinburgh/the-mcewan](https://modaliving.com/locations/edinburgh/the-mcewan)","if you can afford it , moda be pet friendly",3,2025-04-03T18:27:58+00:00
ml8svfq,t3_1jqpc7e,1jqpc7e,Wolfpack9374,"As a foreigner, finding a flat wasn't an issue. I was set on viewing them in person so arranged several viewings on one day and went with my third one. Lovely place and worked out great. However, the pet situation likely will be a challenge. Technically, folks are not allowed to discriminate against pets but in reality they do. They're generally OK with cats (we have 2) but more difficult about dogs. We've always emailed in advance to ask if our cat would be OK, and included a statement from a prior letting agent that we were great tenants and the cat was no problem at all. I wouldn't let it scare me off coming, Edinburgh is wonderful, but just be aware that it may take more time to find something that allows your 3 furry family members :)","as a foreigner , find a flat be not an issue . I be set on view they in person so arrange several viewing on one day and go with my third one . lovely place and work out great . however , the pet situation likely will be a challenge . technically , folk be to discriminate against pet but in reality they do . they re generally ok with cat we have but more difficult about dog . we ve always email in advance to ask if our cat would be ok , and include a statement from a prior let agent that we be great tenant and the cat be at all . I would not let it scare I off come , edinburgh be wonderful , but just be aware that it may take more time to find something that allow your furry family member",3,2025-04-03T18:33:24+00:00
ml8rjuf,t3_1jqpc7e,1jqpc7e,Kingofmostthings,"You’ll struggle with the pets, and you’ll need to be here for viewings. That said, if you have enough cash you might be able to get something","you ll struggle with the pet , and you ll need to be here for viewing . that say , if you have enough cash you might be able to get something",2,2025-04-03T18:26:45+00:00
ml8rv6k,t3_1jqpc7e,1jqpc7e,JMWTurnerOverdrive,"Honestly, my suggestion would be to go almost anywhere else unless there's some killer must-do course in Edinburgh.","honestly , my suggestion would be to go almost anywhere else unless there s some killer mustdo course in edinburgh .",1,2025-04-03T18:28:19+00:00
mlgrcuz,t3_1jqpc7e,1jqpc7e,MapleHaggisNChips,Have you looked into what’s involved transporting your pets over here? I understand that can be quite a complicated process.,have you look into what s involve transport your pet over here ? I understand that can be quite a complicated process .,1,2025-04-05T00:18:16+00:00
ml9xc41,t3_1jqpc7e,1jqpc7e,estibunbun,"My fiancé and I are moving from Canada > Edinburgh next month. We were bottom of the food chain so to speak, no UK guarantor, no UK jobs etc. We had to agree to pay 6 months of rent in advance if we wanted the place we had our eye on. We knew this was a possibility so we saved for it. Most places don't allow pets. If you have a lot of money to throw at a place, you'll have an easier time.","my fiancé and I be move from canada edinburgh next month . we be bottom of the food chain so to speak , guarantor , job etc . we have to agree to pay month of rent in advance if we want the place we have our eye on . we know this be a possibility so we save for it . most place do not allow pet . if you have a lot of money to throw at a place , you ll have an easy time .",0,2025-04-03T21:57:06+00:00
ml8q5ac,t3_1jqpc7e,1jqpc7e,tubbytucker,"Also, technically we're not part of Europe anymore.","also , technically be of europe anymore .",-12,2025-04-03T18:19:44+00:00
ml96lz6,t1_ml8mzbj,1jqpc7e,aberquine,"I think there needs to be a ‘Rent in Edinburgh’ sub, or something like that. There are posts like this constantly!","I think there need to be a rent in edinburgh sub , or something like that . there be post like this constantly !",1,2025-04-03T19:42:07+00:00
ml8shp2,t1_ml8q5ac,1jqpc7e,Amphitrite227204,"Always been part of Europe, we're just not part of the union","always be part of europe , be just of the union",7,2025-04-03T18:31:27+00:00
ml8rjxj,t1_ml8q5ac,1jqpc7e,obake_ga_ippai,....since when?,since when ?,5,2025-04-03T18:26:46+00:00
ml9dg32,t1_ml96lz6,1jqpc7e,cloud__19,"Yeah agree, it just seems to have ramped up even more lately, beginning to wonder if half of them are bots.","yeah agree , it just seem to have ramp up even more lately , begin to wonder if half of they be bot .",1,2025-04-03T20:15:10+00:00
ml953y4,t1_ml8rjxj,1jqpc7e,tubbytucker,Brexit?,brexit ?,-6,2025-04-03T19:34:34+00:00
ml9xk5i,t1_ml9dg32,1jqpc7e,estibunbun,I think people are just trying to flee the US,I think people be just try to flee the us,3,2025-04-03T21:58:21+00:00
ml9h1k9,t1_ml953y4,1jqpc7e,obake_ga_ippai,Brexit was about leaving the EU. We're still part of Europe. Do you think Norway is European? They're not in the EU either.,brexit be about leave the eu . be still part of europe . do you think norway be european ? they re the eu either .,5,2025-04-03T20:32:38+00:00
ml0ggyr,t3_1jpidnz,1jpidnz,EngineeringOk5986,"I've found also saying something like, ""I *intend* on renting for at least 2 years (or whatever term you think the landlord is looking for).""

Since you're month-to-month, landlord may be looking for security and not someone who's gonna bounce at a moment's notice...even though you only have to give 28 days notice.

ETA: I also *intend* to win the lottery, but that may or may not happen.","I ve find also say something like , I intend on rent for at least year or whatever term you think the landlord be look for . since you re monthtomonth , landlord may be look for security and who s go to bounce at a moment notice even though you only have to give day notice . eta I also intend to win the lottery , but that may or may .",6,2025-04-02T12:23:55+00:00
mkzkg5x,t3_1jpidnz,1jpidnz,Jaraxo,"I doubt you'll need both, it's normally either/or.","I doubt you ll need both , its normally either or .",2,2025-04-02T07:06:05+00:00
ml0l5jw,t3_1jpidnz,1jpidnz,blundermole,"I expect you will be fine. The landlord will make the final decision, and you might get unlucky and find a landlord who would prefer someone with a reliable salary, but most will be happy with rent paid in advance, or a guarantor. The fact that you can provide both is an advantage over potential tenants who can only provide one.

You've picked a pretty good time to move to Edinburgh, too, as for the first time since the pandemic a lot of rental properties are coming to the market, so you'll have more to chose from and potentially less rent to pay.","I expect you will be fine . the landlord will make the final decision , and you might get unlucky and find a landlord who would prefer someone with a reliable salary , but most will be happy with rent pay in advance , or a guarantor . the fact that you can provide both be an advantage over potential tenant who can only provide one . you ve pick a pretty good time to move to edinburgh , too , as for the first time since the pandemic a lot of rental property be come to the market , so you ll have more to chose from and potentially less rent to pay .",2,2025-04-02T12:55:24+00:00
ml647yl,t3_1jpidnz,1jpidnz,tomatohooover,"My guess is you will fail the reference/credit check part of the process. In which case you would be seen as a high risk and the landlords insurance wouldn't cover them if you defaulted.

There are so many people looking to rent that I don't really see how it is worth the risk for the landlord. Even with guarantors, why risk the hassle when they don't need to?","my guess be you will fail the reference credit check part of the process . in which case you would be see as a high risk and the landlord insurance would not cover they if you default . there be so many people look to rent that I do not really see how it be worth the risk for the landlord . even with guarantor , why risk the hassle when they do not need to ?",1,2025-04-03T08:45:51+00:00
ml0pzd1,t3_1jpidnz,1jpidnz,boiled_leeks,My partner was in a similar situation. We offered 3 months rent upfront plus a guarantor and it was fine.,my partner be in a similar situation . we offer month rent upfront plus a guarantor and it be fine .,1,2025-04-02T13:26:26+00:00
ml1zblt,t1_ml0ggyr,1jpidnz,Careful_Leading5410,ah interesting. Thank you.,ah interesting . thank you .,1,2025-04-02T17:17:53+00:00
ml01xhd,t1_mkzkg5x,1jpidnz,Careful_Leading5410,"thanks a lot, good to know","thank a lot , good to know",1,2025-04-02T10:24:15+00:00
ml1zeoq,t1_ml0l5jw,1jpidnz,Careful_Leading5410,Wow that's fantastic! thank you,wow that s fantastic ! thank you,1,2025-04-02T17:18:17+00:00
ml1z8o2,t1_ml0pzd1,1jpidnz,Careful_Leading5410,"Amazing, thank you","amazing , thank you",1,2025-04-02T17:17:30+00:00
mk9vkgb,t3_1jm82rq,1jm82rq,Effective-Plane-4146,"There are no fixed term tenancies in Scotland any more, get a normal lease, and provide the correct amount of notice (usually 1-2months).","there be term tenancy in scotland any more , get a normal lease , and provide the correct amount of notice usually .",21,2025-03-28T23:41:08+00:00
mkay9yr,t3_1jm82rq,1jm82rq,ClockworkPorpoise,"Ignore the 'short term' stuff you'll see on those sites. They're holiday lets or air-bnbs catered to wealthy tourists and business types on long stays. Sites like spareroom will have people advertising short-term sublets of their rooms or something entire flats, but the availability won't always line up, and you also run the risk that they aren't actually allowed to be subletting.

Scotland doesn't have fixed term tenancy agreements. You sign onto a place and are able to move out whenever you like, as long as you give appropriate notice (usually a month's worth). Start searching for 'normal' rentals and apply to them as if you were intending to stay for a year or more.

There is far, far more demand than there is supply in the city's rentals market currently, so you should start searching and applying ASAP. I recently moved to the city, and can say with confidence that you should assume every application you send will be up against 20 others, at a minimum. It's a complete numbers game, so cast your net wide. Every agency I dealt with also wanted a UK based guarantor or 6 months rent in advance, so factor that into your planning (if you only stay for 4 months, they would be legally obligated to return the remaining 2 months to you).

I was also told by nearly every tenant I interacted with during my search to avoid DJ Alexander like the plague. So there's that.","ignore the short term stuff you ll see on those site . they re holiday let or airbnbs cater to wealthy tourist and business type on long stay . site like spareroom will have people advertise shortterm sublet of their room or something entire flat , but the availability will not always line up , and you also run the risk that they be not actually allow to be sublet . scotland do not have fix term tenancy agreement . you sign onto a place and be able to move out whenever you like , as long as you give appropriate notice usually a month worth . start search for normal rental and apply to they as if you be intend to stay for a year or more . there be far , far more demand than there be supply in the city rental market currently , so you should start search and apply asap . I recently move to the city , and can say with confidence that you should assume every application you send will be up against other , at a minimum . its a complete number game , so cast your net wide . every agency I deal with also want a uk base guarantor or month rent in advance , so factor that into your planning if you only stay for month , they would be legally obligate to return the remain month to you . I be also tell by nearly every tenant I interact with during my search to avoid dj alexander like the plague . so there s that .",4,2025-03-29T03:39:45+00:00
mk9pybj,t3_1jm82rq,1jm82rq,Retrosteve,"There are short term rental apartments available even now but they're for companies and rich people and will charge accordingly.

Otherwise your best bet is to find an empty room in a shared student flat or house.",there be short term rental apartment available even now but they re for company and rich people and will charge accordingly . otherwise your good bet be to find an empty room in a share student flat or house .,3,2025-03-28T23:09:53+00:00
mkc4079,t3_1jm82rq,1jm82rq,glglglglgl,"Practically all tenancies now in Scotland (with a few exceptions like student halls and employment as part of a job) are PRTs, Private Residential Tenancies. Ignore the short term, pay by the night ones - these are either designed for holidaymakers or business, or to skirt around tenancy laws.


Notice to leave from tenant to landlord is 28 days (unless you and landlord have agreed shorter) plus 48 hours for reasonable delivery. You could actually hand in notice a few hours after getting the keys, if you only wanted to stay a month. Minimum and maximum stays aren't legal - a landlord might *want* you to stay for at least a year but they cannot force it; and they are limited in how to force you to leave if you needed or wanted to stay longer in the property.
https://www.gov.scot/publications/private-residential-tenancies-tenants-guide/pages/ending-the-tenancy-notice-to-leave/


I wouldn't say lie to the estate agents, but you also don't need to tell them that you only intend to stay four months. Everyone else's advice about the housing shortage is true; you don't want to give them reasons to dismiss your application.","practically all tenancy now in scotland with a few exception like student hall and employment as part of a job be prt , private residential tenancy . ignore the short term , pay by the night one these be either design for holidaymaker or business , or to skirt around tenancy law . notice to leave from tenant to landlord be day unless you and landlord have agree short plus hour for reasonable delivery . you could actually hand in notice a few hour after get the key , if you only want to stay a month . minimum and maximum stay be not legal a landlord might want you to stay for at least a year but they can not force it and they be limit in how to force you to leave if you need or want to stay long in the property . I would not say lie to the estate agent , but you also do not need to tell they that you only intend to stay four month . everyone else advice about the housing shortage be true you do not want to give they reason to dismiss your application .",2,2025-03-29T10:36:17+00:00
mk9y2v5,t3_1jm82rq,1jm82rq,blundermole,"To my mind this feels like very sharp practice, but legally there is nothing stopping you signing a regular, long term lease, and stating to the landlord that you intend to stay in the tenancy for a year or more, and then serving notice to move out when you need to. You can give 28 days notice at any point.

If you did this and also offered to cover the landlord’s additional marketing costs and the time it takes them to re-let, it could work out not impacting the landlord in any material way, so you might feel okay with doing that. I doubt any landlord other than someone on AirBNB will knowingly accept a four month tenancy, even if the rental market in Edinburgh has started to ease up over the last few months.

Edit: I actually think the law says that if you rent a property for over three months, even if you do it as a short term let through AirBNB, you will default to a standard “long term” tenancy. So staying in a single AirBNB for four months may be impossible, in that sense.","to my mind this feel like very sharp practice , but legally there be nothing stop you sign a regular , long term lease , and state to the landlord that you intend to stay in the tenancy for a year or more , and then serve notice to move out when you need to . you can give day notice at any point . if you do this and also offer to cover the landlord additional marketing cost and the time it take they to relet , it could work out the landlord in any material way , so you might feel okay with do that . I doubt any landlord other than someone on airbnb will knowingly accept a four month tenancy , even if the rental market in edinburgh have start to ease up over the last few month . edit I actually think the law say that if you rent a property for over three month , even if you do it as a short term let through airbnb , you will default to a standard long term tenancy . so stay in a single airbnb for four month may be impossible , in that sense .",3,2025-03-28T23:55:16+00:00
mk9sliw,t3_1jm82rq,1jm82rq,Normal_Human_4567,When are you looking? My old private student housing used to rent out over the summer.,when be you look ? my old private student housing use to rent out over the summer .,1,2025-03-28T23:24:30+00:00
mkaaufu,t3_1jm82rq,1jm82rq,MapleHaggisNChips,Have you checked EdLets?,have you check edlet ?,1,2025-03-29T01:10:08+00:00
mkcgd7z,t3_1jm82rq,1jm82rq,Sadiezak,Can you give me your number I may be able to help you,can you give I your number I may be able to help you,0,2025-03-29T12:26:51+00:00
mkcgoy5,t1_mkay9yr,1jm82rq,FlightHistorical2345,"Thank you for your comment! When do you think I should start applying, if I plan to move to Edinburgh in September?","thank you for your comment ! when do you think I should start apply , if I plan to move to edinburgh in september ?",1,2025-03-29T12:29:17+00:00
mk9ucrd,t1_mk9sliw,1jm82rq,FlightHistorical2345,I'm looking for September to December. Do you have spare rooms for then?,I m look for september to december . do you have spare room for then ?,-6,2025-03-28T23:34:20+00:00
mkd0jds,t1_mkcgoy5,1jm82rq,ClockworkPorpoise,"Because of the notice periods, agencies will know a rental needs putting up for re-advertising at least a month in advance. In reality, with how long it takes to process things, properties will usually be up for 2 or so weeks before an offer is made to a new tenant. You could obviously find places to apply for right now if you search hard enough, but the bulk of availability likely won't show up until around July onwards.

I started doing my search a few months in advance, and the bulk of rentals I applied to in that period were on sparerooms. Since it's usually the outgoing or remaining tenants advertising the place, they can advertise it long before their landlord or agency would know it's going to be empty. Not a plug, because the site is actually pretty shit, but it's where I found the place i'm currently living in, so it's at least worth that. 

Also worth saying I was quite picky in my search, as I was moving here permanently and wanted to be close to work and the city centre. I paid for the verification check and made a personal ad stating my desired move in date, and pretty much every other day I was getting messages from landlords for places - just not in areas of the city I was personally looking for. Would have been easy pickings if I was only going to be here for a few months.

Regardless of where you look for adverts, start making use of the next 5 months right now, even if you begin with really basic stuff like visiting for a day to get the lay of the land or deciding what areas of the city would be best for you. DM me if you need any help between now and then.","because of the notice period , agency will know a rental need put up for readvertise at least a month in advance . in reality , with how long it take to process thing , property will usually be up for or so week before an offer be make to a new tenant . you could obviously find place to apply for right now if you search hard enough , but the bulk of availability likely will not show up until around july onwards . I start do my search a few month in advance , and the bulk of rental I apply to in that period be on spareroom . since its usually the outgoing or remain tenant advertise the place , they can advertise it long before their landlord or agency would know its go to be empty . plug , because the site be actually pretty shit , but its where I find the place I m currently live in , so its at least worth that . also worth say I be quite picky in my search , as I be move here permanently and want to be close to work and the city centre . I pay for the verification check and make a personal ad state my desire move in date , and pretty much every other day I be get message from landlord for place just area of the city I be personally look for . would have be easy picking if I be only go to be here for a few month . regardless of where you look for advert , start make use of the next month right now , even if you begin with really basic stuff like visit for a day to get the lay of the land or decide what area of the city would be good for you . dm I if you need any help between now and then .",1,2025-03-29T14:37:23+00:00
mkbyc3l,t1_mk9ucrd,1jm82rq,Normal_Human_4567,"Ah I think they'll be renting to students then, so a dead lead. Sorry!","ah I think they ll be rent to student then , so a dead lead . sorry !",1,2025-03-29T09:34:33+00:00
mk04vy9,t3_1jl2nhn,1jl2nhn,-s-o-c-k-,"Chances are you’ll be competing with a lot of students, as this will be the time of year they start looking for next semesters flat. Will likely depend on what areas you’re looking at.","chance be you ll be compete with a lot of student , as this will be the time of year they start look for next semester flat . will likely depend on what area you re look at .",5,2025-03-27T12:53:24+00:00
mk018i4,t3_1jl2nhn,1jl2nhn,frogssmell,"Maybe winter-ish months would be the best. It’s already starting to get busy and hotels are 100% not an affordable option. 

Or you could temporarily move outside of edinburgh while you try to find a flat. It’s quite hard to get on in Edinburgh and can take time",maybe winterish month would be the good . its already start to get busy and hotel be affordable option . or you could temporarily move outside of edinburgh while you try to find a flat . its quite hard to get on in edinburgh and can take time,2,2025-03-27T12:30:26+00:00
mkgkv8e,t3_1jl2nhn,1jl2nhn,Maleficent-Buddy-124,Where are you looking? Best to look at a services apartment as lots of Air BnBs closed. There are apartments in the Edinburgh grand that are nice and I rented before for a month as was less than expected. Also nice as cleaning etc is taken care of. There are nice ones on queen st also that I viewed.,where be you look ? good to look at a service apartment as lot of air bnbs close . there be apartment in the edinburgh grand that be nice and I rent before for a month as be less than expect . also nice as clean etc be take care of . there be nice one on queen st also that I view .,1,2025-03-30T02:44:58+00:00
mjjwhfj,t3_1jj0j2u,1jj0j2u,sweatybullfrognuts,This is the anti short term lets sub. Maybe try somewhere else,this be the anti short term let sub . maybe try somewhere else,5,2025-03-24T21:48:19+00:00
mjjhz63,t3_1jj0j2u,1jj0j2u,cloud__19,Maybe ask in a sub dedicated to STLs?,maybe ask in a sub dedicate to stls ?,3,2025-03-24T20:35:37+00:00
mn38e24,t3_1jj0j2u,1jj0j2u,always-weary-III,did you get an answer on this? I'm considering the same and trying to find info,do you get an answer on this ? I m consider the same and try to find info,1,2025-04-14T16:58:50+00:00
mjk14j7,t1_mjjwhfj,1jj0j2u,RoundaboutRanger,Thanks for the heads up. Shame as home letting makes no difference to the housing situation in Edinburgh,thank for the head up . shame as home letting make to the housing situation in edinburgh,-1,2025-03-24T22:12:32+00:00
mjk0uah,t1_mjjsdfi,1jj0j2u,RoundaboutRanger,Thank you!,thank you !,1,2025-03-24T22:11:02+00:00
misq606,t3_1jfoant,1jfoant,InterestingBass6931,Best advice I can give is that you can challenge a rent increase.,good advice I can give be that you can challenge a rent increase .,70,2025-03-20T14:08:42+00:00
misz2da,t3_1jfoant,1jfoant,PurchaseDry9350,"Terrified, same as you. Someone above said you can challenge a rent increase but their decision will be mostly based on the market rate, which is for me a lot higher than the 12% cap last year. Got nearly a 40% rent increase notice in 2024, and challenged it under the rent cap. Now there won't be one. Could be 200 pounds or more increase. The future is uncertain and scary :(","terrify , same as you . someone above say you can challenge a rent increase but their decision will be mostly base on the market rate , which be for I a lot high than the cap last year . get nearly a rent increase notice in , and challenge it under the rent cap . now there will not be one . could be pound or more increase . the future be uncertain and scary",43,2025-03-20T14:54:16+00:00
mit7pfv,t3_1jfoant,1jfoant,FuzzBuket,"Fuck knows. We are spending almost all our savings to buy because even if mortgages are expensive as hell it's easier than a 12% increase every single year.


It'll be like London soon where it's either commute from Falkirk or be in a flat share rig 12 people.",fuck know . we be spend almost all our saving to buy because even if mortgage be expensive as hell its easy than a increase every single year . it ll be like london soon where its either commute from falkirk or be in a flat share rig people .,27,2025-03-20T15:36:51+00:00
mitl9ni,t3_1jfoant,1jfoant,Apprehensive_Swim366,"Wait, they removed the cap???? Fucking what?!","wait , they remove the cap ? ? ? ? fucking what ? !",18,2025-03-20T16:42:46+00:00
mit9m4o,t3_1jfoant,1jfoant,NotOnYerNelly,"Why does the rent go up. The property doesn’t change, in fact it deteriorates","why do the rent go up . the property do not change , in fact it deteriorate",24,2025-03-20T15:46:07+00:00
misvnst,t3_1jfoant,1jfoant,Soulfulmean,"What you can do is look for mid market rentals, they are aimed at working folks, generally cheaper than private landlords and will not increase massively in price after a year. 
It’s almost like social housing, but the barrier of entry is that you must not make more than 40k I believe? I have 2 friends renting their own small flats and they seem quite happy","what you can do be look for mid market rental , they be aim at working folk , generally cheap than private landlord and will massively in price after a year . its almost like social housing , but the barrier of entry be that you must more than I believe ? I have friend rent their own small flat and they seem quite happy",13,2025-03-20T14:37:12+00:00
mivkrb8,t3_1jfoant,1jfoant,Sin_nombre__,I'd recommend joining Living Rent. https://www.livingrent.org/,I d recommend join live rent .,12,2025-03-20T22:30:12+00:00
mixxjou,t3_1jfoant,1jfoant,GingerSnapBiscuit,">Is ""affordable"" rent only a forgotten dream?

Yes.  My mortgage 3 years ago was 1.79%.  I'm remortgaging next month (yes, I now know I should have taken out a 10 year fixed, thanks for pointing out the obvious) and my lowest possible rate is like 4.1%.  You can hate on landlords all you want, but most of them will be on buy to let mortgages and will be under similar increasing cost pressures.","be affordable rent only a forget dream ? yes . my mortgage year ago be . I m remortgage next month yes , I now know I should have take out a year fix , thank for point out the obvious and my low possible rate be like . you can hate on landlord all you want , but most of they will be on buy to let mortgage and will be under similar increase cost pressure .",4,2025-03-21T08:34:41+00:00
miugf5x,t3_1jfoant,1jfoant,CFDsForFun,"Easiest (not easy) thing to do is be a couple and then get a one bed flat with mortgage somewhere cheap. Leith, Dalry etc. Renting is very tough.","easy thing to do be be a couple and then get a one bed flat with mortgage somewhere cheap . leith , dalry etc . renting be very tough .",8,2025-03-20T19:11:02+00:00
mivkocc,t3_1jfoant,1jfoant,rustygold82,"What I would say though it doesn’t bring much peace is if the rent is raised and you continue to pay your original lower rent the landlord may find it difficult to evict as the tribunal would have to rule against you, which they might not do if you are still paying rent. Might be something to look into. Would all depend on if the stress of a possible eviction is less than the stress of paying high rent","what I would say though it do not bring much peace be if the rent be raise and you continue to pay your original low rent the landlord may find it difficult to evict as the tribunal would have to rule against you , which they might if you be still pay rent . might be something to look into . would all depend on if the stress of a possible eviction be less than the stress of pay high rent",2,2025-03-20T22:29:46+00:00
mj26b21,t3_1jfoant,1jfoant,Retrosteve,"Rent has already gone up about 30% since 2021. And it's a landlord's market at the moment with few vacancies. And council tax is going up 8%this year. Without the cap expect even worse.

Edinburgh is truly beautiful and was, I guess, underpriced. It is going to be close to London in rental prices shortly.

All I can recommend is that if you don't need to be in Edinburgh, you may need to leave the city. I just did.","rent have already go up about since . and its a landlord market at the moment with few vacancy . and council tax be go up year . cap expect even bad . edinburgh be truly beautiful and be , I guess , underpriced . it be go to be close to london in rental price shortly . all I can recommend be that if you do not need to be in edinburgh , you may need to leave the city . I just do .",2,2025-03-21T23:12:42+00:00
miu60xe,t3_1jfoant,1jfoant,Pale-Management-7037,https://www.change.org/p/rent-strike-in-scotland-april-2025-demand-proper-protection-for-tenants-in-scotland?source_location=tag_,,4,2025-03-20T18:21:21+00:00
msvtu4f,t3_1jfoant,1jfoant,Budget-Werewolf3195,Why won't Google,why will not google,1,2025-05-18T01:02:32+00:00
miuh0dw,t3_1jfoant,1jfoant,blundermole,"A ton of rentals have come on the market since late last year. I fully expect this will hold prices down, and maybe even lower them a little bit. We are still not quite out of the very strange effects the pandemic had on the Edinburgh rental market.","a ton of rental have come on the market since late last year . I fully expect this will hold price down , and maybe even lower they a little bit . we be still out of the very strange effect the pandemic have on the edinburgh rental market .",-3,2025-03-20T19:13:54+00:00
mitrl1b,t1_misq606,1jfoant,Dr_Madthrust,"You can but it’s a dangerous game to play because win or lose you will probably not be allowed you renew your lease next year and you will be added to the letting agents shit list. 

It sucks but letting agents are scum bags 🤷‍♂️",you can but its a dangerous game to play because win or lose you will probably allow you renew your lease next year and you will be add to the let agent shit list . it suck but let agent be scum bag,-46,2025-03-20T17:12:42+00:00
miszyal,t1_misz2da,1jfoant,PurchaseDry9350,"An added fear is that this is happening just as the government announces huge disability benefits cuts, which I rely on to live. So its coming at me from different directions. Really scary","an add fear be that this be happen just as the government announce huge disability benefit cut , which I rely on to live . so its come at I from different direction . really scary",30,2025-03-20T14:58:41+00:00
mivhduc,t1_misz2da,1jfoant,TranslatesToScottish,"Also shitting it. Rent has gone up the max allowed amount in the min allowed time every chance they got - and I'm sure it's the agency driving it, rather than the landlord, but that's what agencies do.

Expecting a massive hike, and genuine stressed out of my mind at being priced out of our home for the last four years while landlords run around telling us all how lifting the restrictions is a great benefit to renters.","also shit it . rent have go up the max allow amount in the min allow time every chance they get and I m sure its the agency drive it , rather than the landlord , but that s what agency do . expect a massive hike , and genuine stress out of my mind at be price out of our home for the last four year while landlord run around tell we all how lift the restriction be a great benefit to renter .",5,2025-03-20T22:12:20+00:00
mit24gd,t1_misz2da,1jfoant,gottenluck,"Same, and also in a similar position. To match the market rate my rent could increase by 70%. I tried applying for a midmarket rental but at the time was rejected for not having a permanent job (stuck doing contract work). Fully expecting to have to leave Edinburgh (i.e my friends and family) - it's pretty depressing ","same , and also in a similar position . to match the market rate my rent could increase by . I try apply for a midmarket rental but at the time be reject for a permanent job stick do contract work . fully expect to have to leave edinburgh my friend and family its pretty depressing",8,2025-03-20T15:09:29+00:00
mit7vxv,t1_misz2da,1jfoant,imaginecoolunsername,"Virtual hugs, it's a scary situation! And I am renting through *that* agency...


I was wondering if it might be worth reaching out to the landlord and ask if he'd be willing to rent the flat privately without the agency... but... It's a gamble


I love where I live","virtual hug , its a scary situation ! and I be rent through that agency I be wonder if it might be worth reach out to the landlord and ask if he d be willing to rent the flat privately agency but its a gamble I love where I live",2,2025-03-20T15:37:45+00:00
mitq5r6,t1_mitl9ni,1jfoant,Sechzehn6861,https://theferret.scot/what-happens-now-the-rent-cap-has-ended/,,8,2025-03-20T17:05:57+00:00
mivpfdd,t1_mit9m4o,1jfoant,kingboz,So long as there is demand and people willing to pay it can keep going up.,so long as there be demand and people willing to pay it can keep go up .,6,2025-03-20T22:55:19+00:00
mitjg9u,t1_mit9m4o,1jfoant,adventures_in_dysl,greed. They will claim the insurance goes up but if you haven't had caused to claim on that insurance y would it go up ?,greed . they will claim the insurance go up but if you have not have cause to claim on that insurance y would it go up ?,18,2025-03-20T16:33:53+00:00
miuqtf6,t1_mit9m4o,1jfoant,zubeye,inflation?,inflation ?,9,2025-03-20T20:00:54+00:00
mixxly9,t1_mit9m4o,1jfoant,GingerSnapBiscuit,"Mortgage interest rates are going up, cost of repairs goes up, cost of maintenance goes up.","mortgage interest rate be go up , cost of repair go up , cost of maintenance go up .",1,2025-03-21T08:35:21+00:00
mit42vb,t1_misvnst,1jfoant,t90fan,"Its a *household* income of £45k (or at least it was when I was applied for one a few years ago and got told we earnt too much)

so if you are a couple both working full time minimum wage, or are a single person with a half decent graduate job you'll be making too much

so it's not actually that useful for most working people","its a household income of or at least it be when I be apply for one a few year ago and get tell we earnt too much so if you be a couple both work full time minimum wage , or be a single person with a half decent graduate job you ll be make too much so its that useful for most work people",17,2025-03-20T15:19:09+00:00
mja683f,t1_mixxjou,1jfoant,Andidalo,But you absolutely HAVE to charge 100%+ of your investment costs to your tenant? This is the problem...,but you absolutely have to charge of your investment cost to your tenant ? this be the problem,1,2025-03-23T08:46:53+00:00
miu74ja,t1_miu60xe,1jfoant,Pale-Management-7037,Time for a rent strike? 100 years since Scotland’s last one!,time for a rent strike ? year since scotland last one !,7,2025-03-20T18:26:39+00:00
miung66,t1_miuh0dw,1jfoant,imaginecoolunsername,I'm sorry to burst your bubble but that's not true. There's a housing crisis and for single people who don't or can't share w strangers it's really really hard to rent,I m sorry to burst your bubble but that s . there s a housing crisis and for single people who do not or can not share w stranger its really really hard to rent,10,2025-03-20T19:45:02+00:00
mivzi1o,t1_mivinkf,1jfoant,Er1nf0rd61,"Please read the entire section:

The average cost of renting a home in Edinburgh was £1,501 per calendar month, which is a very marginal decrease of 0.1%, and largely represents some much-needed stability in the market.

This decrease in rental rates was exclusive to 3-bedroom and 4-bedroom properties in the capital, both falling 2.4% compared to Q4 of 2023. The biggest increase came in 2-bedroom properties, albeit just 2.2%, which resulted in an average rental cost of £1,444. Rental rates on 1-bedroom properties in the capital saw a small increase also, up 1.9% to an average of £1,072.

The OP is renting as a non-sharing single person. Therefore highly likely they have experience a rent increase. If their current rental is under the market rate then the average increases here are meaningless. In my case my rent went up last year by 12.5% an above average increase and yet my rent is below the average listed by ESPC and below the market rent in my area. I am fully expecting a £200 to £300 a month increase in May when my annual rent increase notice is issued.","please read the entire section the average cost of rent a home in edinburgh be per calendar month , which be a very marginal decrease of , and largely represent some muchneede stability in the market . this decrease in rental rate be exclusive to and property in the capital , both fall compare to of . the big increase come in property , albeit just , which result in an average rental cost of . rental rate on property in the capital see a small increase also , up to an average of . the op be rent as a nonshare single person . therefore highly likely they have experience a rent increase . if their current rental be under the market rate then the average increase here be meaningless . in my case my rent go up last year by an above average increase and yet my rent be below the average list by espc and below the market rent in my area . I be fully expect a to a month increase in may when my annual rent increase notice be issue .",2,2025-03-20T23:48:58+00:00
mitumwk,t1_mitrl1b,1jfoant,CraigJDuffy,Letting agents can’t do that in Scotland. Leases are ongoing there is no “renew your lease” and they can’t prevent you from staying apart from for very specific reasons.,let agent can not do that in scotland . lease be ongoing there be no renew your lease and they can not prevent you from stay apart from for very specific reason .,53,2025-03-20T17:26:58+00:00
miu4cti,t1_mitrl1b,1jfoant,Osprenti,There's no lease renewal though?,there s renewal though ?,18,2025-03-20T18:13:21+00:00
mit3q1c,t1_miszyal,1jfoant,Ok-Shelter5820,"I’m pretty sure the disability benefits cuts won’t affect Scotland as we have Adult Disability Payments, which are from a different fund.","I m pretty sure the disability benefit cut will not affect scotland as we have adult disability payment , which be from a different fund .",13,2025-03-20T15:17:23+00:00
mitlrmz,t1_miszyal,1jfoant,adventures_in_dysl,"Well me too. You can get a top up perhaps for housing benefit but it's 3 months at a time and they can say no at any time application via council. 

I don't live in an accessible place but it's quiet here and I really appreciate that so as long as my landlord doesn't put up the Rent too much which I know they f****** want to I will stay here. 

I am terrified though because I know that it's going to be extremely difficult to find somewhere that will even accept me living on benefits.",well I too . you can get a top up perhaps for housing benefit but its month at a time and they can say any time application via council . I do not live in an accessible place but its quiet here and I really appreciate that so as long as my landlord do not put up the rent too much which I know they f want to I will stay here . I be terrify though because I know that its go to be extremely difficult to find somewhere that will even accept I live on benefit .,2,2025-03-20T16:45:10+00:00
mits74f,t1_mitq5r6,1jfoant,Apprehensive_Swim366,"Well, what a magical time to be fucked by a land bastard.","well , what a magical time to be fuck by a land bastard .",28,2025-03-20T17:15:33+00:00
mixxo9s,t1_mitjg9u,1jfoant,GingerSnapBiscuit,"My wife is like 18 years no claims on her car insurance but its gone up every single year she's had to renew it, even staying with the same insurer.","my wife be like year on her car insurance but its go up every single year she s have to renew it , even stay with the same insurer .",5,2025-03-21T08:36:03+00:00
mj47fm1,t1_mitjg9u,1jfoant,Maleficent_Wash7203,My home insurance more than doubled with Nationwide and they are supposed to be one of the good ones. They said extreme weather caused it and I said no problem cancel my renewal 😒,my home insurance more than double with nationwide and they be suppose to be one of the good one . they say extreme weather cause it and I say cancel my renewal,1,2025-03-22T08:28:50+00:00
mixyx70,t1_mixxly9,1jfoant,NotOnYerNelly,"Well that means either we are being ripped off, or we are not being paid enough.","well that mean either we be be rip off , or we be pay enough .",2,2025-03-21T08:49:26+00:00
mjbe189,t1_mja683f,1jfoant,GingerSnapBiscuit,"Landlords are running a business, at the end of the day.  Running a business at a loss is stupid.   Businesses who try to run at a loss are generally charities.","landlord be run a business , at the end of the day . run a business at a loss be stupid . business who try to run at a loss be generally charity .",1,2025-03-23T14:39:49+00:00
miy9xm9,t1_miung66,1jfoant,blundermole,"I think that both your statement and my statement are true. It is a fact that it is far harder than it should be to find housing in Edinburgh, and it is even harder for single people. It is also a fact that a ton of rentals have come onto the market since late last year, and that supply and demand, together with regulation, are the factors that drive prices. So we can reasonably expect that the increase in rents we have experienced over the last five to ten years will not be replicated over the next five to ten years.

There is one caveat to this, of course, which is if someone is a long term tenant in a specific flat, their landlord may choose to try to increase the rent on that flat even if this increase is disproportionate to the market. The tenant could then potentially move to a cheaper rental, but this will mean giving up their home -- and it will also mean the landlord being worse off. Unfortunately folk are not completely rational, and this is especially the case with landlords.

To be utterly, crystal clear, nothing I am saying is intended to suggest that I don't completely recognise how fucked housing is in Edinburgh, and it shouldn't be interpreted as such. I am simply bringing some information to the table that I hope might be reassuring to some folk.

Do you still think that what I've said isn't true? Is there anything specific you don't think is true?","I think that both your statement and my statement be true . it be a fact that it be far hard than it should be to find housing in edinburgh , and it be even hard for single people . it be also a fact that a ton of rental have come onto the market since late last year , and that supply and demand , together with regulation , be the factor that drive price . so we can reasonably expect that the increase in rent we have experience over the last five to ten year will replicate over the next five to ten year . there be one caveat to this , of course , which be if someone be a long term tenant in a specific flat , their landlord may choose to try to increase the rent on that flat even if this increase be disproportionate to the market . the tenant could then potentially move to a cheap rental , but this will mean give up their home and it will also mean the landlord be bad off . unfortunately folk be rational , and this be especially the case with landlord . to be utterly , crystal clear , nothing I be say be intend to suggest that I do not completely recognise how fuck housing be in edinburgh , and it should not be interpret as such . I be simply bring some information to the table that I hope might be reassure to some folk . do you still think that what I ve say be not true ? be there anything specific you do not think be true ?",1,2025-03-21T10:39:14+00:00
mit6b28,t1_mit3q1c,1jfoant,PurchaseDry9350,"They might because the funding Scotland gets is linked to the funding England gets by the funding formula, so if it's cut there it'll affect the funding we get. Also the universal credit health-related element (LCWRA) is also getting cut and changed and that would affect us because UC isnt devolved, Westminster controls it.","they might because the funding scotland get be link to the funding england get by the funding formula , so if its cut there it ll affect the funding we get . also the universal credit healthrelate element lcwra be also getting cut and change and that would affect we because uc be not devolve , westminster control it .",22,2025-03-20T15:29:58+00:00
miybh03,t1_mixxo9s,1jfoant,Betty_Swollockz_,">even staying with the same insurer.

There's your issue right there. There's no reason at all to stay with the same provider apart from ease of renewal.",even stay with the same insurer . there s your issue right there . there s at all to stay with the same provider apart from ease of renewal .,2,2025-03-21T10:52:33+00:00
mj4354r,t1_mixxo9s,1jfoant,Garrus7,"You should always shop around each year, they're relying on folk not bothering to do that and squeezing extra out of you","you should always shop around each year , they re rely on folk to do that and squeeze extra out of you",1,2025-03-22T07:41:36+00:00
miy0ama,t1_mixyx70,1jfoant,GingerSnapBiscuit,"Its the second one.  Wages have been stagnant and getting worse and worse compared to inflation for ~15 - 20 years.  If you aren't on significantly above the average UK salary you're getting hugely underpaid.

https://ichef.bbci.co.uk/news/2048/cpsprodpb/13FD8/production/_129008818_optimised-wages-real-whole-econ-nc.png",its the second one . wage have be stagnant and get bad and bad compare to inflation for year . if you be not on significantly above the average uk salary you re get hugely underpaid .,3,2025-03-21T09:04:05+00:00
mjfwy94,t1_mjbe189,1jfoant,Andidalo,"Except it's not a loss, is it? 100% of the value of the property is the landlords at the end of the day, while the tenant pays all of the mortgage. What you are seeing is anything below your full mortgage and expenses covered every month as a loss while completely discounting the value of the property which is covered in full and fully the landlords at the end. It is not a 'loss' in any way, it is just pure greed.","except its loss , be it ? of the value of the property be the landlord at the end of the day , while the tenant pay all of the mortgage . what you be see be anything below your full mortgage and expense cover every month as a loss while completely discount the value of the property which be cover in full and fully the landlord at the end . it be loss in any way , it be just pure greed .",2,2025-03-24T07:03:49+00:00
mitlwub,t1_mit6b28,1jfoant,adventures_in_dysl,If you have lcwra then that's not going to get cut straight away but you have a valid point,if you have lcwra then that s to get cut straight away but you have a valid point,6,2025-03-20T16:45:52+00:00
miyi1bq,t1_miybh03,1jfoant,GingerSnapBiscuit,But why would the premium go up just because I stayed with the same insurer? Surely if no claims were made my risk factors are basically the same as when I paid my premium last year?,but why would the premium go up just because I stay with the same insurer ? surely if be make my risk factor be basically the same as when I pay my premium last year ?,1,2025-03-21T11:45:07+00:00
miyii6o,t1_miyi1bq,1jfoant,Betty_Swollockz_,"It's the same with any other contract. If you stay with the same broadband provider, they'll reward new customers with great deals while charging an increase every renewal for current customers. Loyalty just isn't rewarded anymore.","its the same with any other contract . if you stay with the same broadband provider , they ll reward new customer with great deal while charge an increase every renewal for current customer . loyalty just be not reward anymore .",1,2025-03-21T11:48:33+00:00
miz1v95,t1_miyii6o,1jfoant,GingerSnapBiscuit,"Well yes but thats more New Customer Deals vs Normal Ongoing Costs.  And its a bit different for a service provider, as they are still providing me with access to <whatever> for the time period I am subscribed for.  An insurance company, if I make 0 claims in a given year, is basically supplying me with Peace of Mind.","well yes but that s more new customer deal vs normal ongoing cost . and its a bit different for a service provider , as they be still provide I with access to whatever for the time period I be subscribe for . an insurance company , if I make claim in a give year , be basically supply I with peace of mind .",1,2025-03-21T13:49:04+00:00
miz2p7f,t1_miz1v95,1jfoant,Betty_Swollockz_,"Claims are transferable between insurers, so not sure why you would stay loyal to one.","claim be transferable between insurer , so why you would stay loyal to one .",2,2025-03-21T13:53:38+00:00
mgvcmjq,t3_1j79nlc,1j79nlc,tubbytucker,"Search the sub, this is a common question.","search the sub , this be a common question .",6,2025-03-09T16:10:50+00:00
mgxqsgq,t3_1j79nlc,1j79nlc,MikeofMack,Spareroom.com,,1,2025-03-09T23:39:01+00:00
mg8zgzj,t3_1j4cmij,1j4cmij,HeriotAbernethy,"Can your family not give you some insights?

New builds (post 1991) will be in higher council tax bands than older properties.
Other bills: gas, electricity, internet, possibly TV licence.

Furnished or unfurnished? You can do it piecemeal and second hand but kitting out a flat costs a fortune. 

You’ll also need to have a deposit saved.

Best thing is to go on espc and Rightmove and agents’ websites and start seeing what’s out there.

And don’t ask ChatGPT fgs.","can your family you some insight ? new build post will be in high council tax band than old property . other bill gas , electricity , internet , possibly tv licence . furnish or unfurnished ? you can do it piecemeal and second hand but kitte out a flat cost a fortune . you ll also need to have a deposit save . good thing be to go on espc and rightmove and agent website and start see what s out there . and do not ask chatgpt fgs .",2,2025-03-06T00:52:09+00:00
mg7k880,t3_1j4cmij,1j4cmij,Freckledlips19,"1k for one bedroom 
1.5k for two bedroom

Fountainbridge has loads of properties for rent. 

I rented in Gardners crescent and it’s not too far from Fountainbridge at all.",for one bedroom for two bedroom fountainbridge have load of property for rent . I rent in gardner crescent and its far from fountainbridge at all .,1,2025-03-05T20:31:24+00:00
mge2ol6,t3_1j4cmij,1j4cmij,lordfarquad10101,Are you looking to flat share or rent out your own place? It depends on what you’re looking for,be you look to flat share or rent out your own place ? it depend on what you re look for,1,2025-03-06T20:21:50+00:00
mgdf9tj,t1_mg8zgzj,1j4cmij,Minimum-Persimmon-64,"the family i live with has owned their house for over 50years, and thought council tax was a lot more than what it is and got a few other things wrong, so not very helpful when i did ask haha. i have a good amount saved so i have enough for deposits on what i can afford comfortably i talked to an agent and in terms of renting and expenses i got a better insight, furnished or unfurnished isnt a stress as i have furniture already that i can use bed couch etc. chat gpt just gave me a wide scale view and let me know about other things i wouldnt have thought about before. 

thanks tho","the family I live with have own their house for over , and think council tax be a lot more than what it be and get a few other thing wrong , so helpful when I do ask haha . I have a good amount save so I have enough for deposit on what I can afford comfortably I talk to an agent and in term of renting and expense I get a well insight , furnish or unfurnished be not a stress as I have furniture already that I can use bed couch etc . chat gpt just give I a wide scale view and let I know about other thing I would not have think about before . thank tho",1,2025-03-06T18:32:26+00:00
mg7ki24,t1_mg7k880,1j4cmij,Minimum-Persimmon-64,"What are other expenses like and is my budget going to cut it.

thank you btw",what be other expense like and be my budget go to cut it . thank you btw,-3,2025-03-05T20:32:37+00:00
mg7s2ch,t1_mg7ki24,1j4cmij,Informal-Guidance-59,"Council Tax : 100-125 (if you’re in a band below E)
Energy : 120 (varies depending on usage obv)
Groceries : 200 (this is more or less what I pay)

Factor in other expenses like WiFi, cellphone contract, gym membership, subscriptions, etc. and you’ll find that a £1500/month place doesn’t leave you with much for entertainment or savings.

Try finding a place for £1000 with a low tax band to get you started and you can always upgrade later.","council tax if you re in a band below e energy vary depend on usage obv grocery this be more or less what I pay factor in other expense like wifi , cellphone contract , gym membership , subscription , etc . and you ll find that a month place do not leave you with much for entertainment or saving . try find a place for with a low tax band to get you start and you can always upgrade later .",2,2025-03-05T21:07:13+00:00
mg7u342,t1_mg7ki24,1j4cmij,Tropical-Druid,"Well there's a lot of variables depending on your expenditure. 

After taxes, national insurance and pension you probably have like £2,000 leftover p/m. If your rent is £1,000 then you'll have around £1000 left. On average you'll probably spend like £100 per week (might be a little optimistic) on food and essentials, 4 weeks so down to £600. You'll need to pay for your phone and presumably the bus to get around (I pay £60 p/m for the bus and £20 for my mobile), so we're down to £520. You'll need gas and electricity which is on average £142p/m, so we're down to £378. The council tax is probably £140.25, so we're down to £237.25. You'll want broadband which will probably be like £25 a month, so we're down to £212.75 leftover funds. (Exact values will vary)

So it's doable but you've not got much leeway. Your costs could be higher or lower depending on where you live and your usage and if the rent is increased before your wages are then you could be in trouble and lose any savings. 

Realistically, it's better to aim for a rental that's cheaper than 1k per month. There are some places that go for like £900 a month and I've seen some unfurnished places go for as low as £725 but you'll obviously have to bring your own stuff or buy them which is also a big expense. You may have to go into a shared flat (which sucks) until you're earning more or are sharing with another person to split the costs. That way you at least have some savings.","well there s a lot of variable depend on your expenditure . after taxis , national insurance and pension you probably have like leftover p if your rent be then you ll have around left . on average you ll probably spend like per week might be a little optimistic on food and essential , week so down to . you ll need to pay for your phone and presumably the bus to get around I pay p m for the bus and for my mobile , so be down to . you ll need gas and electricity which be on average m , so be down to . the council tax be probably , so be down to . you ll want broadband which will probably be like a month , so be down to leftover fund . exact value will vary so its doable but you ve much leeway . your cost could be high or low depend on where you live and your usage and if the rent be increase before your wage be then you could be in trouble and lose any saving . realistically , its well to aim for a rental that s cheap than per month . there be some place that go for like a month and I ve see some unfurnished place go for as low as but you ll obviously have to bring your own stuff or buy they which be also a big expense . you may have to go into a share flat which suck until you re earn more or be share with another person to split the cost . that way you at least have some saving .",1,2025-03-05T21:16:34+00:00
mg7om5s,t1_mg7ki24,1j4cmij,37025InvernessTMD,"Depends all on what you need. Such as broadband, higher the speed, higher the price. Electricity and gas is a fickle one at the moment.","depend all on what you need . such as broadband , high the speed , high the price . electricity and gas be a fickle one at the moment .",0,2025-03-05T20:51:28+00:00
mg7vlit,t1_mg7u342,1j4cmij,Minimum-Persimmon-64,"thanks for that, it helps a lot i have 2400 after tax, but all of this checks out besides food i spend a bit less on that. huge help thank you!","thank for that , it help a lot I have after tax , but all of this check out besides food I spend a bit less on that . huge help thank you !",1,2025-03-05T21:23:30+00:00
mg7p6ne,t1_mg7om5s,1j4cmij,Minimum-Persimmon-64,"i dont need anything to hectic, avrg price for elec/gas would be much appreciated i did my google search and asked chat gpt but everything is so different","I do not need anything to hectic , avrg price for elec gas would be much appreciated I do my google search and ask chat gpt but everything be so different",0,2025-03-05T20:54:01+00:00
mg7wpjr,t1_mg7vlit,1j4cmij,Tropical-Druid,"Ah, if that's 2400 after tax then it's much more stable position. A rental of £1k p/m would be doable and you should still be able to have some savings. Though I would try and avoid any higher if possible. 

Better to have some savings and a decent flat than a nice flat and no savings.","ah , if that s after tax then its much more stable position . a rental of p m would be doable and you should still be able to have some saving . though I would try and avoid any high if possible . well to have some saving and a decent flat than a nice flat and .",1,2025-03-05T21:28:31+00:00
mg7s02p,t1_mg7p6ne,1j4cmij,Valuable-Wallaby-167,"It does depend a lot on how many people are living in one house, how good the insulation is etc.

I live by myself and over the past year averaged around about £100 per month between them, but I do have good insulation so my heating doesn't use as much energy.

Is the £2.4k before or after tax?","it do depend a lot on how many people be live in one house , how good the insulation be etc . I live by myself and over the past year average around about per month between they , but I do have good insulation so my heating do not use as much energy . be the before or after tax ?",1,2025-03-05T21:06:55+00:00
mg7x4is,t1_mg7wpjr,1j4cmij,Minimum-Persimmon-64,"yea i agree im not looking for anything over 1.1 atm and i have basic furniture i can move in to an unfurnished flat, i was looking for new builds but the ones i did find are out of price range and a bit far","yea I agree I m for anything over atm and I have basic furniture I can move in to an unfurnished flat , I be look for new build but the one I do find be out of price range and a bit far",0,2025-03-05T21:30:25+00:00
mg7w1li,t1_mg7s02p,1j4cmij,Minimum-Persimmon-64,"after tax, thanks for that info tho will come in handy","after tax , thank for that info tho will come in handy",1,2025-03-05T21:25:33+00:00
mfciblo,t3_1j0lhch,1j0lhch,HeriotAbernethy,"St Margaret’s House maybe, but there’s a waiting list: https://www.scot-art.co.uk/places/st-margarets-house/facilities/studios/

Ditto Out of the Blue Drill Hall: https://www.outoftheblue.org.uk/rent-a-studio/","st margaret house maybe , but there s a waiting list ditto out of the blue drill hall",4,2025-03-01T00:05:38+00:00
mfhwqwn,t3_1j0lhch,1j0lhch,RevolutionaryAd7694,"Add yourself to the Outer Spaces waitlist they give studio spaces for free in buildings that aren’t used around the city. 

What you are after isn’t really a thing Iv heard of in Edinburgh. Most studio providers would require you sign a lease and you would have to give (at least) one months notice and pay a deposit. Custom lane do have a co working space that you can rent flexibly as mentioned above but unsure if you can use the materials described (I think it’s just folks and macs but you could call them and ask). 

Whale arts do an open studio session once a week if that’s an option for you? 

Easiest option would be to try and make space at home if that’s a possibility?",add yourself to the outer space waitlist they give studio space for free in building that be not use around the city . what you be after be not really a thing iv hear of in edinburgh . most studio provider would require you sign a lease and you would have to give at least one month notice and pay a deposit . custom lane do have a co work space that you can rent flexibly as mention above but unsure if you can use the material describe I think its just folk and mac but you could call they and ask . whale art do an open studio session once a week if that s an option for you ? easy option would be to try and make space at home if that s a possibility ?,2,2025-03-01T21:20:45+00:00
mfsn2c6,t3_1j0lhch,1j0lhch,Ok_Veterinarian_7952,Thanks for the suggestions. The reason I'm asking is because I was thinking of setting up a place offering this kind of set up but wasn't sure if something similar already existed in the city. I was wondering if there'd be a demand for a place operating a bit differently to the main studio providers.,thank for the suggestion . the reason I m ask be because I be think of set up a place offer this kind of set up but be not sure if something similar already exist in the city . I be wonder if there d be a demand for a place operate a bit differently to the main studio provider .,1,2025-03-03T15:49:30+00:00
meqjwdn,t3_1iy0y8t,1iy0y8t,Mel0nFarmer,"It'll be around £250 and up.


Edit - Oh, and you'll need a permit if it's going on the street.","it ll be around and up . edit oh , and you ll need a permit if its go on the street .",11,2025-02-25T17:49:19+00:00
meqko2s,t3_1iy0y8t,1iy0y8t,GMUTDMAGICBNG,8yd skip will be about £250+vat so likely £300 all in + permit if it’s on a road,yd skip will be about so likely all in permit if its on a road,8,2025-02-25T17:52:53+00:00
meqzi0i,t3_1iy0y8t,1iy0y8t,Dolly57,There's a joke in here about flat rental prices in Edinburgh. If my brain catches up I'll come up with one.,there s a joke in here about flat rental price in edinburgh . if my brain catch up ill come up with one .,6,2025-02-25T19:02:15+00:00
meqomjs,t3_1iy0y8t,1iy0y8t,Agreeable88,If you have a front garden space - hippo bags are a nice alternative,if you have a front garden space hippo bag be a nice alternative,5,2025-02-25T18:11:29+00:00
mer2rs3,t3_1iy0y8t,1iy0y8t,Cf15her,8yrd skip is £220 plus vat from Urban Waste (in Leith) ask for David 01315547464,skip be plus vat from urban waste in leith ask for david,5,2025-02-25T19:17:32+00:00
meqoky4,t3_1iy0y8t,1iy0y8t,sjf011,I have used this company before and they were good. They will give you a quote without having to provide loads of info. https://www.centralskiphire.co.uk/select-contents/,I have use this company before and they be good . they will give you a quote to provide load of info .,1,2025-02-25T18:11:16+00:00
merffo9,t3_1iy0y8t,1iy0y8t,zubeye,i paid about 300. just paid a fixed price online and it's dropped on your drive in a couple of days.  Email them and it's picked up whenever they are passing.,I pay about . just pay a fix price online and its drop on your drive in a couple of day . email they and its pick up whenever they be pass .,1,2025-02-25T20:16:48+00:00
mepadea,t3_1ixv2e6,1ixv2e6,jjw1998,If you’re moving abroad for a couple of years it would no longer be considered your primary residence and if you wished to use it as a short-term let you would require planning permission (which you would have almost zero chance of getting). Better to rent it long term,if you re move abroad for a couple of year it would be consider your primary residence and if you wish to use it as a shortterm let you would require planning permission which you would have almost zero chance of get . well to rent it long term,19,2025-02-25T14:01:44+00:00
mepsnwc,t3_1ixv2e6,1ixv2e6,Token_Singh,"Register as a non-resident landlord with the council, and you'll have to file a couple of HMRC self assessment forms annually when you're away. [NRL1 ](https://www.gov.uk/guidance/apply-as-an-individual-to-receive-uk-rental-income-without-uk-tax-deducted)is one of them, can't remember the other one, but they're a piece of piss to do.  
Use a reputable letting agency that does vetting of prospective tenants, even if they're not the cheapest agents available.   
I did when I had to leave for a few years a while back... Got a couple in who were fantastic tenants and I came back to flat was cleaner than when I'd left it.

Never ever ever AirBnb.","register as a nonresident landlord with the council , and you ll have to file a couple of hmrc self assessment form annually when you re away . one of they , can not remember the other one , but they re a piece of piss to do . use a reputable letting agency that do vetting of prospective tenant , even if they re cheap agent available . I do when I have to leave for a few year a while back get a couple in who be fantastic tenant and I come back to flat be clean than when I d leave it . ever airbnb .",9,2025-02-25T15:39:09+00:00
mepbccf,t3_1ixv2e6,1ixv2e6,blundermole,"The odds of one of the many AirBNB tenants you would have over that period damaging the flat would be greater than the one or two longer term tenants you would have doing the same.

You may make more money going through AirBNB, but I've never heard of an AirBNB agency that is actually any good, and there are good regular lettings agencies that will manage a regular tenancy for you for 10-12% of the rent.

Not to mention the fact that you'll lead more paperwork in order to rent through AirBNB, and there's no guarantee you would get that approved.","the odd of one of the many airbnb tenant you would have over that period damage the flat would be great than the one or two long term tenant you would have do the same . you may make more money go through airbnb , but I ve of an airbnb agency that be actually any good , and there be good regular letting agency that will manage a regular tenancy for you for of the rent . mention the fact that you ll lead more paperwork in order to rent through airbnb , and there s you would get that approve .",5,2025-02-25T14:07:26+00:00
mepi0aa,t3_1ixv2e6,1ixv2e6,strawberryfairygal,"Ethically, please don't make it an Airbnb. Come on, people are desperate for flats in Edinburgh.","ethically , please do not make it an airbnb . come on , people be desperate for flat in edinburgh .",17,2025-02-25T14:44:29+00:00
mepc307,t3_1ixv2e6,1ixv2e6,joyeuxtahi,"It is more straightforward renting long term compared to going down the short term let/ Airbnb style route.  Also, I am unsure whether you have a mortgage, but it could be worthwhile looking into “permission to let” with your mortgage provider. That can be much more affordable than having to change to a rental mortgage rate, and usually permission is granted for 18 months/ 2 years at a time.","it be more straightforward renting long term compare to go down the short term airbnb style route . also , I be unsure whether you have a mortgage , but it could be worthwhile look into permission to let with your mortgage provider . that can be much more affordable than have to change to a rental mortgage rate , and usually permission be grant for year at a time .",2,2025-02-25T14:11:39+00:00
mepmdzb,t3_1ixv2e6,1ixv2e6,hello-rosie,"Did this exact thing. Worked with a local property management company. Yes, they take a chunk of money every month in fees but they also handle all the inspections, licenses and tenant issues if needed.","do this exact thing . work with a local property management company . yes , they take a chunk of money every month in fee but they also handle all the inspection , license and tenant issue if need .",2,2025-02-25T15:07:37+00:00
mepsm1v,t3_1ixv2e6,1ixv2e6,smac2811,"Go to a letting agency for a long term let. As stated, you will have to apply for a landlords licence from your local council. I also had to get a tax number (you still have to pay income tax over the threshold) - my agent did that for me.
Depends where you are moving to due to the other countries tax rules and I'm advising to go with your conscience but  Switzerland didn't care I had rental income, Sweden charges 33% tax on it.
If you end up with a mortgage elsewhere, it also pays not to declare your UK one depending on which country you are in.","go to a let agency for a long term let . as state , you will have to apply for a landlord licence from your local council . I also have to get a tax number you still have to pay income tax over the threshold my agent do that for I . depend where you be move to due to the other country tax rule and I m advise to go with your conscience but switzerland do not care I have rental income , sweden charge tax on it . if you end up with a mortgage elsewhere , it also pay declare your uk one depend on which country you be in .",1,2025-02-25T15:38:54+00:00
meshpyu,t3_1ixv2e6,1ixv2e6,DJCHOKEWANK,"Don't do Airbnb. 

You won't get a short term holiday let license, don't even bother.

If you have a mortgage and want to let for a year or two, you should look at the terms of your mortgage first. You will probably have to get ""consent to let"" from your provider or switch to a buy to let mortgage. The former is for short periods, 1 year rolling usually, and the latter is obviously longer term.

Use an agency, I recommend Rettie.

You'll need to register as a non resident landlord, for tax purposes, a good agent will help you with this, if you need. 

If you need any further advice, just dm me.","do not do airbnb . you will not get a short term holiday let license , do not even bother . if you have a mortgage and want to let for a year or two , you should look at the term of your mortgage first . you will probably have to get consent to let from your provider or switch to a buy to let mortgage . the former be for short period , year roll usually , and the latter be obviously long term . use an agency , I recommend rettie . you ll need to register as a non resident landlord , for tax purpose , a good agent will help you with this , if you need . if you need any further advice , just dm I .",1,2025-02-25T23:21:17+00:00
meq8wbr,t3_1ixv2e6,1ixv2e6,Xenna11,Please please do your research.  The amount of landlords who have lost thousands on their properties because they are doing what you are doing.  It’s almost not worth it.  I’ve seen horror stories.  Remember renters have the rights x,please please do your research . the amount of landlord who have lose thousand on their property because they be do what you be do . its almost it . I ve see horror story . remember renter have the right x,0,2025-02-25T16:57:19+00:00
meqdoes,t1_mepbv52,1ixv2e6,ilikeknowingthings-,Thank this is really helpful.!,thank this be really helpful . !,1,2025-02-25T17:20:01+00:00
mepbe5m,t1_mepadea,1ixv2e6,Jaraxo,"Yep, and assuming OPs place isn't a complete shit hole, they'll rent it out insanely quickly for a long term let. I knew a guy who took a job in New York and wanted to rent his 2 bed flat out. He let a letting agent deal with the viewings, went to the pub for an hour on a Thursday lunch, and when he came back it had been rented out.","yep , and assume op place be not a complete shit hole , they ll rent it out insanely quickly for a long term let . I know a guy who take a job in new york and want to rent his bed flat out . he let a let agent deal with the viewing , go to the pub for an hour on a thursday lunch , and when he come back it have be rent out .",13,2025-02-25T14:07:43+00:00
meqdtdl,t1_mepadea,1ixv2e6,ilikeknowingthings-,This is really helpful,this be really helpful,1,2025-02-25T17:20:39+00:00
meqdxf2,t1_mepsnwc,1ixv2e6,ilikeknowingthings-,Thankyou !,thankyou !,1,2025-02-25T17:21:11+00:00
meqe52r,t1_mepi0aa,1ixv2e6,ilikeknowingthings-,"That’s really helpful, I loathe Airbnb so wouldn’t not be my plan, but just wanted to ask people about advice.","that s really helpful , I loathe airbnb so would not my plan , but just want to ask people about advice .",1,2025-02-25T17:22:12+00:00
meqe8io,t1_mepc307,1ixv2e6,ilikeknowingthings-,Thank this is really helpful.!,thank this be really helpful . !,1,2025-02-25T17:22:40+00:00
meqeean,t1_mepsm1v,1ixv2e6,ilikeknowingthings-,Thank this is really helpful.!,thank this be really helpful . !,1,2025-02-25T17:23:24+00:00
mespta1,t1_meshpyu,1ixv2e6,ilikeknowingthings-,Thankyou this is so helpful!,thankyou this be so helpful !,1,2025-02-26T00:05:06+00:00
meqek0k,t1_meq8wbr,1ixv2e6,ilikeknowingthings-,"But what is the alternative ? 
Selling doesn’t seem like a good option and can’t just leave it empty and have to pay double mortgage ?",but what be the alternative ? selling do not seem like a good option and can not just leave it empty and have to pay double mortgage ?,1,2025-02-25T17:24:10+00:00
mer18rt,t1_meqek0k,1ixv2e6,Xenna11,Whatever you decide I hope it works out.  I would sell but that’s purely because of previous tenants.,whatever you decide I hope it work out . I would sell but that s purely because of previous tenant .,0,2025-02-25T19:10:24+00:00
me5lla4,t3_1ivhqns,1ivhqns,missfoxsticks,This is pretty comprehensive and details what steps your landlord must take in order to make an increase. [Tenancy rent increase guidance](https://scotland.shelter.org.uk/housing_advice/tenants_rights/rent_increases?gad_source=1&gbraid=0AAAAADwswOxnODsPkbj50OqNZlePHBpGy),this be pretty comprehensive and detail what step your landlord must take in order to make an increase . tenancy rent increase guidance,35,2025-02-22T12:42:51+00:00
me5ll6o,t3_1ivhqns,1ivhqns,madhatter989,If they haven’t served a legal notice just keep paying the £2k until they do,if they have not serve a legal notice just keep pay the until they do,28,2025-02-22T12:42:50+00:00
me5lqxz,t3_1ivhqns,1ivhqns,Longtimelurker38,"Be aware that the rent cap is ending soon. If they don't increase it now, they'll be able to increase it by more from April. https://www.umega.co.uk/blog/scotlands-rent-caps-are-ending-what-landlords-need-to-know/","be aware that the rent cap be end soon . if they do not increase it now , they ll be able to increase it by more from april .",21,2025-02-22T12:43:57+00:00
me5m5q8,t3_1ivhqns,1ivhqns,Mindless_Bluebird_52,"Your only option really here is to challenge the rent increase, a useful guide from the Scottish government can be found here: https://www.mygov.scot/create-rent-increase-referral 

Your success will likely come down to weather or not your new rent is considered above market rate if for example you are renting a nice 4 bed HMO this will probably not be considered above market rate but have a look at comparable flats in your area.

It’s worth noting the 12% cap will no longer apply from the end of March which is likely why you haven’t received your rent increase notice, you have 21 days to appeal from the date of the notice being issued and the new rent will take effect 3 months after issue of the notice, (I would prepare to pay the higher rent by the start of July or to find something cheaper in case you aren’t successful with an appeal) 

Best of luck! Hopefully a reasonable compromise can be found for you all","your only option really here be to challenge the rent increase , a useful guide from the scottish government can be find here your success will likely come down to weather or new rent be consider above market rate if for example you be rent a nice bed hmo this will probably consider above market rate but have a look at comparable flat in your area . its worth note the cap will apply from the end of march which be likely why you have not receive your rent increase notice , you have day to appeal from the date of the notice be issue and the new rent will take effect month after issue of the notice , I would prepare to pay the high rent by the start of july or to find something cheap in case you be not successful with an appeal good of luck ! hopefully a reasonable compromise can be find for you all",11,2025-02-22T12:46:55+00:00
me5pwi1,t3_1ivhqns,1ivhqns,AlectoGaia,Try contacting Living Rent. They're really helpful in situations like this,try contact live rent . they re really helpful in situation like this,10,2025-02-22T13:11:57+00:00
me5u6g2,t3_1ivhqns,1ivhqns,calathearose,You need to send this to a rent adjudicator who will make the judgement based on market rate,you need to send this to a rent adjudicator who will make the judgement base on market rate,3,2025-02-22T13:38:43+00:00
me99lbs,t3_1ivhqns,1ivhqns,petroni_arbitri,"750cm per room is bang average in town, now, so it's hard to see that a rent officer would say that's not a reasonable increase within the cap","cm per room be bang average in town , now , so its hard to see that a rent officer would say that s reasonable increase within the cap",3,2025-02-23T00:09:03+00:00
mehwmz3,t3_1ivhqns,1ivhqns,-TwiiX-,"Christ, my rent went up 23 pound a month. Yours is insane.","christ , my rent go up pound a month . yours be insane .",2,2025-02-24T10:32:11+00:00
meir4co,t3_1ivhqns,1ivhqns,SciencePlayful1128,Mines went up 12% last year and she told me it will be going up another 12% in April this year ffs 🤦,mine go up last year and she tell I it will be go up another in april this year ffs,2,2025-02-24T14:18:20+00:00
me5lxa4,t1_me5lqxz,1ivhqns,Longtimelurker38,PS. Shelter has info here: https://scotland.shelter.org.uk/housing_advice/tenants_rights/rent_increases,ps . shelter have info here,4,2025-02-22T12:45:14+00:00
meiauhx,t1_mehwmz3,1ivhqns,aea99,"It’s actually so annoying, I’m pretty sure they own the property outright as well so can’t justify it through interest rate increases. Frustrating that they can get away with it behind the guise of “market rates”.","its actually so annoying , I m pretty sure they own the property outright as well so can not justify it through interest rate increase . frustrating that they can get away with it behind the guise of market rate .",2,2025-02-24T12:35:32+00:00
mfgfafz,t1_meir4co,1ivhqns,aea99,Honestly brutal,honestly brutal,2,2025-03-01T16:50:04+00:00
me5t4nd,t1_me5lxa4,1ivhqns,aea99,Do you think the government will bring in a cap again?,do you think the government will bring in a cap again ?,1,2025-02-22T13:32:17+00:00
me70kpb,t1_me5t4nd,1ivhqns,Longtimelurker38,"There's a Housing Bill going through the Parliament now, so who knows what ends up in it. But realistically anything that happens there isn't going to take effect for *many* months anyway.","there s a housing bill go through the parliament now , so who know what end up in it . but realistically anything that happen there be not go to take effect for many month anyway .",3,2025-02-22T17:18:36+00:00
mdsl1sh,t3_1itxopu,1itxopu,netzure,"Contact your insurance company and make a claim, that will be the quickest way to get your flat fixed and they will take action against the upstairs owner.
Don’t waste your time with DJ Alexander.","contact your insurance company and make a claim , that will be the quick way to get your flat fixed and they will take action against the upstairs owner . do not waste your time with dj alexander .",134,2025-02-20T12:51:25+00:00
mdt7vc5,t3_1itxopu,1itxopu,Valuable_K,[Richard.Tierney@djalexander.co.uk](mailto:Richard.Tierney@djalexander.co.uk) This guy is the director of customer service. Get in touch with him. He's a wanker but he does seem to be the one person there who is capable of cleaning up the messes left by the other dogshit human beings who work there.,this guy be the director of customer service . get in touch with he . he s a wanker but he do seem to be the one person there who be capable of clean up the mess leave by the other dogshit human being who work there .,71,2025-02-20T15:02:28+00:00
mdsqq56,t3_1itxopu,1itxopu,cucklord40k,">rented, through DJ Alexander

worst possible start to any post","rent , through dj alexander bad possible start to any post",43,2025-02-20T13:27:35+00:00
mdslzqp,t3_1itxopu,1itxopu,ABulkyBadger,Go through your insurance rather than DJ Alexander. We had the same scenario and were told they fixed the leak (they didn't) therefore they did not need to cover the costs to repair our ceiling.,go through your insurance rather than dj alexander . we have the same scenario and be tell they fix the leak they do not therefore they do to cover the cost to repair our ceiling .,9,2025-02-20T12:57:39+00:00
mdte3tj,t3_1itxopu,1itxopu,MonkeyPuzzles,"Worst DJ ever.


More seriously, flat below mine is a DJA one. Total pain in the you know where to get anything done - in particular their out of hours phone line doesn't seem to be monitored at all (especially annoying when there's a smoke alarm going off the whole weekend).","bad dj ever . more seriously , flat below mine be a dja one . total pain in the you know where to get anything do in particular their out of hour phone line do not seem to be monitor at all especially annoying when there s a smoke alarm go off the whole weekend .",7,2025-02-20T15:32:54+00:00
mdsnw04,t3_1itxopu,1itxopu,HeriotAbernethy,"Currently going through this. Again. It’s on them to make the necessary repairs to the upstairs property only; you either need to go through your own insurer (and pay the hefty excess) or arrange your repairs yourself. And yes, it really, really sucks.","currently go through this . again . its on they to make the necessary repair to the upstairs property only you either need to go through your own insurer and pay the hefty excess or arrange your repair yourself . and yes , it really , really suck .",12,2025-02-20T13:09:55+00:00
mdtb74j,t3_1itxopu,1itxopu,Snakatorium,"I've gone through this exact situation last year with a leak in the property above mine. I won't lie, getting any info out of DJ Alexander is like pulling teeth. Their lack of communication exceeds any possible application of Hanlon's Razor - they're maliciously avoidant, pure and simple. It took multiple threats of legal action and formally-written letters to get them to repay my insurance excess. 

If going through your insurance company, you will need to prove that the flat above was not maintained or repaired adequately to prevent leaks in order to reclaim your excess. That's a tricky job to do when one party refuses to communicate!

If you want some names and contacts that have helped me (e.g. people within the DJ Alexander Edinburgh office's direct numbers) then feel free to DM me - much as I would want to make those public it's probably best not to. I can also talk you through my process and experiences, though my specific resolution is possibly not generally applicable.","I ve go through this exact situation last year with a leak in the property above mine . I will not lie , get any info out of dj alexander be like pull tooth . their lack of communication exceed any possible application of hanlon razor they re maliciously avoidant , pure and simple . it take multiple threat of legal action and formallywritten letter to get they to repay my insurance excess . if go through your insurance company , you will need to prove that the flat above be or repair adequately to prevent leak in order to reclaim your excess . that s a tricky job to do when one party refuse to communicate ! if you want some name and contact that have help I people within the dj alexander edinburgh office direct number then feel free to dm I much as I would want to make those public its probably good . I can also talk you through my process and experience , though my specific resolution be possibly applicable .",4,2025-02-20T15:18:54+00:00
mdu8nfv,t3_1itxopu,1itxopu,madhandlez89,"DJ Alexander being useless?

![gif](giphy|BcMJvmwkmbyWpKkBj3|downsized)",dj alexander be useless ? !,5,2025-02-20T17:54:23+00:00
mduwuyo,t3_1itxopu,1itxopu,FactCheckYou,"times like this, i think home insurance *should* work like car insurance

every home should be required to have 3rd party cover, and your insurer should be able to identify and make contact with their insurer using only the offending property's address, to instigate repairs ASAP and file a claim against them

their insurer should be the ones chasing them for cooperation","time like this , I think home insurance should work like car insurance every home should be require to have party cover , and your insurer should be able to identify and make contact with their insurer use only the offend propertys address , to instigate repair asap and file a claim against they their insurer should be the one chase they for cooperation",3,2025-02-20T19:43:44+00:00
mdsnqw1,t3_1itxopu,1itxopu,Meow-Pew-Pew,Try contacting the landlord directly so they can pressure JD Alexander. That’s the only thing that ever works for us to get things fixed quickly when we have problems in our flat rented through JD Alexander. They seem to listen to landlords more than us sadly,try contact the landlord directly so they can pressure jd alexander . that s the only thing that ever work for we to get thing fix quickly when we have problem in our flat rent through jd alexander . they seem to listen to landlord more than we sadly,5,2025-02-20T13:09:01+00:00
mdsn19s,t3_1itxopu,1itxopu,MichealCorleonee,It is only their responsibility if the leak was caused by negligence.,it be only their responsibility if the leak be cause by negligence .,7,2025-02-20T13:04:28+00:00
mdu0xjv,t3_1itxopu,1itxopu,ribenarockstar,This happened to me - I emailed the CEO of DJ Alexander demanding an apology. Will DM you the address to use.,this happen to I I email the ceo of dj alexander demand an apology . will dm you the address to use .,2,2025-02-20T17:19:07+00:00
mdtp5gc,t3_1itxopu,1itxopu,nyxoh22, This exact thing happened to us but with the air b n b above us. Apparently nothing could happen because it was in the wall that they didn’t own or some shit.,this exact thing happen to we but with the air b n b above we . apparently nothing could happen because it be in the wall that they do not own or some shit .,1,2025-02-20T16:24:49+00:00
mdtom20,t3_1itxopu,1itxopu,Seal-teambravo,Get the Edinburgh evening news and Edinburgh live contacted bit of negative publicity online and in the paper should help,get the edinburgh evening news and edinburgh live contact bit of negative publicity online and in the paper should help,-2,2025-02-20T16:22:18+00:00
mdsvzgc,t3_1itxopu,1itxopu,Vegetable-Waltz1458,Go to the office in person. That’s what I have done with them in similar situation.,go to the office in person . that s what I have do with they in similar situation .,-1,2025-02-20T13:58:47+00:00
mdslw2g,t1_mdsl1sh,1itxopu,plights4aisomer,"I initially contacted my insurance when I discovered the water damage because it had also filled a bulb up with water so that electrical socket was out. My insurance arranged emergency electrician and plumber to attend to make safe and verify no leak stemming from my end. Basically everything had dried so that was all ok. 

So I can go back to my insurance company but I’m not sure how if I do it though my insurance whether it would affect my premium in future, basically whether it’s then my claim instead of the upstairs owner?","I initially contact my insurance when I discover the water damage because it have also fill a bulb up with water so that electrical socket be out . my insurance arrange emergency electrician and plumber to attend to make safe and verify stem from my end . basically everything have dry so that be all ok . so I can go back to my insurance company but I m how if I do it though my insurance whether it would affect my premium in future , basically whether its then my claim instead of the upstairs owner ?",18,2025-02-20T12:56:59+00:00
mdteu3x,t1_mdt7vc5,1itxopu,TheMechanic101,Love the passive aggressive nature of this post have my like!,love the passive aggressive nature of this post have my like !,20,2025-02-20T15:36:25+00:00
mdu29px,t1_mdt7vc5,1itxopu,Sad-Olive-158,"I used to work for Braemore, which I think merged with DJ Alexander a couple months after I left. If it’s anything like it was when I was there then please know, the people are trying their hardest. The system they are working in is absolutely awful. It is soul crushing trying to do your best but the cowboys running the show couldn’t give two fucks. I suffered terrible anxiety and depression just trying to keep on top of everything. There were some bad apples, don’t get me wrong, but most of them were just horribly beaten down from working there.","I use to work for braemore , which I think merge with dj alexander a couple month after I leave . if its anything like it be when I be there then please know , the people be try their hard . the system they be work in be absolutely awful . it be soul crush try to do your good but the cowboy run the show could not give two fuck . I suffer terrible anxiety and depression just try to keep on top of everything . there be some bad apple , do not get I wrong , but most of they be just horribly beat down from work there .",11,2025-02-20T17:25:17+00:00
mdsr3ny,t1_mdsnqw1,1itxopu,plights4aisomer,"I found the names/city of the owners (Dundee) through the online register, but it doesn’t have any contact email or phone number. I guess it’s safe to assume DJ Alexander won’t give this to me, any idea what else I could do to get them?","I find the name city of the owner dundee through the online register , but it do not have any contact email or phone number . I guess its safe to assume dj alexander will not give this to I , any idea what else I could do to get they ?",1,2025-02-20T13:29:54+00:00
mdw4rmf,t1_mdstanz,1itxopu,HeriotAbernethy,Nope. They can’t do anything. They told me my only option was to speak to a solicitor.,nope . they can not do anything . they tell I my only option be to speak to a solicitor .,0,2025-02-20T23:11:34+00:00
mdsy8oc,t1_mdsvzgc,1itxopu,netzure,Would not do this under any circumstances. Do everything via email to build a paper trail and avoid he said she said situations.,would this under any circumstance . do everything via email to build a paper trail and avoid he say she say situation .,9,2025-02-20T14:11:42+00:00
mdsnf9y,t1_mdslw2g,1itxopu,Famous_Champion_492,"Continue to go through your insurance company. The last thing they want is for you to make more claims and they will want assurances from the flat above that the necessary repairs have been done. 

Insurance companies are relentless at recouping costs and avoiding further claims. Whether this be against DJ Alexander, landlord or an insurer. This is why you pay them, they have the legal and claims resources to deal with this type of situation.","continue to go through your insurance company . the last thing they want be for you to make more claim and they will want assurance from the flat above that the necessary repair have be do . insurance company be relentless at recoup cost and avoid further claim . whether this be against dj alexander , landlord or an insurer . this be why you pay they , they have the legal and claim resource to deal with this type of situation .",54,2025-02-20T13:06:56+00:00
mdsnqtv,t1_mdslw2g,1itxopu,pjc50,"The insurance company shouldn't have to pay for it, and it shouldn't affect your premium.


I get the ""additional legal coverage"" on house insurance for exactly this reason.


It may just start getting sorted out as soon as a lawyers letter arrives.","the insurance company should not have to pay for it , and it should not affect your premium . I get the additional legal coverage on house insurance for exactly this reason . it may just start getting sort out as soon as a lawyer letter arrive .",8,2025-02-20T13:09:00+00:00
mdso1t5,t1_mdslw2g,1itxopu,admiralross2400,"It depends - If your insurer can get DJ (or rather, their insurer) to admit liability and repay them, then you'll get your excess back and it likely wont affect your premiums (much). However, one issue you'll have is that your insurer likely wont do much until it's confirmed that the source of the leak is fixed (why fix your flat if it's going to get trashed a week later). 

  
I had a similar issue with my old flat. The flat above was council owned and getting them to sort the issue took something like 6 months (probably more). In that time, I was collecting water in a bucked by my window the entire time (thankfully it basically stuck to coming in one bit of the roof).

  
Once it was sorted, I was able to get the council to admit they should have acted sooner and they arranged for a contractor to come and put my kitchen right.","it depend if your insurer can get dj or rather , their insurer to admit liability and repay they , then you ll get your excess back and it likely will not affect your premium much . however , one issue you ll have be that your insurer likely will not do much until its confirm that the source of the leak be fix why fix your flat if its go to get trash a week later . I have a similar issue with my old flat . the flat above be council own and get they to sort the issue take something like month probably more . in that time , I be collect water in a bucked by my window the entire time thankfully it basically stick to come in one bit of the roof . once it be sort , I be able to get the council to admit they should have act soon and they arrange for a contractor to come and put my kitchen right .",3,2025-02-20T13:10:57+00:00
mdt3j90,t1_mdslw2g,1itxopu,New-Pin-3952,You're not at fault here. Insurance will claim money from upstairs owner or their insurance company. Your premium shouldn't go up.,you re fault here . insurance will claim money from upstairs owner or their insurance company . your premium should not go up .,1,2025-02-20T14:40:24+00:00
mducun8,t1_mdu29px,1itxopu,Valuable_K,"If you wanted to be surrounded by good, ethical people, surely you chose the wrong line of work?","if you want to be surround by good , ethical people , surely you choose the wrong line of work ?",1,2025-02-20T18:13:11+00:00
mdsy2mt,t1_mdsr3ny,1itxopu,netzure,"Again this is why you go through insurance, they will handle all aspects of this for you. They have in house lawyers to go after the other owner. One important thing to do is not communicate with DJ Alexander on the phone, do everything via email do you have a paper trail.","again this be why you go through insurance , they will handle all aspect of this for you . they have in house lawyer to go after the other owner . one important thing to do be with dj alexander on the phone , do everything via email do you have a paper trail .",3,2025-02-20T14:10:45+00:00
mdttjwa,t1_mdsxqwj,1itxopu,Fionnathos,"Absolutely not true. Been through this myself - my boiler failed and flooded the flat below.

I actually would have been perfectly happy to be legally responsible and for my insurance to pay out. But I wasn't and they wouldn't.

You are not legally responsible for accidental leaks from your property where you've taken reasonable steps to prevent it (in my case, having the boiler regularly serviced and turning off the water at first sign of trouble)","absolutely . be through this myself my boiler fail and flood the flat below . I actually would have be perfectly happy to be legally responsible and for my insurance to pay out . but I be not and they would not . you be responsible for accidental leak from your property where you ve take reasonable step to prevent it in my case , have the boiler regularly service and turn off the water at first sign of trouble",5,2025-02-20T16:45:10+00:00
mdu7k65,t1_mdsxqwj,1itxopu,deju_,"Miss informed people shouldn’t correct people who are infact correct. 

Unless the leak is continuing and they need access to turn it off or want to know it’s rectified. OP is wasting their time contacting DJA. I loath DJA, they are proper shit but they only have to reply out of decent respect. Which TBH they don’t have.

To have a claim OP must prove negligence caused the leak, which they have no chance in hell doing. 

The only thing that could change this is if a communal water or waste pipe breaks, it then means they can claim on the buildings insurance as a whole.","miss informed people should not correct people who be infact correct . unless the leak be continue and they need access to turn it off or want to know its rectified . op be waste their time contact dja . I loath dja , they be proper shit but they only have to reply out of decent respect . which tbh they do not have . to have a claim op must prove negligence cause the leak , which they have in hell do . the only thing that could change this be if a communal water or waste pipe break , it then mean they can claim on the building insurance as a whole .",1,2025-02-20T17:49:29+00:00
mdudaen,t1_mducun8,1itxopu,Sad-Olive-158,I disagree. Most letting agents are good people. I worked in a very small agency where I had no major issues and my tenants/ landlords were great to work with. I wouldn’t smear a whole industry based on a few bad experiences. I was just trying to give you an inside perspective.,I disagree . most let agent be good people . I work in a very small agency where I have issue and my landlord be great to work with . I would not smear a whole industry base on a few bad experience . I be just try to give you an inside perspective .,-2,2025-02-20T18:15:09+00:00
mdukayb,t1_mdu7k65,1itxopu,Consistent-Tiger-775,"Spot on. Did enjoy ""escapage"" though.",spot on . do enjoy escapage though .,1,2025-02-20T18:46:45+00:00
mdue3bm,t1_mdudaen,1itxopu,Valuable_K,Why would a good person choose to become a parasitic middleman?,why would a good person choose to become a parasitic middleman ?,-2,2025-02-20T18:18:45+00:00
mdueg46,t1_mdue3bm,1itxopu,Sad-Olive-158,The level of ignorance is astounding.,the level of ignorance be astounding .,5,2025-02-20T18:20:22+00:00
mduf1bd,t1_mdueg46,1itxopu,Valuable_K,What am I ignorant of?,what be I ignorant of ?,-3,2025-02-20T18:23:02+00:00
mdufq0i,t1_mduf1bd,1itxopu,Sad-Olive-158,I think treating an entire group of people poorly due to their profession is ridiculous. I tried to explain an inside perspective on it but I can see I would have more chance of getting through to DJ Alexander than I would you.,I think treat an entire group of people poorly due to their profession be ridiculous . I try to explain an inside perspective on it but I can see I would have more chance of get through to dj alexander than I would you .,7,2025-02-20T18:26:08+00:00
mduglg3,t1_mdufq0i,1itxopu,Valuable_K,"I don't treat anyone poorly due to their profession. I'm not suggesting that anyone goes out and treats people poorly either. 

I'm saying that job occupies a parasitic place in the economy and society, so it's obviously going to attract unethical people. Surely you can't argue with that?","I do not treat anyone poorly due to their profession . I m that anyone go out and treat people poorly either . I m say that job occupy a parasitic place in the economy and society , so its obviously go to attract unethical people . surely you can not argue with that ?",5,2025-02-20T18:30:01+00:00
mduhrju,t1_mduglg3,1itxopu,Sad-Olive-158,"I can argue with that. Landlords don’t always want to deal with tenants. Sometimes they aren’t in the country/ same time zone. Sometimes they don’t want the hassle. Sometimes they become “accidental landlords” because they inherit a property, or move in with someone and have a house they can rent. You might disagree with the profession but it definitely has a place in society. Having been one, sometimes having a mediator between landlord and tenant can de-escalate a situation. I don’t think it’s fair of you to refer to an entire profession as parasitic. It serves a purpose. I have family members that are landlords with direct relationships with their tenants and it can work… assuming your tenants are good. If they’re something you would find on “Nightmare Tenants, Slum Landlords” then having an agent can be the best thing ever.","I can argue with that . landlord do not always want to deal with tenant . sometimes they be not in the same time zone . sometimes they do not want the hassle . sometimes they become accidental landlord because they inherit a property , or move in with someone and have a house they can rent . you might disagree with the profession but it definitely have a place in society . having be one , sometimes have a mediator between landlord and tenant can deescalate a situation . I do not think its fair of you to refer to an entire profession as parasitic . it serve a purpose . I have family member that be landlord with direct relationship with their tenant and it can work assume your tenant be good . if they re something you would find on nightmare tenant , slum landlord then have an agent can be the good thing ever .",6,2025-02-20T18:35:16+00:00
mdukben,t1_mduglg3,1itxopu,Sad-Olive-158,"Also there’s a HUGE amount of legislation that goes along with being a private landlord. The government haven’t built council housing in goodness knows how long (that’s a different conversation) so in the UK we heavily rely on private landlords and thus we need letting agents. You don’t have to love the profession to see how it can benefit landlords and tenants. If DJ Alexander are anything like how Braemore used to be, then the company/system is what is causing the issue. The people are just broken by it. It seems to be more company specific, not industry wide. Like I said, I worked at smaller agencies that were very pleasant.","also there s a huge amount of legislation that go along with be a private landlord . the government have not build council housing in goodness know how long that s a different conversation so in the uk we heavily rely on private landlord and thus we need let agent . you do not have to love the profession to see how it can benefit landlord and tenant . if dj alexander be anything like how braemore use to be , then the company system be what be cause the issue . the people be just break by it . it seem to be more company specific , wide . like I say , I work at small agency that be very pleasant .",4,2025-02-20T18:46:48+00:00
md7p82h,t3_1ire892,1ire892,porcupineporridge,"Sharing because you have thoughts op?

Reading the article, it’s seems a horrible predicament to be in and she’s now in need of support. To be fair though, the place is designed for one person only and she’s got her partner and two kids living there. Further, she hasn’t paid her rent for a long time and when a housing support officer was sent to help her fill out application forms, she chose not to meet with them.

Daily Record would have us believe social workers and the like don’t care but these cases tend to be messy and nuanced.","share because you have thought op ? read the article , its seem a horrible predicament to be in and she s now in need of support . to be fair though , the place be design for one person only and she s get her partner and two kid live there . far , she have not pay her rent for a long time and when a housing support officer be send to help she fill out application form , she choose meet with they . daily record would have we believe social worker and the like do not care but these case tend to be messy and nuance .",17,2025-02-17T07:22:50+00:00
md8c9gx,t1_md7p82h,1ire892,Elcustardo,Exactly. She is already in supported accommodation and clearly doesn't understand the claims processes/Importance of following them,exactly . she be already in support accommodation and clearly do not understand the claim process importance of follow they,4,2025-02-17T11:15:54+00:00
mcjad17,t3_1io2968,1io2968,sdfgsteve,"If you are leaving an abusive relationship you can apply to any council in Scotland for accommodation. I helped my friend do this last year and he got a council house in West Lothian within a week. Contact shelter, they can advise better than anyone. I know stability is a consideration, but safety is the top priority. Good luck, I've seen how traumatising it is first hand.","if you be leave an abusive relationship you can apply to any council in scotland for accommodation . I help my friend do this last year and he get a council house in west lothian within a week . contact shelter , they can advise well than anyone . I know stability be a consideration , but safety be the top priority . good luck , I ve see how traumatising it be first hand .",10,2025-02-13T11:51:43+00:00
mc5mlg5,t3_1im9ixv,1im9ixv,AnubissDarkling,"Stay away from DJ Alexander, they're a disease","stay away from dj alexander , they re a disease",4,2025-02-11T09:12:52+00:00
mc19dwp,t3_1im9ixv,1im9ixv,zubeye,"it's seasonal, august most difficult gets gradually easier thereon. september tricky due to uni

I had a good experience with DJ personally. I've done private via citylets too which was also fine.

popular flats are a lottery. If you want less RNG pick places that have been on for a few weeks and reduced once or twice. 

if you want a september move, i woudl be looking june/july","its seasonal , august most difficult get gradually easy thereon . september tricky due to uni I have a good experience with dj personally . I ve do private via citylet too which be also fine . popular flat be a lottery . if you want less rng pick place that have be on for a few week and reduce once or twice . if you want a september move , I woudl be look june july",3,2025-02-10T16:14:41+00:00
mc9t6o5,t3_1im9ixv,1im9ixv,General_Praline_3226,"DJ Alexandar are like slumlords - absolutely treat them as a last resort, and Southside as the second to last","dj alexandar be like slumlord absolutely treat they as a last resort , and southside as the second to last",3,2025-02-11T23:12:15+00:00
mc6jj1n,t3_1im9ixv,1im9ixv,susanboylesvajazzle,"1. Is it better to rent from agencies? (if so, are DJ Alexander / Southside actually that bad?)

Yes, it is better, but that doesn't mean it won't be any less a hellish experience sadly.  

1. if not agencies, how do you find flats up for rent?

Some websites will host private lets (Citylets is still going, I think) however they are littered with scams and dodgy landlords. 

1. When would it be the right time to start looking?

There's no real answer to this. You'll be told August and September are ""bad"" times because of the festival and the return of students. But most landlords letting out long-term lets won't cater for either of those markets so its' not as big an impact as some might think. 

Really look when you need to and take what you can get is my best advice. You may have to inconvenience yourself by agreeing for somewhere and then moving into temp accommodation until it is ready or paying don't rent on where you are and where you want to move to in order to secure it. I have done both in the past but things move so quickly and there's no shortage of demand that you have to be the one to be flexible.",". be it well to rent from agency ? if so , be dj alexander southside actually that bad ? yes , it be well , but that do not mean it will not be any less a hellish experience sadly . . if , how do you find flat up for rent ? some website will host private let citylet be still go , I think however they be litter with scam and dodgy landlord . . when would it be the right time to start look ? there s answer to this . you ll be tell august and september be bad time because of the festival and the return of student . but most landlord let out longterm let will not cater for either of those market so its big an impact as some might think . really look when you need to and take what you can get be my good advice . you may have to inconvenience yourself by agree for somewhere and then move into temp accommodation until it be ready or pay do not rent on where you be and where you want to move to in order to secure it . I have do both in the past but thing move so quickly and there s of demand that you have to be the one to be flexible .",2,2025-02-11T13:46:42+00:00
mkc2ap8,t1_mc1elhb,1im9ixv,theirleftshoe,"Sorry for the 2-month delay, but this has been great advice, thank you !!   
We've decided to hold off for now and start looking in july.","sorry for the delay , but this have be great advice , thank you ! ! we ve decide to hold off for now and start look in july .",1,2025-03-29T10:17:57+00:00
mba351i,t3_1iiba7s,1iiba7s,JMWTurnerOverdrive,"""David J Alexander, the chief executive of DJ Alexander Scotland, said: “The announcement that the current rent control legislation is to be ended on March 31st is welcome news.""

Bloody hell, never realised that's an actual person.","david j alexander , the chief executive of dj alexander scotland , say the announcement that the current rent control legislation be to be end on march be welcome news . bloody hell , that s an actual person .",39,2025-02-06T12:14:38+00:00
mb67d4x,t3_1iiba7s,1iiba7s,Wombles,"""The Scottish housing minister told The Herald that the current rent control regime would end next month.""

What you need to understand is that rent controls have been renewed every year by the SNP. So the *current* controls will end, but this doesn't mean they won't introduce new ones (and it seems unlikely that they won't), but new ones have to go through as a new bill. And nothing of the article implies they won't introduce a new bill.","the scottish housing minister tell the herald that the current rent control regime would end next month . what you need to understand be that rent control have be renew every year by the snp . so the current control will end , but this do not mean they will not introduce new one and it seem unlikely that they will not , but new one have to go through as a new bill . and nothing of the article imply they will not introduce a new bill .",31,2025-02-05T20:47:47+00:00
mb9poz8,t3_1iiba7s,1iiba7s,AdviceHefty4561,"Non-profit incentivised mass building of new housing is the solution but we all know the 'non profit' part is waaaaaaaaay worse than people with full time jobs not being able to afford basic housing.

And obviously we can't have house prices coming down due to increased supply as that affects infinite growth 

Capitalism can't fix this",nonprofit incentivise mass building of new housing be the solution but we all know the non profit part be waaaaaaaaay bad than people with full time job able to afford basic housing . and obviously we can not have house price come down due to increase supply as that affect infinite growth capitalism can not fix this,7,2025-02-06T10:13:05+00:00
mb4mzut,t3_1iiba7s,1iiba7s,harpistic,"Bah, firewall. My rent increased by £100/month, and this is a mid-market building.","bah , firewall . my rent increase by month , and this be a midmarket building .",13,2025-02-05T16:29:07+00:00
mb54o6n,t3_1iiba7s,1iiba7s,Substantial_Dot7311,"Good, they worked for incumbent tenants but screwed the market up for everyone else.  Useful as a short term measure only.","good , they work for incumbent tenant but screw the market up for everyone else . useful as a short term measure only .",17,2025-02-05T17:51:01+00:00
mb5td76,t3_1iiba7s,1iiba7s,Illustrious-Froyo982,I’m sorry - what??? This is going to force so many people out of the city and push so many more into economic uncertainty. Rent reform now !,I m sorry what ? ? ? this be go to force so many people out of the city and push so many more into economic uncertainty . rent reform now !,14,2025-02-05T19:44:12+00:00
mbd8lfs,t3_1iiba7s,1iiba7s,Nanami-Nyan,"My rent went up by 47%

The agency sent the notice in September by email. Neither me nor my partner received it. 
In our contract it states emails are assumed received 48hours after they’re sent, unless we can prove otherwise, but how does one prove that they did not receive an email? 

Apparently in the email (that we never received) it states that they assume we accept the 47% rent increase if we don’t reply. How does one reply to an email that they never received? How would one accept the increase if they are not aware of it?

And we cannot appeal to rent Scotland, because we needed to contact them within 21 days of the notice (which we never received). Now we have to pay 147% of our rent.

The rental market in Edinburgh is too bad for my fragile mental health.

(In January. The agency did forward the rent increase notice from a 3rd email address to us, which appears to have a time stamp of 30th September 2024 in text. They also said their IT department confirmed that this email was sent from their server. However they never provided any screenshots of their sent inbox, or whatever their IT departments found in the server that says the email was sent.)","my rent go up by the agency send the notice in september by email . neither I nor my partner receive it . in our contract it state email be assume received after they re send , unless we can prove otherwise , but how do one prove that they do an email ? apparently in the email that we it state that they assume we accept the rent increase if we do not reply . how do one reply to an email that they ? how would one accept the increase if they be of it ? and we can not appeal to rent scotland , because we need to contact they within day of the notice which we . now we have to pay of our rent . the rental market in edinburgh be too bad for my fragile mental health . in january . the agency do forward the rent increase notice from a email address to we , which appear to have a time stamp of september in text . they also say their it department confirm that this email be send from their server . however they any screenshot of their send inbox , or whatever their it department find in the server that say the email be send .",2,2025-02-06T21:37:51+00:00
mbbded7,t1_mba351i,1iiba7s,AntiqueProfession522,"Yeah, the most evil company in the city actually has a evil figurehead","yeah , the most evil company in the city actually have a evil figurehead",17,2025-02-06T16:29:47+00:00
mbc6m6e,t1_mba351i,1iiba7s,Pompadipompa,Oh ok! Where does he live? 💣,oh ok ! where do he live ?,12,2025-02-06T18:43:52+00:00
mba3m2g,t1_mb67d4x,1iiba7s,JMWTurnerOverdrive,"Yeah, but look at the Housing Minister's quote: 

""Supporting tenants is a priority for the Scottish government and we will continue to engage and work with stakeholders, including tenants’ groups.  


""We know that there is a need for longer term action on rents, which is why we are taking forward measures in the Bill to support introduction of longer term rent control where this is needed.""

I hope I'm wrong, but that looks to me like a 2-year free for all until the new Housing Bill or whatever it's called comes in. He's had an opportunity to say ""a new set of controls, with appropriate adjustments, will be put in place"" and not done it.","yeah , but look at the housing minister quote support tenant be a priority for the scottish government and we will continue to engage and work with stakeholder , include tenant group . we know that there be a need for long term action on rent , which be why we be take forward measure in the bill to support introduction of long term rent control where this be need . I hope I m wrong , but that look to I like a free for all until the new housing bill or whatever its call come in . he s have an opportunity to say a new set of control , with appropriate adjustment , will be put in place and it .",10,2025-02-06T12:18:10+00:00
mba289p,t1_mb9poz8,1iiba7s,quartersessions,The problem is our completely broken planning system. Let people build and they will.,the problem be our completely break planning system . let people build and they will .,5,2025-02-06T12:07:31+00:00
mb59xki,t1_mb4mzut,1iiba7s,mpayne1987,[https://archive.ph/jCzar](https://archive.ph/jCzar),,1,2025-02-05T18:15:15+00:00
mb6yvyk,t1_mb4mzut,1iiba7s,CraigJDuffy,My mid market flat went up 3.8%,my mid market flat go up,1,2025-02-05T22:55:13+00:00
mb55npl,t1_mb54o6n,1iiba7s,TranslatesToScottish,"I'm fucked anyway, speaking as an incumbent tenant. Our landlord's put our rent up by the max allowed every single time, and I can't foresee any way in which this won't result in an even bigger hike.","I m fuck anyway , speak as an incumbent tenant . our landlord put our rent up by the max allow every single time , and I can not foresee any way in which this will not result in an even big hike .",18,2025-02-05T17:55:30+00:00
mb8vvo6,t1_mb5td76,1iiba7s,Dirty-Hyena,"Rent controls canin some cases drive prices upwards. They can discourage investment in property, i.e., there won't be new houses built.

Argentina recently lifted their rent caps and prices actually dropped significantly as builders and owners started to feel more comfortable to offer new housing.","rent control canin some case drive price upwards . they can discourage investment in property , , there will not be new house build . argentina recently lift their rent cap and price actually drop significantly as builder and owner start to feel more comfortable to offer new housing .",-3,2025-02-06T05:31:38+00:00
mb88brv,t1_mb5td76,1iiba7s,CitizenoftheWorld-95,Or just Reform,or just reform,-6,2025-02-06T02:59:16+00:00
mb6z2ll,t1_mb5td76,1iiba7s,CraigJDuffy,We have a housing crisis. Pushing people out of the city is perhaps the design.,we have a housing crisis . push people out of the city be perhaps the design .,-3,2025-02-05T22:56:08+00:00
mbdy7f8,t1_mbd8lfs,1iiba7s,Faddy91,what agency is this?,what agency be this ?,1,2025-02-06T23:45:00+00:00
mbuuepw,t1_mbd8lfs,1iiba7s,VisibleTart6849,"They can only increase by 12% this year. We also got an increased invoice in October, said we had not had any notice and they had to push til Jan for notice. https://scotland.shelter.org.uk/housing_advice/tenants_rights/rent_increases","they can only increase by this year . we also get an increase invoice in october , say we have any notice and they have to push til jan for notice .",1,2025-02-09T16:17:41+00:00
mb794fw,t1_mb59xki,1iiba7s,harpistic,Thank you!,thank you !,1,2025-02-05T23:48:41+00:00
mb6zxh0,t1_mb6yvyk,1iiba7s,harpistic,"When I moved in four and a half years ago, the rent was £800, it’s now £950. But with the housing crisis, where else could I go?","when I move in four and a half year ago , the rent be , its now . but with the housing crisis , where else could I go ?",2,2025-02-05T23:00:26+00:00
mb57mei,t1_mb55npl,1iiba7s,Substantial_Dot7311,"If it’s any consolation, looking at rightmove quite a few reductions and lower rents in the open market now.  Partly seasonal, but will also be down to some property being released into the long let market due to short let licensing restrictions and also possibly because lower mortgage fixed rates are helping stem the upward momentum in rent, both through first time buyers leaving the rental market and fewer LLs deciding to sell.  In the long run, plenty supply and a healthy rental market where the tenant regains some negotiating power will help far more than Holyrood ever could.  I remember those days, but a few years ago now!","if its any consolation , look at rightmove quite a few reduction and low rent in the open market now . partly seasonal , but will also be down to some property be release into the long let market due to short let licensing restriction and also possibly because low mortgage fix rate be helping stem the upward momentum in rent , both through first time buyer leave the rental market and few ll decide to sell . in the long run , plenty supply and a healthy rental market where the tenant regain some negotiating power will help far more than holyrood ever could . I remember those day , but a few year ago now !",3,2025-02-05T18:04:32+00:00
mbeah0p,t1_mbdy7f8,1iiba7s,Nanami-Nyan,Umega,umega,3,2025-02-07T00:51:31+00:00
mhkhaw3,t1_mbuuepw,1iiba7s,Nanami-Nyan,"I can only appeal to Rent Scotland to get the 12% cap in place if I do that within 21 days of the rent increase notice, which I never received, so I inevitably missed that 21-day window. 

I spoke to citizen advice & shelter Scotland a few times and they advised me to either ask for the increase to be changed to 12%, or ask the notice to be re-issued, as anyone sane would be appealing to Rent Scotland upon receiving a 47% increase. 

However the landlord rejected both proposals, which makes me think this whole thing is a setup.","I can only appeal to rent scotland to get the cap in place if I do that within day of the rent increase notice , which I , so I inevitably miss that window . I speak to citizen advice shelter scotland a few time and they advise I to either ask for the increase to be change to , or ask the notice to be reissue , as anyone sane would be appeal to rent scotland upon receive a increase . however the landlord reject both proposal , which make I think this whole thing be a setup .",1,2025-03-13T14:14:42+00:00
mb70yij,t1_mb6zxh0,1iiba7s,CraigJDuffy,I moved in also 4 years ago to a MMR - rent was 700 now 740 for a 2 bed new build.,I move in also year ago to a mmr rent be now for a bed new build .,2,2025-02-05T23:05:43+00:00
mb9f14f,t1_mb6zxh0,1iiba7s,Duck_with_a_monocle,£875 to £1195 over 3 years here :(,to over year here,2,2025-02-06T08:22:56+00:00
mhylexd,t1_mhkhaw3,1iiba7s,VisibleTart6849,"If you never received notice you need to go through the tribunal. I also believe the cap is 12%, not dependent on you raising an issue in 21days . I would in writing be clear I will not accept an increase more than the 12% cap. Next steps would be reaching out to a no win no fee solicitors for advice if you are having no luck with the tribunal.","if you notice you need to go through the tribunal . I also believe the cap be , on you raise an issue in . I would in writing be clear I will an increase more than the cap . next step would be reach out to a solicitor for advice if you be have with the tribunal .",1,2025-03-15T18:29:23+00:00
mb721kt,t1_mb70yij,1iiba7s,harpistic,"That’s healthier, at least - I don’t know how sustainable this building can be for my neighbours, with such a massive rent hike. My flat - also a two-bed - is very small, I really really don’t want to have to get a flatmate so that I can stay here.","that s healthier , at least I do not know how sustainable this building can be for my neighbour , with such a massive rent hike . my flat also a twobed be very small , I really really do not want to have to get a flatmate so that I can stay here .",3,2025-02-05T23:11:19+00:00
mbapjxs,t1_mb9f14f,1iiba7s,harpistic,Yeek!!!,yeek ! ! !,2,2025-02-06T14:33:31+00:00
mi07e50,t1_mhylexd,1iiba7s,Nanami-Nyan,"Unfortunately the 12% cap is not true, if the tenant does not appeal within 21 days of the notice, the landlord can put the rent up for however much they want to. 
I’ve spoken to both Citizen advice and Shelter Scotland, they are not sure which way the tribunal will go if we decide to go for one, as the agency claimed to have evidence of the email being sent to us, although we never received it, the evidence of it being sent alone will be enough evidence for the court.","unfortunately the cap be , if the tenant do within day of the notice , the landlord can put the rent up for however much they want to . I ve speak to both citizen advice and shelter scotland , they be which way the tribunal will go if we decide to go for one , as the agency claim to have evidence of the email be send to we , although we it , the evidence of it be send alone will be enough evidence for the court .",1,2025-03-15T23:49:21+00:00
mb72znf,t1_mb721kt,1iiba7s,CraigJDuffy,Who’s your letting agent? I am with Umega,who s your let agent ? I be with umega,2,2025-02-05T23:16:14+00:00
mb73ifr,t1_mb72znf,1iiba7s,harpistic,Touchstone - I’m not a fan of theirs.,touchstone I m fan of theirs .,3,2025-02-05T23:18:57+00:00
mb9cesn,t1_mb72znf,1iiba7s,TranslatesToScottish,I'm with Umega and we've gone up the full amount allowed each time. Think around £260 per month higher now than when we moved in four years ago.,I m with umega and we ve go up the full amount allow each time . think around per month higher now than when we move in four year ago .,1,2025-02-06T07:56:44+00:00
mbag1w3,t1_mb9cesn,1iiba7s,CraigJDuffy,MMR or private?,mmr or private ?,1,2025-02-06T13:40:18+00:00
mbus4ja,t1_mb9cesn,1iiba7s,VisibleTart6849,"Umega have tried to do this to us. We said we would do the tenancy review, so the landlord was informed, landlord reduced it from 12% to 4%. It's Umega wanting the higher commission rates","umega have try to do this to we . we say we would do the tenancy review , so the landlord be inform , landlord reduce it from to . its umega want the high commission rate",1,2025-02-09T16:06:30+00:00
mbaj8su,t1_mbag1w3,1iiba7s,TranslatesToScottish,Private.,private .,1,2025-02-06T13:58:39+00:00
mbv2pci,t1_mbus4ja,1iiba7s,TranslatesToScottish,"Yeah, that's what worries me when the controls are taken away. Literally nothing to stop them going crazy with it. Fingers crossed, but feeling quite pessimistic.","yeah , that s what worry I when the control be take away . literally nothing to stop they go crazy with it . finger cross , but feel quite pessimistic .",1,2025-02-09T16:56:57+00:00
mbb0947,t1_mbaj8su,1iiba7s,CraigJDuffy,It’s up to your landlord how much to raise it by ultimately,its up to your landlord how much to raise it by ultimately,1,2025-02-06T15:27:55+00:00
mas4h9h,t3_1igvuke,1igvuke,spr148,asktenants and marksoutoftenancy are two websites and ratemylandlord for students.,asktenant and marksoutoftenancy be two website and ratemylandlord for student .,63,2025-02-03T18:41:09+00:00
mas5ctw,t3_1igvuke,1igvuke,The_Pulpiest_Fiction,"This would be such a good idea, for reals! When I was moving out of my last place I was contemplating hiding little notes all over the place listing all the issues with the house (there were so many!!!!)","this would be such a good idea , for real ! when I be move out of my last place I be contemplate hide little note all over the place list all the issue with the house there be so many ! ! ! !",63,2025-02-03T18:45:12+00:00
mas1a7v,t3_1igvuke,1igvuke,BabaMcBaba,Agreed. Too much power lies with the landlords/agencies. They require references from renters to make sure we're not bampots so why can't we have the same right to information? It would surely help everyone involved and reduce illegal wrongdoings and negative experiences.,agree . too much power lie with the landlord agency . they require reference from renter to make sure be so why can not we have the same right to information ? it would surely help everyone involve and reduce illegal wrongdoing and negative experience .,56,2025-02-03T18:26:19+00:00
maschp9,t3_1igvuke,1igvuke,CrispoClumbo,Everyone should just post a virtual tour online like [the one this guy did](https://youtu.be/Uh8u8OZN_as?si=fa0NF8NvCds7_6eo).,everyone should just post a virtual tour online like the one this guy do,14,2025-02-03T19:18:12+00:00
mas7jtj,t3_1igvuke,1igvuke,aberquine,Great idea! Write to the Scottish Government Housing Minister as well as your local MSP’s and councillors to suggest it. It would also certainly be worth sharing with Living Rent who have done a lot of work to lobby government to improve tenants rights!,great idea ! write to the scottish government housing minister as well as your local msp and councillor to suggest it . it would also certainly be worth share with live rent who have do a lot of work to lobby government to improve tenant right !,11,2025-02-03T18:55:17+00:00
masn9rf,t3_1igvuke,1igvuke,PureCrookedRiverBend,"Yeah, like “hey new tenant, the ceiling in the bathroom has leaked at least 6 different times, one time causing the ceiling to open up. Oh! and the ceiling in the kitchen has leaked a couple of times too.”","yeah , like hey new tenant , the ceiling in the bathroom have leak at least different time , one time cause the ceiling to open up . oh ! and the ceiling in the kitchen have leak a couple of time too .",7,2025-02-03T20:07:47+00:00
maue2hi,t3_1igvuke,1igvuke,Apprehensive_Greens,"Not a list of issues but get your *neighbours* to complain about the boiler to the letting agent. Even better if they do it to the ""higher ups"" of the rental company.


I lived two floors down and on the other side of the corridor from a flat with a *serious* mould problem in the bathroom. The boys reported it over and over and over but nothing happened until the mould f***ed up the shower seal and me and the flat below me had damp patches because of water from *their* bathroom, which we sent *not at all polite* emails about.


Within the month the mould has been treated and the shower re-sealed. 


They don't care about you as a tennant, but the neighbours can do things like claim against their insurance, which they'd rather not deal with. ","list of issue but get your neighbour to complain about the boiler to the let agent . even well if they do it to the high up of the rental company . I live two floor down and on the other side of the corridor from a flat with a serious mould problem in the bathroom . the boy report it over and over and over but nothing happen until the mould feed up the shower seal and I and the flat below I have damp patch because of water from their bathroom , which we send all polite email about . within the month the mould have be treat and the shower reseal . they do not care about you as a tennant , but the neighbour can do thing like claim against their insurance , which they d rather with .",3,2025-02-04T01:14:47+00:00
matmd76,t3_1igvuke,1igvuke,Internal-Ad-6810,[https://www.instagram.com/reel/DFnpWI9sAbp/?utm\_source=ig\_web\_copy\_link](https://www.instagram.com/reel/DFnpWI9sAbp/?utm_source=ig_web_copy_link) similar to this sorta thing?,similar to this sorta thing ?,1,2025-02-03T22:50:51+00:00
mauczbv,t3_1igvuke,1igvuke,hello-rosie,Does the speed of a repair sometimes depend on the arrangement the landlord makes with the rental agency and the cost of the repair? Some landlords allow the rental agency to provide repairs up to a certain amount. But I lived under a flat with an absentee landlord who lived in Singapore and anytime anything happened in that flat that needed attention the management company had to contact the owner and wait for them to approve a repair. It could take a while because of the time difference but also the poor attitude of the landlord. They were purely in it for investment and I know they'd never seen the flat in person.,do the speed of a repair sometimes depend on the arrangement the landlord make with the rental agency and the cost of the repair ? some landlord allow the rental agency to provide repair up to a certain amount . but I live under a flat with an absentee landlord who live in singapore and anytime anything happen in that flat that need attention the management company have to contact the owner and wait for they to approve a repair . it could take a while because of the time difference but also the poor attitude of the landlord . they be purely in it for investment and I know they d the flat in person .,1,2025-02-04T01:09:02+00:00
mavii2z,t3_1igvuke,1igvuke,AppropriateBoard5155,How bout promoting a sub reddit to the public,how bout promote a sub reddit to the public,1,2025-02-04T05:14:12+00:00
matppcj,t3_1igvuke,1igvuke,Tumeni1959,"You should be getting a central heating engineer or installer, not a jobbing plumber...","you should be get a central heating engineer or installer , job plumber",0,2025-02-03T23:07:24+00:00
mas5v6t,t1_mas4h9h,1igvuke,boiled_leeks,"I'll check them out, thank you. I know I've only been here a week but already considering moving out.","ill check they out , thank you . I know I ve only be here a week but already consider move out .",18,2025-02-03T18:47:33+00:00
mas425h,t1_mas1a7v,1igvuke,boiled_leeks,"It could also be used as a bargaining chip: *""I can see that the flat you're letting has x and y recurring issues that don't justify the high rent and deposit you're asking for, I'd suggest a lower price""*.","it could also be use as a bargaining chip I can see that the flat you re let have x and y recur issue that do not justify the high rent and deposit you re ask for , i d suggest a low price .",23,2025-02-03T18:39:13+00:00
mas6gqv,t1_mas5fsh,1igvuke,boiled_leeks,"I just wish they standardized ""reasonable amount of time"" for stuff like this. I mean what is it? A day? A week? A vague point in the future? Can't even bring it up in disputes because you don't have a leg to stand on.",I just wish they standardize reasonable amount of time for stuff like this . I mean what be it ? a day ? a week ? a vague point in the future ? can not even bring it up in dispute because you do not have a leg to stand on .,11,2025-02-03T18:50:19+00:00
masmjjh,t1_maschp9,1igvuke,peepthewizard,It’s surprising how much a virtual tour gives away just by being online. I viewed a property from SouthSide in November and the agent tried to have us on that it had just been recently redecorated. It looked exactly the same as [this video](https://youtu.be/su-gWcOt4o8) they used in the listing - which is 4 years old.,its surprising how much a virtual tour give away just by be online . I view a property from southside in november and the agent try to have we on that it have just be recently redecorate . it look exactly the same as this video they use in the listing which be year old .,8,2025-02-03T20:04:23+00:00
mas8uso,t1_mas7jtj,1igvuke,aberquine,"Kind of like a Home Report for tenants, paid for by the landlord and refreshed each time they are looking for a new tenant.","kind of like a home report for tenant , pay for by the landlord and refresh each time they be look for a new tenant .",3,2025-02-03T19:01:16+00:00
mascjxg,t1_masb0am,1igvuke,boiled_leeks,"It's about creating awareness so that prospecting tenants know what to ask. If you see that a boiler issue was reported in February 2025, you can ask the landlord or agency if the issue has been fixed. If they can provide receipts to prove that the issue has been taken care of then great. If not then you'll be on your merry way.","its about create awareness so that prospect tenant know what to ask . if you see that a boiler issue be report in february , you can ask the landlord or agency if the issue have be fix . if they can provide receipt to prove that the issue have be take care of then great . if you ll be on your merry way .",4,2025-02-03T19:18:29+00:00
matp1q3,t1_matmd76,1igvuke,boiled_leeks,Kinda but I don't have the right attire to replicate that sort of property review 👙,kinda but I do not have the right attire to replicate that sort of property review,1,2025-02-03T23:04:07+00:00
mas8r0s,t1_mas6gqv,1igvuke,Normal_Human_4567,"I think because it's variable. Bathroom radiator broken in a one-bed flat? Not urgent. Radiators broken, mid winter, in a two-bed with a mum and two toddlers? Urgent.

Washing machine broken in a one-bed? Not reasonable to leave it without fixing for more than a month. Dishwasher broken, but the hot water works and there are dishwashing facilities? Reasonable to leave it a while before fixing. 

There are probably better examples but those are what came to mind","I think because its variable . bathroom radiator break in a onebed flat ? . radiator break , mid winter , in a twobed with a mum and two toddler ? urgent . washing machine break in a onebed ? to leave it for more than a month . dishwasher break , but the hot water work and there be dishwashe facility ? reasonable to leave it a while before fix . there be probably well example but those be what come to mind",-1,2025-02-03T19:00:47+00:00
masbfa4,t1_mas8r0s,1igvuke,CrispoClumbo,"> Washing machine broken in a one-bed? Not reasonable to leave it without fixing for more than a month. Dishwasher broken, but the hot water works and there are dishwashing facilities? Reasonable to leave it a while before fixing.

Neither of those things are reasonable.  ","washing machine break in a onebed ? to leave it for more than a month . dishwasher break , but the hot water work and there be dishwashe facility ? reasonable to leave it a while before fix . neither of those thing be reasonable .",14,2025-02-03T19:13:12+00:00
maw91bh,t1_mas8r0s,1igvuke,Ok_Parsley_4961,Why is mum and toddlers more important than the single occupant? Bathroom radiator vs all radiators would be a fairer comparison,why be mum and toddler more important than the single occupant ? bathroom radiator vs all radiator would be a fair comparison,2,2025-02-04T09:17:59+00:00
maueybo,t1_masi2we,1igvuke,Apprehensive_Greens,That's not a reason not to try,that s reason try,0,2025-02-04T01:19:26+00:00
masdcqv,t1_masbfa4,1igvuke,Normal_Human_4567,"Washing machine is of variable importance, but for a single person on their own they can go to a laundrette for a few weeks. I think I'd be okay without as I have enough to get me by and could wash pants at a friends house- not ideal, but doable. That's why I said *unreasonable for more than a month.*

If the dishwasher is broken but you have perfectly good dish washing facilities, why is it urgent? You can still wash dishes and keep the kitchen clean, you're just mildly inconvenienced. I've never had a dishwasher in 26 years of life, it's not an essential item.","washing machine be of variable importance , but for a single person on their own they can go to a laundrette for a few week . I think I d be okay I have enough to get I by and could wash pant at a friends house , but doable . that s why I say unreasonable for more than a month . if the dishwasher be break but you have perfectly good dish washing facility , why be it urgent ? you can still wash dish and keep the kitchen clean , you re just mildly inconvenience . I ve a dishwasher in year of life , its essential item .",0,2025-02-03T19:22:12+00:00
masggyk,t1_masdcqv,1igvuke,CrispoClumbo,"A month without a washing machine in a property you’re paying for is not reasonable. A week maybe. Unless there’s some nationwide shortage of repair men I’m unaware of. 

And with a dishwasher, nobody’s saying it’s essential, but you are literally paying for the use of the white goods in the property. So if a landlord is going to fuck about for weeks/months they should be discounting the rent since they’re not providing what they agreed to.  ","a month washing machine in a property you re pay for be . a week maybe . unless there s some nationwide shortage of repair man I m unaware of . and with a dishwasher , nobodys say its essential , but you be literally pay for the use of the white good in the property . so if a landlord be go to fuck about for week month they should be discount the rent since they re what they agree to .",17,2025-02-03T19:36:32+00:00
maspiac,t1_masggyk,1igvuke,Normal_Human_4567,"To clarify, I still think that it's reasonable to argue you should get a rebate/discount for being without full use of your property. I'm talking solely about repair times.","to clarify , I still think that its reasonable to argue you should get a rebate discount for be use of your property . I m talk solely about repair time .",0,2025-02-03T20:18:08+00:00
masr5gt,t1_maspiac,1igvuke,CrispoClumbo,"In what world is a month a reasonable time to instruct a repair?

Do you think the landlord would be without their own washing machine for a month? Or their dishwasher for longer? 

No, they would not. ","in what world be a month a reasonable time to instruct a repair ? do you think the landlord would be own washing machine for a month ? or their dishwasher for long ? no , they would not .",9,2025-02-03T20:25:43+00:00
mat9hnd,t1_masr5gt,1igvuke,Normal_Human_4567,"This is tiring, and I think we aren't going to see eye to eye. I hope you have a nice evening.

Landlords are shit but it's what's considered reasonable within the law, not personal opinion, and as OP said there's no definition for that.","this be tiring , and I think we be not go to see eye to eye . I hope you have a nice evening . landlord be shit but its what s consider reasonable within the law , opinion , and as op say there s for that .",2,2025-02-03T21:50:10+00:00
ma9awjy,t3_1ieo49s,1ieo49s,Traditional_Youth_21,New Airbnb rules maybe starting to have the desired effect?,new airbnb rule maybe start to have the desire effect ?,79,2025-01-31T20:32:02+00:00
ma98jdh,t3_1ieo49s,1ieo49s,zubeye,"it's quite seasonal, it's probably the least popular time of year to look. 

the hardest being summer in run up to uni","its quite seasonal , its probably the least popular time of year to look . the hard be summer in run up to uni",35,2025-01-31T20:20:46+00:00
ma97rv8,t3_1ieo49s,1ieo49s,FeivelM,We were looking around this time last year and found the same thing. I don’t know if it’s the heat in the market starting to cool or just the time of year - or a bit of both?,we be look around this time last year and find the same thing . I do not know if its the heat in the market start to cool or just the time of year or a bit of both ?,8,2025-01-31T20:17:06+00:00
ma99lr6,t3_1ieo49s,1ieo49s,lostintranslation767,"Wouldn't surprise me if it's a bit of clever economics. Place it at a high rate, if someone bites happy days, if no bites within X period reduce it down to the level you'd have originally marketed it at. 

Similar to shops hiking prices not long before a ""sale"".","would not surprise I if its a bit of clever economic . place it at a high rate , if someone bite happy day , if within x period reduce it down to the level you d have originally market it at . similar to shop hike price before a sale .",24,2025-01-31T20:25:51+00:00
ma98k9h,t3_1ieo49s,1ieo49s,pureteckle,"Guessing it will be a saturated market with loads of ex-Airbnb style flats coming up within a nearby radius.  One of them reduces the rent by a margin that looks attractive, so the rest start to follow as by comparison they look expensive. ","guess it will be a saturate market with load of exairbnb style flat come up within a nearby radius . one of they reduce the rent by a margin that look attractive , so the rest start to follow as by comparison they look expensive .",8,2025-01-31T20:20:53+00:00
majtod4,t3_1ieo49s,1ieo49s,Manicmine1969,They’ve been revoked,they ve be revoke,1,2025-02-02T13:33:30+00:00
maddu0n,t3_1ieo49s,1ieo49s,ChampagneBrokie,"There’s a few portfolios been sold in Leith lately , for below market value might be having an impact as the rents were low on those and couldn’t be put up by much","there s a few portfolio be sell in leith lately , for below market value might be have an impact as the rent be low on those and could not be put up by much",1,2025-02-01T13:21:02+00:00
mad44k1,t1_ma9awjy,1ieo49s,Vitcee1,What rules specifically?,what rule specifically ?,-1,2025-02-01T12:05:46+00:00
mad4ak3,t1_ma98k9h,1ieo49s,Vitcee1,Why would airbnb not be an attractive option itself? A place like edinburgh would surely attract more money than rental right? Why are people going from airbnb to ex-airbnb?,why would airbnb an attractive option itself ? a place like edinburgh would surely attract more money than rental right ? why be people go from airbnb to exairbnb ?,-1,2025-02-01T12:07:15+00:00
madbh8t,t1_mad44k1,1ieo49s,SoftFirmHardware,"you have to apply to the council for permission to use a flat as an AirBNB...

I think, they generally reject flats that are in shared stairwells, as others in the stairwell can object.

So really only main door properties can become AirBNB now, so a lot of ex-airbnb flats in shared stairwells have to go back on the rental market


https://www.edinburgh.gov.uk/directory-record/1542802/short-term-lets","you have to apply to the council for permission to use a flat as an airbnb I think , they generally reject flat that be in share stairwell , as other in the stairwell can object . so really only main door property can become airbnb now , so a lot of exairbnb flat in share stairwell have to go back on the rental market",7,2025-02-01T13:04:24+00:00
madmy0o,t1_mad4ak3,1ieo49s,pureteckle,"There are limits on how many short term lets you can have after the Council introduced a licence for it, so some people are having to get them filled the old fashioned way by renting them out. ","there be limit on how many short term let you can have after the council introduce a licence for it , so some people be have to get they fill the old fashioned way by rent they out .",2,2025-02-01T14:19:27+00:00
madqllx,t1_mad4ak3,1ieo49s,Melodic_Case_753,If their application for an STL licence wasn't successful then they can't use it as an STL,if their application for an stl licence be not successful then they can not use it as an stl,0,2025-02-01T14:40:57+00:00
mafvll0,t1_madbh8t,1ieo49s,StrawberryFront8128,Not quite true anymore. I'm aware of plenty of flats in a stair getting a STL licence. I think a group of campaigners went to court about this and it was found to be unlawful.,true anymore . I m aware of plenty of flat in a stair get a stl licence . I think a group of campaigner go to court about this and it be find to be unlawful .,6,2025-02-01T21:13:44+00:00
maduorf,t1_madbh8t,1ieo49s,Vitcee1,"That's crazy, most of the 1 bedroom properties are indeed like that. It's crazy to put more restrictions so the most popular property type are scarce in number. That would also promote sort of a monopoly of airbnb hosts as they can charge significantly more, especially during the summer. This, in turn, could make airbnbs more attractive again?

I really want to understand more about it, as airbnbs seem like a highly profitable option. For example, an avg 1 bedroom property in the city center charges around 200(much higher in the summer). Although the occupancy is usually full, even if we take it be 80%, i.e 24 days, the income comes around to be around 5000 per month! Mostly the expenses wouldn't be more than 1500 and the profit per month is 3500? Much more during the season! The restriction is obviously a barrier, but you get through it and you are making so much more than long term rentals?","that s crazy , most of the bedroom property be indeed like that . its crazy to put more restriction so the most popular property type be scarce in number . that would also promote sort of a monopoly of airbnb host as they can charge significantly more , especially during the summer . this , in turn , could make airbnbs more attractive again ? I really want to understand more about it , as airbnbs seem like a highly profitable option . for example , an avg bedroom property in the city center charge around higher in the summer . although the occupancy be usually full , even if we take it be , day , the income come around to be around per month ! mostly the expense would not be more than and the profit per month be ? much more during the season ! the restriction be obviously a barrier , but you get through it and you be make so much more than long term rental ?",-6,2025-02-01T15:04:22+00:00
madsztt,t1_madmy0o,1ieo49s,Vitcee1,"Ohh, I thought the 90 day rule only existed in London","ohh , I think the day rule only exist in london",-1,2025-02-01T14:54:36+00:00
madt5zv,t1_madqllx,1ieo49s,Vitcee1,"Why would it be unsuccessful though? Like common reasons? Of a house is likely to be okay for rentals, short term lets wouldn't make a lot of difference right?","why would it be unsuccessful though ? like common reason ? of a house be likely to be okay for rental , short term let would not make a lot of difference right ?",1,2025-02-01T14:55:36+00:00
madwv2w,t1_maduorf,1ieo49s,SoftFirmHardware,"It's not really crazy, people wanted these restrictions put in because AirBNB is seen, in general, as a negative thing when it is within a residential area. Full time AirBNBs are not what the platform was originally for.

I have lived in a shared stairwell with 2 AirBNBs, people treat it like a hotel, they ring the doorbell to get let in, they have loud parties, they bring their luggage loudly up and down the stairs at all hours of the day. This is not nice when you live beside it and are trying to live a normal life.

If they want to treat it like a hotel, why not stay in a hotel?

Yes obviously a profit can be made but that is at the expense of locals that have to deal with the above. So the new restrictions mean to make your profit, you have to abide by some rules, previously it was a free for all.

Because of this free for all, people wanted to make flats into AirBNBs, this reduced the supply and drove up the price of normal long-term let flats, which impacts local people more. 

If you want to run a hotel, why not open a hotel?","its crazy , people want these restriction put in because airbnb be see , in general , as a negative thing when it be within a residential area . full time airbnbs be the platform be originally for . I have live in a share stairwell with airbnbs , people treat it like a hotel , they ring the doorbell to get let in , they have loud party , they bring their luggage loudly up and down the stair at all hour of the day . this be when you live beside it and be try to live a normal life . if they want to treat it like a hotel , why in a hotel ? yes obviously a profit can be make but that be at the expense of local that have to deal with the above . so the new restriction mean to make your profit , you have to abide by some rule , previously it be a free for all . because of this free for all , people want to make flat into airbnbs , this reduce the supply and drive up the price of normal longterm let flat , which impact local people more . if you want to run a hotel , why a hotel ?",17,2025-02-01T15:16:31+00:00
madtxdv,t1_madt5zv,1ieo49s,Melodic_Case_753,"Disruption to residents (especially where there is a shared stairwell) and the number of already approved STLs in the vicinity are the two main ones so far. But there are others. You should look at the council's guidance documents which go into detail on the requirements and other matters they assess.

  
In terms of okay for rentals so STLs won't make much of a difference, that's actually the complete opposite - a high volume of short term stays is far more likely to be disruptive to residents and the area than a single long-term tenant.","disruption to resident especially where there be a share stairwell and the number of already approve stls in the vicinity be the two main one so far . but there be other . you should look at the council guidance document which go into detail on the requirement and other matter they assess . in term of okay for rental so stls will not make much of a difference , that s actually the complete opposite a high volume of short term stay be far more likely to be disruptive to resident and the area than a single longterm tenant .",0,2025-02-01T15:00:00+00:00
marbc8j,t1_madwv2w,1ieo49s,Either_Classic9159,"I own and live in a flat in an Edinburgh tenement building. We have a mix of long term rentals and Airbnb properties. It’s the long term rentals that are causing all the noise and issues. 
If you live in a block of flats in the city there’s going to a be an element of noise regardless what the flat is used for.

Why aren’t we looking at the Scottish government and local councils for not having more affordable accommodation? They’re too busy building student accommodation and making shit tonne of money.",I own and live in a flat in an edinburgh tenement building . we have a mix of long term rental and airbnb property . its the long term rental that be cause all the noise and issue . if you live in a block of flat in the city there s go to a be an element of noise regardless what the flat be use for . why be not we look at the scottish government and local council for more affordable accommodation ? they re too busy build student accommodation and make shit tonne of money .,1,2025-02-03T16:26:02+00:00
maek2uf,t1_madwv2w,1ieo49s,Vitcee1,"Love the last line.
I just wanted to better understand the barriers to entry in this setup. 
Your pointers make complete sense, short term lets are surely supposed cause more troubles than regular residents.
Thanks a lot for the explanation!","love the last line . I just want to well understand the barrier to entry in this setup . your pointer make complete sense , short term let be surely suppose cause more trouble than regular resident . thank a lot for the explanation !",0,2025-02-01T17:14:46+00:00
maemmi1,t1_madtxdv,1ieo49s,Vitcee1,"The more I think about it, the better I understand. Short term lets are not only more noisy, they are also much more in number, even 15 per month if we consider an avg of a 2 day stay. 
Thanks very much for your answer!","the more I think about it , the well I understand . short term let be more noisy , they be also much more in number , even per month if we consider an avg of a day stay . thank very much for your answer !",0,2025-02-01T17:27:29+00:00
m8d70bz,t3_1i6lnkp,1i6lnkp,FullNefariousness303,"I would contact Shelter Scotland. They helped me get some info a while back when my landlord tried to increase my rent by a ridiculous amount.

https://scotland.shelter.org.uk/housing_advice/tenants_rights/rent_increase_prt

A landlord can increase your rent by whatever they want. However, if you challenge this, then the maximum will be 12% however this involves a lengthy process with a rent officer. I would make it clear to your landlord that you know about this and suggest something within that 12% range. 

There are also factors such as the market value of your area, but if you can talk to someone at Shelter, they should be able to give you some good advice.","I would contact shelter scotland . they help I get some info a while back when my landlord try to increase my rent by a ridiculous amount . a landlord can increase your rent by whatever they want . however , if you challenge this , then the maximum will be however this involve a lengthy process with a rent officer . I would make it clear to your landlord that you know about this and suggest something within that range . there be also factor such as the market value of your area , but if you can talk to someone at shelter , they should be able to give you some good advice .",57,2025-01-21T15:59:35+00:00
m8d6cym,t3_1i6lnkp,1i6lnkp,BeachtimeRhino,Be honest if you’re struggling and say you can afford an increase. If you’re a good tenant they might want to keep you and not raise it.,be honest if you re struggle and say you can afford an increase . if you re a good tenant they might want to keep you and it .,27,2025-01-21T15:56:31+00:00
m8eeb01,t3_1i6lnkp,1i6lnkp,Osprenti,"Don't do their work for them!

Have them present a suggested rent increase. This is important, because they may suggest an amount that is less than the maximum allowed.

Ultimately the most they can increase by is a 6% limit plus 6% potential more if the rent is currently below market value. So 12% increase total.
 

If they suggest an increase of anywhere north of 6% you can challenge it via a rent officer who will review whether the current rent is under market value.  Through this process the increase will be 6-12% but never over. 

They need to present you with an official notice of rent increase, and it needs a 3 month buffer before the increase is enacted. The longer they and you draw the issue out, the more money you will save!","do not do their work for they ! have they present a suggest rent increase . this be important , because they may suggest an amount that be less than the maximum allow . ultimately the most they can increase by be a limit plus potential more if the rent be currently below market value . so increase total . if they suggest an increase of anywhere north of you can challenge it via a rent officer who will review whether the current rent be under market value . through this process the increase will be but . they need to present you with an official notice of rent increase , and it need a month buffer before the increase be enact . the long they and you draw the issue out , the more money you will save !",18,2025-01-21T19:17:59+00:00
m8d6k9r,t3_1i6lnkp,1i6lnkp,l_sch,"This feels like a them problem, I would not give them a number and instead ask them to propose a rent increase.  I believe that they can not increase the rent by more than 12%. Either way it's worth reaching out to living rent. https://www.livingrent.org/fight_your_rent_hike","this feel like a them problem , I would they a number and instead ask they to propose a rent increase . I believe that they can the rent by more than . either way its worth reach out to live rent .",23,2025-01-21T15:57:29+00:00
m8d76kb,t3_1i6lnkp,1i6lnkp,Otherwise-Run-4180,"Good advice here - 

https://scotland.shelter.org.uk/housing_advice/tenants_rights/rent_increases",good advice here,8,2025-01-21T16:00:25+00:00
m8ecvgs,t3_1i6lnkp,1i6lnkp,Grazza123,"Your answer will probably get back to the owner so I’d say:
 ‘this was the most expensive flat of this size in the area when I moved in but I really liked it so I tightened my belt to be able to move in 18 months ago. Since then I haven’t had an inflationary rise to my salary so I’m already paying pretty-much the most I can afford. A small rise will mean tightening my belt further. A large rise will mean me moving out’",your answer will probably get back to the owner so I d say this be the most expensive flat of this size in the area when I move in but I really like it so I tighten my belt to be able to move in month ago . since then I have not have an inflationary rise to my salary so I m already pay prettymuch the most I can afford . a small rise will mean tighten my belt far . a large rise will mean I move out,7,2025-01-21T19:11:26+00:00
m8dojoh,t3_1i6lnkp,1i6lnkp,-TwiiX-,"My housing association does this every few years but they give us three different options. Usually something along the lines of 2%, 3.5% 5%. It’s weird they haven’t given options to pick from and collected all the data.","my housing association do this every few year but they give we three different option . usually something along the line of , . its weird they have not give option to pick from and collect all the datum .",3,2025-01-21T17:21:07+00:00
m8dmrpx,t3_1i6lnkp,1i6lnkp,mikey-forester,Which postcode approximately and how many beds ?,which postcode approximately and how many bed ?,2,2025-01-21T17:12:56+00:00
m8e47lm,t3_1i6lnkp,1i6lnkp,blundermole,"That's a pretty stupid way for the agent to approach this, in my view. It may be that the landlord has a meaningful increase in their costs (a mortgage deal might have come to an end and they might have suddenly been impacted by interest rate rises that now feel pretty historic -- putting aside for one moment conversations about whether someone should run a business that can't handle interest rates at the level they are now), but the agent should still propose an initial rent increase to you and then ask if you think that's affordable given your financial circumstances.

Citizen's Advice have not taken the right approach here, in my view. While the law refers to things like the ""open market rate"", a fair increase would be more about what you are able to pay. So, how much more are you able to pay? The answer may be ""zero"", of course. It's totally possible based on what you've said that your landlord is genuinely trying to come up with a fair compromise here -- they may be losing money based on the way things stand, and are trying to find a way to avoid selling up (which would potentially involve you moving out). You may have access to other information that demonstrates that this isn't the case.

One thing to bear in mind: while rents in the centre of town are still very high, the number of rentals available has also jumped up over the last couple of months. This may mean that rents are likely to drop in the future, in which case the PRT you signed up to 18 months ago may turn out to be a good deal for your landlord. However, it may not represent enough to allow him to break even.","that s a pretty stupid way for the agent to approach this , in my view . it may be that the landlord have a meaningful increase in their cost a mortgage deal might have come to an end and they might have suddenly be impact by interest rate rise that now feel pretty historic put aside for one moment conversation about whether someone should run a business that can not handle interest rate at the level they be now , but the agent should still propose an initial rent increase to you and then ask if you think that s affordable give your financial circumstance . citizen advice have the right approach here , in my view . while the law refer to thing like the open market rate , a fair increase would be more about what you be able to pay . so , how much more be you able to pay ? the answer may be zero , of course . its totally possible base on what you ve say that your landlord be genuinely try to come up with a fair compromise here they may be lose money base on the way thing stand , and be try to find a way to avoid sell up which would potentially involve you move out . you may have access to other information that demonstrate that this be not the case . one thing to bear in mind while rent in the centre of town be still very high , the number of rental available have also jump up over the last couple of month . this may mean that rent be likely to drop in the future , in which case the prt you sign up to month ago may turn out to be a good deal for your landlord . however , it may enough to allow he to break even .",1,2025-01-21T18:32:11+00:00
m8fch3n,t3_1i6lnkp,1i6lnkp,Normveg,"It’s their responsibility to tell you what rent increase they want to impose on you, and you may be able to challenge it - lots of good information on your rights on the shelter website: https://scotland.shelter.org.uk/housing_advice/tenants_rights/rent_increases

I’d consider joining living rent and getting some advice from them too.","its their responsibility to tell you what rent increase they want to impose on you , and you may be able to challenge it lot of good information on your right on the shelter website i d consider join live rent and get some advice from they too .",1,2025-01-21T21:52:25+00:00
m8hqpl4,t3_1i6lnkp,1i6lnkp,Math-Hatter,Maybe offer to pay utilities and extras like wifi and stuff?,maybe offer to pay utility and extras like wifi and stuff ?,1,2025-01-22T05:53:52+00:00
m8i560d,t3_1i6lnkp,1i6lnkp,mattjimf,"On right move under filters, there's a check box for let agreed. Tick that and it'll show the places that have been let.","on right move under filter , there s a check box for let agree . tick that and it ll show the place that have be let .",1,2025-01-22T08:03:37+00:00
m8kpo5l,t3_1i6lnkp,1i6lnkp,SamH123,"My rent has gone from under £400 to £650 per month since 2017. (share rent with 1 other person so I suppose it's gone up from under 800 to 1300 so far)

I'm a bit surprised the letting agency asked you 'what would be fair'?  Is that quite common?  Most people will say £0 I suspect.   It's always just been an instruction of the new rent price for us",my rent have go from under to per month since . share rent with other person so I suppose its go up from under to so far I m a bit surprised the let agency ask you what would be fair ? be that quite common ? most people will say I suspect . its always just be an instruction of the new rent price for we,1,2025-01-22T17:59:40+00:00
m8m342d,t3_1i6lnkp,1i6lnkp,LukeyHear,Ask them to define how much their costs have risen by then meet them halfway?,ask they to define how much their cost have rise by then meet they halfway ?,1,2025-01-22T21:39:43+00:00
m8mejoi,t3_1i6lnkp,1i6lnkp,Retrosteve,"Bad news. Your landlord is probably right.
Since 2021 a 1-bedroom in Central Edinburgh has gone up from 850-950 to 1100-1200 per month.

It's outrageous and may be related to the number of people literally choosing to commute from Edinburgh to London.

But yeah you won't likely find a similar place at the rate you were paying just 3 years ago.",bad news . your landlord be probably right . since a in central edinburgh have go up from to per month . its outrageous and may be relate to the number of people literally choose to commute from edinburgh to london . but yeah you will not likely find a similar place at the rate you be pay just year ago .,1,2025-01-22T22:34:02+00:00
m8fe6ks,t3_1i6lnkp,1i6lnkp,dynamite100000000,The landlord can unfortunately do what they please. Mine has raised twice in two years. Mental!,the landlord can unfortunately do what they please . mine have raise twice in two year . mental !,1,2025-01-21T22:00:05+00:00
m8d818x,t3_1i6lnkp,1i6lnkp,yakuzakid3k,Squat and barricade the doors.,squat and barricade the door .,-17,2025-01-21T16:04:28+00:00
m8fsfwm,t1_m8d70bz,1i6lnkp,Apart_Agency_5219,"Just been through this process, was actually not too bad once you've gone through the process of filling in the forms. Landlord propsed to increase by 25% and we referred it to the team in Dundee. Market value of our rent is much higher than what we pay, so it was raised by 12%, but it's still way better than a 25% increase.","just be through this process , be actually bad once you ve go through the process of fill in the form . landlord propse to increase by and we refer it to the team in dundee . market value of our rent be much high than what we pay , so it be raise by , but its still way well than a increase .",5,2025-01-21T23:08:55+00:00
m8i7i5k,t1_m8d6k9r,1i6lnkp,FliXerock107,"Also, JOIN LIVING RENT!","also , join live rent !",6,2025-01-22T08:27:02+00:00
m8i0f9c,t1_m8d6k9r,1i6lnkp,arethainparis,"OP, this is pretty much the only sensible answer. Do not respond to the letting agency until you’ve spoken to Living Rent.","op , this be pretty much the only sensible answer . do to the let agency until you ve speak to live rent .",4,2025-01-22T07:18:21+00:00
m8mnrnn,t1_m8dojoh,1i6lnkp,FakeAfterEight,Do they give you options to choose your own rent increases? Surely everyone would choose the lowest increase?,do they give you option to choose your own rent increase ? surely everyone would choose the low increase ?,1,2025-01-22T23:22:18+00:00
m8dyjnf,t1_m8ddvii,1i6lnkp,Agitated_Nature_5977,"This isn't good advice. It depends on what you currently pay. Playing the 0 card sounds ""hard"" but might end up with you moving and also (if local rents are higher) paying more anyways. 

We could help you determine your position better if you can share more details about where you stay and your accommodation.

Edit: If you genuinely can't pay more then being honest is ok, but don't just respond 0. This isn't the time to go to war, too early for that. This is the time to try and discuss like adults.","this be not good advice . it depend on what you currently pay . play the card sound hard but might end up with you move and also if local rent be high pay more anyways . we could help you determine your position well if you can share more detail about where you stay and your accommodation . edit if you genuinely can not pay more then be honest be ok , but do not just respond . this be not the time to go to war , too early for that . this be the time to try and discuss like adult .",6,2025-01-21T18:06:34+00:00
m8i9r4t,t1_m8dikta,1i6lnkp,FullNefariousness303,"This is good to know, thank you a was aware it was a temporary measure but wasn’t sure if the actual expected end date. Hoping they either extend it or find another solution - dread to think what landlords will try otherwise","this be good to know , thank you a be aware it be a temporary measure but be not sure if the actual expect end date . hope they either extend it or find another solution dread to think what landlord will try otherwise",2,2025-01-22T08:50:10+00:00
m8mplwe,t1_m8mnrnn,1i6lnkp,-TwiiX-,"No, everyone’s goes by the percentage selected the most. And believe it or not the two times it’s happened the first one was the middle option selected and the last one was the lowest. I assume the next one that’s due to change in April would be the lowest but the lowest this time was around 4% as they didn’t do rent increases during covid times so looks like they are slowly trying to flip the losses they took in covid times.","no , everyone go by the percentage select the most . and believe it or two time its happen the first one be the middle option select and the last one be the low . I assume the next one that s due to change in april would be the low but the low this time be around as they do not do rent increase during covid time so look like they be slowly try to flip the loss they take in covid time .",1,2025-01-22T23:31:59+00:00
m8eaany,t1_m8e4zgt,1i6lnkp,Agitated_Nature_5977,"Ah you are shifting your position now. Originally you advised to say 0 with a big fat full stop. Now it's sounding a bit more diplomatic now that you have added that you would entertain an offer. Huge difference in strategy, more collaborative, I like it more than your original post.","ah you be shift your position now . originally you advise to say with a big fat full stop . now its sound a bit more diplomatic now that you have add that you would entertain an offer . huge difference in strategy , more collaborative , I like it more than your original post .",2,2025-01-21T18:59:39+00:00
m8fpdam,t1_m8fo6sq,1i6lnkp,Agitated_Nature_5977,I say Potatoe you say Potata. Fair enough strategy but not how I would approach it. Then again I am a home owner so what do I know about rent discussions! Just feel the cost of moving would outweigh a slight increase to keep the peace (and roof over my head),I say potatoe you say potata . fair enough strategy but I would approach it . then again I be a home owner so what do I know about rent discussion ! just feel the cost of move would outweigh a slight increase to keep the peace and roof over my head,0,2025-01-21T22:53:24+00:00
m7fdi1x,t3_1i2ld8r,1i2ld8r,westcoastfishingscot,What the hell is 2bhk?,what the hell be ?,21,2025-01-16T09:51:05+00:00
m7fe78x,t1_m7fdi1x,1i2ld8r,FladScot,"2 bedroom, hall, and kitchen :-)

OP is looking for an European-style flat with an entrance hall (i.e. not doors leading directly to a living room), a separate kitchen (some properties in Europe have combined kitchen with a living room, so OP is specifying they should be separated), and the rest is standard two bedroom request.

If OP is from the certain countries, they will be \*really\* surprised when they will discover a washing machine in a kitchen and a toilet in a bathroom.","bedroom , hall , and kitchen op be look for an europeanstyle flat with an entrance hall lead directly to a living room , a separate kitchen some property in europe have combine kitchen with a living room , so op be specify they should be separate , and the rest be standard two bedroom request . if op be from the certain country , they will be really surprised when they will discover a washing machine in a kitchen and a toilet in a bathroom .",8,2025-01-16T09:58:23+00:00
m7fduzt,t1_m7fdi1x,1i2ld8r,MrNippyNippy,"flag squeal humorous aware placid rock teeny intelligent point coherent

 *This post was mass deleted and anonymized with [Redact](https://redact.dev/home)*",flag squeal humorous aware placid rock teeny intelligent point coherent this post be mass delete and anonymize with redact,3,2025-01-16T09:54:52+00:00
m7fd2na,t1_m7fcuri,1i2ld8r,purplepumkin99,Ohh..right! And to find a flat near the centre will be more expensive..can you suggest any other agencies or websites where I can look for a flat?,ohh right ! and to find a flat near the centre will be more expensive can you suggest any other agency or website where I can look for a flat ?,-4,2025-01-16T09:46:29+00:00
m7fd6rt,t1_m7fd2na,1i2ld8r,TheAmazingPikachu,Vast majority of agents advertise their properties on Rightmove and Zoopla.,vast majority of agent advertise their property on rightmove and zoopla .,6,2025-01-16T09:47:43+00:00
m7fdoh4,t1_m7fd2na,1i2ld8r,FladScot,"[ESPC.com](http://ESPC.com) is a true hegemon in Edinburgh for rental properties.

I would recommend to avoid city centre (parking issues, a lot of tourists, etc.). Public transport is generally good here. Selecting something about 20 mins by a bus to Princess street will get you cheaper rent without sacrificing too much time spent on commuting.","be a true hegemon in edinburgh for rental property . I would recommend to avoid city centre parking issue , a lot of tourist , etc public transport be generally good here . select something about min by a bus to princess street will get you cheap rent too much time spend on commute .",6,2025-01-16T09:52:59+00:00
m74ynup,t3_1i1cejs,1i1cejs,Fine-Camel-9836,"I’ve not seen that type of behaviour before with rented accommodation, very odd.","I ve that type of behaviour before with rent accommodation , very odd .",58,2025-01-14T18:24:37+00:00
m758i3r,t3_1i1cejs,1i1cejs,PersonalityOld8755,"It will be because they are applying for hmo.. so they will only attract couples until it goes though, then they can get 3 individuals paying 1k each.","it will be because they be apply for hmo so they will only attract couple until it go though , then they can get individual pay each .",21,2025-01-14T19:11:59+00:00
m76jbad,t3_1i1cejs,1i1cejs,Zealousideal_Ring452,"This doesn’t look right. Assuming that the property will be let under a private residential tenancy, the Landlord cannot increase the rent in the first 12 months and they can’t go around this rule by saying that the rent is reduced for a certain time and then increasing it. They would only be able to increase the rent from Jan 2026 assuming the lease is entered into in January 2025 and that would be subject to the Landlord notifying the tenant 3 months in advance in the statutory form.  There are also only specific statutory grounds which the Landlord can use to terminate a private residential tenancy (assuming that is another tactic they use to get the property for the Fringe).","this do not look right . assume that the property will be let under a private residential tenancy , the landlord can not increase the rent in the first month and they can not go around this rule by say that the rent be reduce for a certain time and then increase it . they would only be able to increase the rent from jan assume the lease be enter into in january and that would be subject to the landlord notify the tenant month in advance in the statutory form . there be also only specific statutory ground which the landlord can use to terminate a private residential tenancy assume that be another tactic they use to get the property for the fringe .",11,2025-01-14T23:12:34+00:00
m759lb5,t3_1i1cejs,1i1cejs,CilariousHunt,"I don't know the ins and outs, but that screams of a falsely advertised listing. Putting it at one price and then burying in the description it's only for 6 months then the price almost doubles is really scummy behaviour. I'd be tempted to report that.","I do not know the in and out , but that scream of a falsely advertise listing . put it at one price and then bury in the description its only for month then the price almost double be really scummy behaviour . I d be tempt to report that .",15,2025-01-14T19:17:15+00:00
m76obhx,t3_1i1cejs,1i1cejs,PF_tmp,"I've seen this before, a few years ago. No idea if it's legal but I assume the idea is to get the listing into people's search results when they set a maximum budget on the various sites.","I ve see this before , a few year ago . if its legal but I assume the idea be to get the listing into people search result when they set a maximum budget on the various site .",4,2025-01-14T23:40:14+00:00
m79m8or,t3_1i1cejs,1i1cejs,blundermole,"As a rent increase it wouldn't be allowed under a PRT

As the removal of a temporary rent reduction, I'm not sure: I hope the law would have been drafted to cover loopholes like this, but you never know. I would run it by Shelter -- if you do, please let us know what they say as I'd be interested to know whether this is legal or not!

The letting agent here is well established, so I'd be surprised if they were advertising something they were doing as illegal, but stranger things have happened I guess. But then if this is legal, I'm amazed that it's taken someone 7 years to come up with the idea!

All talk of the morality of the situation and the general problem with housing in Edinburgh aside, this would be a great deal for someone who only needed to be here for six months...","as a rent increase it would not be allow under a prt as the removal of a temporary rent reduction , I m I hope the law would have be draft to cover loophole like this , but you . I would run it by shelter if you do , please let we know what they say as i d be interested to know whether this be legal or not ! the let agent here be well establish , so I d be surprised if they be advertise something they be do as illegal , but strange thing have happen I guess . but then if this be legal , I m amazed that its take someone year to come up with the idea ! all talk of the morality of the situation and the general problem with housing in edinburgh aside , this would be a great deal for someone who only need to be here for six month",3,2025-01-15T13:16:52+00:00
m7aqovi,t3_1i1cejs,1i1cejs,jobbyspanker,"As former downstairs neighbour of an Airbnb I find those old floorboards triggering. Suitcases across the floor sounding like an Earthquake waking me up in sudden panic at 3am. Wee Tarquin and Allegra screaming at the top of their lungs and thundering up and down the corridors all day long like wild animals etc. In my experience, the posher a person is, the more likely they are to stamp and shout around the house and walk on their heels.","as former downstairs neighbour of an airbnb I find those old floorboard trigger . suitcase across the floor sound like an earthquake wake I up in sudden panic at am . wee tarquin and allegra scream at the top of their lung and thunder up and down the corridor all day long like wild animal etc . in my experience , the posher a person be , the more likely they be to stamp and shout around the house and walk on their heel .",2,2025-01-15T16:56:54+00:00
m751bgj,t3_1i1cejs,1i1cejs,DisplacedTeuchter,"Looked into this recently and could be wrong but my understanding was landlords can increase the rent as much as they want first year, then limited to 1 rise a year.","look into this recently and could be wrong but my understanding be landlord can increase the rent as much as they want first year , then limit to rise a year .",1,2025-01-14T18:37:25+00:00
m75xwx2,t3_1i1cejs,1i1cejs,Dismal-Reward-5177,I’ve seen this with one other property in Edinburgh before that also had the living room advertised as a bedroom- maybe the same landlord or estate agent pulling this? Scummy business for sure,I ve see this with one other property in edinburgh before that also have the living room advertise as a bedroom maybe the same landlord or estate agent pull this ? scummy business for sure,1,2025-01-14T21:24:05+00:00
m77ffr9,t3_1i1cejs,1i1cejs,Adventurous-Rub7636,Nice flat,nice flat,1,2025-01-15T02:13:54+00:00
m79altk,t3_1i1cejs,1i1cejs,Current_Set9801,"Same case here 

https://www.rightmove.co.uk/properties/155630009",same case here,1,2025-01-15T11:48:23+00:00
m79i82m,t3_1i1cejs,1i1cejs,Salvonamusic,Who's renting that instead of just buying a gaff?,who s rent that instead of just buy a gaff ?,1,2025-01-15T12:49:08+00:00
m7fqi7k,t3_1i1cejs,1i1cejs,JMWTurnerOverdrive,"To add to my other posts, here's how I'd play this. 

1) Rent any other flat if possible. You don't want to be dealing with idiots like this if you can help it. Things could get stressful and unpleasant. I don't \*think\* they'd get expensive.

2) If this is still your best option, rent it and keep your eyes open for other options. Get a better flat if you can, 'cos this one has an idiot landlord.

3) Read up on tenant's rights in Scotland, which are kind of strong these days.

4) Do not move out at the end of July. Pay your 'discounted' rent as normal. When landlord complains, tell him you are terribly sorry but you don't appear to have received a properly formatted notice of rent increase, 

[Create a Rent Increase Notice for your tenant - mygov.scot](https://www.mygov.scot/landlords-rent-increase-notice-to-tenants)

but that when you get one you'll be sure to challenge it with Rent Service Scotland. 

[Apply to Rent Service Scotland about your rent increase - mygov.scot](https://www.mygov.scot/apply-about-rent)

5) Come and tell us what happens next.","to add to my other post , here how i d play this . rent any other flat if possible . you do not want to be deal with idiot like this if you can help it . thing could get stressful and unpleasant . I do not think they d get expensive . if this be still your good option , rent it and keep your eye open for other option . get a well flat if you can , cos this one have an idiot landlord . read up on tenant right in scotland , which be kind of strong these day . do out at the end of july . pay your discount rent as normal . when landlord complain , tell he you be terribly sorry but you do not appear to have receive a properly format notice of rent increase , create a rent increase notice for your tenant but that when you get one you ll be sure to challenge it with rent service scotland . apply to rent service scotland about your rent increase come and tell we what happen next .",1,2025-01-16T11:57:23+00:00
m753s0l,t1_m74yrdh,1i1cejs,kookamooka,I’d say £1850 is pretty standard for that property given it’s unfurnished and you’d want to use one of the “bedrooms” as a living room.,I d say be pretty standard for that property give its unfurnished and you d want to use one of the bedroom as a living room .,23,2025-01-14T18:49:14+00:00
m75nzru,t1_m750zxq,1i1cejs,arethainparis,"OP - definitely do this, this is bonkers lmao","op definitely do this , this be bonker lmao",14,2025-01-14T20:26:57+00:00
m7bdpf3,t1_m76jbad,1i1cejs,dwg-87,"Why can’t a LL offered a discounted rate? The lease would be signed for £3k. 

What’s to stop a LL saying you can have a month free,  £100 off this month or have price for six months etc.","why can not a ll offer a discount rate ? the lease would be sign for . what s to stop a ll say you can have a month free , off this month or have price for six month etc .",2,2025-01-15T18:47:04+00:00
m76gf3o,t1_m751bgj,1i1cejs,Dolly57,"There are caps on rent increases in terms of percentages but you are correct on the time frames. Crazy (and short sighted which is why you don't see it) but rent increase notices can be issued as soon as a tenancy starts.

Different from the situation here but lots of ways round what is in legislation.",there be cap on rent increase in term of percentage but you be correct on the time frame . crazy and short sighted which be why you do not see it but rent increase notice can be issue as soon as a tenancy start . different from the situation here but lot of way round what be in legislation .,2,2025-01-14T22:56:49+00:00
m78vziz,t1_m75xwx2,1i1cejs,kookamooka,"I must admit I was mistaken, it actually is three bedrooms and a living room","I must admit I be mistaken , it actually be three bedroom and a living room",2,2025-01-15T09:18:12+00:00
m79r75f,t1_m79i82m,1i1cejs,kookamooka,People with no deposit because they've spent all the money they should have been able to save on someone else's mortgage.,people with because they ve spend all the money they should have be able to save on someone else mortgage .,1,2025-01-15T13:48:31+00:00
m76hh97,t1_m75zhg7,1i1cejs,kookamooka,If anything the street name is a bonus 🌈,if anything the street name be a bonus,1,2025-01-14T23:02:28+00:00
m75dxzi,t1_m753s0l,1i1cejs,BurningVeal,"I used to live in a similar sized flat in Cumberland St about 8yrs ago, was £1,500 a month, furnished. With inflation and Edinburgh property, £1,850 seems like spot on for that flat. 3k seems ridiculous.","I use to live in a similar sized flat in cumberland st about ago , be a month , furnish . with inflation and edinburgh property , seem like spot on for that flat . seem ridiculous .",23,2025-01-14T19:38:24+00:00
m78txey,t1_m753s0l,1i1cejs,jopheza,Gayfield Sq is a pretty expensive address tbf,gayfield sq be a pretty expensive address tbf,2,2025-01-15T08:55:26+00:00
m79mmj0,t1_m753s0l,1i1cejs,blundermole,The rent makes a lot more sense to me if it's only a three bedroom if there is no separate living room. I can't see anything in the description of the flat that makes this clear though. Am I missing something?,the rent make a lot more sense to I if its only a three bedroom if there be living room . I can not see anything in the description of the flat that make this clear though . be I miss something ?,2,2025-01-15T13:19:24+00:00
m7fdfm9,t1_m7bdpf3,1i1cejs,JMWTurnerOverdrive,"Possibly, but if it's blatantly an attempt to get round the rules, I'd hope challenging it in the tribunal would work. It \*looks\* like a ""we want you out in X months"" trick, which you can't do without valid reason on a PRT. If the ""discounted"" rate is fair for the market and the ""real"" rate is clearly benchmarked against Festival AirBnB rates, I'd \*hope\* the tribunal would find in the tenants favour.

  
The tenants being aware of an unfair clause at sign-up doesn't make it fair.","possibly , but if its blatantly an attempt to get round the rule , i d hope challenge it in the tribunal would work . it look like a we want you out in x month trick , which you can not do reason on a prt . if the discount rate be fair for the market and the real rate be clearly benchmarke against festival airbnb rate , i d hope the tribunal would find in the tenant favour . the tenant be aware of an unfair clause at signup do not make it fair .",1,2025-01-16T09:50:21+00:00
m79wd6r,t1_m78vziz,1i1cejs,Dismal-Reward-5177,How generous of them 🤣,how generous of they,1,2025-01-15T14:19:46+00:00
m79yniv,t1_m79r75f,1i1cejs,Salvonamusic,But it's 3k a month? If they can afford that they can rent a cheaper place and save for a mid market home,but its a month ? if they can afford that they can rent a cheap place and save for a mid market home,2,2025-01-15T14:33:03+00:00
m761rl8,t1_m75aj4c,1i1cejs,weedrinkawater,Is it? I see 4 different fireplaces in the pictures.,be it ? I see different fireplace in the picture .,5,2025-01-14T21:42:57+00:00
m7fnmgr,t1_m7fdfm9,1i1cejs,dwg-87,I’m sorry but if you have signed a rent for £3k a month then you are legally obligated to pay £3k a month. The fact it was discounted at first is an irrelevance.,I m sorry but if you have sign a rent for a month then you be legally obligate to pay a month . the fact it be discount at first be an irrelevance .,1,2025-01-16T11:32:30+00:00
m79yxep,t1_m79yniv,1i1cejs,kookamooka,"This type of flat would be a flatshare presumably, so you’d be splitting the rent","this type of flat would be a flatshare presumably , so you d be split the rent",2,2025-01-15T14:34:39+00:00
m76h34h,t1_m761rl8,1i1cejs,kookamooka,"I stand corrected, in which case the rent is pretty cheap for the place.","I stand correct , in which case the rent be pretty cheap for the place .",3,2025-01-14T23:00:22+00:00
m7fp62v,t1_m7fnmgr,1i1cejs,JMWTurnerOverdrive,"I'd want to be asking the tribunal that. I mean, it's a rent increase, yes? Which means it's subject to the rent review process or whatever it is? And I like to think the tribunal would take a dim view of landlords playing silly games to get round the rules.

I certainly wouldn't want to be the landlord standing up and having to ""Well, askshually"" his way into an explanation of why his rent all year round is £3k, honest guv, he just out of the goodness of his heart discounts it for months without a festival in it.

In effect, the landlord's trying to trick his way into having an X-month break clause under a system he isn't allowed one.","I d want to be ask the tribunal that . I mean , its a rent increase , yes ? which mean its subject to the rent review process or whatever it be ? and I like to think the tribunal would take a dim view of landlord play silly game to get round the rule . I certainly would not want to be the landlord stand up and have to well , askshually his way into an explanation of why his rent all year round be , honest guv , he just out of the goodness of his heart discount it for month festival in it . in effect , the landlord try to trick his way into have an xmonth break clause under a system he be not allow one .",1,2025-01-16T11:46:10+00:00
m79zbf4,t1_m79yxep,1i1cejs,Salvonamusic,"Still astronomical and makes no sense, renting is already expensive af as it is without these high end flats","still astronomical and make , renting be already expensive af as it be high end flat",1,2025-01-15T14:36:53+00:00
m7ghrtm,t1_m7fp62v,1i1cejs,dwg-87,"No it’s not a rent increase. 

You will sign a rental agreement (I would assume) for £3k a month. They will agree to discount the first few months. So not it’s not a rent increase. The agreed rental will be the £3k.

It’s the same as Virgin offering X free months if you sign up for broadband at £X per month. It’s not a price increase, you’re getting the first months discounted.

If they agreed tenancy states £1,800 PCM as they rent and they serve you a rent increase notice to £3,000 PCM then they can’t do it. So I’d suspect they will be agreeing the rent at £3,000 PCM then discounting it for X months.","rent increase . you will sign a rental agreement I would assume for a month . they will agree to discount the first few month . so rent increase . the agree rental will be the . its the same as virgin offering x free month if you sign up for broadband at x per month . its price increase , you re get the first month discount . if they agree tenancy state pcm as they rent and they serve you a rent increase notice to pcm then they can not do it . so I d suspect they will be agree the rent at pcm then discount it for x month .",1,2025-01-16T14:52:34+00:00
m85965n,t1_m7ghrtm,1i1cejs,JMWTurnerOverdrive,"Yes, but Virgin isn't subject to the same rules under whatever law introduced the PRT. I'm not saying I'm right for sure, but I reckon there's a good chance of the tribunal pulling the rug out from under this cheap trick.","yes , but virgin be not subject to the same rule under whatever law introduce the prt . I m I m right for sure , but I reckon there s a good chance of the tribunal pull the rug out from under this cheap trick .",1,2025-01-20T11:35:39+00:00
m85wejs,t1_m85965n,1i1cejs,dwg-87,Under what grounds if a tenancy agreement of £3k has been signed?,under what ground if a tenancy agreement of have be sign ?,1,2025-01-20T14:24:40+00:00
m869vfa,t1_m85wejs,1i1cejs,JMWTurnerOverdrive,"Under the grounds that this is clearly an attempt to do exactly what the PRT system was designed to prevent. There can be (we'll assume) no genuine or reasonable belief that £3k is a legitimate or market rent for the flat, the landlord will be unable to show it was ever rented for that outside of August and will struggle to explain why he was giving a discount other than to be able to try and force people out early. Tribunal therefore rules a PRT at the lower rate has been formed and the landlord is bound by it.

In this case the landlord has further shot themselves in the foot by only charging the deposit on the reduced rate - good luck explaining THAT.","under the ground that this be clearly an attempt to do exactly what the prt system be design to prevent . there can be well assume or reasonable belief that be a legitimate or market rent for the flat , the landlord will be unable to show it be ever rent for that outside of august and will struggle to explain why he be give a discount other than to be able to try and force people out early . tribunal therefore rule a prt at the low rate have be form and the landlord be bind by it . in this case the landlord have far shoot themselves in the foot by only charge the deposit on the reduce rate good luck explain that .",1,2025-01-20T15:35:27+00:00
m3ykgoe,t3_1hn2jpn,1hn2jpn,spentland,Bruntsfield,bruntsfield,5,2024-12-27T00:46:27+00:00
m3z7zyd,t3_1hn2jpn,1hn2jpn,janzjardinand,"Stockbridge ticks a lot of your boxes. Loads of bars, cafes, restaurants. Short walk up through Stockbridge and you're just off Princes Street. Really safe area. Inverleith Park right on the doorstep for green space. With a budget of £2000 a month for a two bed flat you could find somewhere easily.","stockbridge tick a lot of your box . load of bar , cafe , restaurant . short walk up through stockbridge and you re just off prince street . really safe area . inverleith park right on the doorstep for green space . with a budget of a month for a two bed flat you could find somewhere easily .",3,2024-12-27T03:17:39+00:00
mtt5a1p,t3_1hn2jpn,1hn2jpn,chisox2020beyond,"Also moving to Edinburgh with my partner. Currently live in Angel Islington, London

Looking for 2 bedroom also for around £2k/month.

We went a few months ago to try and scout neighborhoods and really liked Stockbridge","also move to edinburgh with my partner . currently live in angel islington , london look for bedroom also for around month . we go a few month ago to try and scout neighborhood and really like stockbridge",1,2025-05-23T10:07:58+00:00
m40io0z,t3_1hn2jpn,1hn2jpn,Mertyns,"Canonmills

Stockbridge

Leith (up and coming, good vibe, very well connected)

Bruntsfield","canonmill stockbridge leith up and come , good vibe , very well connect bruntsfield",2,2024-12-27T10:27:27+00:00
m3ywsw7,t3_1hn2jpn,1hn2jpn,Organic-Werewolf-299,Morningside or around toll cross area if you're looking for a nice selection of green spaces + cafes/bars. It should also be within your budget.,morningside or around toll cross area if you re look for a nice selection of green space cafe bar . it should also be within your budget .,1,2024-12-27T02:04:11+00:00
m40dzwx,t3_1hn2jpn,1hn2jpn,Jaraxo,"Broughton/Hopetoun. 

Not a studenty as Tollcross or Bruntsfield areas, well connected via trams and buses on Leith Walk, loads of young professionals, and lots to do on Leith Walk/ Broughton Street/Omni.","broughton hopetoun . studenty as tollcross or bruntsfield area , well connect via tram and bus on leith walk , load of young professional , and lot to do on leith broughton street omni .",0,2024-12-27T09:34:52+00:00
m42b2cn,t1_m40dzwx,1hn2jpn,NoPersonality8673,I agree with Jaraxo. It is a great spot and you are on the tram route.,I agree with jaraxo . it be a great spot and you be on the tram route .,2,2024-12-27T17:52:49+00:00
m1b207v,t3_1has83d,1has83d,onetimeuselong,"It’s not in the favour of house builders to produce anything in large volumes and for low prices as it’ll reduce future income.

The only group who will produce the housing you’re suggesting is the government (national or local) itself.",its the favour of house builder to produce anything in large volume and for low price as it ll reduce future income . the only group who will produce the housing you re suggest be the government national or local itself .,50,2024-12-10T03:41:25+00:00
m1b146q,t3_1has83d,1has83d,Adventurous-Rub7636,"Because the percentage of affordable units that the council insists that the developers includes (in place of regular priced units) makes the overall project not bankable. Therefore the developer can’t get project finance. Purpose built student accommodation is safer as it is built
On an “income strip” model. This is much for palatable to debt financiers. The university is providing predictable income for the developer and of course for the developers financiers (with rises) over (say) thirty years and then the developer can either renovate and repeat on less favorable terms (it’s an old building) or transfer the building to the university. Hence the income has been stripped. In practice the original developer doesn’t hang around long once the annual yield is proven they flip it on to the market for big bucks. Pension funds love this kind of thing. Halls of residence can be sold several times. There is a crisis in student housing too, but developers don’t build developments to house people (gasp) they do it to make money. In the case of TH Real Estate (who were the original owners of what is now the St James Quarter) they cashed out at the planning approved stage before ground had even been broken.","because the percentage of affordable unit that the council insist that the developer include in place of regular price unit make the overall project . therefore the developer can not get project finance . purpose build student accommodation be safe as it be build on an income strip model . this be much for palatable to debt financier . the university be provide predictable income for the developer and of course for the developer financier with rise over say thirty year and then the developer can either renovate and repeat on less favorable term its an old building or transfer the building to the university . hence the income have be strip . in practice the original developer do not hang around long once the annual yield be prove they flip it on to the market for big buck . pension fund love this kind of thing . hall of residence can be sell several time . there be a crisis in student housing too , but developer do not build development to house people gasp they do it to make money . in the case of th real estate who be the original owner of what be now the st james quarter they cash out at the planning approve stage before ground have even be break .",42,2024-12-10T03:35:26+00:00
m1br52k,t3_1has83d,1has83d,TwinkleToes333,"Student accommodation can be exempt from paying VAT on the construction, so long as it stays as student accommodation for 10 years. After that it can be converted to regular residential. 

The council probably see it as a win-win, developers are more likely to build because they can avoid VAT, and then there's the chance of more affordable housing after the 10 year period. Doesn't help much with housing in the short term though.","student accommodation can be exempt from pay vat on the construction , so long as it stay as student accommodation for year . after that it can be convert to regular residential . the council probably see it as a winwin , developer be more likely to build because they can avoid vat , and then there s the chance of more affordable housing after the year period . do not help much with housing in the short term though .",18,2024-12-10T07:07:50+00:00
m1c8h1z,t3_1has83d,1has83d,LeanderKu,"I think student housing is usually quite dense! Denser, I think, than comparable non-student housing. I think it’s good that student housing is built as otherwise there’s even more pressure in the normal housing market, you have to build both. Why not build massive student accommodation towers in the new west end development scheme? This could ease some pressure. I think I’ve last read that about 300 units for students are planned, I think you can be more ambitious there.","I think student housing be usually quite dense ! denser , I think , than comparable nonstudent housing . I think its good that student housing be build as otherwise there s even more pressure in the normal housing market , you have to build both . why massive student accommodation tower in the new west end development scheme ? this could ease some pressure . I think I ve last read that about unit for student be plan , I think you can be more ambitious there .",8,2024-12-10T10:25:37+00:00
m1cg81z,t3_1has83d,1has83d,ghostofkilgore,"Just one point, the split of renters and owner occupiers isn't fixed. If a landlord sells up and the property is bought by someone who's currently renting, then the rental stock has been reduced by one, but so has the number of renters.

It's not always the case that landlords selling up puts increased squeeze on renters. When I bought my place, myself and my girlfriend moved into it after previously renting flats by ourselves. Stuff like that should ease the pressure on the rental market, not increase it.

Really depends on who's buying and what they're doing with a property.

The line that landlords selling up is bad for renters is usually pushed by landlords. It's good for renters who want to buy.","just one point , the split of renter and owner occupier be not fix . if a landlord sell up and the property be buy by someone who s currently rent , then the rental stock have be reduce by one , but so have the number of renter . its the case that landlord sell up put increase squeeze on renter . when I buy my place , myself and my girlfriend move into it after previously rent flat by ourselves . stuff like that should ease the pressure on the rental market , it . really depend on who s buy and what they re do with a property . the line that landlord sell up be bad for renter be usually push by landlord . its good for renter who want to buy .",8,2024-12-10T11:46:49+00:00
m1cgqxv,t3_1has83d,1has83d,GingerSnapBiscuit,"""Encourage"" it how?  They would have to make up the money these builders would lose, not only in the initial construction but in ongoing fees from, for example, a block of student flats which can potentially earn them decades of rental fees.","encourage it how ? they would have to make up the money these builder would lose , in the initial construction but in ongoing fee from , for example , a block of student flat which can potentially earn they decade of rental fee .",6,2024-12-10T11:51:38+00:00
m1c2r7t,t3_1has83d,1has83d,HeriotAbernethy,"*CEC. 

If you have search through the Council Committee papers there may be some useful insights there: https://democracy.edinburgh.gov.uk/ieDocHome.aspx?Categories=",cec . if you have search through the council committee paper there may be some useful insight there,3,2024-12-10T09:18:32+00:00
m1bt68f,t3_1has83d,1has83d,Eabhal347,"That we are still building detached housing inside the bypass is a scandal. Profit maximising behaviour from developers; 150 years ago, we were covering farmland in tenements and housing 10x as many people per acre.","that we be still build detach housing inside the bypass be a scandal . profit maximise behaviour from developer year ago , we be cover farmland in tenement and housing as many people per acre .",19,2024-12-10T07:29:29+00:00
m1ckmjn,t3_1has83d,1has83d,dwg-87,"The new build market has been totally fucked for two years now. Why build more if you can’t sell as it is?

Also, the areas available for development are not necessarily the areas in which rental demand is high.  

A massive issue has been poor policy and regulation implemented by Government / Councils as well. The rent freeze / caps have caused insane amounts of spikes in rental figures for example. Policy often doesn’t work the way people think it should / will.

Student housing is likely a more viable development at the moment for many. It’s exempt from many of the controls in place for standard rentals.","the new build market have be totally fuck for two year now . why build more if you can not sell as it be ? also , the area available for development be the area in which rental demand be high . a massive issue have be poor policy and regulation implement by government council as well . the rent freeze cap have cause insane amount of spike in rental figure for example . policy often do not work the way people think it should will . student housing be likely a more viable development at the moment for many . its exempt from many of the control in place for standard rental .",3,2024-12-10T12:25:27+00:00
m1bv3u6,t3_1has83d,1has83d,Drummk,"Because when developers propose high density developments like the towers in Leith, people shriek about lack of green space and impact on ""the skyline"".","because when developer propose high density development like the tower in leith , people shriek about lack of green space and impact on the skyline .",7,2024-12-10T07:50:45+00:00
m1iikpe,t3_1has83d,1has83d,Connell95,"Student accommodation is the highest density accommodation out there, so from a city density perspective it is great.

There are lots of factors that make housing development challenging – the biggest is just the challenge of actually getting planning permission for almost any sort of development, especially of any serious sort of density. Pretty much as soon as any housing is proposed in the city, there will be Facebook groups created to try to oppose it, and you have wealthy groups such as the Cockburn Association which see their primary purpose as being to oppose almost every housing development anywhere near the city centre.

That means that the profit margin on housing is generally very low (lots of house builders have gone bust in recent years for that reason – in Scotland most notably Stewart Milne, which was one of the biggest). Student housing is usually more profitable, so as margins gets squeezed, more turn to that. Especially so in Edinburgh, where students are the single largest area of housing shortage, so demand is immense.","student accommodation be the high density accommodation out there , so from a city density perspective it be great . there be lot of factor that make housing development challenge the big be just the challenge of actually get planning permission for almost any sort of development , especially of any serious sort of density . pretty much as soon as any housing be propose in the city , there will be facebook group create to try to oppose it , and you have wealthy group such as the cockburn association which see their primary purpose as be to oppose almost every housing development anywhere near the city centre . that mean that the profit margin on housing be generally very low lot of house builder have go bust in recent year for that reason in scotland most notably stewart milne , which be one of the big . student housing be usually more profitable , so as margin get squeeze , more turn to that . especially so in edinburgh , where student be the single large area of housing shortage , so demand be immense .",2,2024-12-11T12:23:29+00:00
m1q9f59,t3_1has83d,1has83d,Top_Action_9765,"if students live in student accommodation, they're not living in other flats, and so this reduces demand for other flats","if student live in student accommodation , they re in other flat , and so this reduce demand for other flat",2,2024-12-12T18:19:19+00:00
m1cpbar,t3_1has83d,1has83d,Big_Red12,"Several things:

1. Actually it's not as simple as supply and demand because housing is not a free market like any other and it can't be. We don't need to rely on simplistic economic theory - we had rent controls in this country for many decades and lots of Europe has some form of rent control, and rent affordability (rent vs wages) does not correlate with the number of homes per person, it correlates with the tightest rent controls. There is a finite amount of land and housing and that means landlords can charge the monopoly price (ie the maximum tenants can afford).

2. The council doesn't really have the tools to do this. The planning system controls what kind of thing can be built on a plot of land, but doesn't differentiate properly between normal housing and PBSA, and also doesn't force anybody to actually build that thing. When it does take decisions against certain developments they are often overturned by the Scottish Reporter.

3. We can't rely on developers to bring the cost of housing down because it's not in their interest and they're extremely powerful. They have armies of lawyers and lobbyists and can afford to landbank if it eventually gives them a few more percent profit.

4. The solution is actually for the public sector to build housing. The response is always that that costs a lot of money but I don't really understand that. Yes it costs money to build, but then once you've done that you own an asset that's worth about what you spent on it (hopefully more) and you also get the rent from them too.","several thing . actually its simple as supply and demand because housing be free market like any other and it can not be . we do not need to rely on simplistic economic theory we have rent control in this country for many decade and lot of europe have some form of rent control , and rent affordability rent vs wage do with the number of home per person , it correlate with the tight rent control . there be a finite amount of land and housing and that mean landlord can charge the monopoly price ie the maximum tenant can afford . . the council do not really have the tool to do this . the planning system control what kind of thing can be build on a plot of land , but do not differentiate properly between normal housing and pbsa , and also do not force anybody to actually build that thing . when it do take decision against certain development they be often overturn by the scottish reporter . . we can not rely on developer to bring the cost of housing down because its their interest and they re extremely powerful . they have army of lawyer and lobbyist and can afford to landbank if it eventually give they a few more percent profit . . the solution be actually for the public sector to build housing . the response be always that that cost a lot of money but I do not really understand that . yes it cost money to build , but then once you ve do that you own an asset that s worth about what you spend on it hopefully more and you also get the rent from they too .",4,2024-12-10T13:02:28+00:00
m1c9sai,t3_1has83d,1has83d,CameronWS,"Encouraging alternatives would just mean subsidy and deregulation though - I'd be more of a mind to actively discourage PBSA by holding it to the same construction standards as other properties, giving residents the same rights as mainstream tenants and actually taxing the bastards like everyone else","encourage alternative would just mean subsidy and deregulation though I d be more of a mind to actively discourage pbsa by hold it to the same construction standard as other property , give resident the same right as mainstream tenant and actually tax the bastard like everyone else",2,2024-12-10T10:40:30+00:00
m1c5smy,t3_1has83d,1has83d,sprazcrumbler,"More student housing means fewer students in non student housing, and lower demand also puts downward pressure on rents.","more student housing mean few student in non student housing , and low demand also put downward pressure on rent .",3,2024-12-10T09:54:47+00:00
m1c8k1c,t3_1has83d,1has83d,Rediturus_fuisse,"Regarding the student point, the problem is that Purpose-Built Student Accommodation, specifically the high-end stuff that costs £10k or more a year to live in, has boomed over the last decade and become a desirable asset class in real estate, so it's easy for them to get financed. These buildings mostly prey on wealthy international students at this point too, as they're so unaffordable to anyone else and take advantage of the unfamiliarity with UK housing markets that international students in particular are likely to have, as well as being easier for them to move into because they don't require in person viewings in advance or a guarantor or anything like that. Also, the Scottish government tends to overrule objections to new PBSAs and denials of their planning permissions by local councils, so it's very hard for locals to stop the building of new ones. Students in Edinburgh are facing a dire housing emergency alongside the rest of the city, and there are folk in and around government, both local and national, who care, but these buildings aren't a solution to it, they're just there to rinse the few students who can afford to live in them.","regard the student point , the problem be that purposebuilt student accommodation , specifically the highend stuff that cost or more a year to live in , have boom over the last decade and become a desirable asset class in real estate , so its easy for they to get finance . these building mostly prey on wealthy international student at this point too , as they re so unaffordable to anyone else and take advantage of the unfamiliarity with uk housing market that international student in particular be likely to have , as well as be easy for they to move into because they do not require in person viewing in advance or a guarantor or anything like that . also , the scottish government tend to overrule objection to new pbsas and denial of their planning permission by local council , so its very hard for local to stop the building of new one . student in edinburgh be face a dire housing emergency alongside the rest of the city , and there be folk in and around government , both local and national , who care , but these building be not a solution to it , they re just there to rinse the few student who can afford to live in they .",2,2024-12-10T10:26:35+00:00
m1cg0qo,t3_1has83d,1has83d,yakuzakid3k,"I have a more radical solution. No one person should be allowed to own more than one home. Would solve the manufactured ""housing crisis"" overnight, and as a plus landlords would see their net worth destroyed.","I have a more radical solution . person should be allow to own more than one home . would solve the manufactured housing crisis overnight , and as a plus landlord would see their net worth destroy .",2,2024-12-10T11:44:56+00:00
m1bcssg,t3_1has83d,1has83d,Bam-Skater,Because the more student specific housing there is the less pressure there is on the wider rental market,because the more student specific housing there be the less pressure there be on the wide rental market,-6,2024-12-10T04:58:52+00:00
m1bw9eu,t1_m1b146q,1has83d,cloud__19,I believe student accommodation is also much cheaper to build in the first place.,I believe student accommodation be also much cheap to build in the first place .,8,2024-12-10T08:03:28+00:00
m1c50j7,t1_m1b146q,1has83d,ross1771,[Further reading](https://www.removepaywall.com/search?url=https://www.economist.com/britain/2024/10/24/scotlands-failure-to-build-homes-is-mainly-due-to-its-government),far read,2,2024-12-10T09:45:34+00:00
m1dmyd5,t1_m1b146q,1has83d,uppennyhill,"Is the issue for developers really the number of affordable units they are 'required' to provide? As I understand it (from reading the press/media, I don't have any specialist subject knowledge):  
1. The number of the affordable units often gets hugely reduced   
2. What is considered as affordable is based on unrealistic benchmarks 

Or at least those are cited in articles about England, are regulations different in Scotland?","be the issue for developer really the number of affordable unit they be require to provide ? as I understand it from read the press medium , I do not have any specialist subject knowledge . the number of the affordable unit often get hugely reduce . what be consider as affordable be base on unrealistic benchmark or at least those be cite in article about england , be regulation different in scotland ?",2,2024-12-10T16:26:11+00:00
m1q9ohz,t1_m1br52k,1has83d,Top_Action_9765,it does because students living there aren't living in other flats,it do because student live there be not live in other flat,2,2024-12-12T18:20:38+00:00
m1c35ho,t1_m1bt68f,1has83d,Usual_Newt8791,"I disagree strongly with this.

Not one more 1 bed or bedsit flat needs to be built in this country. 

We need decent sized housing with gardens for families close to amenities. It makes my blood boil every time I see a house turned into flats, or a house where another building pops up in its back garden. 

Back up until the 70s most people could live in a house with a Garden within a short walk of a high street. Everyone in Scotland has a right to that quality of life.","I disagree strongly with this . more bed or bedsit flat need to be build in this country . we need decent sized housing with garden for family close to amenity . it make my blood boil every time I see a house turn into flat , or a house where another building pop up in its back garden . back up until the most people could live in a house with a garden within a short walk of a high street . everyone in scotland have a right to that quality of life .",-3,2024-12-10T09:23:14+00:00
m1djdbj,t1_m1c5smy,1has83d,spr148,"That this is being downvoted just shows how housing creates knee-jerk nonsense reactions from people. Universities are not constrained by the amount of student housing there is. As this reply states, any overflow just competes with other people for non-student housing. Any extra property is a good thing for reducing the demand on housing.","that this be be downvote just show how housing create kneejerk nonsense reaction from people . university be by the amount of student housing there be . as this reply state , any overflow just compete with other people for nonstudent housing . any extra property be a good thing for reduce the demand on housing .",6,2024-12-10T16:06:59+00:00
m1c6e89,t1_m1c5smy,1has83d,Boomdification,"No it doesn't, the universities just increase their roll year on year and cram more people onto courses to maximise profits. Meanwhile the city is missing out on potential tax and workforce for a transient population who piss off abroad after a few years.","do not , the university just increase their roll year on year and cram more people onto course to maximise profit . meanwhile the city be miss out on potential tax and workforce for a transient population who piss off abroad after a few year .",2,2024-12-10T10:01:45+00:00
m1ckqyc,t1_m1cg0qo,1has83d,chuckleh0und,"But then who would own rental accommodation? Councils, companies? That's a lot of housing stock and councils would be obligated to buy, and I know that as bad as a lot of private landlords are it'd be even worse if housing stock was controlled by large companies.","but then who would own rental accommodation ? council , company ? that s a lot of housing stock and council would be obligate to buy , and I know that as bad as a lot of private landlord be it d be even bad if housing stock be control by large company .",1,2024-12-10T12:26:28+00:00
m1c6i2p,t1_m1bp46i,1has83d,Boomdification,And the biggest landlord in the city is UoE.,and the big landlord in the city be uoe .,1,2024-12-10T10:03:01+00:00
m1bz6dc,t1_m1bcssg,1has83d,Eabhal347,"Unless the universities take advantage and accept even more international students, boosting demand back up.","unless the university take advantage and accept even more international student , boost demand back up .",9,2024-12-10T08:36:27+00:00
m1c02a8,t1_m1bw9eu,1has83d,Sburns85,It is. Because theirs much less regulation and amenities needed,it be . because theirs much less regulation and amenity need,7,2024-12-10T08:46:53+00:00
m1dr0wc,t1_m1dmyd5,1has83d,Adventurous-Rub7636,"As a former consultant to many a developer 
1. yes affordable units do get negotiated down but financiers don’t give a fuck, they either move on or expect to have something more bankable like student housing pitched to them. You see PBSA is seen as safer over 30 years with all those students coming every year (not just from abroad) whereas a developer saying an area might get better cos lots of local Jimmy and Janice’s will probably pay their rent just isn’t attractive to money lenders living in fucking hollowed out volcanoes in Dubai. 

2. Affordable housing in the UK is generally agreed as 80% of market rent. So we can all have a good laugh at how ironic that is. Thanks for replying.","as a former consultant to many a developer . yes affordable unit do get negotiate down but financier do not give a fuck , they either move on or expect to have something more bankable like student housing pitch to they . you see pbsa be see as safe over year with all those student come every year from abroad whereas a developer say an area might get well cos lot of local jimmy and janice will probably pay their rent just be not attractive to money lender live in fucking hollow out volcano in dubai . . affordable housing in the uk be generally agree as of market rent . so we can all have a good laugh at how ironic that be . thank for reply .",6,2024-12-10T16:47:31+00:00
m1c6wls,t1_m1c35ho,1has83d,Eabhal347,"The UK already has an incredibly low rate of living in flats - 15% compared with 65% in Spain, 57% in Germany. 

It would be great if we could all live in mansions, but frankly beggars cannot be choosers. One thing we need to encourage is downsizing once the kids have left - abolish LBTT and make it cheaper to move, opening up houses for families with children.","the uk already have an incredibly low rate of live in flat compare with in spain , in germany . it would be great if we could all live in mansion , but frankly beggar can not be chooser . one thing we need to encourage be downsize once the kid have leave abolish lbtt and make it cheap to move , open up house for family with child .",16,2024-12-10T10:07:44+00:00
m1c5f71,t1_m1c35ho,1has83d,Donaldbeag,"The population of Edinburgh actually decreased in the 1970s going down to 430,000.

Fast forward to 2024 and increased growth and mass immigration has our population at 560,000.

There simply hasn’t been enough building to fit 30% more people and even if we did do it at low density we’d be halfway to Dunbar.

Cities need high quality apartments for people to live in just like planned cities (Barcelona/Paris) do.",the population of edinburgh actually decrease in the go down to . fast forward to and increase growth and mass immigration have our population at . there simply have not be enough building to fit more people and even if we do do it at low density we d be halfway to dunbar . city need high quality apartment for people to live in just like plan cities barcelona paris do .,19,2024-12-10T09:50:23+00:00
m1coaty,t1_m1c35ho,1has83d,Unidain,">Back up until the 70s most people could live in a house with a Garden within a short walk of a high street. 

You'd half to eject 75% of the Edinburgh population to make this a reality. You volunteering are you?",back up until the most people could live in a house with a garden within a short walk of a high street . you d half to eject of the edinburgh population to make this a reality . you volunteer be you ?,6,2024-12-10T12:54:52+00:00
m1cheuv,t1_m1c35ho,1has83d,GingerSnapBiscuit,"> We need decent sized housing with gardens for families close to amenities.

Nope, nope, nope, nope.  Single family homes with gardens are fucking HORRENDOUSLY wasteful in terms of space used per population density.  Its stupid the number of people you can fit into a block of flats, and they don't have to be Sighthill esque monstrosities or ""single bed besits"".  Think developments like [this sort of thing](https://imgur.com/rEQmwCv), with a mix of 1/2/3 bed flats.  So many more people fit into the area here.

I'm not saying we stop building houses, obviously some people want to live in a house (hell I live in a detached house myself), but not everyone can afford a house, and having a flood of flats/apartments onto the market will drop the price of housing and increase availability for people in the ""cannot afford a house"" sector of the market, hugely.","we need decent sized housing with garden for family close to amenity . nope , nope , nope , nope . single family home with garden be fuck horrendously wasteful in term of space use per population density . its stupid the number of people you can fit into a block of flat , and they do not have to be sighthill esque monstrosity or single bed besit . think development like this sort of thing with a mix of bed flat . so many more people fit into the area here . I m we stop build house , obviously some people want to live in a house hell I live in a detach house myself , but can afford a house , and have a flood of flat apartment onto the market will drop the price of housing and increase availability for people in the can not afford a house sector of the market , hugely .",11,2024-12-10T11:57:38+00:00
m1c7kpu,t1_m1c35ho,1has83d,touristtam,"> Not one more 1 bed or bedsit flat needs to be built in this country.

Noone is saying those flat needs to be 50sqm and designed for a single adult. Building on viable farmland is absolutely stupid. Building low density housing when we know the need for a local school, medical practice and other public services (like public transport) will necessarily greatly increase is just asking those people that moved in to drive everywhere. This is stupid at best and malicious at worse. And almost impossible to undo once the plots are sold.","more bed or bedsit flat need to be build in this country . noone be say those flat need to be and design for a single adult . building on viable farmland be absolutely stupid . build low density housing when we know the need for a local school , medical practice and other public service like public transport will necessarily greatly increase be just ask those people that move in to drive everywhere . this be stupid at good and malicious at bad . and almost impossible to undo once the plot be sell .",9,2024-12-10T10:15:26+00:00
m1chqpr,t1_m1c0bso,1has83d,GingerSnapBiscuit,"There is, but its not hugely profitable, so why would builders do that?","there be , but its profitable , so why would builder do that ?",2,2024-12-10T12:00:34+00:00
m1c6ywo,t1_m1c6e89,1has83d,sprazcrumbler,Untrue I'm afraid. Feel free to do some research. Essentially any mainstream economist will agree with me.,untrue I m afraid . feel free to do some research . essentially any mainstream economist will agree with I .,2,2024-12-10T10:08:29+00:00
m1ci3oq,t1_m1bz6dc,1has83d,GingerSnapBiscuit,"Which they have been doing, year on year, every year, for like 3 decades.","which they have be do , year on year , every year , for like decade .",1,2024-12-10T12:03:47+00:00
m1bt2e0,t1_m1bon0g,1has83d,eyewashemergency,"I think it's because most students after a couple of years would rather live in a proper flat with their pals rather than stay in halls or these purpose built  student flats. So they are still taking away general rental accommodation anyway which puts pressure on the market. Unless you block students from renting anything other than student specific flats this will always be the case, especially as Edinburgh uni seem to be taking on more and more student's than the city can actually deal with.","I think its because most student after a couple of year would rather live in a proper flat with their pal rather than stay in hall or these purpose build student flat . so they be still take away general rental accommodation anyway which put pressure on the market . unless you block student from rent anything other than student specific flat this will always be the case , especially as edinburgh uni seem to be take on more and more student than the city can actually deal with .",13,2024-12-10T07:28:20+00:00
m1c907t,t1_m1c5f71,1has83d,Usual_Newt8791,"The population of Scotland has only increased my approx 1/4 million between 1971 and 2022 

https://www.statista.com/statistics/367788/population-of-scotland/

That's an entirely manageable growth, split across a large geographic area with a relatively low population density. At Scotlands average occupancy of 2.1 people per property you only need to have built 2400 houses a year to have kept on top of population growth.  There's no excuse to be trying to force people into rabbit warren flats in Edinburgh.","the population of scotland have only increase my approx million between and that s an entirely manageable growth , split across a large geographic area with a relatively low population density . at scotland average occupancy of people per property you only need to have build house a year to have keep on top of population growth . there s to be try to force people into rabbit warren flat in edinburgh .",1,2024-12-10T10:31:41+00:00
m1cv17t,t1_m1coaty,1has83d,Usual_Newt8791,"I don't live in Edinburgh. I live in West Lothian 

I wasn't willing to compromise on owning a house with a garden and therefore I had to move to somewhere I could afford that.

You want me to live in Edinburgh then you're exactly right a large proportion of people there will need to leave, and their tenement/Flat properties demolished and turned into houses.","I do not live in edinburgh . I live in west lothian I be not willing to compromise on own a house with a garden and therefore I have to move to somewhere I could afford that . you want I to live in edinburgh then you re exactly right a large proportion of people there will need to leave , and their tenement flat property demolish and turn into house .",-6,2024-12-10T13:42:44+00:00
m1ihy4e,t1_m1c7kpu,1has83d,Connell95,"Pretty much the entirety of Edinburgh is built on what was viable farmland (including the entire New Town). If you are not willing to make use of some farmland, you will never make any impact on the housing crisis.

Scotland is short of housing. It is not short of food.","pretty much the entirety of edinburgh be build on what be viable farmland include the entire new town . if you be to make use of some farmland , you will any impact on the housing crisis . scotland be short of housing . it be of food .",3,2024-12-11T12:18:14+00:00
m1chy4n,t1_m1c6ywo,1has83d,GingerSnapBiscuit,"Mainstream economists siding with the landlord class, there's a shock.","mainstream economist side with the landlord class , there s a shock .",0,2024-12-10T12:02:24+00:00
m1chn9k,t1_m1c907t,1has83d,GingerSnapBiscuit,"The trouble is everyone is migrating to cities.  As the above poster pointed out, of the 250k growth in 30 years, more than 1/2 of it was into Edinburgh.  Sure, maybe Scotland as a whole can easily accomodate 250k more people, but Edinburgh as a city can't increase its population by 25% easily.","the trouble be everyone be migrate to city . as the above poster point out , of the growth in year , more than of it be into edinburgh . sure , maybe scotland as a whole can easily accomodate more people , but edinburgh as a city can not increase its population by easily .",10,2024-12-10T11:59:43+00:00
m1coidl,t1_m1c907t,1has83d,Unidain,"Many people like living in flats, myself included.

I also don't know where you think these new houses with gardens, within a short walk of Edinburgh high street is going to go.","many people like live in flat , myself include . I also do not know where you think these new house with garden , within a short walk of edinburgh high street be go to go .",8,2024-12-10T12:56:26+00:00
m1ihs3h,t1_m1c907t,1has83d,Connell95,"Flats are the most in-demand housing in Edinburgh. Lots of people would rather live in places like the New Town, Marchmount, Bruntsfield or Leith Walk than on some dreary car-centric beige Cala estate in the middle of nowhere surrounded by people with astroturf lawns.","flat be the most indemand housing in edinburgh . lot of people would rather live in place like the new town , marchmount , bruntsfield or leith walk than on some dreary carcentric beige cala estate in the middle of nowhere surround by people with astroturf lawn .",3,2024-12-11T12:16:49+00:00
m1qarzp,t1_m1c907t,1has83d,Top_Action_9765,"I think the average occupancy has fallen. There's a lot more single people and families are smaller.

As others have said, plenty of people want to live in flats.

If we wanbt to prevent prices getting worse, it's going to involve a lot of flats. But there will still be plenty of houses if people prefer them","I think the average occupancy have fall . there s a lot more single people and family be small . as other have say , plenty of people want to live in flat . if we wanbt to prevent price get bad , its go to involve a lot of flat . but there will still be plenty of house if people prefer they",1,2024-12-12T18:26:14+00:00
m1ii403,t1_m1cv17t,1has83d,Connell95,">West Lothian

No surprise there. You enjoy your beige box and SUV in the middle of nowhere, and let the people of Edinburgh decide on what housing they want, thanks.","west lothian there . you enjoy your beige box and suv in the middle of nowhere , and let the people of edinburgh decide on what housing they want , thank .",4,2024-12-11T12:19:37+00:00
m1irijh,t1_m1ihy4e,1has83d,touristtam,"There is certainly a balance to be strike; but I have seen in both East and West Lothian prime farmland been transformed into suburbia. My grip isn't so much that we need land to build on, but that we are building low density housing in a declared _housing crisis_.","there be certainly a balance to be strike but I have see in both east and west lothian prime farmland be transform into suburbia . my grip be not so much that we need land to build on , but that we be build low density housing in a declare housing crisis .",3,2024-12-11T13:30:11+00:00
m1cugdu,t1_m1cthbu,1has83d,sprazcrumbler,"Rents increased everywhere so it's not some problem that's specifically caused by students in Edinburgh.

While you may think there is plenty of student accommodation going around, actually we have a shortage. 

https://www.scotsman.com/education/thousands-of-scottish-university-students-at-risk-of-homelessness-as-acute-bed-shortfall-revealed-4784425

Rents increase generally because demand increases. We refuse to build enough housing while the population increases. That's the basic problem. Councils turning down high density accommodation blocks for students are exacerbating that problem. Those students then have to compete with you for non-student housing.","rent increase everywhere so its problem that s specifically cause by student in edinburgh . while you may think there be plenty of student accommodation go around , actually we have a shortage . rent increase generally because demand increase . we refuse to build enough housing while the population increase . that s the basic problem . council turn down high density accommodation block for student be exacerbate that problem . those student then have to compete with you for nonstudent housing .",3,2024-12-10T13:38:51+00:00
m1ci4dn,t1_m1chy4n,1has83d,sprazcrumbler,"No, if they were siding with the landlord class they would oppose building more student housing like most of the people in this sub.","no , if they be side with the landlord class they would oppose build more student housing like most of the people in this sub .",1,2024-12-10T12:03:57+00:00
m1i6tmy,t1_m1btsw2,1has83d,New_Egg_25,"I'm a PhD student, and I would love to be able to live in one of the fancy student studios while I'm here. Unfortunately, I can't afford it so I have to deal with roommates and the private sector, which is stress that I don't want to deal with while my PhD is already stressful enough. 

My university isn't UoE, so no one can use Edinburgh uni's standard more affordable accommodation options, and it doesn't have its own to offer. Which means that unless the students have family in Edinburgh, everyone is stuck with either private rentals or the super expensive private companies like unite.","I m a phd student , and I would love to be able to live in one of the fancy student studio while I m here . unfortunately , I can not afford it so I have to deal with roommate and the private sector , which be stress that I do not want to deal with while my phd be already stressful enough . my university be not uoe , so can use edinburgh uni standard more affordable accommodation option , and it do not have its own to offer . which mean that unless the student have family in edinburgh , everyone be stick with either private rental or the super expensive private company like unite .",1,2024-12-11T10:29:28+00:00
m1ip1oz,t1_m1ihs3h,1has83d,Usual_Newt8791,"New town is different because a lot of housing there is , or at least was, townhouses with reasonable sized gardens. 

No one wants to build another cala estate, I'd rather see bruntsfiled and Leith levelled and replaced with another broomhouse or westerhailes, but ideally we should still be building decent sized houses like those around murrayfield, south queensferry or broughton.","new town be different because a lot of housing there be , or at least be , townhouse with reasonable sized garden . want to build another cala estate , i d rather see bruntsfiled and leith level and replace with another broomhouse or westerhaile , but ideally we should still be build decent sized house like those around murrayfield , south queensferry or broughton .",-1,2024-12-11T13:13:00+00:00
m1ipftf,t1_m1ii403,1has83d,Usual_Newt8791,"I don't live in a beige box or drive an suv.

However the residents of Edinburgh live cramped in 300 year old tenements suspended in mid air like animals.

If you went to Edinburgh zoo, and the animals were kept in cages piled one on top of the other with no green space you would be disgusted. If it's not ok for animals what makes it ok for humans?","I do not live in a beige box or drive an suv . however the resident of edinburgh live cramp in year old tenement suspend in mid air like animal . if you go to edinburgh zoo , and the animal be keep in cage pile one on top of the other with space you would be disgust . if its for animal what make it ok for human ?",-1,2024-12-11T13:15:47+00:00
m1je9n5,t1_m1irijh,1has83d,Connell95,"Oh, I agree with you around the density of housing certainly. That’s why something like the new West Town development out near the airport is great: 8000 high density transit-oriented houses on a site that would usually have about 300 hundred beige Cala boxes.","oh , I agree with you around the density of housing certainly . that s why something like the new west town development out near the airport be great high density transitoriente house on a site that would usually have about hundred beige cala box .",3,2024-12-11T15:46:38+00:00
m1cniph,t1_m1ci4dn,1has83d,GingerSnapBiscuit,"But people in this sub don't want NOTHING built, they'd just prefer the current building work was for ACTUAL houses instead of Student Accommodation blocks.  You know what else, other than blocks of student flats, increases the supply of available housing?  Build more houses/flats.","but people in this sub do not want nothing build , they d just prefer the current building work be for actual house instead of student accommodation block . you know what else , other than block of student flat , increase the supply of available housing ? build more house flat .",3,2024-12-10T12:48:53+00:00
m1cyol4,t1_m1cwkbm,1has83d,sprazcrumbler,"We haven't been building enough to keep up with demand. That's simple. I already showed you evidence that like ten thousand more beds for students are needed.

It's absurd to blame students for rent increases when we just went through Brexit, COVID, energy prices spiking, the global supply chain crisis and the associated inflation involved with all of that.

Go somewhere without a university and see if people there are all doing great. They aren't. They are struggling just as much as in Edinburgh and you can't blame it on PBSA. At least the students keep a lot of local businesses going.","we have not be build enough to keep up with demand . that s simple . I already show you evidence that like ten thousand more bed for student be need . its absurd to blame student for rent increase when we just go through brexit , covid , energy price spike , the global supply chain crisis and the associated inflation involve with all of that . go somewhere university and see if people there be all do great . they be not . they be struggle just as much as in edinburgh and you can not blame it on pbsa . at least the student keep a lot of local business go .",1,2024-12-10T14:06:49+00:00
m1csb0k,t1_m1cniph,1has83d,sprazcrumbler,"Really? Because a couple of weeks ago everyone here was celebrating that the council blocked 2 decaying warehouses being turned to student accommodation.

Seems like if they truly cared about more housing they would realise that two hundred flats for students means hundreds less students competing with residents for other housing, while 2 old warehouses don't help anyone at all.","really ? because a couple of week ago everyone here be celebrate that the council block decay warehouse be turn to student accommodation . seem like if they truly care about more housing they would realise that two hundred flat for student mean hundred less student compete with resident for other housing , while old warehouse do not help anyone at all .",4,2024-12-10T13:23:59+00:00
m1eclmj,t1_m1csb0k,1has83d,GingerSnapBiscuit,"See, but they'd RATHER those 2 old warehouses were turned into flats for normal residents though.  That's there the disconnect is with your thinking, I think.  Its not just ""student accomodation"" or ""nothing at all"".  People want developers to take the third ""actual houses for actual people"" option.  But of course, developers won't, because there isn't as much profit in it for them.

The other factor you are missing is that student don't generally compete for the same flats/houses that normal residents are.  Most students will be looking for rooms in an HMO, or a shared flat to be rented with a group of people.  Very few students are competing for 1 bed flats in the city center.","see , but they d rather those old warehouse be turn into flat for normal resident though . that s there the disconnect be with your thinking , I think . its student accomodation or nothing at all . people want developer to take the third actual house for actual people option . but of course , developer will not , because there be not as much profit in it for they . the other factor you be miss be that student do not generally compete for the same flat house that normal resident be . most student will be look for room in an hmo , or a share flat to be rent with a group of people . very few student be compete for bed flat in the city center .",1,2024-12-10T18:39:28+00:00
m1d0mru,t1_m1d07wb,1has83d,sprazcrumbler,"Literally works all around the world. It is not hard to look into this if you actually care. Housing crises in the western world are generally a self made problem due to government kowtowing to homeowners and NIMBYs and restricting home building.

But yeah, maybe Edinburgh is the one city in the world that doesn't follow basic supply and demand.","literally work all around the world . it be to look into this if you actually care . housing crisis in the western world be generally a self make problem due to government kowtowing to homeowner and nimbys and restrict home building . but yeah , maybe edinburgh be the one city in the world that do not follow basic supply and demand .",1,2024-12-10T14:19:14+00:00
m1exyrk,t1_m1eclmj,1has83d,sprazcrumbler,"But in that specific case it was student housing or nothing at all, and the people in this sub cheered for ""nothing at all"".

And actually loads of wealthy students are staying in one bed flats in the city centre and they are exactly the kind of student who would stay in student housing if they could. They also take 2 and 3 bedroom flats when they can. You're deluding yourself.","but in that specific case it be student housing or nothing at all , and the people in this sub cheer for nothing at all . and actually load of wealthy student be stay in one bed flat in the city centre and they be exactly the kind of student who would stay in student housing if they could . they also take and bedroom flat when they can . you re delude yourself .",5,2024-12-10T20:30:11+00:00
m17xad1,t3_1haelq0,1haelq0,Osprenti,"Probably best to ask Shelter.

EDIT:

just checked and any challenge needs to be within 21 days via a rent officer. 

If you've signed to accept, I'd say you'd potentially be out of luck unless there are any other issues like the 3 months notice not being given etc.","probably well to ask shelter . edit just check and any challenge need to be within day via a rent officer . if you ve sign to accept , i d say you d potentially be out of luck unless there be any other issue like the month notice give etc .",17,2024-12-09T17:11:24+00:00
m17z3kt,t3_1haelq0,1haelq0,Big_Red12,Worth a try. You've got 21 days so it's not too late but the signed form might be an issue. I think you should try that's a ridiculous increase.,worth a try . you ve get day so its late but the sign form might be an issue . I think you should try that s a ridiculous increase .,3,2024-12-09T17:20:47+00:00
m1822xl,t3_1haelq0,1haelq0,NotOnYerNelly,Yeah I got a £16 pay rise per month and a rent increase of £70 per month. I’m already cutting it fine money wise.,yeah I get a pay rise per month and a rent increase of per month . I m already cut it fine money wise .,5,2024-12-09T17:36:10+00:00
m17yug1,t3_1haelq0,1haelq0,Important-Plan-2571,speak to living rent also !,speak to live rent also !,5,2024-12-09T17:19:29+00:00
m1834k1,t3_1haelq0,1haelq0,blundermole,"As other commenters have said, you may be out of luck as you have already accepted the rent increase, but there would be no harm in speaking with both Shelter and Living Rent. Shelter can be more conservative in their advice, which can be helpful in many scenarios, but it may also mean that they could miss a potential solution for you here.

Out of interest, how long have you been paying rent at £1050? A 20% increase is potentially pretty extreme!","as other commenter have say , you may be out of luck as you have already accept the rent increase , but there would be in speak with both shelter and live rent . shelter can be more conservative in their advice , which can be helpful in many scenario , but it may also mean that they could miss a potential solution for you here . out of interest , how long have you be pay rent at ? a increase be potentially pretty extreme !",1,2024-12-09T17:41:28+00:00
m19pm7s,t3_1haelq0,1haelq0,foxitive29,"if you've not officially accepted it, it's worth trying to run the ring around them as a rent increase can only be ""legal"" within the limits of 12%, and so it doesn't matter when they sent you it, it's an illegal notice and you are not obliged to accept it (AFAIK/IANAL).

i fought my landlord/agency on this exact issue earlier this year, they sent me a notice in january that rent would upped from 670 to 850 in august, i waited til august to say that is against the law and thus reset the ""three month notice timer"" from that moment in august. I've moved out now but they did relent somewhat when i sent them the links to the shelter site and requested documented proof that the rent price difference was over 6%. fight all you can!","if you ve accept it , its worth try to run the ring around they as a rent increase can only be legal within the limit of , and so it do not matter when they send you it , its an illegal notice and you be to accept it afaik ianal . I fight my landlord agency on this exact issue early this year , they send I a notice in january that rent would up from to in august , I wait til august to say that be against the law and thus reset the three month notice timer from that moment in august . I ve move out now but they do relent somewhat when I send they the link to the shelter site and request document proof that the rent price difference be over . fight all you can !",1,2024-12-09T22:46:03+00:00
m1e7rqk,t3_1haelq0,1haelq0,Dolly57,"It is worth noting rents in your area. If you challenge through a rent officer, they take a view of the market in your area and in lots of cases you mend up paying more than the the proposed rent increase. 

Also, when challenging, worth getting the maths closer as it's a circa 15% increase being proposed.","it be worth note rent in your area . if you challenge through a rent officer , they take a view of the market in your area and in lot of case you mend up pay more than the the propose rent increase . also , when challenging , worth get the math close as its a circa increase be propose .",1,2024-12-10T18:14:40+00:00
m2jfhdo,t3_1haelq0,1haelq0,Gravyboat8899,"If you’re within the 21 days just resend the form and say actually you’re challenging it and contacting a rent officer 

We contacted them as ours is going up by 23%, it can legally only go up by 12% since April 2024 

She’s coming on Jan 8th for an inspection, think it’s mostly to make sure no alterations or improvements have been made to the property. Of which there hasn’t been in over 4 years","if you re within the day just resend the form and say actually you re challenge it and contact a rent officer we contact they as ours be go up by , it can legally only go up by since april she s come on jan for an inspection , think its mostly to make sure or improvement have be make to the property . of which there have not be in over year",1,2024-12-17T19:20:09+00:00
m17xr8y,t1_m17xad1,1haelq0,Illustrious-Froyo982,Yes I’m going to call them tomorrow - thanks!,yes I m go to call they tomorrow thank !,3,2024-12-09T17:13:52+00:00
m183g5h,t1_m1834k1,1haelq0,Illustrious-Froyo982,"Yes I think everyone is right! I’ll definitely contact both tomorrow.

We started renting the flat in February this year, and rent due to increase in march.","yes I think everyone be right ! ill definitely contact both tomorrow . we start rent the flat in february this year , and rent due to increase in march .",1,2024-12-09T17:43:08+00:00
m16pmnw,t3_1ha8uvi,1ha8uvi,Osprenti,"Yes I think it's 3 months notice they need to give.

On percentage, it's 6% limit plus 6% potential more if the rent is below market value. So 12% increase total.","yes I think its month notice they need to give . on percentage , its limit plus potential more if the rent be below market value . so increase total .",16,2024-12-09T12:51:21+00:00
m16pc0c,t3_1ha8uvi,1ha8uvi,jjw1998,12% is the maximum if your current rent is deemed to be below market value,be the maximum if your current rent be deem to be below market value,14,2024-12-09T12:49:02+00:00
m17iqyx,t3_1ha8uvi,1ha8uvi,SpeakerFine6058,"A scummy landlord tried this with us many, many years ago in Edinburgh when they realised we were a couple living in a one-bed flat. They wouldn’t budge when challenged on the 12% rent hike, so we gave notice that we were moving out as luckily there happened to be a cheaper one-bed flat literally over the road just on the market that was £100pcm less than the new rent we’d been quoted.

Every time we had viewings of the old flat ahead of moving out, we told the potential tenants the rent the landlord wanted to charge us and it was hilarious watching the letting agent’s face as they had to try to explain why our figure was higher. They were trying to get new tenants in at our old rent and then likely hike it 6mths later as they attempted with us. Scumbags forced us out because of pure greed.

The silver lining was that although we were forced to move, it paved the way for a sequence of events that led to us purchasing a neighbouring flat for an absolute steal. It wouldn’t have happened without the rent hike because the flat we bought was offered to us by chance as we bumped into the seller in our communal stairwell before it went to market. It got us on the property ladder and we then managed to trade up a couple of years later after the financial crash in 2008.

Sometimes life’s challenges open a hidden path to better things in the long run.","a scummy landlord try this with we many , many year ago in edinburgh when they realise we be a couple live in a onebed flat . they would not budge when challenge on the rent hike , so we give notice that we be move out as luckily there happen to be a cheaper onebed flat literally over the road just on the market that be less than the new rent we d be quote . every time we have viewing of the old flat ahead of move out , we tell the potential tenant the rent the landlord want to charge we and it be hilarious watch the let agent face as they have to try to explain why our figure be high . they be try to get new tenant in at our old rent and then likely hike it later as they attempt with we . scumbag force we out because of pure greed . the silver lining be that although we be force to move , it pave the way for a sequence of event that lead to we purchase a neighbour flat for an absolute steal . it would not have happen rent hike because the flat we buy be offer to we by chance as we bump into the seller in our communal stairwell before it go to market . it get we on the property ladder and we then manage to trade up a couple of year later after the financial crash in . sometimes life challenge open a hidden path to well thing in the long run .",20,2024-12-09T15:54:40+00:00
m16pli6,t3_1ha8uvi,1ha8uvi,The_1701,12% is legal however they should give you 3 months notice of any rise.,be legal however they should give you month notice of any rise .,13,2024-12-09T12:51:05+00:00
m17d7yl,t3_1ha8uvi,1ha8uvi,IFEdinburghUK,"You can also take a look here: https://rentcalculator.service.gov.scot/ for a further insight - it's from the official Scottish governement site, it calculates how much of a rent increase you can expect depending on the current rent amount you pay and allowed rent increase amount, and it explains what is currenty allowed or not, maybe it will help a bit.","you can also take a look here for a further insight its from the official scottish governement site , it calculate how much of a rent increase you can expect depend on the current rent amount you pay and allow rent increase amount , and it explain what be currenty allow or not , maybe it will help a bit .",7,2024-12-09T15:24:21+00:00
m17swhd,t3_1ha8uvi,1ha8uvi,TranslatesToScottish,"12% is the max. I've had it twice now, both on the exact day they hit the 12 month time period for another rise (once per 12 months, with 3 month notice).

Fully expect the same again this coming year.  :(","be the max . I ve have it twice now , both on the exact day they hit the month time period for another rise once per month , with month notice . fully expect the same again this coming year .",3,2024-12-09T16:48:35+00:00
m1793px,t3_1ha8uvi,1ha8uvi,Plastic_Tooth_3299,Call Shelter Scotland for advice,call shelter scotland for advice,2,2024-12-09T15:00:43+00:00
m1c3r7t,t3_1ha8uvi,1ha8uvi,FuzzBuket,12% is the max. Lots of landlords have realized that there's demand so look forward to 12% every year. ,be the max . lot of landlord have realize that there s demand so look forward to every year .,1,2024-12-10T09:30:25+00:00
m1icm9m,t3_1ha8uvi,1ha8uvi,calathearose,"You can send the increase to a rent adjudicator! Dj Alexander did this to so many people this year since the rent cap is gone, but the market rate is almost never that high. Ours capped the increase to 5%","you can send the increase to a rent adjudicator ! dj alexander do this to so many people this year since the rent cap be go , but the market rate be almost high . our cap the increase to",1,2024-12-11T11:29:50+00:00
m2jg38g,t3_1ha8uvi,1ha8uvi,Gravyboat8899,If they didn’t give you a 3 month notice go straight to the rent officer or first tier tribunal,if they do not give you a month notice go straight to the rent officer or first tier tribunal,1,2024-12-17T19:23:21+00:00
m17dez1,t3_1ha8uvi,1ha8uvi,Suspicious_Side8976,12% is normal and in line or below market value 👍,be normal and in line or below market value,-9,2024-12-09T15:25:26+00:00
m16qimc,t1_m16pmnw,1ha8uvi,VisibleTart6849,Thank you for the detail,thank you for the detail,3,2024-12-09T12:58:10+00:00
m1bov8b,t1_m17iqyx,1ha8uvi,DanielReddit26,What a lovely story.,what a lovely story .,3,2024-12-10T06:45:00+00:00
m1btlqz,t1_m1bov8b,1ha8uvi,SpeakerFine6058,"Hopefully something equally positive can come from it for OP. It can honestly feel like the wild west out there renting a place, particularly in Edinburgh. Too many unscrupulous landlords and letting agents. Fingers crossed you manage to find a better deal than the one being tabled.","hopefully something equally positive can come from it for op . it can honestly feel like the wild west out there rent a place , particularly in edinburgh . too many unscrupulous landlord and let agent . finger cross you manage to find a well deal than the one be table .",1,2024-12-10T07:34:12+00:00
m0afpgl,t3_1h617ua,1h617ua,atascon,"Honestly the rental market is so messed up you won’t be able to get this granular and picky about areas unless you have lots of cash and/or time. Especially coming from overseas, which does add a few extra steps into the renting process.","honestly the rental market be so mess up you will not be able to get this granular and picky about area unless you have lot of cash time . especially come from overseas , which do add a few extra step into the renting process .",10,2024-12-04T00:21:54+00:00
m0afoop,t3_1h617ua,1h617ua,chamomile_cockatoo,"Are you planning on renting it from the spring and paying rent before you get here in the summer? Just wondering because there’s no way a landlord or letting agency will keep something off the market for you until you get here. Also some places won’t let you rent without seeing it first, though they may be willing to do a video viewing. 

People I know who have moved here from abroad have tended to book a hotel or similar for a few weeks and hunted for a flat once they get here because it’s hard enough when you’re here let alone trying to do it from another country. 

In terms of neighbourhoods - Saughton, Dalry, Gorgie, Stenhouse: def more ‘interesting’ characters whereas Balgreen, Corstorphine, Carrick Knowe and Polwarth are typically more well-off areas. Slateford varies but I would put it somewhere in the middle.","be you plan on rent it from the spring and pay rent before you get here in the summer ? just wonder because there s a landlord or let agency will keep something off the market for you until you get here . also some place will not let you rent it first , though they may be willing to do a video viewing . people I know who have move here from abroad have tend to book a hotel or similar for a few week and hunt for a flat once they get here because its hard enough when you re here let alone try to do it from another country . in term of neighbourhood saughton , dalry , gorgie , stenhouse def more interesting character whereas balgreen , corstorphine , carrick knowe and polwarth be typically more welloff area . slateford vary but I would put it somewhere in the middle .",3,2024-12-04T00:21:47+00:00
m0bo23o,t3_1h617ua,1h617ua,sjblack20,If you do end up going for Carrick knowe make sure you try to get an upper flat as the sound deadening is terrible in those properties and living below someone is not fun! Realise this is way down the line and you aren't even here yet but just to warn you,if you do end up go for carrick knowe make sure you try to get an upper flat as the sound deadening be terrible in those property and live below someone be ! realise this be way down the line and you be not even here yet but just to warn you,3,2024-12-04T05:04:18+00:00
m0ae9m5,t3_1h617ua,1h617ua,InterestingBass6931,"Sounds like you’d get on just fine in the Carrick Knowe, Balgreen neighbourhoods. I’d stay north of the tram lines personally.","sound like you d get on just fine in the carrick knowe , balgreen neighbourhood . I d stay north of the tram line personally .",1,2024-12-04T00:13:24+00:00
m0gennn,t3_1h617ua,1h617ua,superhoops,"Where in Montreal are you moving from? I have a little experience staying there, mainly west (NDG, Snowdon).","where in montreal be you move from ? I have a little experience stay there , mainly west ndg , snowdon .",1,2024-12-04T23:47:33+00:00
m0afvs3,t3_1h617ua,1h617ua,HeriotAbernethy,"There is a housing crisis and there can be dozens of folk going for the same property. Persistence and payment of six months rent upfront may be required to swing it.

Broadly speaking (it’s gone midnight here):

Haymarket - most lively, most variable in terms of properties in the vicinity

Murrayfield - nicer the north side of the bridge. Reasonable amenities nearby. Nice park. Access to Water of Leith, cycle path. Range from 1 bed tenement flats to detached homes which are amongst the most expensive in the city.

Balgreen - nice enough but minimal amenities (a few wee shops, pretty much)

Saughton - roughest, amenities much like Balgreen but with a park and skatepark. Access to Water of Leith.

ETA Have a look in binoculars view on Apple Maps or equivalent. It will tell you quite a lot.","there be a housing crisis and there can be dozen of folk go for the same property . persistence and payment of six month rent upfront may be require to swing it . broadly speak its go midnight here haymarket most lively , most variable in term of property in the vicinity murrayfield nicer the north side of the bridge . reasonable amenity nearby . nice park . access to water of leith , cycle path . range from bed tenement flat to detach home which be amongst the most expensive in the city . balgreen nice enough but minimal amenity a few wee shop , pretty much saughton roughest , amenity much like balgreen but with a park and skatepark . access to water of leith . eta have a look in binocular view on apple map or equivalent . it will tell you quite a lot .",0,2024-12-04T00:22:56+00:00
m0axpt8,t1_m0afpgl,1h617ua,crimson_basser,"Yeah, we've heard and read about a few of the hurdles like the wonderful feedback loop of having to have a Scottish bank account, which requires a Scottish address 😌","yeah , we ve hear and read about a few of the hurdle like the wonderful feedback loop of have to have a scottish bank account , which require a scottish address",0,2024-12-04T02:08:54+00:00
m0awqd3,t1_m0afoop,1h617ua,crimson_basser,"No no, I meant if we find something advertised in the spring months that will become available around our planned arrival time. We would maybe rent something for a few weeks before we arrive, but nothing more. 


It wouldn't feel right to have something sitting empty during a housing shortage (which we're also dealing with in Montreal which is why we haven't moved in 4 years 😌🙃) We've gotten in touch with a few letting agencies and also have gotten the response, that they would only consider in person viewings.  


We're hoping to avoid having to live out of a hotel for a few weeks while apartment hunting, as we'll likely be starting to work right away upon arrival. Although I'm coming to coach rugby so we may get lucky and end up rooming with someone temporarily if it comes to that🤞 But we're prepared for this reality! 


Thanks for the reply, lots of helpful info 👊",", I mean if we find something advertise in the spring month that will become available around our plan arrival time . we would maybe rent something for a few week before we arrive , but nothing more . it would not feel right to have something sit empty during a housing shortage which be also deal with in montreal which be why we have not move in year we ve get in touch with a few let agency and also have get the response , that they would only consider in person viewing . be hope to avoid have to live out of a hotel for a few week while apartment hunting , as well likely be start to work right away upon arrival . although I m come to coach rugby so we may get lucky and end up room with someone temporarily if it come to that but be prepare for this reality ! thank for the reply , lot of helpful info",1,2024-12-04T02:02:54+00:00
m0cag90,t1_m0bo23o,1h617ua,Common_Physics_1568,"I was going to post a similar thing, although if you can I'd just avoid them altogether. Really remarkably bad sound insulation.


My friend lives in an upper flat and it's like his neighbour's TV/radio is in the room with you. ","I be go to post a similar thing , although if you can I d just avoid they altogether . really remarkably bad sound insulation . my friend live in an upper flat and its like his neighbour tv radio be in the room with you .",1,2024-12-04T08:38:23+00:00
m0cwchw,t1_m0bo23o,1h617ua,crimson_basser,"Good info to keep in mind, thanks for that!","good info to keep in mind , thank for that !",1,2024-12-04T12:24:29+00:00
m0azlsv,t1_m0ae9m5,1h617ua,crimson_basser,"Yeah those two have been the most appealing looking so far, thanks!","yeah those two have be the most appealing look so far , thank !",1,2024-12-04T02:20:23+00:00
m0h1xp3,t1_m0gennn,1h617ua,crimson_basser,"Eastern end of Lachine near 1st ave! But I've lived in NDG (Girouard Park), St Henri, and Hochelaga-Maisonneuve before that. Grew up in the West Island.","eastern end of lachine near ave ! but I ve live in ndg girouard park , st henri , and hochelagamaisonneuve before that . grow up in the west island .",1,2024-12-05T02:05:39+00:00
m0azg9f,t1_m0afvs3,1h617ua,crimson_basser,"Yep, same thing happening here. Tons of sketchy and borderline if not illegal practices all over the shop. It's the wild west 🤠


I've spent far more time than I care to admit on street view driving through neighbourhoods trying to get a feel as best I can. 


Thanks for the summary of the neighbourhoods! Much appreciated 👊","yep , same thing happen here . ton of sketchy and borderline if practice all over the shop . its the wild west I ve spend far more time than I care to admit on street view drive through neighbourhood try to get a feel as good I can . thank for the summary of the neighbourhood ! much appreciate",2,2024-12-04T02:19:26+00:00
m0cf7ek,t1_m0axpt8,1h617ua,atascon,+ likely needing a UK based guarantor as well,likely need a uk base guarantor as well,3,2024-12-04T09:33:00+00:00
m0f2o2e,t1_m0awqd3,1h617ua,palinodial,"Ted lasso?

As in Scotland yiu only need to give 28 days notice to leave you will find most places will not be available until a month ahead. My main advice is become familiar with bus routes and tram routes and be flexible.",te lasso ? as in scotland yiu only need to give day notice to leave you will find most place will available until a month ahead . my main advice be become familiar with bus route and tram route and be flexible .,1,2024-12-04T19:39:20+00:00
m0cweag,t1_m0cag90,1h617ua,crimson_basser,Would we have better luck in a more recently renovated one?,would we have well luck in a more recently renovate one ?,1,2024-12-04T12:24:54+00:00
m0dzaup,t1_m0cf7ek,1h617ua,crimson_basser,Have also heard that... My partner has family in england that we may be able to have help us on that front. Thanks!,have also hear that my partner have family in england that we may be able to have help we on that front . thank !,1,2024-12-04T16:21:48+00:00
m0fh7h9,t1_m0f2o2e,1h617ua,crimson_basser,"I probably look more like Coach Beard than Ted, but if I can become Scottish Rugby's Canadian Ted Lasso, I'll have done well with my life! 

We've looked into and are open to living just about anywhere along the tram, although we'd prefer and are keeping our fingers crossed for the areas in the OP. In our first year at least we're hoping to be central enough without being in the heart of it all the time and be able to take full advantage of what the city has to offer as often as possible.","I probably look more like coach beard than te , but if I can become scottish rugbys canadian ted lasso , ill have do well with my life ! we ve look into and be open to live just about anywhere along the tram , although we d prefer and be keep our finger cross for the area in the op . in our first year at least be hope to be central enough in the heart of it all the time and be able to take full advantage of what the city have to offer as often as possible .",1,2024-12-04T20:51:53+00:00
m0d4prl,t1_m0cweag,1h617ua,Common_Physics_1568,"I wouldn't think it would make much difference unless the place had been retrofitted with a lot of sound insulation.


My friend's one is in a good state of repair, and has carpets down instead of bare floors. Problem is the original build. ","I would not think it would make much difference unless the place have be retrofit with a lot of sound insulation . my friend one be in a good state of repair , and have carpet down instead of bare floor . problem be the original build .",3,2024-12-04T13:25:55+00:00
m0dyn35,t1_m0dfg07,1h617ua,crimson_basser,"Yep, not sure we could afford to do that anyways and we're definitely conscious of the negative effects that non locals can have on a housing market. Any particular agencies to be wary of?


We've also seen it here in Montreal particularly with French students/workers in historic neighbourhoods with long time locals (especially elderly) being priced out, illegally forced/influenced to leave through a variety of borderline if not outright illegal tactics. 


All the power is with landlords, the burden of proof is on tenants through a tribunal that takes months.  


You don't have look far to hear horror stories, but my partner is a social worker and deals with housing issues regularly. It's quite sad where we've gotten to!","yep , we could afford to do that anyways and be definitely conscious of the negative effect that non local can have on a housing market . any particular agency to be wary of ? we ve also see it here in montreal particularly with french student worker in historic neighbourhood with long time local especially elderly be price out , illegally force influence to leave through a variety of borderline if illegal tactic . all the power be with landlord , the burden of proof be on tenant through a tribunal that take month . you do not have look far to hear horror story , but my partner be a social worker and deal with housing issue regularly . its quite sad where we ve get to !",1,2024-12-04T16:18:27+00:00
m0dz3hg,t1_m0d4prl,1h617ua,crimson_basser,"Gotcha, thanks!","gotcha , thank !",1,2024-12-04T16:20:45+00:00
m0ff9i3,t1_m0ep8tp,1h617ua,crimson_basser,"Yeah, its happening all over north america as well in any substantial city. For a while in Montreal agents and agencies were demanding proof of deposit or a purchase offer to even visit. Absolutely wild...

Good to know about DJ Alexander, although when I emailed a half dozen agencies a few weeks ago explaining our situation, DJ came back saying that they'll only rent to people who visit in person. So it seems like we wouldn't be able to go through them anyways...

Ive seen a good number of properties (half decent looking ones) listed for weeks and eventually drop in price, so maybe people just arent engaging with the tactics anymore or are deciding to stay where they are and demand is lessening?","yeah , its happen all over north america as well in any substantial city . for a while in montreal agent and agency be demand proof of deposit or a purchase offer to even visit . absolutely wild good to know about dj alexander , although when I email a half dozen agency a few week ago explain our situation , dj come back say that they ll only rent to people who visit in person . so it seem like we would not be able to go through they anyways I ve see a good number of property half decent look one list for week and eventually drop in price , so maybe people just be not engage with the tactic anymore or be decide to stay where they be and demand be lessen ?",1,2024-12-04T20:42:20+00:00
ls7ihg5,t3_1g50lgs,1g50lgs,jjw1998,"A lot of properties have ended up being considered significantly below market value due to the effect of the pandemic on the market, so there’s been a lot of rent increases recently for landlords to ‘readjust’","a lot of property have end up be consider significantly below market value due to the effect of the pandemic on the market , so there s be a lot of rent increase recently for landlord to readjust",4,2024-10-16T14:48:11+00:00
ls7vy1e,t3_1g50lgs,1g50lgs,Substantial_Dot7311,"Doesn’t sound mental in the current environment, not much around for £1,000 pcm now in Edinburgh   of course as an existing tenancy you can challenge it if it seems unfair  I think up to 6% is deemed acceptable and up to 12% as a tapered amount if the market rent is considerably higher   The landlord should give you the correct paperwork explaining all this though and you are supposed to get 3 months notice","do not sound mental in the current environment , around for pcm now in edinburgh of course as an exist tenancy you can challenge it if it seem unfair I think up to be deem acceptable and up to as a tapered amount if the market rent be considerably high the landlord should give you the correct paperwork explain all this though and you be suppose to get month notice",3,2024-10-16T16:00:27+00:00
ls7gm19,t3_1g50lgs,1g50lgs,062876344,"Per month or per year? 

And what are you paying at the moment per month?",per month or per year ? and what be you pay at the moment per month ?,5,2024-10-16T14:37:56+00:00
ls7ewjw,t3_1g50lgs,1g50lgs,harpistic,"Aye, and meh.","aye , and meh .",3,2024-10-16T14:28:20+00:00
ls7h9vt,t3_1g50lgs,1g50lgs,Constant-Ask370,Sorry it was £921.85 and January it’ll be £1000,sorry it be and january it ll be,1,2024-10-16T14:41:35+00:00
ls7hqz1,t1_ls7ewjw,1g50lgs,Constant-Ask370,:(,,-4,2024-10-16T14:44:11+00:00
ls7imkd,t1_ls7h9vt,1g50lgs,jjw1998,Legal if your current rent was deemed to be below market value,legal if your current rent be deem to be below market value,7,2024-10-16T14:48:58+00:00
ls7hx03,t1_ls7h9vt,1g50lgs,harpistic,WTAF,wtaf,-7,2024-10-16T14:45:06+00:00
ls7o5i9,t1_ls7k5nq,1g50lgs,Constant-Ask370,Ok thanks. Edinburgh is becoming ridiculous,ok thank . edinburgh be become ridiculous,-5,2024-10-16T15:19:00+00:00
lqe7d0e,t3_1fwefet,1fwefet,spherical-chicken,"Are you in a house share or a 1 bed flat or what? Is your rent per week or month? 

Maintenance of a rental is up to the landlord, not the tenant. Also, who has or needs a chimney in their kitchen these days?","be you in a house share or a bed flat or what ? be your rent per week or month ? maintenance of a rental be up to the landlord , tenant . also , who have or need a chimney in their kitchen these day ?",24,2024-10-05T01:36:07+00:00
lqf4tml,t3_1fwefet,1fwefet,mr_P0Opy_Butth0le,287 a week / a month. Why would your kitchen need a chimney people don't cook in a fire place anymore. You mean an extractor fan?,a week a month . why would your kitchen need a chimney people do not cook in a fire place anymore . you mean an extractor fan ?,5,2024-10-05T06:22:52+00:00
lqetoqu,t3_1fwefet,1fwefet,harpistic,Properties generally don’t have chimneys.,property generally do not have chimney .,4,2024-10-05T04:29:58+00:00
lqfezyg,t3_1fwefet,1fwefet,Shatthemovies,That seems really reasonable tbh,that seem really reasonable tbh,3,2024-10-05T08:21:40+00:00
lqgox1p,t3_1fwefet,1fwefet,Key-Main-2262,"I stay in an unfurnished flat in gorgie. 1 bed, pretty modern and I pay £900 a month. Our rent was originally £795 when we first moved in but this was during covid so as the rent cap has expired they have bumped it up a couple of times but overall it’s not unrealistic in my area for the type of flat it is. With our bills, council tax, rent and food for a month for 2 people we pay around £1200 a month and usually have some left over also. Hope this helps!","I stay in an unfurnished flat in gorgie . bed , pretty modern and I pay a month . our rent be originally when we first move in but this be during covid so as the rent cap have expire they have bump it up a couple of time but overall its in my area for the type of flat it be . with our bill , council tax , rent and food for a month for people we pay around a month and usually have some leave over also . hope this help !",1,2024-10-05T14:51:32+00:00
loosdj6,t3_1fock5n,1fock5n,blundermole,Search [www.spareroom.co.uk](http://www.spareroom.co.uk/) to get a sense of how much rooms are renting for at the moment,search to get a sense of how much room be rent for at the moment,6,2024-09-24T13:35:56+00:00
loositm,t1_loosdj6,1fock5n,Ch3w84cc4,Perfect! Thank you very much for your response.,perfect ! thank you very much for your response .,1,2024-09-24T13:36:51+00:00
lmswa0q,t3_1ff6gyu,1ff6gyu,tubbytucker,"Check back through the sub, there's some good advice in the previous replies","check back through the sub , there s some good advice in the previous reply",9,2024-09-12T18:07:38+00:00
lmwp8d2,t3_1ff6gyu,1ff6gyu,Osprenti,"Maybe have a look at the SIMD map for a general idea of how areas compare. 

Likely easiest if you give a sense of what your budget is.",maybe have a look at the simd map for a general idea of how area compare . likely easy if you give a sense of what your budget be .,0,2024-09-13T10:41:23+00:00
lmsz3jo,t1_lmswa0q,1ff6gyu,Varya55,"Thanks, I've just seen one actually that was helpful","thank , I ve just see one actually that be helpful",0,2024-09-12T18:22:43+00:00
lmwrbz3,t1_lmwp8d2,1ff6gyu,Varya55,"Thank you, yes I've had a look at that which has given me a good idea. I should have mentioned it'll be a council place, so the price is all pretty much the same. I found previous posts as well which have given more of an idea, it's just difficult to know from a list.","thank you , yes I ve have a look at that which have give I a good idea . I should have mention it ll be a council place , so the price be all pretty much the same . I find previous post as well which have give more of an idea , its just difficult to know from a list .",1,2024-09-13T11:00:51+00:00
lmz2zov,t3_1ff4hgn,1ff4hgn,ferdia6,"I'm curious, how did you manage to find such a great flat and honest & helpful landlord?","I m curious , how do you manage to find such a great flat and honest helpful landlord ?",3,2024-09-13T19:14:30+00:00
lmxp16w,t3_1ff4hgn,1ff4hgn,KodiakVladislav,"Used to live in Cowgate, and yeah, it was ADSL 2 over copper and 9Mbps at best, and there were no alternative options - all ADSL providers were much the same really, nothing to differentiate between them.

The best thing you can do is use Uswitch broadband postcode checker to see if you really do have any other options (have hyperoptic been installing in the old town?)

And also ensure that the dogshit connection described is actually an issue with the connection / provider - see what kind of speeds you get with a wired connection to router. If it's the distribution of the wifi signal within the flat that's the issue, you could perhaps live with it, with wired connections / powerline adapters.","use to live in cowgate , and yeah , it be adsl over copper and at good , and there be option all adsl provider be much the same really , nothing to differentiate between they . the good thing you can do be use uswitch broadband postcode checker to see if you really do have any other option have hyperoptic be instal in the old town ? and also ensure that the dogshit connection describe be actually an issue with the connection provider see what kind of speed you get with a wire connection to router . if its the distribution of the wifi signal within the flat that s the issue , you could perhaps live with it , with wire connection powerline adapter .",2,2024-09-13T14:44:10+00:00
lmxue9i,t3_1ff4hgn,1ff4hgn,Vinny-Ed,"Not sure what floor and proximity to buildings. 

5g via three home broadband.

Note the signal can vary from room to room.

If you have a 5g phone on three see if you can do a speed test in various rooms.

Signals can be improved when closer to a window and held high up.

This will give you an idea if it works, routers will be able to receive a stronger signal than your mobile.

https://bidb.uk/

For example indoors I get 4g on my balcony 5g. 

There are external antennas that can improve signals if placed near or outside the window.","what floor and proximity to building . g via three home broadband . note the signal can vary from room to room . if you have a g phone on three see if you can do a speed test in various room . signal can be improve when close to a window and hold high up . this will give you an idea if it work , router will be able to receive a strong signal than your mobile . for example indoor I get g on my balcony there be external antenna that can improve signal if place near or outside the window .",2,2024-09-13T15:13:14+00:00
lmxrspw,t1_lmwx2ts,1ff4hgn,StormArlo,"Yeah, my partner had a viewing last week. The landlord is a very kind man and very honest about the issues in the house (like poor ee box, hard mattress). This place is very bright and spacious compared to the other viewings, as most of the places looked so cramped up and not like the real pictures, that is why we are so drawn to it.","yeah , my partner have a view last week . the landlord be a very kind man and very honest about the issue in the house like poor ee box , hard mattress . this place be very bright and spacious compare to the other viewing , as most of the place look so cramp up and the real picture , that be why we be so drawn to it .",1,2024-09-13T14:59:03+00:00
lmz8f3f,t1_lmz2zov,1ff4hgn,StormArlo,"Honest to God, we just got lucky with him I reckon. But trust me when I say this we had heaps and heaps of viewings in the last 3 weeks and it was always a hit and miss! We also have a few more lined up but we really like this place and have decided to put down our application.","honest to god , we just get lucky with he I reckon . but trust I when I say this we have heap and heap of viewing in the last week and it be always a hit and miss ! we also have a few more line up but we really like this place and have decide to put down our application .",2,2024-09-13T19:44:48+00:00
lmyn3lb,t1_lmxxwm2,1ff4hgn,ieya404,Grassmarket is mostly listed buildings and within a conservation area - you'd need listed building consent to put up a dish and pretty unlikely you'd get it given how visible the area is.,grassmarket be mostly list building and within a conservation area you d need list building consent to put up a dish and pretty unlikely you d get it give how visible the area be .,3,2024-09-13T17:47:30+00:00
lmyz3gm,t1_lmxxwm2,1ff4hgn,StormArlo,"Checked on this, it’s only available for rural areas! Apparently nothing works in EH1! I wonder how do people survive :(","check on this , its only available for rural area ! apparently nothing work in ! I wonder how do people survive",1,2024-09-13T18:53:00+00:00
lmz8lnb,t1_lmz8f3f,1ff4hgn,ferdia6,Good stuff. Hope it all works out for you!,good stuff . hope it all work out for you !,1,2024-09-13T19:45:49+00:00
lmzm2ns,t1_lmyz3gm,1ff4hgn,Savage_Tech,"Starlink definitely works on the royal mile, I've used a starlink at holy rood palace and at the castle.","starlink definitely work on the royal mile , I ve use a starlink at holy rood palace and at the castle .",2,2024-09-13T20:59:47+00:00
lmz8p3i,t1_lmz8lnb,1ff4hgn,StormArlo,Thank you heaps for your wishes 🤞,thank you heap for your wish,1,2024-09-13T19:46:20+00:00
lm1clt0,t3_1fbkfiy,1fbkfiy,Cassie-aaah,"Landlords are required to be registered and to follow specific legal processes in order to establish a lease.
Your deposit is required to be held by an independent agency.
Further info available on Scottish and Edinburgh government sites

https://www.edinburgh.gov.uk/moving-edinburgh-1/help-students-renting",landlord be require to be register and to follow specific legal process in order to establish a lease . your deposit be require to be hold by an independent agency . further info available on scottish and edinburgh government site,15,2024-09-08T00:16:30+00:00
lm2xs9r,t3_1fbkfiy,1fbkfiy,AethersPhil,"If a landlord asks for a deposit before you can get a viewing, it’s a scam.","if a landlord ask for a deposit before you can get a viewing , its a scam .",4,2024-09-08T07:51:27+00:00
lm391y8,t3_1fbkfiy,1fbkfiy,eoz,"Be very careful if you've not viewed in person. There's a lot of pressure on the rental market right now so landlords are likely to get a tenant after only a few people have looked around: if it's been on the market for a couple of weeks it's generally because it either doesn't exist or there's something wrong with it.

If you've got a landlord who picked you despite it being a few weeks before you can move in, cheerfully took three months plus a deposit up front and isn't going through an agent, be _very_ suspicious. At a minimum, look up the landlord registration for the flat. Maybe have a friend pretend to be interested and see if they, too, are given the option to hand over several thousand pounds.","be very careful if you ve in person . there s a lot of pressure on the rental market right now so landlord be likely to get a tenant after only a few people have look around if its be on the market for a couple of week its generally because it either do not exist or there s something wrong with it . if you ve get a landlord who pick you despite it be a few week before you can move in , cheerfully take three month plus a deposit up front and be not go through an agent , be very suspicious . at a minimum , look up the landlord registration for the flat . maybe have a friend pretend to be interested and see if they , too , be give the option to hand over several thousand pound .",2,2024-09-08T09:56:50+00:00
lm2kl3z,t3_1fbkfiy,1fbkfiy,Helzibob,Are you coming from abroad? Depending on your partners visa status (if applicable) you’ll be entitled to a discount or exemption on your council tax. You’ll need to apply for this though. It is not done automatically.,be you come from abroad ? depend on your partner visa status if applicable you ll be entitle to a discount or exemption on your council tax . you ll need to apply for this though . it be automatically .,2,2024-09-08T05:33:51+00:00
lm1vu4z,t3_1fbkfiy,1fbkfiy,Mammoth_Parfait7744,"Where did you find this property? It's not very common to rent outside of an estate agency, so please ensure this isn't a scam.

Don't send any money unless you have confirmed that they do in fact own the property, and have signed all relevant paperwork.

I assume you will be paying a deposit? Legally it will need to be protected by your landlord in a 3rd party deposit scheme. Have they told you who your deposit will be protected by?

Legally, they have to be registered, operating as an unregistered landlord is a criminal offence. You can check if your landlord is registered by entering the address here:

https://www.landlordregistrationscotland.gov.uk/search","where do you find this property ? its common to rent outside of an estate agency , so please ensure this be not a scam . do not send any money unless you have confirm that they do in fact own the property , and have sign all relevant paperwork . I assume you will be pay a deposit ? legally it will need to be protect by your landlord in a party deposit scheme . have they tell you who your deposit will be protect by ? legally , they have to be register , operate as an unregistered landlord be a criminal offence . you can check if your landlord be register by enter the address here",1,2024-09-08T02:21:52+00:00
lm1tgto,t3_1fbkfiy,1fbkfiy,Existing-Delivery-79,"Landlords are assholes in Edin. Make sure you have everything in writing, every conversation over text rather than call etc. I’ve had amazing landlords and awful ones. My advise is expect the worse and always have evidence","landlord be asshole in edin . make sure you have everything in writing , every conversation over text rather than call etc . I ve have amazing landlord and awful one . my advise be expect the bad and always have evidence",0,2024-09-08T02:05:49+00:00
lm1mwv5,t1_lm19251,1fbkfiy,harpistic,"This, and ensure the landlord is registered - I’ve had one particularly dodgy landlord with three different names, but none of them were registered for that flat.

Shelter is the support charity for housing issues and questions, in case you need any support. 

I’m always concerned about how they’ll handle repairs etc, so that’s worth discussing as well.","this , and ensure the landlord be register I ve have one particularly dodgy landlord with three different name , but none of they be register for that flat . shelter be the support charity for housing issue and question , in case you need any support . I m always concerned about how they ll handle repair etc , so that s worth discuss as well .",2,2024-09-08T01:22:33+00:00
lkn1w6l,t3_1f4ptbk,1f4ptbk,Mammoth_Parfait7744,"Wouldn't look great to who? You don't have to tell anyone how long you've been living at your current address.

Just continue looking for places and give your 28 days notice when required.",would not look great to who ? you do not have to tell anyone how long you ve be live at your current address . just continue look for place and give your day notice when require .,62,2024-08-30T08:12:05+00:00
lkn3wej,t3_1f4ptbk,1f4ptbk,QuicketyQuack,"Do you have much of a rental history before now? If you've got a load of long-term rentals before now I doubt a single short stay is going to worry someone much.


You can of course always lie about the reasoning if anyone does query it. For example ""I moved here for work, and my first rental was quite far from the office. I didn't think this would matter because the job was supposed to be hybrid but it turns out they do want me in quite a bit so I really need to move nearer.""","do you have much of a rental history before now ? if you ve get a load of longterm rental before now I doubt a single short stay be go to worry someone much . you can of course always lie about the reasoning if anyone do query it . for example I move here for work , and my first rental be quite far from the office . I do not think this would matter because the job be suppose to be hybrid but it turn out they do want I in quite a bit so I really need to move nearer .",6,2024-08-30T08:34:19+00:00
lknnre0,t3_1f4ptbk,1f4ptbk,FuzzBuket,"Landlords don't care about you. Stay for >1 year and most will hit you with a rent increase every year on the dot.


Do what's best for you.  Because a landlord won't. ",landlord do not care about you . stay for year and most will hit you with a rent increase every year on the dot . do what s good for you . because a landlord will not .,5,2024-08-30T11:45:31+00:00
lkn2nyl,t3_1f4ptbk,1f4ptbk,Necessary-Run6518,"I have the same concern, as I took whatever I could find during fringe and made up my mind to definitely move out within 2 months as soon as I stepped into the flat.","I have the same concern , as I take whatever I could find during fringe and make up my mind to definitely move out within month as soon as I step into the flat .",2,2024-08-30T08:20:37+00:00
lknbano,t3_1f4ptbk,1f4ptbk,Substantial_Dot7311,It’s pretty much up to you these days   Landlords would of course prefer you stay longer but that isn’t your problem   Leave it tidy so as not to have deposit issues and you are good to go,its pretty much up to you these day landlord would of course prefer you stay long but that be not your problem leave it tidy so as have deposit issue and you be good to go,1,2024-08-30T09:54:58+00:00
lkt2wv0,t3_1f4ptbk,1f4ptbk,AdAsleep7329,"Why worry? Apply for somewhere else and if the landlord / agent doesn’t like that you seem to move around so much they’ll just choose someone else to live there. They might want someone who seems more settled (which is their call), but it’s not like your application will cause a black mark against your name somewhere ","why worry ? apply for somewhere else and if the landlord agent do not like that you seem to move around so much they ll just choose someone else to live there . they might want someone who seem more settle which be their call , but its your application will cause a black mark against your name somewhere",1,2024-08-31T09:16:32+00:00
ll6gjyj,t3_1f4ptbk,1f4ptbk,yakuzakid3k,When did the rental laws change to 'move anytime'. When I was renting (albeit 20 years ago) you always had to sign a 6 month to a year contract.,when do the rental law change to move anytime . when I be rent albeit year ago you always have to sign a month to a year contract .,1,2024-09-02T17:50:51+00:00
lkn2lo2,t1_lkn1w6l,1f4ptbk,mr-rabbit-13,"A number of letting agents use this 'My Rental CV' thing where you have to state previous addresses and time spent at the property. Hence my concern.

That said, I'm sure I could fudge it somewhat.","a number of let agent use this my rental cv thing where you have to state previous address and time spend at the property . hence my concern . that say , I m sure I could fudge it somewhat .",18,2024-08-30T08:19:55+00:00
lkn4cj3,t1_lkn3wej,1f4ptbk,mr-rabbit-13,"10 years, although the only ask for the last 3, and only moved due to relocated, rather than not liking the place.

I'm going to be a postgraduate student, so could also say something along the lines of 'more lectures are in the main campus than I realised' type thing.","year , although the only ask for the last , and only move due to relocate , rather than the place . I m go to be a postgraduate student , so could also say something along the line of more lecture be in the main campus than I realise type thing .",2,2024-08-30T08:39:15+00:00
lkn2nzp,t1_lkn23lg,1f4ptbk,mr-rabbit-13,"Haha, yeah fair point!","haha , yeah fair point !",6,2024-08-30T08:20:37+00:00
lknoku5,t1_lknnre0,1f4ptbk,mr-rabbit-13,"I can’t believe that for one second! I was told all landlords care for tenants more than they do their own offspring. That’s why they inspect so often, as they are so concerned for our well-being. /s","I can not believe that for one second ! I be tell all landlord care for tenant more than they do their own offspring . that s why they inspect so often , as they be so concerned for our wellbeing .",2,2024-08-30T11:51:24+00:00
lkn2yss,t1_lkn2nyl,1f4ptbk,mr-rabbit-13,Did the short stay cause any issues in finding the new place?,do the short stay cause any issue in find the new place ?,2,2024-08-30T08:23:54+00:00
lknbgcx,t1_lknbano,1f4ptbk,mr-rabbit-13,"Yeah, getting the feeling that I was more concerned than I needed to be!","yeah , get the feeling that I be more concerned than I need to be !",2,2024-08-30T09:56:37+00:00
lknkq8j,t1_lkng6cr,1f4ptbk,mr-rabbit-13,"Thanks, yeah I think my concerns were overblown! Place looks good, and it might be that I get on with it fine, just nice to know my options first!","thank , yeah I think my concern be overblown ! place look good , and it might be that I get on with it fine , just nice to know my option first !",1,2024-08-30T11:22:17+00:00
lkn2vhj,t1_lkn2lo2,1f4ptbk,Mammoth_Parfait7744,"""I was desperate to find a place in Edinburgh (the housing market is crazy). Now that I'm settled, I realised that I'm probably spending a bit too much of my income on rent/location isn't right for me/etc, and this place is a much more realistic long-term option""

The changes to the minimum term is going to have the consequence of people moving more often, but the EA won't mind, as they get paid a flat-fee of £500-600 a time.","I be desperate to find a place in edinburgh the housing market be crazy . now that I m settle , I realise that I m probably spend a bit too much of my income on rent location be not right for I etc , and this place be a much more realistic longterm option the change to the minimum term be go to have the consequence of people move more often , but the ea will not mind , as they get pay a flatfee of a time .",25,2024-08-30T08:22:54+00:00
lknfmiw,t1_lkn2lo2,1f4ptbk,Slay_Zee,"Who cares.

You moved due to a noisy neighbor. 

You got pregnant and needed more space. 

You didn't like the flat. 

There was chickens running loose on the roof. 


Doesn't matter, you have a contract and your rights are within the contract. If you don't break anything contracted then do as you please!","who care . you move due to a noisy neighbor . you get pregnant and need more space . you do not like the flat . there be chicken run loose on the roof . do not matter , you have a contract and your right be within the contract . if you do not break anything contract then do as you please !",7,2024-08-30T10:37:47+00:00
lkn2nko,t1_lkn2f8b,1f4ptbk,Mammoth_Parfait7744,"If it comes up at any point, just explain that the previous place was not suitable, long-term.","if it come up at any point , just explain that the previous place be , longterm .",4,2024-08-30T08:20:30+00:00
lkn2s8p,t1_lkn2f8b,1f4ptbk,mr-rabbit-13,"Exactly this, on both points!","exactly this , on both point !",2,2024-08-30T08:21:55+00:00
lkn3jz7,t1_lkn2yss,1f4ptbk,Necessary-Run6518,"I am yet to change, I moved in on Monday in this flat around Gorgie","I be yet to change , I move in on monday in this flat around gorgie",2,2024-08-30T08:30:27+00:00
lkn3d83,t1_lkn2vhj,1f4ptbk,mr-rabbit-13,"That is basically the line I would go for. Any you're right, EA's wouldn't give a damn and more money in their back pockets, but landlords might.","that be basically the line I would go for . any you re right , ea would not give a damn and more money in their back pocket , but landlord might .",2,2024-08-30T08:28:19+00:00
lknl00s,t1_lknfmiw,1f4ptbk,mr-rabbit-13,chicken on the roof is most likely reason - they're a pain to deal with,chicken on the roof be most likely reason they re a pain to deal with,3,2024-08-30T11:24:26+00:00
lkn2twq,t1_lkn2nko,1f4ptbk,mr-rabbit-13,Was contemplated saying something similar.,be contemplate say something similar .,1,2024-08-30T08:22:26+00:00
lkn3n2f,t1_lkn3jz7,1f4ptbk,mr-rabbit-13,"Cool, hope you find somewhere you that is more suitable!","cool , hope you find somewhere you that be more suitable !",3,2024-08-30T08:31:26+00:00
lkn3igy,t1_lkn3d83,1f4ptbk,Mammoth_Parfait7744,"If you had a long-term history of doing it, it would be a negative. 

Doing so once wouldn't really be a consideration.","if you have a longterm history of do it , it would be a negative . do so once would not really be a consideration .",10,2024-08-30T08:29:59+00:00
lkn3rr8,t1_lkn3n2f,1f4ptbk,Necessary-Run6518,"Yeah, 1200 is too expensive for the place so definitely makes sense for something less expensive","yeah , be too expensive for the place so definitely make sense for something less expensive",2,2024-08-30T08:32:53+00:00
lkn3rnq,t1_lkn3igy,1f4ptbk,mr-rabbit-13,"I don't, so fair point, Ta!","I do not , so fair point , ta !",1,2024-08-30T08:32:51+00:00
lkn40ou,t1_lkn3rr8,1f4ptbk,mr-rabbit-13,"Yeah, mines 1250, reckon I could find somewhere nicer for less. The 'found a place at the most difficult time of year' argument would be understandable.","yeah , mine , reckon I could find somewhere nice for less . the find a place at the most difficult time of year argument would be understandable .",3,2024-08-30T08:35:39+00:00
lifhyl7,t3_1ett8a9,1ett8a9,zubeye,"you can either enter a de facto lottery with new listings, or look for older reduced listings which are much easier to get viewings for,","you can either enter a de facto lottery with new listing , or look for old reduce listing which be much easy to get viewing for ,",7,2024-08-16T16:39:20+00:00
lifl904,t3_1ett8a9,1ett8a9,PossibleFun7711,"Honestly, I am tempted to get an HMO and go searching for roommates. I'm 45 and do not want to live in a grimy bedsit.","honestly , I be tempt to get an hmo and go search for roommate . I m and do to live in a grimy bedsit .",4,2024-08-16T16:56:23+00:00
lifkfsg,t3_1ett8a9,1ett8a9,Substantial_Dot7311,"Try Openrent  private landlords use it and the ads go on there slightly before they list on rightmove   Also have some blurb ready about why you’d be the best tenant ever   It’s highly competitive at the moment, lots of people are sitting tight on capped rents, albeit with some increased recently a bit and they are not inclined to move so not many flats are coming on the market   Add to that some are let for the festival which reduces supply too   Good luck","try openrent private landlord use it and the ad go on there slightly before they list on rightmove also have some blurb ready about why you d be the good tenant ever its highly competitive at the moment , lot of people be sit tight on capped rent , albeit with some increase recently a bit and they be to move so flat be come on the market add to that some be let for the festival which reduce supply too good luck",7,2024-08-16T16:52:10+00:00
lifkmnw,t3_1ett8a9,1ett8a9,Wirralgir1,"It can be who you know - if you are working, ask if anyone needs someone to flat-share, use any staff noticeboards to post what you want. 

If you are a student, ask at the students' union where folk advertise.
When I rented out a flat I owned I rarely had to advertise; the remaining tenants often knew someone so if their references checked out it was a quick process.

If you want a whole flat or house to yourself, check out towns outside the city such as Loanhead or Penicuik. Edinburgh has a good bus service, including night-buses.
Best of luck, whatever you decide 😁","it can be who you know if you be work , ask if anyone need someone to flatshare , use any staff noticeboard to post what you want . if you be a student , ask at the student union where folk advertise . when I rent out a flat I own I rarely have to advertise the remain tenant often know someone so if their reference check out it be a quick process . if you want a whole flat or house to yourself , check out town outside the city such as loanhead or penicuik . edinburgh have a good bus service , include nightbuse . good of luck , whatever you decide",3,2024-08-16T16:53:10+00:00
lifghn4,t3_1ett8a9,1ett8a9,PossibleFun7711,"It seems to me that it's a numbers game. Yesterday I was up from 5:30 and emailing, messaging, then having to respond to the awful 'application' forms just for a viewing. Got one viewing for a flat and then my potential roommate dropped out. Gutted!!
It's awful. I've been doing this for two weeks straight and I have a health condition.","it seem to I that its a number game . yesterday I be up from and email , message , then have to respond to the awful application form just for a viewing . get one view for a flat and then my potential roommate drop out . gutted ! ! its awful . I ve be do this for two week straight and I have a health condition .",4,2024-08-16T16:31:39+00:00
lifo8rx,t3_1ett8a9,1ett8a9,Bobby-Dazzling,"Just scored a place after three weeks of daily emails, texts, and phone calls.  Many one year leases are coming in the market right now due to the school schedule, so keep looking. As the Fringe fades away in the next weeks, those places will open up also.  I found having a paid subscription to SpareRoom made a huge difference for getting a viewing before they were all filled up.","just score a place after three week of daily email , text , and phone call . many one year lease be come in the market right now due to the school schedule , so keep look . as the fringe fade away in the next week , those place will open up also . I find have a pay subscription to spareroom make a huge difference for get a viewing before they be all fill up .",2,2024-08-16T17:12:09+00:00
liflyrl,t1_lifhyl7,1ett8a9,PossibleFun7711,"Ah, hadn't thought of looking at the older ones. Great idea 💡","ah , have not think of look at the old one . great idea",0,2024-08-16T17:00:06+00:00
lifmkss,t1_lifkfsg,1ett8a9,SBfilmmaker,I second OpenRent. Definitely the best option in my experience.,I second openrent . definitely the good option in my experience .,3,2024-08-16T17:03:18+00:00
lifhr2d,t1_lifghn4,1ett8a9,BeardBoy10,Oof that sucks. Our current flat got flooded by a mains water pipe from 2 flats above so now we need to find somewhere new and it's just soul destroyingly hard. Good luck to you though!,oof that suck . our current flat get flood by a main water pipe from flat above so now we need to find somewhere new and its just soul destroyingly hard . good luck to you though !,3,2024-08-16T16:38:15+00:00
lifl0pq,t1_lifhr2d,1ett8a9,PossibleFun7711,Renting? Does the landlord not have to put you up somewhere?,renting ? do the landlord to put you up somewhere ?,4,2024-08-16T16:55:12+00:00
lid5x14,t3_1ethe4i,1ethe4i,tubbytucker,search the sub for 'housing crisis'.,search the sub for housing crisis .,29,2024-08-16T06:08:14+00:00
lid925u,t3_1ethe4i,1ethe4i,porcupineporridge,"Gets asked on here *all* the time. Essentially, major housing crisis and unlikely to get a place remotely. Consider commuter towns, such as Musselburgh and Linlithgow. All depends on budget and need also.","get ask on here all the time . essentially , major housing crisis and unlikely to get a place remotely . consider commuter town , such as musselburgh and linlithgow . all depend on budget and need also .",17,2024-08-16T06:40:13+00:00
lid7t6b,t3_1ethe4i,1ethe4i,CraigJDuffy,"It’s almost impossible to find a flat, doubly so one that allows pets.","its almost impossible to find a flat , doubly so one that allow pet .",13,2024-08-16T06:27:23+00:00
lideyku,t3_1ethe4i,1ethe4i,jopheza,"It depends on how much money you have and what’s available in your budget.

Edit - didn’t see the “remotely” bit. 

Yeah, that’ll be hard. 

If you have a lot of money you could speak to an agent and see what they can do for you, but you’re probably looking at the highest end of the market for that","it depend on how much money you have and what s available in your budget . edit do not see the remotely bit . yeah , that ll be hard . if you have a lot of money you could speak to an agent and see what they can do for you , but you re probably look at the high end of the market for that",5,2024-08-16T07:43:21+00:00
lid9m2d,t3_1ethe4i,1ethe4i,ferdia6,"It's very difficult but more so with adding a pet into the mix along with having to secure a flat remotely.
Some good posts to read through for sure, they would certainly help manage your expectations at least","its very difficult but more so with add a pet into the mix along with have to secure a flat remotely . some good post to read through for sure , they would certainly help manage your expectation at least",3,2024-08-16T06:45:55+00:00
lidjtlx,t3_1ethe4i,1ethe4i,omggcantfindusername,"If you have between 2500 and 4000 pounds to spend on rent per month, its really simple. Otherwise its almost  impossible","if you have between and pound to spend on rent per month , its really simple . otherwise its almost impossible",3,2024-08-16T08:37:33+00:00
liddrrs,t3_1ethe4i,1ethe4i,Valuable-Wallaby-167,"To rent remotely you're going to have to find someone willing to do viewings for you. A lot of rentals don't accept applications without viewings. How hard it is depends on your income vs your expectations. You'll have more luck in a commuter town though. Letting in Scotland is open ended though, no fixed term. So if you find something that will do for now you're not stuck in it for a year.","to rent remotely you re go to have to find someone willing to do viewing for you . a lot of rental do not accept application . how hard it be depend on your income vs your expectation . you ll have more luck in a commuter town though . let in scotland be open end though , term . so if you find something that will do for now you re in it for a year .",3,2024-08-16T07:30:12+00:00
lidgqcf,t3_1ethe4i,1ethe4i,Rather_Dashing,"I think it depends how much you are willing to spend, I never found it difficult to find a rental even though I saw posts here complaining it was impossible at the same time I was hunting, and that was with a cat too. I think if you are looking for something above the minimum it gets easier. I reccomend Gumtree and CityLets for private landlords, just make sure to look them up on the landlord registry to avoid scams. If you see ads that say 'no pets' in the listing just ask the agency or landlord, they are often open to cats.

I agree with the others that it will be extremely difficult to find something remotely. Would suggest finding temporary accomodation to start with.","I think it depend how much you be willing to spend , I it difficult to find a rental even though I see post here complain it be impossible at the same time I be hunt , and that be with a cat too . I think if you be look for something above the minimum it get easy . I reccomend gumtree and citylet for private landlord , just make sure to look they up on the landlord registry to avoid scam . if you see ad that say in the listing just ask the agency or landlord , they be often open to cat . I agree with the other that it will be extremely difficult to find something remotely . would suggest find temporary accomodation to start with .",2,2024-08-16T08:03:11+00:00
liez9rs,t3_1ethe4i,1ethe4i,FuzzBuket,"It's normally hard. It's currently the world's largest arts festival and all the students are in a mad dash for housing too.


In 3 months it may be easier, but it's still mad. Obviously the higher your budget the easier it is ","its normally hard . its currently the world large art festival and all the student be in a mad dash for housing too . in month it may be easy , but its still mad . obviously the high your budget the easy it be",1,2024-08-16T15:01:08+00:00
lifkr94,t3_1ethe4i,1ethe4i,PossibleFun7711,"Other than getting a roommate who is on the ground, I'd recommend getting a short term let and doing nothing other than flat hunting and have lots of money to hand.","other than get a roommate who be on the ground , I d recommend get a short term let and do nothing other than flat hunting and have lot of money to hand .",1,2024-08-16T16:53:50+00:00
lidf2jb,t1_lid9m2d,1ethe4i,rexopolis-,"Thanks. Remotely is just ideal, sounds like I might have to go solo for a bit with temporary housing","thank . remotely be just ideal , sound like I might have to go solo for a bit with temporary housing",1,2024-08-16T07:44:34+00:00
lidewxh,t1_liddrrs,1ethe4i,rexopolis-,Oh that's great to know. Thanks. We had a similar situation in BC but every place requires a year lease,oh that s great to know . thank . we have a similar situation in bc but every place require a year lease,1,2024-08-16T07:42:52+00:00
lidl8pu,t1_lidgqcf,1ethe4i,rexopolis-,Thanks for the helpful advice,thank for the helpful advice,2,2024-08-16T08:53:17+00:00
lfy8d29,t3_1ehcc2a,1ehcc2a,jasonpswan,"Lol, it's not a renter's market.

People are offering above the asked rent, so you are on to plums if you think there's a chance the landlord will take less rent than is advertised.","lol , its renter market . people be offer above the ask rent , so you be on to plum if you think there s a chance the landlord will take less rent than be advertise .",65,2024-08-01T09:33:21+00:00
lfyb1ps,t3_1ehcc2a,1ehcc2a,VardaElentari86,"No. Paying 6 months in advance MIGHT give you an advantage in getting the flat, but not reducing the rent","no . pay month in advance might give you an advantage in get the flat , but the rent",21,2024-08-01T10:02:46+00:00
lfyawgg,t3_1ehcc2a,1ehcc2a,luckykat97,"No, Edinburgh has a rental crisis and you're competing against loads of people for the same property. If you go under the listed rental price you absolutely won't get the property. Others are likely to offer above if anything.","no , edinburgh have a rental crisis and you re compete against load of people for the same property . if you go under the list rental price you absolutely will not get the property . other be likely to offer above if anything .",10,2024-08-01T10:01:11+00:00
lfy9cam,t3_1ehcc2a,1ehcc2a,PF_tmp,Seems extremely unlikely this will work. Paying 6 months up front isn't particularly uncommon or special either unfortunately. ,seem extremely unlikely this will work . pay month up front be not particularly uncommon or special either unfortunately .,17,2024-08-01T09:44:13+00:00
lfy9s8z,t3_1ehcc2a,1ehcc2a,Kingofmostthings,Flat in my block the couple paid 20% over the advertised rent and had 6 months deposit. One bed flat in fountainbridge.,flat in my block the couple pay over the advertised rent and have month deposit . one bed flat in fountainbridge .,7,2024-08-01T09:49:07+00:00
lfycxlo,t3_1ehcc2a,1ehcc2a,blundermole,"You will only get lower than the listed rent if no other decent looking tenants are prepared to pay the listed rent.

Paying six months’ rent in advance is not a massive incentive, relative to a tenant (or, ideally, a couple) who are both earning enough to pay the rent.

I very rarely see flats in Edinburgh being let for less than their original listed price, because agents and landlords usually get the listed price right. One exception was during the pandemic, but that was followed by an equal and opposite reaction in the other direction, when rents skyrocketed. I think things have started to calm down a little, but not enough for you to be able to offer below the list price.","you will only get low than the list rent if decent look tenant be prepare to pay the list rent . pay six month rent in advance be massive incentive , relative to a tenant or , ideally , a couple who be both earn enough to pay the rent . I very rarely see flat in edinburgh be let for less than their original list price , because agent and landlord usually get the list price right . one exception be during the pandemic , but that be follow by an equal and opposite reaction in the other direction , when rent skyrocket . I think thing have start to calm down a little , but for you to be able to offer below the list price .",4,2024-08-01T10:22:31+00:00
lfyc363,t3_1ehcc2a,1ehcc2a,deju_,"Being paid up front absolutely NO benefit to a landlord in Scotland.

Debating rent I doubt you'll even get a viewing if I'm honest. 

You need to re-evaluate the market. 

I'd say occupation and lifestyle are the most important.",be pay up front absolutely to a landlord in scotland . debate rent I doubt you ll even get a viewing if I m honest . you need to reevaluate the market . I d say occupation and lifestyle be the most important .,7,2024-08-01T10:13:46+00:00
lfybmzk,t3_1ehcc2a,1ehcc2a,keta_ro,"Do you have any credit history? Some people are willing to pay one year in front to get a rent in Edinburgh at the higher rate. 

Try something around in a one hour comute area.",do you have any credit history ? some people be willing to pay one year in front to get a rent in edinburgh at the high rate . try something around in a one hour comute area .,1,2024-08-01T10:09:05+00:00
lfyrjq4,t1_lfy8jnk,1ehcc2a,Hostillian,That's debatable..,that s debatable,3,2024-08-01T12:24:43+00:00
lfylkzb,t1_lfyc363,1ehcc2a,atascon,Being paid upfront is definitely a benefit for a landlord.,be pay upfront be definitely a benefit for a landlord .,0,2024-08-01T11:38:39+00:00
lfyh4f1,t1_lfyd5p5,1ehcc2a,Kingofmostthings,"Having been at a planning forecasting meeting last week- including a section of the growth of the city, I can confirm this comment pretty much nonsense.","having be at a planning forecasting meeting last week include a section of the growth of the city , I can confirm this comment pretty much nonsense .",15,2024-08-01T10:59:50+00:00
lfyly52,t1_lfylkzb,1ehcc2a,deju_,"Under Scottish law there are no contracts meaning you give me 12months rent. Leave after 1 month, I need to return 11months. So it sits in your account or the agents and you can really only release monthly. So do tell me the benefit to me?","under scottish law there be mean you give I rent . leave after month , I need to return . so it sit in your account or the agent and you can really only release monthly . so do tell I the benefit to I ?",6,2024-08-01T11:41:37+00:00
lfyitmx,t1_lfyh4f1,1ehcc2a,AmphibianOk106,Ya and the council are well known for their planning and forecasting abilities...,ya and the council be well known for their planning and forecasting ability,-19,2024-08-01T11:15:06+00:00
lfymdym,t1_lfyly52,1ehcc2a,atascon,"Certainty of funds, simple as. If you’re having to pick between dozens of prospective tenants, why wouldn’t you pick someone who has 6 months’ worth of rent in cash? From a practical perspective it means certainty of funds if the tenant does stay for 6 months and it also demonstrates a certain level of savings. Pretty obvious?","certainty of fund , simple as . if you re have to pick between dozen of prospective tenant , why would not you pick someone who have month worth of rent in cash ? from a practical perspective it mean certainty of fund if the tenant do stay for month and it also demonstrate a certain level of saving . pretty obvious ?",2,2024-08-01T11:45:13+00:00
lfyiyfk,t1_lfyitmx,1ehcc2a,Kingofmostthings,Not council. Investors looking to lend into the market. They tend to be better at this stuff when their own cash is on the line.,. investor look to lend into the market . they tend to be well at this stuff when their own cash be on the line .,8,2024-08-01T11:16:17+00:00
lfyk9ez,t1_lfyiyfk,1ehcc2a,AmphibianOk106,Ya like the bankers who never saw the banking crisis coming...,ya like the banker who the banking crisis come,-19,2024-08-01T11:27:32+00:00
lfylg1k,t1_lfyk9ez,1ehcc2a,atascon,"No one knows anything, all hail u/AmphibianOk106 the messiah","know anything , all hail u the messiah",14,2024-08-01T11:37:31+00:00
lexjgoj,t3_1ec5cw9,1ec5cw9,Kingofmostthings,"Please search the sub. This has been asked/covered three or four times this week. Essentially there is a housing crisis, and it’s harder to rent here than in large areas of London based on its being a much smaller city/people after each property. The one bed in our block had 10 people lined up to view the other week- most were couples, and I heard the guys that got it offered over what the landlord was asking rent wise.","please search the sub . this have be ask cover three or four time this week . essentially there be a housing crisis , and its hard to rent here than in large area of london base on its be a much small city people after each property . the one bed in our block have people line up to view the other week most be couple , and I hear the guy that get it offer over what the landlord be ask rent wise .",52,2024-07-25T20:46:39+00:00
lexjwfr,t3_1ec5cw9,1ec5cw9,laidbackpurple,"Unfortunately August is the worst possible time to be moving up to Edinburgh. 

The festival is in full swing and students are returning. 

There's a severe lack of housing in the city. 

My best advice would be to look at places outside the city on good transport links- west and east Lothian, find a place to rent there for a while so you can search in Edinburgh if you decide you must live here.","unfortunately august be the bad possible time to be move up to edinburgh . the festival be in full swing and student be return . there s a severe lack of housing in the city . my good advice would be to look at place outside the city on good transport link west and east lothian , find a place to rent there for a while so you can search in edinburgh if you decide you must live here .",58,2024-07-25T20:48:57+00:00
lexml1e,t3_1ec5cw9,1ec5cw9,luckykat97,"Edinburgh has a very well known rental crisis and has done for years. In the least offensive way possible, letting agents and landlords will have queues of people waiting to rent their properties and will not pander to the schedule of one couple like you seem to be expecting. It isn't a renters market.","edinburgh have a very well know rental crisis and have do for year . in the least offensive way possible , let agent and landlord will have queue of people wait to rent their property and will to the schedule of one couple like you seem to be expect . it be not a renter market .",42,2024-07-25T21:03:20+00:00
lexjv1n,t3_1ec5cw9,1ec5cw9,therealverylightblue,Really try to not arrive in August. There will be zero accomodation.,really try to in august . there will be zero accomodation .,28,2024-07-25T20:48:45+00:00
lexs4wy,t3_1ec5cw9,1ec5cw9,descentbecomesafall,"Finding a flat in Edinburgh will be a full time job right now. You've picked the worst possible time of year in the middle of a housing crisis. 

Take whatever temp accomodation you can get anywhere in commuting distance and sort something permanent when you're up here. Don't expect it to be easy though.",find a flat in edinburgh will be a full time job right now . you ve pick the bad possible time of year in the middle of a housing crisis . take whatever temp accomodation you can get anywhere in commute distance and sort something permanent when you re up here . do not expect it to be easy though .,17,2024-07-25T21:34:34+00:00
ley4irr,t3_1ec5cw9,1ec5cw9,fetchnatch,"Nae flats???

https://preview.redd.it/z7yvjdhiuqed1.jpeg?width=229&format=pjpg&auto=webp&s=1dd0656aa8ec009e886bc02b310c78e5550059f9",nae flat ? ? ?,13,2024-07-25T22:47:55+00:00
lez58tm,t3_1ec5cw9,1ec5cw9,harpistic,"August? Edinburgh? Really? 

This really isn’t London; if you consider what takes place in Edinburgh throughout the year, you’ll be better off postponing till late September or October when there will be less competition, and there’s almost no way you’ll get anything in August. 

Also, it’s really not a renters’ market here, and rentals work differently here.","august ? edinburgh ? really ? this really be not london if you consider what take place in edinburgh throughout the year , you ll be well off postpone till late september or october when there will be less competition , and there s almost you ll get anything in august . also , its really renter market here , and rental work differently here .",12,2024-07-26T02:49:28+00:00
lezvrxh,t3_1ec5cw9,1ec5cw9,yakuzakid3k,Do not come...,do,7,2024-07-26T06:38:15+00:00
lf01qk4,t3_1ec5cw9,1ec5cw9,cynicalveggie,"Hmmm did you mention to the letting agents you're from London?

They usually pull out the red carpet if you mention that. They'll even shine your shoes too. I'll have to give Swinney a call and tell him he's been slacking.",hmmm do you mention to the let agent you re from london ? they usually pull out the red carpet if you mention that . they ll even shine your shoe too . ill have to give swinney a call and tell he he s be slack .,11,2024-07-26T07:42:18+00:00
lextfdv,t3_1ec5cw9,1ec5cw9,Mammoth_Parfait7744,"In Scotland it's a case of chasing the agents. Nobody is going to call you back or respond to offers, as the demand is just incredibly high. 

Please hold off until September, August is crazy town (you'll be competing with tourists during Fringe, students trying to find accommodation for the new term, and Edinburgh is already going through a housing crisis).","in scotland its a case of chase the agent . nobody be go to call you back or respond to offer , as the demand be just incredibly high . please hold off until september , august be crazy town you ll be compete with tourist during fringe , student try to find accommodation for the new term , and edinburgh be already go through a housing crisis .",6,2024-07-25T21:41:59+00:00
leybtu8,t3_1ec5cw9,1ec5cw9,OkGuess8425,"Moving here myself and recently went on a flat hunting mission. Had reserved 4 days for viewings and I found my flat in 2 days. My tips are:

1- use rightmove as a guide to find agencies, then go directly to their websites and search and apply there.

2- book viewings 2-4 days in advance. Unfortunately it’s impossible to book with more notice. 

3- do your research and have a very clear idea of what your looking for and your budget, once you find something you like you’ll have to move fast. Have job, landlord, and income references ready.

4- the city centre is quite small so commuting should be fine, look at transport before deciding on where to look.","move here myself and recently go on a flat hunting mission . have reserve day for viewing and I find my flat in day . my tip be use rightmove as a guide to find agency , then go directly to their website and search and apply there . book viewing day in advance . unfortunately its impossible to book with more notice . do your research and have a very clear idea of what your look for and your budget , once you find something you like you ll have to move fast . have job , landlord , and income reference ready . the city centre be quite small so commuting should be fine , look at transport before decide on where to look .",4,2024-07-25T23:33:24+00:00
lf1tq6n,t3_1ec5cw9,1ec5cw9,harpistic,"How receptive is your wife’s new employer towards remote / hybrid working? No sane person would ever suggest moving here in August, unless it would be too far away for Fringe people and students - Royal Infirmary?","how receptive be your wife new employer towards remote hybrid working ? person would ever suggest move here in august , unless it would be too far away for fringe people and student royal infirmary ?",2,2024-07-26T15:52:34+00:00
leyb4vd,t3_1ec5cw9,1ec5cw9,pvtcvincent,"First off, welcome to Edinburgh! 

Second, August? Good luck, you're about to move here in hardcore mode. 

Definatley have a search through the sub as there will be some great up to date advice there. Not just on getting a rental but also which area would be right for you. 

I've rented from 98 to 22 in multiple flats until I was unlucky enough to be able to afford a deposit. It's always been cut throat but it's gone fucking bat shit crazy in the last few years but it's not impossible. I can think of three flats I've moved into over the years where the first time I saw it was when I was parked outside with the hire van.  

Last place I rented, open viewing. Carnage, I was just lucky I got the letting agent to take my card details over the phone first. 

As someone else already said, and because your looking in August, it might be worth getting somewhere a bit further out to begin with. If you're coming up from London where an hour commute is nothing, it really opens up your options. Lothian Buses are really good, not tube great, but good. Or have a look at somewhere on the Borders Rail line. It'll give you time to get settled, get to know the city and find out where works for you. 

Even in the best of times Letting Agents are disorganised cunts, it's just unfortunate that at the moment they are currently like pigs in shit so are ten times worse.","first off , welcome to edinburgh ! second , august ? good luck , you re about to move here in hardcore mode . definatley have a search through the sub as there will be some great up to date advice there . on get a rental but also which area would be right for you . I ve rent from to in multiple flat until I be unlucky enough to be able to afford a deposit . its always be cut throat but its gone fucking bat shit crazy in the last few year but its . I can think of three flat I ve move into over the year where the first time I see it be when I be park outside with the hire van . last place I rent , open viewing . carnage , I be just lucky I get the let agent to take my card detail over the phone first . as someone else already say , and because your look in august , it might be worth get somewhere a bit far out to begin with . if you re come up from london where an hour commute be nothing , it really open up your option . lothian bus be really good , great , but good . or have a look at somewhere on the border rail line . it ll give you time to get settle , get to know the city and find out where work for you . even in the good of time let agent be disorganised cunt , its just unfortunate that at the moment they be currently like pig in shit so be ten time bad .",2,2024-07-25T23:29:02+00:00
lf04yfr,t1_lf01qk4,1ec5cw9,canistillbegarth95,Every single one,every single one,-5,2024-07-26T08:18:12+00:00
lezoxln,t1_leybtu8,1ec5cw9,canistillbegarth95,Thank you for the genuinely helpful info ❤️,thank you for the genuinely helpful info,-11,2024-07-26T05:30:13+00:00
lf95yjd,t1_lf1tq6n,1ec5cw9,canistillbegarth95,"Gardener, so hybrid is impossible 🥳","gardener , so hybrid be impossible",1,2024-07-27T22:34:29+00:00
lezw6vj,t1_lezoxln,1ec5cw9,porcupineporridge,"Well that was passive aggressive - I think there’s lots of helpful info here, perhaps just not what you wanted to hear :/","well that be passive aggressive I think there s lot of helpful info here , perhaps just you want to hear",9,2024-07-26T06:42:32+00:00
lf19voh,t1_lezoxln,1ec5cw9,OkGuess8425,"Oh and two more tips:

5- openrent is quite active to look for flat being directly let by the landlord

6- don't be discouraged if every time you apply to view a flat it says 'no more viewings available'. go through with it and you'll get notified about viewings becoming available for a good portion of them!

Good Luck!",oh and two more tip openrent be quite active to look for flat being directly let by the landlord do not be discourage if every time you apply to view a flat it say viewing available . go through with it and you ll get notify about viewing become available for a good portion of they ! good luck !,1,2024-07-26T14:03:07+00:00
lf971yl,t1_lf95yjd,1ec5cw9,harpistic,"Damn - either the employer postpones the start date, or you have to settle for a lengthy commute, although as the city council decided to penalise non-hotel accommodation during the Fringe, that too will be harder to find. 

People find it entirely reasonable to charge £100/night for a room in a flatshare during the Fringe, that’s what the August accommodation situation is like. I’ve got a friend who wants £75/night for her spare room in Portobello… I was going to suggest targetting early September flats for non-students, but it’ll be massively competitive.","damn either the employer postpone the start date , or you have to settle for a lengthy commute , although as the city council decide to penalise nonhotel accommodation during the fringe , that too will be hard to find . people find it entirely reasonable to charge night for a room in a flatshare during the fringe , that s what the august accommodation situation be like . I ve get a friend who want night for her spare room in portobello I be go to suggest targette early september flat for nonstudent , but it ll be massively competitive .",2,2024-07-27T22:41:48+00:00
lezzwrg,t1_lezw6vj,1ec5cw9,canistillbegarth95,"Please try to understand: my wife has a start date in August for a new job, we can’t just wait to move. We will look for property in nearby towns and villages but due to health issues would prefer a short commute to the city centre.","please try to understand my wife have a start date in august for a new job , we can not just wait to move . we will look for property in nearby town and village but due to health issue would prefer a short commute to the city centre .",-6,2024-07-26T07:22:08+00:00
lf1kdz4,t1_lf19voh,1ec5cw9,canistillbegarth95,You’re amazing. Thanks so much 🏴󠁧󠁢󠁳󠁣󠁴󠁿,you re amazing . thank so much,1,2024-07-26T15:02:14+00:00
lf07kdl,t1_lezzwrg,1ec5cw9,porcupineporridge,"Sincerely, you have my sympathy entirely. However, your situation does not negate the reality of the housing situation in this city. The responses given weren’t wholly positive because your situation isn’t - the responses were informed and should help to manage your expectations. Best of luck.","sincerely , you have my sympathy entirely . however , your situation do the reality of the housing situation in this city . the response give be not wholly positive because your situation be not the response be inform and should help to manage your expectation . good of luck .",11,2024-07-26T08:47:38+00:00
lcwpn9b,t3_1e1t4lk,1e1t4lk,Kingofmostthings,"For £800 you should be able to get a room in a shared flat. You’ll obviously have other costs above that (gas, electricity, etc). Try spareroom","for you should be able to get a room in a share flat . you ll obviously have other cost above that gas , electricity , etc . try spareroom",12,2024-07-12T22:40:11+00:00
lcwgchi,t3_1e1t4lk,1e1t4lk,TheFugitiveSock,"Spareroom, or look outside Edinburgh. You’re not finding a flat in Edinburgh for that money, not least because the festival starts in three weeks.","spareroom , or look outside edinburgh . you re a flat in edinburgh for that money , because the festival start in three week .",10,2024-07-12T21:42:42+00:00
lcyoj18,t3_1e1t4lk,1e1t4lk,Kratos_BOY,"Citylets. That's how I finally got one last week. £900 for mine, though.

In fact, there's a few sub-£800 1 bed flats being advertised there now. Sub-£800 is usually double bed in shared accommodation territory. Good luck.


https://www.citylets.co.uk/results.aspx

It's going to be extremely difficult going.","citylet . that s how I finally get one last week . for mine , though . in fact , there s a few bed flat be advertise there now . be usually double bed in shared accommodation territory . good luck . its go to be extremely difficult going .",5,2024-07-13T08:15:03+00:00
lcwgotm,t3_1e1t4lk,1e1t4lk,Gc1981,Any place in Edinburgh you can  find for that won't be somewhere you want to live. Outside Edinburgh or rent a room. You won't find anything till September either.,any place in edinburgh you can find for that will not be somewhere you want to live . outside edinburgh or rent a room . you will not find anything till september either .,7,2024-07-12T21:44:42+00:00
lcwpkg5,t3_1e1t4lk,1e1t4lk,cloud__19,Do you think we could have an accommodation megathread or something?,do you think we could have an accommodation megathread or something ?,7,2024-07-12T22:39:41+00:00
lcymr3j,t1_lcwgchi,1e1t4lk,SpacecraftX,You absolutely can find a one bed for that. You just have to manage your expectations. Fringe will make it harder though.,you absolutely can find a one bed for that . you just have to manage your expectation . fringe will make it hard though .,1,2024-07-13T07:54:38+00:00
lcwtt0x,t1_lcwgotm,1e1t4lk,Rajasj25,"Sorry for the lack of information, do many places become available after the festival? I might move to a shared space till then","sorry for the lack of information , do many place become available after the festival ? I might move to a share space till then",0,2024-07-12T23:06:30+00:00
lcxpp9m,t1_lcwpkg5,1e1t4lk,randomlyalex,Basically saying you probably can't afford what you want?,basically say you probably can not afford what you want ?,3,2024-07-13T02:44:47+00:00
ld44zbf,t1_lcwtt0x,1e1t4lk,spookyleither,The festival affects the hotel industry more. Short term lets are supposed to be restricted in Edinburgh so you'll most likely see no difference in long term lets. Rent prices will not change after the festival.,the festival affect the hotel industry more . short term let be suppose to be restrict in edinburgh so you ll most likely see in long term let . rent price will after the festival .,1,2024-07-14T08:58:10+00:00
lchwfd8,t3_1dztfc5,1dztfc5,Neith-emwia,"1. Rightmove and Citylets are both good websites for rentals.   
2. Avoid Grant Property and Umega. We just finished a 7 year tenancy with Hadden Rankin who were really good although tried to fleece us £300 for cleaning at the end.   
3. I have friends who've used Gumtree to advertise/find private lets but probably not worth making a looking for a flat ad, I imagine the only people who'd respond would be trying to scam you. Edinburgh's rental market means landlords don't need to go looking for tenants, you have to do all the legwork.

Would recommend getting somewhere temporary when you come over and doing in person viewings. I moved here and found a flat within a few days 10 years ago. Just try to sort having a bank account/mobile first cause you need those. 

Can't stress enough that when you first get your flat take good photos of EVERYTHING to show the state its in. It's common practice that when you move out even if you do clean, landlords will attempt to charge you for 'cleaning' and keep some of your deposit. Having photos to show that you left it as you found it could save you hundreds of pounds. Deposits must be paid to a 3rd party deposit scheme, I think there's 3, which holds them during your tenancy and can arbitrate on deposit disputes. If someone asks for you to just give it to them directly RUN.",". rightmove and citylet be both good website for rental . . avoid grant property and umega . we just finish a year tenancy with hadden rankin who be really good although try to fleece we for clean at the end . . I have friend who ve use gumtree to advertise find private let but probably make a looking for a flat ad , I imagine the only people who d respond would be try to scam you . edinburgh rental market mean landlord do not need to go look for tenant , you have to do all the legwork . would recommend get somewhere temporary when you come over and do in person viewing . I move here and find a flat within a few day year ago . just try to sort have a bank account mobile first cause you need those . can not stress enough that when you first get your flat take good photo of everything to show the state its in . its common practice that when you move out even if you do clean , landlord will attempt to charge you for cleaning and keep some of your deposit . have photo to show that you leave it as you find it could save you hundred of pound . deposit must be pay to a party deposit scheme , I think there s , which hold they during your tenancy and can arbitrate on deposit dispute . if someone ask for you to just give it to they directly run .",26,2024-07-10T11:45:59+00:00
lchx3wf,t3_1dztfc5,1dztfc5,caesarportugal,"Avoid DJ Alexander like the plague - I'd say they are a bunch of cunts but that's not strong enough!

Honestly I've rented about a dozen flats in the city and the only landlords I'd got back to are the two privates I rented from. The first was through a friend - so not much help to you - the second was via Gumtree, so honestly I'd start there.  

Also, dunno what your household income is going to be but if its under around £38k you may be eligible for a mid-market housing association flat. Renting through them is a lot more pleasant than through a landlord.","avoid dj alexander like the plague I d say they be a bunch of cunt but that s enough ! honestly I ve rent about a dozen flat in the city and the only landlord I d get back to be the two private I rent from . the first be through a friend so help to you the second be via gumtree , so honestly I d start there . also , dunno what your household income be go to be but if its under around you may be eligible for a midmarket housing association flat . rent through they be a lot more pleasant than through a landlord .",27,2024-07-10T11:51:23+00:00
lci11hh,t3_1dztfc5,1dztfc5,madhatter989,You'll really struggle without being able to go to viewings in person.,you ll really struggle able to go to viewing in person .,9,2024-07-10T12:21:58+00:00
lciehud,t3_1dztfc5,1dztfc5,susanboylesvajazzle,"1. Take it as a given that all rental agents are bad. Most of them are and if your expectations are low when (if) you do come across a good one (Home Sweet Home in Leith are great) the only way is up. Worst experience I had was with Dunpark, but ultimately it's a competitive market so you don't really have the option to pick and choose.  

2. There seem to be fewer dodgy (Cavan farmer with a few flats type) landlords, but overall the aren't much better. 

3. It's not as competitive or as expensive as Dublin... until you realise Edinburgh is much smaller and salaries are lower than Dublin. Things, however, do move fast. I have moved back and forth to and from Edinburgh for years and being here for a week, or a few days, for viewings makes it so much easier. Also, take what you can get. Worse case you stay somewhere for a year and then look to move after that. 

4. What's on offer is different to Dublin. It depends on what you are looking for but there are far more flats and far fewer houses in the suburbs.  

5. Quality will vary, it is probably better than Dublin, but a lot will depend on your price point. If you are looking for older properties (New Town, Old Town Tenement) avoid at all costs electric heating. For new builds it is fine, but older properties in Edinburgh are, for the most part, cold and in winter you will go broke trying to keep them warm with electric heaters. If places aren't electric they'll be gas. 

6. Council tax- you'll need to factor this into your budget. Often overlooked, but it Scotland it includes your bin, water, and sewage charges - so you only really have energy costs. 

  
7. Parking/Transport/Driving - If you are living in the city centre having a car can be a right pain, so be conscious of parking availability. Lots of permit parking in operation. Public transport is great and relatively cheap. I gave up my car after a year of living here. 

8. Areas - there's few rough areas in Edinburgh, certainly not in the same way there are in Dublin. You really have to go to the outskirts of the city to find the dodgy bits. Google maps street view is great at giving you an idea of these. 

9. As a renter you're relatively well protected in Scotland. [https://rentersrights.campaign.gov.scot/](https://rentersrights.campaign.gov.scot/)",". take it as a give that all rental agent be bad . most of they be and if your expectation be low when if you do come across a good one home sweet home in leith be great the only way be up . bad experience I have be with dunpark , but ultimately its a competitive market so you do not really have the option to pick and choose . . there seem to be few dodgy cavan farmer with a few flat type landlord , but overall the be not much well . . its competitive or as expensive as dublin until you realise edinburgh be much small and salary be low than dublin . thing , however , do move fast . I have move back and forth to and from edinburgh for year and be here for a week , or a few day , for viewing make it so much easy . also , take what you can get . bad case you stay somewhere for a year and then look to move after that . . what s on offer be different to dublin . it depend on what you be look for but there be far more flat and far few house in the suburb . . quality will vary , it be probably well than dublin , but a lot will depend on your price point . if you be look for old property new town , old town tenement avoid at all cost electric heating . for new build it be fine , but old property in edinburgh be , for the most part , cold and in winter you will go broke try to keep they warm with electric heater . if place be not electric they ll be gas . . council tax you ll need to factor this into your budget . often overlook , but it scotland it include your bin , water , and sewage charge so you only really have energy cost . . parking transport drive if you be live in the city centre have a car can be a right pain , so be conscious of parking availability . lot of permit parking in operation . public transport be great and relatively cheap . I give up my car after a year of live here . . area there s few rough area in edinburgh , certainly the same way there be in dublin . you really have to go to the outskirt of the city to find the dodgy bit . google maps street view be great at give you an idea of these . . as a renter you re relatively well protect in scotland .",7,2024-07-10T13:52:04+00:00
lcizie4,t3_1dztfc5,1dztfc5,blindinglights29,"Avoid ANYTHING that has Mark Fortune connected to it. 

There is a thread here somewhere with the names of every one of his fake companies/letting agencies. 
He's just been done for his short term lets but theres still a lot of people in his decrepid long term lets saying nothing has changed. 

Hes a slum lord. 

https://www.bbc.co.uk/news/articles/cq55y7p7vyko",avoid anything that have mark fortune connect to it . there be a thread here somewhere with the name of every one of his fake company let agency . he s just be do for his short term let but there s still a lot of people in his decrepid long term let say nothing have change . he s a slum lord .,7,2024-07-10T15:49:41+00:00
lci69jj,t3_1dztfc5,1dztfc5,Osprenti,"Avoid the agents "" Fineholm """,avoid the agent fineholm,6,2024-07-10T12:59:10+00:00
lciyag7,t3_1dztfc5,1dztfc5,blindinglights29,"Highly recommend Northwood as an agency. 
Moved in sight unseen during lockdowns, just a video tour, and been here 3+ years now.


They are right on top of all maintenance and repairs, i dont even need to ask, they just book regular checks for everything from gas, water, heating, windows and more --  and then make note of things I've been totally ok living with, and send someone to fix it at another date. 


And while yes, the cost jumped as high as legally possible this april, its worth it for a flat thats faaaar nicer than equivalent ones in my surrounding area.","highly recommend northwood as an agency . move in sight unseen during lockdown , just a video tour , and be here year now . they be right on top of all maintenance and repair , I do not even need to ask , they just book regular check for everything from gas , water , heating , window and more and then make note of thing I ve be totally ok live with , and send someone to fix it at another date . and while yes , the cost jump as high as legally possible this april , its worth it for a flat that s faaaar nice than equivalent one in my surround area .",5,2024-07-10T15:43:12+00:00
lchxi8p,t3_1dztfc5,1dztfc5,Pristine_Ad7297,">Given our situation its quite unlikely that we could travel over for a viewing, but I have rented without a viewing in the past so have experience dealing with any issues. If anyone has any experience with this that would also be greatly appreciated. 

It's pretty impossible to get a flat sans viewing. Definitely recommend getting a short term let if you can. We did for two months and ended up extending until the day other people were booked in because it was taking longer than expected to find a place.
Citylets worked best for me, with email alerts and checking myself every hour because viewing slots can book out pretty quick. Also recommend emailing with the letting agents. I kept the email of one that was nice and talked to her about any listing's that went up since we'd met and she knew I was a real person actively looking.","give our situation its quite unlikely that we could travel over for a viewing , but I have rent view in the past so have experience deal with any issue . if anyone have any experience with this that would also be greatly appreciate . its pretty impossible to get a flat san view . definitely recommend get a short term let if you can . we do for two month and end up extend until the day other people be book in because it be take long than expect to find a place . citylet work well for I , with email alert and check myself every hour because view slot can book out pretty quick . also recommend email with the let agent . I keep the email of one that be nice and talk to she about any listing that go up since we d meet and she know I be a real person actively look .",7,2024-07-10T11:54:32+00:00
lci5ydi,t3_1dztfc5,1dztfc5,pink_galaxy_,"i’m with Chapmans, my partner and i recently moved into their flats, and they sent maintenance for a few things the pointed out needed fixed in the viewing as soon as we moved in! they were really helpful, and they have really nice flats on their website","I m with chapman , my partner and I recently move into their flat , and they send maintenance for a few thing the point out need fix in the viewing as soon as we move in ! they be really helpful , and they have really nice flat on their website",4,2024-07-10T12:57:05+00:00
lcifw0i,t3_1dztfc5,1dztfc5,yakuzakid3k,"You will have to treat it like a full time job, and you will have to be here to go to viewings.","you will have to treat it like a full time job , and you will have to be here to go to viewing .",3,2024-07-10T14:00:27+00:00
lciqkun,t3_1dztfc5,1dztfc5,Chance-Purpose-9652,"My partner and I moved from Waterford last November and we used a letting agency called At Home in Edinburgh. Like you, we had visited family and friends in Edinburgh over a number of years and came back for a quick visit to see where might be a good area to rent. We did the viewing via Teams and once we provided proof of income was above a certain threshold, there was no need for a UK guarantor. Once the contract was all signed, we sent the deposit and flew to Edinburgh for the day to collect the keys and headed back to Ireland to pack up. At Home in Edinburgh have been great to deal with and any issues with the house were fixed very quickly. I’ve seen a heap of post on here saying how terrible DJ Alexander is.

Best of luck with the house searching. There’s a fantastic Irish community in Edinburgh so you’ll feel right at home. Feel free to send me a message if you have any other questions on the move.","my partner and I move from waterford last november and we use a let agency call at home in edinburgh . like you , we have visit family and friend in edinburgh over a number of year and come back for a quick visit to see where might be a good area to rent . we do the view via team and once we provide proof of income be above a certain threshold , there be for a uk guarantor . once the contract be all sign , we send the deposit and fly to edinburgh for the day to collect the key and head back to ireland to pack up . at home in edinburgh have be great to deal with and any issue with the house be fix very quickly . I ve see a heap of post on here say how terrible dj alexander be . good of luck with the house search . there s a fantastic irish community in edinburgh so you ll feel right at home . feel free to send I a message if you have any other question on the move .",4,2024-07-10T15:01:15+00:00
lci7ssp,t3_1dztfc5,1dztfc5,Mammoth_Parfait7744,"How well do you know Edinburgh? 

If you don't know it well, I highly advise a week here first, to choose what areas you'll be open to moving to. 

You could easily do it in a week, considering Edinburgh isn't so big.","how well do you know edinburgh ? if you do not know it well , I highly advise a week here first , to choose what area you ll be open to move to . you could easily do it in a week , consider edinburgh be not so big .",2,2024-07-10T13:09:31+00:00
lcia875,t3_1dztfc5,1dztfc5,sqnch,"I had a good experience with Ballantynes letting agency for what it’s worth. I found the flat through Rightmove but they were good to deal with, wouldnt hesitate to go with them again.","I have a good experience with ballantyne let agency for what its worth . I find the flat through rightmove but they be good to deal with , would not hesitate to go with they again .",2,2024-07-10T13:25:23+00:00
lck5xtl,t3_1dztfc5,1dztfc5,Regular-Froyo-2342,"I was looking last year. I found that flats on Rightmove had already been let out by the time they were listed. You're better checking the rental agency websites directly. You’ll find out who they all are from Rightmove or this thread. From my experience, you’ll have to apply for a viewing- they’ll usually ask you to fill out a pre-screening question about your income, pets, smoking etc to make sure you quality, and then if there are any slots available you can register. If not, they’ll text or email, and you have to act fast- a lot of times by the time I clicked the link to register, the viewing slots were already taken. 
When you do get a viewing, if you like the place be prepared to apply and send all of your documents (references, proof of income etc) immediately after- more than once I missed out just walking back from the viewing. You also might not be the only person viewing at the same time. 
Personally had a good experience renting with DJ Alexander but it was a new build so didn’t have the issues others are mentioning here. 
Good luck- it’s tough out there but if you get a short term place and treat it a bit like a job, you’ll be okay. ","I be look last year . I find that flat on rightmove have already be let out by the time they be list . you re well check the rental agency website directly . you ll find out who they all be from rightmove or this thread . from my experience , you ll have to apply for a viewing they ll usually ask you to fill out a prescreene question about your income , pet , smoke etc to make sure you quality , and then if there be any slot available you can register . if not , they ll text or email , and you have to act fast a lot of time by the time I click the link to register , the view slot be already take . when you do get a viewing , if you like the place be prepared to apply and send all of your document reference , proof of income etc immediately after more than once I miss out just walk back from the viewing . you also might the only person view at the same time . personally have a good experience rent with dj alexander but it be a new build so do not have the issue other be mention here . good luck its tough out there but if you get a short term place and treat it a bit like a job , you ll be okay .",2,2024-07-10T19:32:37+00:00
lcpb6ka,t3_1dztfc5,1dztfc5,lenin1921,Consider renting and commuting by rail. You may find places like stirling easier to rent in. Also consider end of tram line on edge city. Of course need to assess total cost.,consider rent and commuting by rail . you may find place like stirling easy to rent in . also consider end of tram line on edge city . of course need to assess total cost .,2,2024-07-11T17:15:03+00:00
lcjnvuk,t3_1dztfc5,1dztfc5,Frequent-You369,"As a landlord (sorry, my property has a tenant) I've advertised my property several times over the past 12 years on Gumtree. I keep a note of the order of responses and invite about 3 people, in the order of responses to the advert.  I give it to the first person to view the flat and who wants it. If you applied for my property, you wouldn't have a chance unless you came to view it, and I can't be the only landlord who would have that same thought.

This is also the strategy of two other landlords in my stair - one's a lawyer and the other's a company director, so reputable people. My point being that there's nothing shifty about those who advertise on Gumtree/privately.

Although I find tenants myself, I rent the property through SPM (Southside Property Management) - I can't recommend them enough (although my experience is only from the landlord side).","as a landlord sorry , my property have a tenant I ve advertise my property several time over the past year on gumtree . I keep a note of the order of response and invite about people , in the order of response to the advert . I give it to the first person to view the flat and who want it . if you apply for my property , you would not have a chance unless you come to view it , and I can not be the only landlord who would have that same thought . this be also the strategy of two other landlord in my stair one a lawyer and the other a company director , so reputable people . my point be that there s nothing shifty about those who advertise on gumtree privately . although I find tenant myself , I rent the property through spm southside property management I can not recommend they enough although my experience be only from the landlord side .",2,2024-07-10T17:58:55+00:00
lchv5sp,t3_1dztfc5,1dztfc5,Common-Metal1746,"I haven't looked in two years, but even then it was the wild west. You would go to scheduled viewings to be told the property had already gone, you would be as interested as possible and never be invited for a viewing. Eventually we went through openrent and reached out directly to our current landlord.","I have not look in two year , but even then it be the wild west . you would go to scheduled viewing to be tell the property have already go , you would be as interested as possible and invite for a viewing . eventually we go through openrent and reach out directly to our current landlord .",2,2024-07-10T11:35:39+00:00
lci0cia,t3_1dztfc5,1dztfc5,zubeye,"I think it will be difficult to secure in advance. But feb/march is  the best time to try, out of student seeason  


New listings go very quick, you might want to look at older listings that have been reduced, which are much easier to get viewings for. 

I notice DJ Alexander gets a bad rap here but i had a good experience with them.","I think it will be difficult to secure in advance . but feb march be the good time to try , out of student seeason new listing go very quick , you might want to look at old listing that have be reduce , which be much easy to get viewing for . I notice dj alexander get a bad rap here but I have a good experience with they .",2,2024-07-10T12:16:43+00:00
lcjaa60,t3_1dztfc5,1dztfc5,Phinny55,"Hi, I moved from Dublin to here way back in 2010. I've not much to add, but you could be over and back in a day if you wanted to arrange viewings or scope out areas. I did it back then - hadn't been to Edinburgh before and wanted to know the place at least a little bit before I moved. If you get lucky you could get over and back for under £50.","hi , I move from dublin to here way back in . I ve to add , but you could be over and back in a day if you want to arrange viewing or scope out area . I do it back then have not be to edinburgh before and want to know the place at least a little bit before I move . if you get lucky you could get over and back for under .",1,2024-07-10T16:47:21+00:00
lcljzrd,t3_1dztfc5,1dztfc5,AnubissDarkling,Stay away from DJ Alexander where possible,stay away from dj alexander where possible,1,2024-07-11T00:10:31+00:00
lcmu9xm,t3_1dztfc5,1dztfc5,Distinct_Winner_3654,Spare room.   com,spare room . com,1,2024-07-11T05:44:39+00:00
lcp8n9p,t3_1dztfc5,1dztfc5,Independent_Tap_9130,When I moved from Ireland 9 or 10 years ago I used right move. I paid the deposit and first month up front on the Friday before I moved in and arranged to collect the key on the Monday. Do I loaded a van with all my stuff and made my way back to Edinburgh. Monday morning I went to right move to collect my keys to be told they rented it out on the Saturday. No amount of talking or arguing made any difference to them they left me high and dry with no place to live and the worst part was it took me weeks to get my money refunded. I would not use right move ever again,when I move from ireland or year ago I use right move . I pay the deposit and first month up front on the friday before I move in and arrange to collect the key on the monday . do I load a van with all my stuff and make my way back to edinburgh . monday morning I go to right move to collect my key to be tell they rent it out on the saturday . of talk or arguing make any difference to they they leave I high and dry with to live and the bad part be it take I week to get my money refunded . I would right move ever again,1,2024-07-11T17:01:23+00:00
lcv62a1,t3_1dztfc5,1dztfc5,LeopardSignificant17,"Rettie are the best I have used, very quick to sort out the minimal issues, and regular “inspections” where the property manager will come in and speak to you to find out if any issues, which they will try and resolve. Avoid DJ Alexander where you can.","rettie be the good I have use , very quick to sort out the minimal issue , and regular inspection where the property manager will come in and speak to you to find out if any issue , which they will try and resolve . avoid dj alexander where you can .",1,2024-07-12T17:25:56+00:00
ll17wr4,t3_1dztfc5,1dztfc5,Ok_Pay5102,"Hi, Have sent you a DM.","hi , have send you a dm .",1,2024-09-01T19:18:14+00:00
ln8m5fp,t3_1dztfc5,1dztfc5,Electronic_Cookie779,Myself and my partner are going over in 2025 from Dublin also. Best of luck 😀,myself and my partner be go over in from dublin also . good of luck,1,2024-09-15T12:55:57+00:00
lchyaey,t1_lchwfd8,1dztfc5,Ok-Noise1837,"Thanks for the advice re who to avoid. Yeah I would rather avoid it, but if needs must I'm fortunate to be able to afford to stay in a hotel or hostel if needs be for a short time in January to do some viewings

Re legwork that's fine! Its what I expected, renting in Dublin is much the same, and even more expensive, I wasn't aware of the 3rd party deposit system, thanks for that as I could've easily been taken advantage of. I've had small claims courts disputes over deposits here so I'm glad there's a better, even if far from perfect, system in Edinburgh.","thank for the advice re who to avoid . yeah I would rather avoid it , but if need must I m fortunate to be able to afford to stay in a hotel or hostel if need be for a short time in january to do some viewing re legwork that s fine ! its what I expect , rent in dublin be much the same , and even more expensive , I be not aware of the party deposit system , thank for that as I could ve easily be take advantage of . I ve have small claim court dispute over deposit here so I m glad there s a well , even if far from perfect , system in edinburgh .",6,2024-07-10T12:00:46+00:00
lchxwvg,t1_lchx3wf,1dztfc5,Ok-Noise1837,"Brilliant thanks for this advice - Gumtree and Openrent sound like the best two so far for private rentals. 

Will keep that housing association option in mind for sure, thank you!","brilliant thank for this advice gumtree and openrent sound like the good two so far for private rental . will keep that housing association option in mind for sure , thank you !",5,2024-07-10T11:57:46+00:00
lcia9p9,t1_lchx3wf,1dztfc5,thesmu,"The mid-market rent scheme is fantastic, I would definitely recommend checking it out.","the midmarket rent scheme be fantastic , I would definitely recommend check it out .",4,2024-07-10T13:25:39+00:00
lci1kb2,t1_lci11hh,1dztfc5,Ok-Noise1837,ah look its not off the table but we'll see what we can do from in November or December and then from there I'm happy to get a short term let in January and do the viewings. Cheers!,ah look its the table but well see what we can do from in november or december and then from there I m happy to get a short term let in january and do the viewing . cheer !,1,2024-07-10T12:25:53+00:00
lciw3rk,t1_lciehud,1dztfc5,Ok-Noise1837,"Thanks a mill for taking the time to go through all this in detail, really appreciate the advice a chara.","thank a mill for take the time to go through all this in detail , really appreciate the advice a chara .",2,2024-07-10T15:31:25+00:00
lcj0p9i,t1_lcizie4,1dztfc5,blindinglights29,"Found the list :) 


[dodgy mark fortune companies](https://www.reddit.com/r/Edinburgh/s/BeB58YYdlV)",find the list dodgy mark fortune company,4,2024-07-10T15:56:04+00:00
lcj161w,t1_lciyag7,1dztfc5,Ok-Noise1837,"Brilliant, added to the list. Thank you a chara","brilliant , add to the list . thank you a chara",3,2024-07-10T15:58:31+00:00
lchykib,t1_lchxi8p,1dztfc5,Ok-Noise1837,"Thanks, great advice. Are you comfortable letting me know what agency that was that you had the good experience with and I can bookmark it?

By short term letting, did you use AirBnB or is there a better (aka cheaper) alternative I could look at?","thank , great advice . be you comfortable let I know what agency that be that you have the good experience with and I can bookmark it ? by short term letting , do you use airbnb or be there a well aka cheap alternative I could look at ?",1,2024-07-10T12:02:58+00:00
lci731c,t1_lci5ydi,1dztfc5,Ok-Noise1837,thank you!,thank you !,1,2024-07-10T13:04:42+00:00
lciwgam,t1_lcifw0i,1dztfc5,Ok-Noise1837,Understandable. Had to do the same in Dublin,understandable . have to do the same in dublin,1,2024-07-10T15:33:20+00:00
lciwf4t,t1_lciqkun,1dztfc5,Ok-Noise1837,"Thanks so much for the kind message here, gave me a lot of hope that it won't be as stressful as finding our place in Dublin was. I'll check out that agency and likely will take you up on sending a message closer to the time. GRMA","thank so much for the kind message here , give I a lot of hope that it will not be as stressful as find our place in dublin be . ill check out that agency and likely will take you up on send a message close to the time . grma",1,2024-07-10T15:33:09+00:00
lcian8h,t1_lci7ssp,1dztfc5,Ok-Noise1837,"I've been over a bunch of times to visit friends and for football matches!

Planning one more trip in October though to do exactly what you say here though.",I ve be over a bunch of time to visit friend and for football match ! plan one more trip in october though to do exactly what you say here though .,1,2024-07-10T13:28:03+00:00
lciaomi,t1_lcia875,1dztfc5,Ok-Noise1837,Thanks so much!,thank so much !,1,2024-07-10T13:28:18+00:00
lchvkul,t1_lchv5sp,1dztfc5,Ok-Noise1837,"Cool so openrent is essentially just for direct contact with a private landlord? That's always been the best in my experience.   
  
I imagine most letting agencies do things by a certain playbook whereas if a private landlord was to get an email from me saying, I don't need a viewing and I have the deposit and rent as soon as necessary there's a potential that they'd be happy to save themselves the hassle of viewings. Cheers for the suggestion a chara","cool so openrent be essentially just for direct contact with a private landlord ? that s always be the good in my experience . I imagine most let agency do thing by a certain playbook whereas if a private landlord be to get an email from I say , I do not need a view and I have the deposit and rent as soon as necessary there s a potential that they d be happy to save themselves the hassle of viewing . cheer for the suggestion a chara",2,2024-07-10T11:39:08+00:00
lcpffix,t1_lcp8n9p,1dztfc5,Ok-Noise1837,"jesus that's terrible, fucking hell. Thanks for the cautionary tale","jesus that s terrible , fuck hell . thank for the cautionary tale",1,2024-07-11T17:37:49+00:00
lcwelj4,t1_lcv62a1,1dztfc5,Due-Entertainer-2812,"I’d second this. Before we were married my wife rented a place with Retties and they were pretty responsive. 

A bit slow getting a broken boiler fixed one winter although I believe it was an issue contacting the landlord. 

When I first moved to Edinburgh I rented from Dove Davies and they were pretty keech. Just the usual ripping the deposit at the end although that was the dark ages when deposits were the Wild West. 
In their defence they were just middle of the road keech. I’ve heard of far worse experiences over the years.",I d second this . before we be marry my wife rent a place with rettie and they be pretty responsive . a bit slow get a broken boiler fix one winter although I believe it be an issue contact the landlord . when I first move to edinburgh I rent from dove davy and they be pretty keech . just the usual rip the deposit at the end although that be the dark age when deposit be the wild west . in their defence they be just middle of the road keech . I ve hear of far bad experience over the year .,1,2024-07-12T21:32:19+00:00
lqyj3w0,t1_ln8m5fp,1dztfc5,Ok-Noise1837,Text me closer to the time if you have any Q's!,text I close to the time if you have any qs !,2,2024-10-08T16:13:36+00:00
lcifv88,t1_lci0i57,1dztfc5,butwhatsmyname,"Granted, it was a decade ago, but my partner at the time called Umega early afternoon to let them know that our second floor flat had been broken into - the whole door and doorframe had been kicked out of the brickwork, some bricks loose. Umega called her back while she was talking to the police when they arrived and left a voicemail to say that they were all leaving the office in 15 mins time that day, and that the police would sort out our smashed-in door for us.

Nobody answered when she called them back. There was nobody to talk to out-of-hours/in an emergency. That may be different now.

The police do not sort out smashed-in doors. At all.

They had not informed the landlord of what happened. 

They'd been really difficult when we'd had to get the locks changed when we moved in - they'd handed us keys to the wrong property, so when we got there at 6pm (having moved 200+ miles) with our moving van, we couldn't get in and they had nobody we could talk to out of hours. We had to get an emergency locksmith out, drill the locks, and have a replacement Yale lock fitted (either that or find a storage unit, unload the van, get a hotel, try and hire another van the next day, and then move in). They tried twice to charge us for that, and to charge us for the replacement locks (which _we_ paid for) and then lost the duplicate keys that we physically handed to them at their offices and tried to say we had not provided them. It was made very clear to us that we were not permitted to make ANY changes or fixes to the flat at all without full prior permission. No matter what.

So we couldn't just call a contractor to replace our door without risking a lot of stress and expense.

So we spent the night in our flat (in a very shit part of the city, where junkies pulled off our doorbell plate outside frequently to use as a stash drop) with the splintered front door propped up against the hole in the brickwork with some furniture barricaded behind it. 

And the next day Umega had no kind of apology for us, still insisted that the police _do_ replace front doors until we found a link online which stated they didn't, and tried to tell us that they wouldn't be able to get a joiner out to replace the  door and doorframe for a couple of weeks.

When we said ""so we're supposed to just live here without a front door for a fortnight?"" Their response was that we could maybe just (pay ourselves to) have the place boarded up and stay with friends? 

We contacted the landlord directly, who was an excellent human being, and she was horrified and got a contractor out later that day to sort it out. 

I would never stay in a place ""managed"" by Umega again. I wouldn't touch them with a ten foot pole. I don't care that there's almost certainly been a 100% turnover in staff since then, I wouldn't trust any company with that kind of culture, outlook and approach.","grant , it be a decade ago , but my partner at the time call umega early afternoon to let they know that our second floor flat have be break into the whole door and doorframe have be kick out of the brickwork , some brick loose . umega call she back while she be talk to the police when they arrive and leave a voicemail to say that they be all leave the office in min time that day , and that the police would sort out our smashedin door for we . nobody answer when she call they back . there be nobody to talk to outofhour in an emergency . that may be different now . the police do out smashedin door . at all . they have the landlord of what happen . they d be really difficult when we d have to get the lock change when we move in they d hand we key to the wrong property , so when we get there at pm having move mile with our move van , we could not get in and they have nobody we could talk to out of hour . we have to get an emergency locksmith out , drill the lock , and have a replacement yale lock fit either that or find a storage unit , unload the van , get a hotel , try and hire another van the next day , and then move in . they try twice to charge we for that , and to charge we for the replacement lock which we pay for and then lose the duplicate key that we physically hand to they at their office and try to say we have they . it be make very clear to we that we be to make any change or fix to the flat at all prior permission . what . so we could not just call a contractor to replace our door a lot of stress and expense . so we spend the night in our flat in a very shit part of the city , where junkie pull off our doorbell plate outside frequently to use as a stash drop with the splintered front door prop up against the hole in the brickwork with some furniture barricade behind it . and the next day umega have of apology for we , still insist that the police do replace front door until we find a link online which state they do not , and try to tell we that they would not be able to get a joiner out to replace the door and doorframe for a couple of week . when we say so be suppose to just live here front door for a fortnight ? their response be that we could maybe just pay ourselves to have the place board up and stay with friend ? we contact the landlord directly , who be an excellent human being , and she be horrified and get a contractor out later that day to sort it out . I would in a place manage by umega again . I would not touch they with a ten foot pole . I do not care that there s almost certainly be a turnover in staff since then , I would not trust any company with that kind of culture , outlook and approach .",13,2024-07-10T14:00:19+00:00
lci1z71,t1_lci0i57,1dztfc5,Easy_Significance_83,"I’m also with umega, no issues here. Every bloody rental firm will try and fleece you with cleaning, take lots of pictures and be prepared - simple.","I m also with umega , here . every bloody rental firm will try and fleece you with cleaning , take lot of picture and be prepare simple .",6,2024-07-10T12:28:55+00:00
lci22c8,t1_lci0i57,1dztfc5,Neith-emwia,"I haven't rented from them but they're the two I always heard the worst stories about, particularly in terms of student letting.","I have not rent from they but they re the two I always hear the bad story about , particularly in term of student letting .",2,2024-07-10T12:29:33+00:00
lchy1fy,t1_lchxwvg,1dztfc5,caesarportugal,"Nae bother, hope you like it here :)","nae bother , hope you like it here",1,2024-07-10T11:58:47+00:00
lci1pct,t1_lci1kb2,1dztfc5,madhatter989,no worries! i recently secured a flat for september through openrent & would recommend refreshing that like mad! I wish you luck :),! I recently secure a flat for september through openrent would recommend refreshing that like mad ! I wish you luck,2,2024-07-10T12:26:55+00:00
lcj0zfz,t1_lcj0p9i,1dztfc5,Ok-Noise1837,Thank you! This is exactly the info that I wanted when I made the post,thank you ! this be exactly the info that I want when I make the post,3,2024-07-10T15:57:33+00:00
lchzjet,t1_lchykib,1dztfc5,Pristine_Ad7297,"For short term let we used factotum. Airbnb felt a lot more sketchy, maybe it's just a veneer of professionalism but I trusted factotum more. They charged me for cleaning at the end but the 100 quid I didn't particularly care about at that stage.

Albany lettings were the ones I had a good experience with but can't vouch for them, just one person there who was good to us named Bethany. She got us some good viewings and was pretty understanding of our situation. We didn't end up letting with them because we found a private landlord with a cheaper place in a good location so can't say how they are in long term but yeah","for short term let we use factotum . airbnb feel a lot more sketchy , maybe its just a veneer of professionalism but I trust factotum more . they charge I for clean at the end but the quid I do not particularly care about at that stage . albany letting be the one I have a good experience with but can not vouch for they , just one person there who be good to we name bethany . she get we some good viewing and be pretty understanding of our situation . we do not end up let with they because we find a private landlord with a cheap place in a good location so can not say how they be in long term but yeah",3,2024-07-10T12:10:31+00:00
lchvp9s,t1_lchvkul,1dztfc5,Common-Metal1746,"That is likely, but generally they want to have a viewing set up. There is currently a housing crisis here in Edinburgh.","that be likely , but generally they want to have a viewing set up . there be currently a housing crisis here in edinburgh .",1,2024-07-10T11:40:09+00:00
lci3f79,t1_lchvkul,1dztfc5,cloud__19,The problem is that there's no such thing as a fixed term in Scotland so there's a good chance the landlord would feel happier renting to someone who's seen the flat. Just depends but landlords have no shortage of people to choose from.,the problem be that there s thing as a fixed term in scotland so there s a good chance the landlord would feel happy renting to someone who s see the flat . just depend but landlord have of people to choose from .,1,2024-07-10T12:39:29+00:00
lcprrzm,t1_lcpffix,1dztfc5,Independent_Tap_9130,It must stress that this was 9 or 10 years ago so things may have improved,it must stress that this be or year ago so thing may have improve,1,2024-07-11T18:44:19+00:00
luhl9qy,t1_lqyj3w0,1dztfc5,eyelash16,"Hi there! I just moved to Edinburgh with my two cats and I have two weeks left in this Airbnb, did you manage to find a place? it’s proving quite difficult and I’m starting to panic a bit 😅","hi there ! I just move to edinburgh with my two cat and I have two week leave in this airbnb , do you manage to find a place ? its proving quite difficult and I m start to panic a bit",1,2024-10-30T07:53:49+00:00
lcnip1d,t1_lcifv88,1dztfc5,Lewis_ABD,"I rented with Umega up until about a year ago and can confirm a lot of what you’ve outlined remains the same.

Awful out of hours service, terrible wait times for responses, dragging their feet on essential repairs (we spent weeks with a hole in our bathroom ceiling where it collapsed in and couldn’t use our shower).

And they also lied multiple times telling us our landlord was informed of issues and they were awaiting reply. Which was news to our landlord who had not heard from them.

Staff were at least nice enough when you spoke to them, I got the feeling it wasn’t down to their ability or desire to help but instead that they had way too many properties to manage for the size of the staff and clearly only wanted to use a handful of contractors and would wait weeks for them to be available rather than try anyone else.","I rent with umega up until about a year ago and can confirm a lot of what you ve outline remain the same . awful out of hour service , terrible wait time for response , drag their foot on essential repair we spend week with a hole in our bathroom ceiling where it collapse in and could not use our shower . and they also lie multiple time tell we our landlord be inform of issue and they be await reply . which be news to our landlord who have from they . staff be at least nice enough when you speak to they , I get the feeling it be not down to their ability or desire to help but instead that they have way too many property to manage for the size of the staff and clearly only want to use a handful of contractor and would wait week for they to be available rather than try anyone else .",1,2024-07-11T10:15:02+00:00
lci880r,t1_lci1z71,1dztfc5,wild_penumbra,"I was with Umega and there was a mold and damp issue in the flat that they tried to gaslight me about. Mildew was present when I moved in and in winter indoor humidity was 80+ even with daily fresh air exchange. One wall literally has a huge damp spot very visible (>1 square meter in size) and noticeably more damp and cold than the rest of the wall, but their contractor claimed it was just the rain cover of the boiler missing, which they claimed to have attached, but didn't. Contractor also said the interior pipe could be cracked and yet absolutely nothing happened to investigate that further. When the landlord served me the eviction notice after 9 months due to 'financial difficulties' (during the eviction moratorium) Umega were of absolutely no help whatsoever to securing a new flat. Flat was back on the rental market 2 months later with a 50% increase in rent.... Ultimately the eviction notice was a blessing in disguise of course :D","I be with umega and there be a mold and damp issue in the flat that they try to gaslight I about . mildew be present when I move in and in winter indoor humidity be even with daily fresh air exchange . one wall literally have a huge damp spot very visible square meter in size and noticeably more damp and cold than the rest of the wall , but their contractor claim it be just the rain cover of the boiler missing , which they claim to have attach , but do not . contractor also say the interior pipe could be crack and yet absolutely nothing happen to investigate that far . when the landlord serve I the eviction notice after month due to financial difficulty during the eviction moratorium umega be of absolutely whatsoever to secure a new flat . flat be back on the rental market month later with a increase in rent ultimately the eviction notice be a blessing in disguise of course d",3,2024-07-10T13:12:20+00:00
lci2mqd,t1_lci1pct,1dztfc5,Ok-Noise1837,Thanks! Openrent seems the best bet so I'll prioritise that when the time comes,thank ! openrent seem the good bet so ill prioritise that when the time come,1,2024-07-10T12:33:43+00:00
lci1064,t1_lchzjet,1dztfc5,Ok-Noise1837,Thank you so much a chara!,thank you so much a chara !,2,2024-07-10T12:21:41+00:00
lchvzv1,t1_lchvp9s,1dztfc5,Ok-Noise1837,"Yep we're fleeing one in Dublin into another in Edinburgh so I'm under no illusions as to the potential difficulty, touch wood it works out. Thanks again for the info","yep be flee one in dublin into another in edinburgh so I m under as to the potential difficulty , touch wood it work out . thank again for the info",2,2024-07-10T11:42:32+00:00
lum5f9d,t1_luhl9qy,1dztfc5,Ok-Noise1837,"Hello! 

I did actually as of very recently 

Have you used athomeinedinbrugh or MarchsideProperty? I can vouch for both as being quite good.",hello ! I do actually as of very recently have you use athomeinedinbrugh or marchsideproperty ? I can vouch for both as be quite good .,1,2024-10-31T00:07:13+00:00
lci8f1i,t1_lci880r,1dztfc5,wild_penumbra,"Oh and I forgot, when my friend rented from them their boiler was broken in the middle of winter and Umega left them without hot water with only electric fan heaters for over 3 months. Told them to shower at the nearby leisure centre and to hand in the receipts...","oh and I forget , when my friend rent from they their boiler be break in the middle of winter and umega leave they water with only electric fan heater for over month . tell they to shower at the nearby leisure centre and to hand in the receipt",6,2024-07-10T13:13:36+00:00
lchw3wx,t1_lchvzv1,1dztfc5,Common-Metal1746,"Hope all goes well for you. Public transport here is very good, so don't stress too much about being a little further toward the outskirts.","hope all go well for you . public transport here be very good , so do not stress too much about be a little far toward the outskirt .",2,2024-07-10T11:43:27+00:00
lc7ljk6,t3_1dybd3u,1dybd3u,joefife,Pretty desperate story tbh,pretty desperate story tbh,66,2024-07-08T16:12:51+00:00
lc7ho77,t3_1dybd3u,1dybd3u,ieya404,"So, it's not a flat or anything that's depriving anyone of long term accommodation, it's properly licenced, and it's more expensive during the Festival like all other accommodation is.

Um.

What's the story?","so , its flat or anything that s deprive anyone of long term accommodation , its properly licence , and its more expensive during the festival like all other accommodation be . um . what s the story ?",126,2024-07-08T15:51:31+00:00
lc7lzow,t3_1dybd3u,1dybd3u,Tentacled_Whisperer,Fury?,fury ?,18,2024-07-08T16:15:19+00:00
lc7eavl,t3_1dybd3u,1dybd3u,Adventurous-Leave-88,It’s a cabin at the bottom of his garden. He isn’t contributing to the housing crisis and I don’t think his neighbours have been disturbed because we’d doubtless have heard about that in the media. I haven’t seen his cabin but you don’t get much of a hotel room for £216 during the Fringe so it might be a better option for someone. Certainly beats staying in the temporary cruise ship they’re bringing in this year after they fucked up the short term let sector.,its a cabin at the bottom of his garden . he be not contribute to the housing crisis and I do not think his neighbour have be disturb because we d doubtless have hear about that in the medium . I have not see his cabin but you do not get much of a hotel room for during the fringe so it might be a well option for someone . certainly beat stay in the temporary cruise ship they re bring in this year after they fuck up the short term let sector .,104,2024-07-08T15:32:57+00:00
lc7osmu,t3_1dybd3u,1dybd3u,2shayyy,"Bottom of the barrel reporting.

Feel like the writer must have some kind of a problem with him to bring this up…",bottom of the barrel reporting . feel like the writer must have some kind of a problem with he to bring this up,24,2024-07-08T16:30:37+00:00
lc96q39,t3_1dybd3u,1dybd3u,CraigJDuffy,"I’m no fan of Cole Hamilton but this is such a desperate report, it’s literally a shed at the bottom of his garden in the property he occupies. It is not contributing to the housing crisis and if someone is willing to pay that much for it then so be it.","I m of cole hamilton but this be such a desperate report , its literally a shed at the bottom of his garden in the property he occupy . it be to the housing crisis and if someone be willing to pay that much for it then so be it .",5,2024-07-08T21:22:10+00:00
lc9jqcw,t3_1dybd3u,1dybd3u,ElectronicBruce,"Can stand the man but it’s a non story. The Lib Dem’s didn’t say they were banning second homes or Airbnb’s.

There might only be an issue if he is claiming any expenses in relation to that property, ie it is being publicly funded but he’s renting it out. Doesn’t seem so.","can stand the man but its a non story . the lib dem do not say they be ban second home or airbnbs . there might only be an issue if he be claim any expense in relation to that property , ie it be be publicly fund but he s rent it out . do not seem so .",2,2024-07-08T22:38:24+00:00
lcbdo6e,t3_1dybd3u,1dybd3u,FureiousPhalanges,The real story is we've got an MP charging folk £200 a night to stay in a shed in his garden,the real story be we ve get an mp charge folk a night to stay in a shed in his garden,2,2024-07-09T06:46:12+00:00
lc7ghzf,t3_1dybd3u,1dybd3u,NationalReputation85,He used to rent out a flat on Air BnB a few years ago (hasn't done so since 2020) but I guess someone pointed out to him it might not be a good look when he became in charge of the Scottish Lib Dems.,he use to rent out a flat on air bnb a few year ago have not do so since but I guess someone point out to he it might a good look when he become in charge of the scottish lib dem .,3,2024-07-08T15:45:04+00:00
lc9as1v,t3_1dybd3u,1dybd3u,Whole_Measurement_97,TLTR: Scottish Lib Dem leader has an Airbnb,tltr scottish lib dem leader have an airbnb,1,2024-07-08T21:45:09+00:00
lcag882,t3_1dybd3u,1dybd3u,FlamingTrollz,"Yikes.

Talk about try hard propaganda article and headline.",yike . talk about try hard propaganda article and headline .,0,2024-07-09T02:07:10+00:00
lc85nh0,t1_lc7ho77,1dybd3u,nbanbury,"The story is he's a self centered egotistical onanist who brings no value to society.

Oh wait that's not the story. That's just who he is.",the story be he s a self center egotistical onanist who bring to society . oh wait that s story . that s just who he be .,-40,2024-07-08T18:01:07+00:00
lccfuu7,t1_lcbdo6e,1dybd3u,Locksmithbloke,"If it's good enough for the former us president to pull in millions, it's good enough for a barely known libdem to get £200?
I don't think this is a bribery issue really. Is there a line of Saud princes and Russians paying and not turning up?","if its good enough for the former us president to pull in million , its good enough for a barely know libdem to get ? I do not think this be a bribery issue really . be there a line of saud prince and russians pay and up ?",1,2024-07-09T13:05:26+00:00
lc7t4tg,t1_lc7i997,1dybd3u,ske66,My guy didn’t read the article,my guy do not read the article,1,2024-07-08T16:53:59+00:00
lc8oeny,t1_lc85nh0,1dybd3u,cashmakessmiles,"Okay, elaborate?","okay , elaborate ?",12,2024-07-08T19:42:52+00:00
lcb1abx,t1_lc85nh0,1dybd3u,nbanbury,Thanks for the downvotes you lickspittles!,thank for the downvote you lickspittle !,-9,2024-07-09T04:45:06+00:00
lc7tgeh,t1_lc7t4tg,1dybd3u,HibeesBounce,Doh. I misread it. Well caught.,doh . I misread it . well catch .,1,2024-07-08T16:55:42+00:00
lcb184v,t1_lc8oeny,1dybd3u,nbanbury,"Friend worked for the Lib Dems. She was sexually assaulted. She reported it but it wasn't investigated. She left the party and was very suicidal. She put all her energy into trying to whistleblow about her experiences and her story was almost published a few times but never quite made it. Months later when asked about the allegations Alex Cole-Hamilton said there'd been an independent investigation into it. Evidence of this has never been provided and my friend certainly never took part in it. The party is rife with bullying and is led by the biggest walloper this side of the world.

Lots more here if you're genuinely interested

https://emmawalker.substack.com/

#AskAlex",friend work for the lib dems . she be sexually assault . she report it but it be not investigate . she leave the party and be very suicidal . she put all her energy into try to whistleblow about her experience and her story be almost publish a few time but make it . month later when ask about the allegation alex colehamilton say there d be an independent investigation into it . evidence of this have provide and my friend certainly part in it . the party be rife with bullying and be lead by the big walloper this side of the world . lot more here if you re genuinely interested askalex,-2,2024-07-09T04:44:35+00:00
lckr408,t1_lcb184v,1dybd3u,lochcreran,Emma Walker ? Ever seen Baby Reindeer?….,emma walker ? ever see baby reindeer ? .,0,2024-07-10T21:21:33+00:00
lacyfdr,t3_1doxas4,1doxas4,Legitimate-Credit-82,You can contest the rise with an adjudicator but you have to be quick - within 21 days of the rent rise notification. Good luck,you can contest the rise with an adjudicator but you have to be quick within day of the rent rise notification . good luck,19,2024-06-26T13:21:35+00:00
lacugc3,t3_1doxas4,1doxas4,codenamecueball,"Can only up it once every 12 months, they’re at it.

Edit: someone with far more niche knowledge of tenancy laws in Scotland has corrected me. I’m appalled to learn that when designing this legislation, there was no protections put in against rent increases in the first twelve months. 

Shelter have a handy write up here. https://scotland.shelter.org.uk/housing_advice/tenants_rights/rent_increases

Apologies for any confusion!

OP: you should refer to a rent officer in any case.","can only up it once every month , they re at it . edit someone with far more niche knowledge of tenancy law in scotland have correct I . I m appalled to learn that when design this legislation , there be put in against rent increase in the first twelve month . shelter have a handy write up here . apology for any confusion ! op you should refer to a rent officer in any case .",66,2024-06-26T12:54:56+00:00
lafj95e,t3_1doxas4,1doxas4,CraigJDuffy,"Unfortunately this is perfectly legal, they are only increasing the rent once in a 12 month period (the clock reset when you moved in as you signed a new contact). 6% is also deemed reasonable. 

You could try to appeal it (and may as well!) but it’s likely going to be deemed reasonable. 

The thing you can do is move out.","unfortunately this be perfectly legal , they be only increase the rent once in a month period the clock reset when you move in as you sign a new contact . be also deem reasonable . you could try to appeal it and may as well ! but its likely go to be deem reasonable . the thing you can do be move out .",7,2024-06-26T22:00:31+00:00
laen9bs,t3_1doxas4,1doxas4,Even_Koala_4595,Bring back the guillotine,bring back the guillotine,8,2024-06-26T19:05:41+00:00
lacytyq,t3_1doxas4,1doxas4,KitchenFree7651,"Can’t comment on 6% increase but re the huge initial rise. This sucks but for a bit of perspective (I’m not a landlord ) the mortgage on my house has gone up £500pm. So if I were a landlord on the same (again, fuck landlords) I can kind of understand.","can not comment on increase but re the huge initial rise . this suck but for a bit of perspective I m landlord the mortgage on my house have go up . so if I be a landlord on the same again , fuck landlord I can kind of understand .",9,2024-06-26T13:24:14+00:00
lae0rm7,t3_1doxas4,1doxas4,x_odj_x,Any chance this is southside properties?,any chance this be southside property ?,1,2024-06-26T17:02:38+00:00
laoz2xb,t3_1doxas4,1doxas4,ReturnoftheJ1zzEye,Aye move oot lol,aye move oot lol,1,2024-06-28T15:33:20+00:00
lacwtn8,t3_1doxas4,1doxas4,FactCheckYou,start looking elsewhere,start look elsewhere,0,2024-06-26T13:10:59+00:00
lajtnbs,t3_1doxas4,1doxas4,Substantial_Dot7311,"So you were happy with £1,650 which I assume was the market rent at the time and the landlord wants to put it up by £100?  Doesn’t sound that bad tbh. And other posters right only one increase in 12 months.  Smallest violin territory. What things used to cost someone else doesn’t really figure in the cost of many things. I mean a loaf of bread used to be 5p",so you be happy with which I assume be the market rent at the time and the landlord want to put it up by ? do not sound that bad tbh . and other poster right only one increase in month . small violin territory . what thing use to cost someone else do not really figure in the cost of many thing . I mean a loaf of bread use to be,0,2024-06-27T17:16:37+00:00
lad16z0,t3_1doxas4,1doxas4,yakuzakid3k,Squat,squat,-11,2024-06-26T13:39:32+00:00
lad056q,t3_1doxas4,1doxas4,DougalR,How long was your lease - if 12 months the read the contract about rises but your rent should be fixed for the minimum term of contract.  1750 does sound normal / cheap sadly nowadays for leith / centre.,how long be your lease if month the read the contract about rise but your rent should be fix for the minimum term of contract . do sound normal cheap sadly nowadays for leith centre .,-12,2024-06-26T13:32:46+00:00
lacxglh,t1_lacugc3,1doxas4,Dolly57,"In many cases yes, however only for ongoing leases. As there is a new lease from April there is no minimum term until you implement a first rent increase (with 3 months notice) and then it's12 months from then on. In theory, you can issue a rent increase notice to new tenants the day their lease starts but that's just going to ensure you have really short tenancies. 

OP is just in a rubbish situation where they can challenge the increase or move out along with everyone else. The rent increase is legally valid from the info given (regardless of how much of a dick move it is).","in many case yes , however only for ongoing lease . as there be a new lease from april there be term until you implement a first rent increase with month notice and then month from then on . in theory , you can issue a rent increase notice to new tenant the day their lease start but that s just go to ensure you have really short tenancy . op be just in a rubbish situation where they can challenge the increase or move out along with everyone else . the rent increase be legally valid from the info give regardless of how much of a dick move it be .",21,2024-06-26T13:15:12+00:00
laczf2r,t1_lacugc3,1doxas4,capt_avocado,"I assume what’s happening is that because the contract with the increased rent is new, the now 6% increase falls in the “once per year”. I wonder if this can be challenged","I assume what s happen be that because the contract with the increase rent be new , the now increase fall in the once per year . I wonder if this can be challenge",6,2024-06-26T13:28:04+00:00
lacywp2,t1_lacugc3,1doxas4,trufflesniffinpig,"Depending on OP’s wording, this 6% increase may be the change applied to them in 12 months, as the rise reported was from what the previous tenant paid, and OP has started at the 1650 level?","depend on op wording , this increase may be the change apply to they in month , as the rise report be from what the previous tenant pay , and op have start at the level ?",3,2024-06-26T13:24:43+00:00
lafjd15,t1_lacugc3,1doxas4,CraigJDuffy,"This is not correct, rent is only being increased 1 time in 12 months which is legal.","this be , rent be only be increase time in month which be legal .",2,2024-06-26T22:01:09+00:00
ladajj4,t1_lacytyq,1doxas4,kookamooka,"Not sure why you’re getting downvoted for that. Morality aside, that is a big contributing factor to rent rises.","why you re getting downvote for that . morality aside , that be a big contributing factor to rent rise .",9,2024-06-26T14:35:53+00:00
ladumvi,t1_lacytyq,1doxas4,Bramsstrahlung,"One has to question the morality of investing in a portfolio of real estate and then passing on all the risk of that investment to your tenants. Sounds like they are overleveraged.

Imagine buying a stock then expecting someone else to foot your losses when it underperforms.",one have to question the morality of invest in a portfolio of real estate and then pass on all the risk of that investment to your tenant . sound like they be overleverage . imagine buy a stock then expect someone else to foot your loss when it underperform .,14,2024-06-26T16:27:49+00:00
lad16hj,t1_lacz86s,1doxas4,Soulfulmean,"Not entirely , the unfolding housing crisis, compounded with the cost of living crisis and all the inflation we experienced in the last few years , and the very clever move Liz Truss did to break the housing market by having interest rates shoot up to over 5%.
But the government also made it much more difficult for “casual landlords “ to keep doing it as their mortgage doesn’t count as expenses, so they are taxed for the rent value they rack, which probably pushed many over the threshold and made it unprofitable to keep doing so, and from what I heard the rent cap made it so landlords jacked the costs of new tenancies because they couldn’t give you a rent increase.
So really it’s a mix of many issues.
Just so you know, I’m not a landlord",", the unfold housing crisis , compound with the cost of live crisis and all the inflation we experience in the last few year , and the very clever move liz truss do to break the housing market by have interest rate shoot up to over . but the government also make it much more difficult for casual landlord to keep do it as their mortgage do not count as expense , so they be tax for the rent value they rack , which probably push many over the threshold and make it unprofitable to keep do so , and from what I hear the rent cap make it so landlord jack the cost of new tenancy because they could not give you a rent increase . so really its a mix of many issue . just so you know , I m landlord",6,2024-06-26T13:39:28+00:00
ladhrxa,t1_lacz86s,1doxas4,GingerSnapBiscuit,"My mortgage is set to jump a few hundred £ a month when I renew.  Not a landlord, home owner, but this is the reason.  Landlords passing mortgage increases onto tenants.","my mortgage be set to jump a few hundred a month when I renew . landlord , home owner , but this be the reason . landlord pass mortgage increase onto tenant .",6,2024-06-26T15:17:08+00:00
lae22o7,t1_lacz86s,1doxas4,El_Scot,"It used to be that landlords could offset the mortgage payment against their tax bill, so if they have £600 coming in and pay £350 in mortgage, they would only pay tax on the £250 balance. Now they have to pay tax on the full rent, which would be passed to the tennant.

Most also own the flat on interest only mortgages, and interest rates have risen a fair bit, which is also a cost they will pass on.

A lot of properties have also been removed from the rental market due to the popularity of Airbnbs, driving up competition for the flats that are still out there.

It all adds together.","it use to be that landlord could offset the mortgage payment against their tax bill , so if they have come in and pay in mortgage , they would only pay tax on the balance . now they have to pay tax on the full rent , which would be pass to the tennant . most also own the flat on interest only mortgage , and interest rate have rise a fair bit , which be also a cost they will pass on . a lot of property have also be remove from the rental market due to the popularity of airbnbs , drive up competition for the flat that be still out there . it all add together .",3,2024-06-26T17:09:53+00:00
lad1xw7,t1_lad056q,1doxas4,cloud__19,There's no such thing as fixed term leases in Scotland.,there s thing as fix term lease in scotland .,9,2024-06-26T13:44:15+00:00
lacy2ds,t1_lacxglh,1doxas4,codenamecueball,I was almost certain you cannot increase the rent in the first 12 months but now I can’t remember where I read that. Atrocious gap in the legislation if that’s the case!,I be almost certain you can not increase the rent in the first month but now I can not remember where I read that . atrocious gap in the legislation if that s the case !,1,2024-06-26T13:19:13+00:00
lacy9hp,t1_lacvm0x,1doxas4,codenamecueball,"A change of tenant is a whole new lease for all parties and the landlord can jack it up to whatever they want, they’re under no obligation to even offer it to the same tenants.","a change of tenant be a whole new lease for all party and the landlord can jack it up to whatever they want , they re under to even offer it to the same tenant .",13,2024-06-26T13:20:32+00:00
lad0ozi,t1_laczf2r,1doxas4,codenamecueball,"You are correct, it can be challenged by referring to a rent officer. The rent increase notice should follow a certain format which includes telling you things like that.","you be correct , it can be challenge by refer to a rent officer . the rent increase notice should follow a certain format which include tell you thing like that .",2,2024-06-26T13:36:21+00:00
lajtzjk,t1_laczf2r,1doxas4,Substantial_Dot7311,No,no,1,2024-06-27T17:18:28+00:00
lad03em,t1_lacywp2,1doxas4,codenamecueball,"My understanding was you can’t raise the rent in the first 12 months of a new tenancy. The rent is currently 1650 and has been since April. The 1150 figure is irrelevant. 

My understanding was incorrect though. Per Shelter Scotland, in the first 12 months of a tenancy, the landlord can raise the rent at any point. Gigantic loophole I thought even the Scottish Gov would have avoided creating.","my understanding be you can not raise the rent in the first month of a new tenancy . the rent be currently and have be since april . the figure be irrelevant . my understanding be incorrect though . per shelter scotland , in the first month of a tenancy , the landlord can raise the rent at any point . gigantic loophole I think even the scottish gov would have avoid creating .",2,2024-06-26T13:32:27+00:00
lahtov0,t1_laf7lnt,1doxas4,cockatootattoo,This is really important. Tamale sure your £1750 rent isn’t still a good deal for the area and property.,this be really important . tamale sure your rent be not still a good deal for the area and property .,2,2024-06-27T08:46:56+00:00
ladfwli,t1_ladajj4,1doxas4,KitchenFree7651,Not the biggest surprise. If you squint really hard it looks like I’m defending landlords.,big surprise . if you squint really hard it look like I m defend landlord .,7,2024-06-26T15:06:40+00:00
ladixdg,t1_ladajj4,1doxas4,One_Understanding603,The majority of let’s are owned by people who will be largely unaffected by interest rates increases. The small subsection of landlords who are paying off mortgages on their secondary properties are getting even smaller (many have left the market altogether) and corporate real estate portfolios (which most of us will be invested in through our pensions) are gobbling them up.,the majority of let be own by people who will be largely unaffected by interest rate increase . the small subsection of landlord who be pay off mortgage on their secondary property be get even small many have leave the market altogether and corporate real estate portfolio which most of we will be invest in through our pension be gobble they up .,1,2024-06-26T15:23:30+00:00
lae67oq,t1_ladumvi,1doxas4,KitchenFree7651,I think their argument would be that they are providing a service. And the cost of the service has increased. Not saying I agree with it but I suspect that is their reasoning.,I think their argument would be that they be provide a service . and the cost of the service have increase . I agree with it but I suspect that be their reasoning .,6,2024-06-26T17:32:34+00:00
laeayco,t1_ladumvi,1doxas4,dario_sanchez,"Landlords are the biggest welfare queens going. One of the highlights of the pandemic was them squealing like a pig stuck under a gate that they couldn't afford the mortgages on their properties and that was their retirement fund. 

Invest it like everyone else instead of hoovering up housing stock.",landlord be the big welfare queen go . one of the highlight of the pandemic be they squeal like a pig stick under a gate that they could not afford the mortgage on their property and that be their retirement fund . invest it like everyone else instead of hoover up housing stock .,3,2024-06-26T17:58:10+00:00
laht50b,t1_ladumvi,1doxas4,Silent-Ad-756,"That's literally the basis of the economy that successive governments in UK have willingly created over the last 50 years.

It's not even capitalism.",that s literally the basis of the economy that successive government in uk have willingly create over the last year . its capitalism .,1,2024-06-27T08:40:21+00:00
ladi5q8,t1_lad16hj,1doxas4,HandyRoyd,"Interest rates long term are up due to trying to control inflation due to Covid/Ukraine etc, the Liz Truss insanity blip was relatively short term. Yes some people were caught but it's a myth that's a big factor now.

BOE panel controls base interest rates, though mortgage lenders were for a short time spooked.","interest rate long term be up due to try to control inflation due to covid ukraine etc , the liz truss insanity blip be relatively short term . yes some people be catch but its a myth that s a big factor now . boe panel control base interest rate , though mortgage lender be for a short time spook .",1,2024-06-26T15:19:17+00:00
ladbue0,t1_lad16hj,1doxas4,chamchofy,Also bear in mind that most flats owned by Landlords are leaseholds. Sobyour landlord is just a lease holder. Thexreal landlord us the freeholder who has contracted the management agrncy. Do you know how the management company shafts landlords. They increase monthly management fees by crazy amounts. What can the landlord do? But pass it on to you.,also bear in mind that most flat own by landlord be leasehold . sobyour landlord be just a lease holder . thexreal landlord we the freeholder who have contract the management agrncy . do you know how the management company shaft landlord . they increase monthly management fee by crazy amount . what can the landlord do ? but pass it on to you .,-8,2024-06-26T14:43:20+00:00
lad5m4h,t1_lad1xw7,1doxas4,DougalR,"I’ve had in the past 6/12 month leases which then roll, and the contracts have been for the term at the agreed rate, then on a monthly rolling contract unless either party agrees otherwise.  Fair enough this was 6 years ago, but may have changed?","I ve have in the past month lease which then roll , and the contract have be for the term at the agree rate , then on a monthly rolling contract unless either party agree otherwise . fair enough this be year ago , but may have change ?",-7,2024-06-26T14:06:48+00:00
lafhisw,t1_lacy2ds,1doxas4,CraigJDuffy,You can increase rent in the first 12 months. You can then only increase it again 12 months later unless there is a tenant change.,you can increase rent in the first month . you can then only increase it again month later unless there be a tenant change .,3,2024-06-26T21:50:35+00:00
lad1us0,t1_lad03em,1doxas4,cloud__19,Tbh there's so much about the legislation around joint tenancies that's not working. The fact that one person can't give notice without the landlord and other tenants agreeing to allow someone to take their place causes all sorts of issues. Including this one in a roundabout way.,tbh there s so much about the legislation around joint tenancy that s . the fact that one person can not give notice landlord and other tenant agree to allow someone to take their place cause all sort of issue . include this one in a roundabout way .,2,2024-06-26T13:43:42+00:00
lafhrht,t1_lad03em,1doxas4,CraigJDuffy,Yeah it is an atrocious loophole.,yeah it be an atrocious loophole .,1,2024-06-26T21:51:57+00:00
ladx471,t1_lads3r7,1doxas4,Soulfulmean,"Probably because if you don’t know what’s going on you must have been living under a rock all this time? In all honesty anyone living in the uk is well aware of what’s happening, is not an Edinburgh problem or even a Scottish problem, the situation appears to be the same throughout Europe and the US too, is this really the first time you heard about all this?","probably because if you do not know what s go on you must have be live under a rock all this time ? in all honesty anyone live in the uk be well aware of what s happen , be edinburgh problem or even a scottish problem , the situation appear to be the same throughout europe and the us too , be this really the first time you hear about all this ?",3,2024-06-26T16:41:22+00:00
ladcbtu,t1_ladbue0,1doxas4,TheFugitiveSock,We don’t have leasehold properties here. Or the numbers are vanishingly small.,we do not have leasehold property here . or the number be vanishingly small .,7,2024-06-26T14:46:08+00:00
ladr4ko,t1_ladltht,1doxas4,GingerSnapBiscuit,"Landlord takes out buy to let mertgage as an investment, tenant pays ""rent"" which is basically the landlords mortgage. Landlords mortgage rates increase, they put the tenants rent up to cover it.

Quite a lot of landlords don't own properties outright but have them on B2L mortgages as investment/saving accounts.","landlord take out buy to let mertgage as an investment , tenant pay rent which be basically the landlord mortgage . landlord mortgage rate increase , they put the tenant rent up to cover it . quite a lot of landlord do not own property outright but have they on mortgage as investment save account .",5,2024-06-26T16:08:40+00:00
laea5k6,t1_lae4tfh,1doxas4,El_Scot,"I know landlords have a really bad reputation for being leeches, but they also aren't really going to keep doing it if it means making a loss each month.

Like a lot of people, we considered renting out our flat (at the cheaper end of rent for the area) when we moved away for a while. We crunched the numbers, and the profit was about £50 a month (but that would also need to go towards repairs). At the time, the mortgage would have been around £450/month. At current interest rates, the mortgage would be £800/month, so being asked to absorb that would mean making a loss each month.","I know landlord have a really bad reputation for be leech , but they also be not really go to keep do it if it mean make a loss each month . like a lot of people , we consider rent out our flat at the cheap end of rent for the area when we move away for a while . we crunch the number , and the profit be about a month but that would also need to go towards repair . at the time , the mortgage would have be around month . at current interest rate , the mortgage would be month , so be ask to absorb that would mean make a loss each month .",5,2024-06-26T17:53:56+00:00
lad7rhc,t1_lad5m4h,1doxas4,deju_,"You’re not up-to-date on current laws. I appreciate you are trying to help but indeed its changed (not being condescending, apologies if it seems so)","you re on current law . I appreciate you be try to help but indeed its changed condescending , apology if it seem so",9,2024-06-26T14:19:36+00:00
lad8dpi,t1_lad5m4h,1doxas4,cloud__19,"It absolutely has changed, it's now illegal to offer someone a fixed term.","it absolutely have change , its now illegal to offer someone a fix term .",5,2024-06-26T14:23:12+00:00
laczc1f,t1_lacyiz1,1doxas4,codenamecueball,"OP has only had a lease since April, whatever previous agreement anyone living there had was voided when they gave notice.","op have only have a lease since april , whatever previous agreement anyone live there have be void when they give notice .",2,2024-06-26T13:27:31+00:00
laczi1k,t1_lacyiz1,1doxas4,capt_avocado,I moved in this April. Two months ago,I move in this april . two month ago,1,2024-06-26T13:28:36+00:00
lae3tsx,t1_ladrru4,1doxas4,GingerSnapBiscuit,"There is no such thing as property tax in the UK. There is council tax but that's paid for by the occupant, not the property owner.","there be thing as property tax in the uk . there be council tax but that s pay for by the occupant , property owner .",3,2024-06-26T17:19:33+00:00
lae1u53,t1_ladrru4,1doxas4,iaincollins,"The poster you are replying to is accurate.

As they tried to explain, it's not ""property taxes"", it's typically mortgage interest rate increases driving prices up, for the reasons described.","the poster you be reply to be accurate . as they try to explain , its not property taxis , its typically mortgage interest rate increase drive price up , for the reason describe .",2,2024-06-26T17:08:34+00:00
laj1i1i,t1_laix7om,1doxas4,El_Scot,"Yeah, I don't know why the downvotes either, I'm not a regular here, it just pops up on my feed sometimes because I live nearby! You're only asking questions.

The problem is, I don't see many landlords passing the discount on if they do get a cut in interest rates/tax burden, so it's purely hypothetical... 

I think if you allowed the tax offsets again it would make a massive difference. If I recall correctly, it was a 20% tax rate, so in our case I think it was a difference of paying around £60 vs £130 in tax, and with current mortgage rates, £220 in tax.

Interest rates are coming down, but lenders aren't yet passing that onto customers because they're nervous about the market (and greedy). With the way you're taxed now too, a reduction in mortgage payment also means a reduction in tax, so that would have double benefits.

They're now trialling rent controls but I'm not sure how much I trust them, because a landlord might see it as a target rather than a ceiling.","yeah , I do not know why the downvote either , I m regular here , it just pop up on my feed sometimes because I live nearby ! you re only ask question . the problem be , I do not see many landlord pass the discount on if they do get a cut in interest rate tax burden , so its purely hypothetical I think if you allow the tax offset again it would make a massive difference . if I recall correctly , it be a tax rate , so in our case I think it be a difference of pay around vs in tax , and with current mortgage rate , in tax . interest rate be come down , but lender be not yet pass that onto customer because they re nervous about the market and greedy . with the way you re tax now too , a reduction in mortgage payment also mean a reduction in tax , so that would have double benefit . they re now trialle rent control but I m how much I trust they , because a landlord might see it as a target rather than a ceiling .",1,2024-06-27T14:43:14+00:00
l8g5d9q,t3_1df2fdz,1df2fdz,Mammoth_Parfait7744,"Edinburgh is in the middle of a housing crisis, and you're starting to look as peak season hits.

With university students looking for accommodation, it being spring/summer, and Fringe on the way, the competition will be high. 

You're going to struggle to find something at that budget, but you'll be best off registering with as many agents as possible and keeping a close eye on Rightmove. By that I mean calling as soon as a place comes on, and securing a viewing at the earliest opportunity.

There are plenty of scammers taking advantage of people's desperation, so don't pay anyone a deposit to hold anything, unless you're absolutely sure that they're the owner/agent. 

This is not a renters market, you will need to go out and work to find a place, nobody will be chasing your enquiries.","edinburgh be in the middle of a housing crisis , and you re start to look as peak season hit . with university student look for accommodation , it be spring summer , and fringe on the way , the competition will be high . you re go to struggle to find something at that budget , but you ll be good off register with as many agent as possible and keep a close eye on rightmove . by that I mean call as soon as a place come on , and secure a viewing at the early opportunity . there be plenty of scammer take advantage of people desperation , so do not pay anyone a deposit to hold anything , unless you re absolutely sure that they re the owner agent . this be renter market , you will need to go out and work to find a place , nobody will be chase your enquiry .",12,2024-06-13T16:39:49+00:00
l8gk5y2,t3_1df2fdz,1df2fdz,ferdia6,"It's almost like your post is a joke, your criteria for sub 1k for rent a month including CT for a 2 bed would alone make this quest impossible. Then you throw a pet into the mix for good measure just to spice it up a bit
Honestly there's only so much relaxing you can do on your expectations, I think you probably need to consider perhaps renting outwith Edinburgh...","its almost like your post be a joke , your criterion for sub for rent a month include ct for a bed would alone make this quest impossible . then you throw a pet into the mix for good measure just to spice it up a bit honestly there s only so much relax you can do on your expectation , I think you probably need to consider perhaps rent outwith edinburgh",10,2024-06-13T18:01:08+00:00
l8ghiqz,t3_1df2fdz,1df2fdz,Substantial_Dot7311,"Rightmove, be quick, realise that if the rent is reasonable, there could be another 10 people wanting the same flat so think about how you can present as a decent tenant who will take care of the flat. But being quick off the mark is the most important thing.  A grand a month is 1 bed territory these days, 2 bedders often nearer the £1,500 mark. That said if you go out a bit say Musselburgh, Gilmerton etc you’ll get more for your money.","rightmove , be quick , realise that if the rent be reasonable , there could be another people want the same flat so think about how you can present as a decent tenant who will take care of the flat . but be quick off the mark be the most important thing . a grand a month be bed territory these day , bedder often nearer the mark . that say if you go out a bit say musselburgh , gilmerton etc you ll get more for your money .",3,2024-06-13T17:46:39+00:00
l8gce73,t3_1df2fdz,1df2fdz,lary-sa,"From my hellish experience recently:

I highly recommend the app TenantApp. You can book viewings with agencies immediately compared to RightMove/Zoopla where you basically have to register interest > get an email to book a viewing > book a viewing. 

That being said, not every agency is on MyTenant, so put notifications on for RM & Zoopla with your preferences & if you see a property you like, immediately go to the agency’s website and book a viewing there. You’d be surprised how quickly viewings get snatched up. I once got a notification at like 3:30 and by 3:35 there were no viewings available.

Be careful on Facebook Marketplace, I’ve noticed a lot of them being scams. One way to tell is to go on the profile of the advertiser and see if they have a plethora of properties for rent, usually fake.

I’d also recommend SpareRoom and joining Facebook groups for rentals in Edinburgh if you don’t mind living with flatmates. You can even post an advertisement of yourself on some of them!

Good luck!","from my hellish experience recently I highly recommend the app tenantapp . you can book viewing with agency immediately compare to rightmove zoopla where you basically have to register interest get an email to book a view book a viewing . that be say , agency be on mytenant , so put notification on for rm zoopla with your preference if you see a property you like , immediately go to the agencys website and book a view there . you d be surprised how quickly viewing get snatch up . I once get a notification at like and by there be available . be careful on facebook marketplace , I ve notice a lot of they be scam . one way to tell be to go on the profile of the advertiser and see if they have a plethora of property for rent , usually fake . I d also recommend spareroom and join facebook group for rental in edinburgh if you do not mind live with flatmate . you can even post an advertisement of yourself on some of they ! good luck !",1,2024-06-13T17:18:31+00:00
l8kjivr,t3_1df2fdz,1df2fdz,otter_patrol,"OpenRent for private landlords which will have fewer properties listed, but you'll have a better chance with having a pet I would think. Good luck!","openrent for private landlord which will have few property list , but you ll have a well chance with have a pet I would think . good luck !",1,2024-06-14T12:24:07+00:00
l8g8vp7,t1_l8g5d9q,1df2fdz,Sensitive_Box55,"Oh yeah I am fully aware and have previous experience of the nightmare that it can be. Just more I have been out of the loop for a long time on best places to look so mainly wondering if agencies/gumtree, dumb luck is still the best strategy.

I am not neccessairly under any time pressure so might not have to do it until after the students have settled in. No danger I will be looking before then, certainley not until after the Festival at least.","oh yeah I be fully aware and have previous experience of the nightmare that it can be . just more I have be out of the loop for a long time on good place to look so mainly wonder if agency gumtree , dumb luck be still the good strategy . I be under any time pressure so might to do it until after the student have settle in . I will be look before then , certainley after the festival at least .",0,2024-06-13T16:59:00+00:00
l8gvyk5,t1_l8gk5y2,1df2fdz,Sensitive_Box55,"That's fair, and I would be happy to move out further if needs be. Sorry if I came across as posting a joke. I'm just not been involved in the rental market for a long time. Thanks for the feedback.","that s fair , and I would be happy to move out far if need be . sorry if I come across as post a joke . I m just involve in the rental market for a long time . thank for the feedback .",1,2024-06-13T19:07:55+00:00
l8gwk5o,t1_l8ghiqz,1df2fdz,Sensitive_Box55,Cheers for the advice. yeah happy to go past Musselburgh to be honest and further if needs be. As it is I am not far from there anyway so wouldn't be much of a lifestyle change. No interest in being in the city.,cheer for the advice . yeah happy to go past musselburgh to be honest and far if need be . as it be I be from there anyway so would not be much of a lifestyle change . in be in the city .,1,2024-06-13T19:11:10+00:00
l8gw2z9,t1_l8gce73,1df2fdz,Sensitive_Box55,"Thanks, I will check out the app, never heard of it before.","thank , I will check out the app , of it before .",1,2024-06-13T19:08:35+00:00
l8g9eei,t1_l8g8vp7,1df2fdz,Mammoth_Parfait7744,"I would say Facebook Marketplace & Rightmove are your best bets, but again, you'll need to be quick.

Nothing that's priced fairly and in a nice location is hanging around.","I would say facebook marketplace rightmove be your good bet , but again , you ll need to be quick . nothing that s price fairly and in a nice location be hang around .",-1,2024-06-13T17:01:51+00:00
l8gaccx,t1_l8g9eei,1df2fdz,Sensitive_Box55,"Cheers, will keep those in mind.","cheer , will keep those in mind .",1,2024-06-13T17:07:07+00:00
l8aua9b,t3_1debo26,1debo26,FacetiousTomato,You can - you'll be asked to pay in advance though. Probably 3-6 months.,you can you ll be ask to pay in advance though . probably month .,2,2024-06-12T17:42:34+00:00
l7yjo4i,t3_1dckmym,1dckmym,termonszymra,"You can try mid market rent in Edinburgh: [https://www.edinburgh.gov.uk/midmarketrent](https://www.edinburgh.gov.uk/midmarketrent)

If your mother is completely dependent on you, is she eligible for any benefits (does she have access to public funds)? Or are you eligible to apply for any carer's benefits/UC with carer's element? Just to see how you can maximise your income.

There is a housing crisis in Edinburgh, so it will be difficult, regardless. Beware of scammers, view flats in person (take a day off to come here), check landlords registration numbers. If anything seems fishy, check Shelter Scotland or Citizens Advice websites. Or ask here for word of mouth knowledge.

If you are not fussed about living in Edinburgh, other Lothians and Fife are cheaper and commute is not an issue time-wise (albeit potentially bit expensive).

You mentioned another Scottish city - are you able to commute/work remotely for a bit, before you find the accommodation here? Unless it's Inverness or Aberdeen, commuting could be annoying but not impossible.","you can try mid market rent in edinburgh if your mother be completely dependent on you , be she eligible for any benefit do she have access to public fund ? or be you eligible to apply for any carer benefit uc with carer element ? just to see how you can maximise your income . there be a housing crisis in edinburgh , so it will be difficult , regardless . beware of scammer , view flat in person take a day off to come here , check landlord registration number . if anything seem fishy , check shelter scotland or citizen advice website . or ask here for word of mouth knowledge . if you be about live in edinburgh , other lothian and fife be cheap and commute be issue timewise albeit potentially bit expensive . you mention another scottish city be you able to commute work remotely for a bit , before you find the accommodation here ? unless its inverness or aberdeen , commuting could be annoying but .",32,2024-06-10T13:26:04+00:00
l7yfdr6,t3_1dckmym,1dckmym,fredflatulent,"Not screwed at all.  Fantastic opportunity to cut the apron strings and - ‘oh so sorry mum, you can’t live with me anymore, time for you to go home’","at all . fantastic opportunity to cut the apron string and oh so sorry mum , you can not live with I anymore , time for you to go home",62,2024-06-10T12:56:05+00:00
l7zgu99,t3_1dckmym,1dckmym,dleoghan,Having read your own description of your mother I think the advice not to move with her is good. It’s painful but otherwise she’s going to continue to destroy your life - I’ve been where you are and it took me until I was 30. That delay did neither of us any favours.,having read your own description of your mother I think the advice move with she be good . its painful but otherwise she s go to continue to destroy your life I ve be where you be and it take I until I be . that delay do neither of we any favour .,6,2024-06-10T16:42:04+00:00
l7yergf,t3_1dckmym,1dckmym,Gecko5991,Does your mum make income? £2k is going to be difficult after council tax and energy and £800 flat will be over £1200,do your mum make income ? be go to be difficult after council tax and energy and flat will be over,6,2024-06-10T12:51:32+00:00
l7yfjan,t3_1dckmym,1dckmym,Valuable-Wallaby-167,"Realistically you're not going to get that in Edinburgh, you might find somewhere in Fife, a lot of people commute from there. Even at £800 rent money is going to be tight for two people. Is your salary figure gross or net?","realistically you re to get that in edinburgh , you might find somewhere in fife , a lot of people commute from there . even at rent money be go to be tight for two people . be your salary figure gross or net ?",6,2024-06-10T12:57:11+00:00
l7zbu3w,t3_1dckmym,1dckmym,TwigletTree,Roughly where in Edinburgh is your job? Just thinking about the best commuting options.,roughly where in edinburgh be your job ? just think about the well commuting option .,3,2024-06-10T16:13:55+00:00
l800gao,t3_1dckmym,1dckmym,kitknit81,"Look at towns outside Edinburgh like Dalkeith, and Bonnyrigg in Midlothian, they have easy public transport to the city centre, less than an hour by bus and a train option too, also Musselburgh and Livingston. Finding a 2 bed in Edinburgh for your budget is going to be hard and you’d likely end up in an area of town that would take as long to get to/from as a place outside of Edinburgh.","look at town outside edinburgh like dalkeith , and bonnyrigg in midlothian , they have easy public transport to the city centre , less than an hour by bus and a train option too , also musselburgh and livingston . find a bed in edinburgh for your budget be go to be hard and you d likely end up in an area of town that would take as long to get to from as a place outside of edinburgh .",3,2024-06-10T18:30:32+00:00
l7z8qxx,t3_1dckmym,1dckmym,omggcantfindusername,Can your mom not work?,can your mom ?,4,2024-06-10T15:56:28+00:00
l80j86u,t3_1dckmym,1dckmym,Easy_Significance_83,"Just find a place outside of the city centre and commute a little? Even if you had to commute an hour each day that’s just part of the process of working up the ladder sometimes. Use the commute productively… read, study eat. If the commute is that bad, get a moped.

Alternatively find a flat which a front room could be turned into a bedroom / living space for a year or two.

Make the sacrifice and work hard, you got this.","just find a place outside of the city centre and commute a little ? even if you have to commute an hour each day that s just part of the process of work up the ladder sometimes . use the commute productively read , study eat . if the commute be that bad , get a moped . alternatively find a flat which a front room could be turn into a bedroom live space for a year or two . make the sacrifice and work hard , you get this .",2,2024-06-10T20:15:01+00:00
l83j6s8,t3_1dckmym,1dckmym,Busy-Dress9463,"Your other option other than finding a flat in your place of work is to commute more, find a place out of Edinburgh. It will come at the cost and expense of you spending more time travelling, but could be cheaper than renting in Edinburgh IF you manage to find a two bedroom flat","your other option other than find a flat in your place of work be to commute more , find a place out of edinburgh . it will come at the cost and expense of you spend more time travel , but could be cheap than rent in edinburgh if you manage to find a two bedroom flat",2,2024-06-11T10:53:46+00:00
l83wzgf,t3_1dckmym,1dckmym,jobbyspanker,"I was seeing a woman from a South American country. She had settled status in the UK and was doing a degree here but her mother got sick. So she had to fly half way around the world and care for her mother full time while not having a job and studying in the UK through distance learning. That was over 2 years ago and now she is starting her masters degree. She has siblings that live locally who are all well established in the country with full time jobs, homes etc but they don't offer any help or even pay them a visit. She says it is a cultural expectation for the daughter to care for the mother. 
My own mother had a similar situation with my granny. Because she was the eldest daughter and my grandmother had 7 kids and a full time job, it was my mums role in the family to look after everyone else. When my granny got emphysema my mum cared for her night and day for over 5 years until her death. She barely seen her younger sisters or brother during that time period. I dinny see that as a cultural thing. I think it is a bunch of old fashioned bullshit that holds women back. The South American woman is in her 40s and her own future is not secure enough to support other people right now. I don't want to sound too harsh but you shouldn't be expected to support someone else if you are not exactly secure yourself.","I be see a woman from a south american country . she have settle status in the uk and be do a degree here but her mother get sick . so she have to fly half way around the world and care for her mother full time while a job and study in the uk through distance learning . that be over year ago and now she be start her master degree . she have sibling that live locally who be all well establish in the country with full time job , home etc but they do not offer any help or even pay they a visit . she say it be a cultural expectation for the daughter to care for the mother . my own mother have a similar situation with my granny . because she be the eld daughter and my grandmother have kid and a full time job , it be my mum role in the family to look after everyone else . when my granny get emphysema my mum care for her night and day for over year until her death . she barely see her young sister or brother during that time period . I dinny see that as a cultural thing . I think it be a bunch of old fashioned bullshit that hold woman back . the south american woman be in her and her own future be enough to support other people right now . I do not want to sound too harsh but you should not be expect to support someone else if you be secure yourself .",2,2024-06-11T12:49:11+00:00
l7yug1q,t3_1dckmym,1dckmym,knockonce4fun,One other thing to consider is that the company you’re joining may offer a relocation allowance - worth enquiring about before you start,one other thing to consider be that the company you re join may offer a relocation allowance worth enquire about before you start,2,2024-06-10T14:34:12+00:00
l80blv3,t3_1dckmym,1dckmym,Normal-Basis9743,"The mid market stuff tricks you almost. Check out touchstone, citylets and Link for Midmarket rent and normal rent. 

Steer clear of The North west ex council or council housing in Pilton, Granton and Muirhouse. A lot of these buildings are leaking like a sieve including the new builds in Muirhouse. Not worth the hassle. 

Any block of flats with a parapet round the corner windows that meet the roof are also a wet mess either currently or about to be. Again not worth the hassle and will take an age to repair because you will need the whole block to agree on cost and repair.","the mid market stuff trick you almost . check out touchstone , citylet and link for midmarket rent and normal rent . steer clear of the north west ex council or council housing in pilton , granton and muirhouse . a lot of these building be leak like a sieve include the new build in muirhouse . the hassle . any block of flat with a parapet round the corner window that meet the roof be also a wet mess either currently or about to be . again the hassle and will take an age to repair because you will need the whole block to agree on cost and repair .",1,2024-06-10T19:32:32+00:00
l83n0ka,t3_1dckmym,1dckmym,Ambitious_Item_2489,"I would think about what your needs are, there are better places to live if your mother could make use of a community vibe, that's when commuting from east Lothian would be a bit cheaper, if she doesn't socialise much, I would suggest one of the areas in Edinburgh that appear rough round the edges, but aren't if you keep yourself to yourself. 

If your mum is dependent on you, you could maybe see about getting her registered with the Edinburgh social housing register, that way you can acquire security for her while your off creating a career for yourself. 

I hope this helps and good luck 😁","I would think about what your need be , there be well place to live if your mother could make use of a community vibe , that s when commute from east lothian would be a bit cheap , if she do not socialise much , I would suggest one of the area in edinburgh that appear rough round the edge , but be not if you keep yourself to yourself . if your mum be dependent on you , you could maybe see about get she register with the edinburgh social housing register , that way you can acquire security for she while your off create a career for yourself . I hope this help and good luck",1,2024-06-11T11:29:15+00:00
l81muvx,t3_1dckmym,1dckmym,808jammin,Your fucked,your fucked,0,2024-06-11T00:21:46+00:00
l7ykwac,t1_l7yjo4i,1dckmym,Jumph96,"I currently live in Dundee, it's a 2hr journey by train or bus (give or take), and I don't know how much I'd have to pay, but I'd say it's probably a considerable amount. 

We haven't tried getting benefits for her in a long while, but in any case she's not a UK national, she's got Settled Status. I got my citizenship last week. I guess it doesn't hurt to look into, although I'm not sure if, once they look at my new contract, they're going to consider me to be eligible. 

I'm gonna try to sit down and see if commuting from the surrounding area outside Edinburgh is going to be much cheaper than renting a place inside.","I currently live in dundee , its a journey by train or bus give or take , and I do not know how much i d have to pay , but I d say its probably a considerable amount . we have not try get benefit for she in a long while , but in any case she s uk national , she s get settle status . I get my citizenship last week . I guess it do not hurt to look into , although I m if , once they look at my new contract , they re go to consider I to be eligible . I m go to try to sit down and see if commute from the surround area outside edinburgh be go to be much cheap than rent a place inside .",11,2024-06-10T13:34:21+00:00
l7yfzsx,t1_l7yfdr6,1dckmym,Jumph96,"As mush as I'd love to get some much-needed independence and freedom from my mother by moving into a city and having my own place, I know that I'd be setting my sister up back home with her husband and kids for some rough months ahead. I'm not sure I can do that. but then again what options do I have?","as mush as i d love to get some muchneede independence and freedom from my mother by move into a city and have my own place , I know that I d be set my sister up back home with her husband and kid for some rough month ahead . I m I can do that . but then again what option do I have ?",-5,2024-06-10T13:00:30+00:00
l7zwv67,t1_l7zgu99,1dckmym,Jumph96,"I'm getting there, this year I turn 28. I'll tell my sister about the new job next week and ask her to reconsider. If she's not willing to lift a finger I'll have no choice but to find a way on my own, see if I can go there myself and search for someone willing to sign a rent agreement with someone living in another country and then just a sit-down with my mother. It's going to be devastating and she's gonna hurt me emotionally, gaslight me and guilt trip me but it's either that or I'm looking at another 10 years of depression. I might not even last that long.","I m get there , this year I turn . ill tell my sister about the new job next week and ask she to reconsider . if she s to lift a finger ill have but to find a way on my own , see if I can go there myself and search for someone willing to sign a rent agreement with someone live in another country and then just a sitdown with my mother . its go to be devastating and she s go to hurt I emotionally , gaslight I and guilt trip I but its either that or I m look at another year of depression . I might last that long .",3,2024-06-10T18:10:41+00:00
l7yf4qk,t1_l7yergf,1dckmym,Jumph96,"unfortunately no, she's completely dependant on me and doesn't have an income. 

>2k is going to be difficult after council tax and energy and £800 flat will be over £1200

Crap... Really?  And here I was thinking I could afford spending a little more on just rent... 

I don't wanna give up on this job offer, I've been looking to start my career after uni for the past 3 years. There's gotta be a way.. 😣😣","unfortunately no , she s completely dependant on I and do not have an income . be go to be difficult after council tax and energy and flat will be over crap really ? and here I be think I could afford spend a little more on just rent I do not wanna give up on this job offer , I ve be look to start my career after uni for the past year . there s get to be a way",4,2024-06-10T12:54:16+00:00
l7yipzh,t1_l7yfjan,1dckmym,Jumph96,net,net,2,2024-06-10T13:19:39+00:00
l7zw3a0,t1_l7zbu3w,1dckmym,Jumph96,crewe toll,crewe toll,1,2024-06-10T18:06:22+00:00
l800nyf,t1_l800gao,1dckmym,Jumph96,"Yeah I'm looking at mid-market rent options, and places outside Edinburgh. Seems like the only viable option for now...","yeah I m look at midmarket rent option , and place outside edinburgh . seem like the only viable option for now",1,2024-06-10T18:31:43+00:00
l7z8wtz,t1_l7z8qxx,1dckmym,Jumph96,"Not an option unfortunately, she's never worked in 20+ years, plus she's got a chronic illness and doesn't even speak the language","option unfortunately , she s in year , plus she s get a chronic illness and do not even speak the language",-1,2024-06-10T15:57:22+00:00
l7yfqsi,t1_l7yfcn4,1dckmym,Jumph96,"Yeah I know, I found the same results, hence why I decided to post about my story here, just to see if there's anything I haven't thought about. 😞.  I saw some rents there in Broxburn but it'd take me more than 1hr to get to work, not to mention the cost of transport... 

This is not good...","yeah I know , I find the same result , hence why I decide to post about my story here , just to see if there s anything I have not think about . . I see some rent there in broxburn but it d take I more than to get to work , mention the cost of transport this be",2,2024-06-10T12:58:42+00:00
l83mcsk,t1_l82wrh0,1dckmym,Jumph96,"Thank a lot for the recommendation, I might see if I can read it after finishing my 5th booth of The Expanse.   
I've been getting counselling already for the past 2 years now, so that helps a little, but if I'm being honest I think at some point, unless my sister's going to eventually help me with our mother, I'm just gonna have a to grow a pair and tell her how I'm approaching my 30s and I just can't live like this anymore.","thank a lot for the recommendation , I might see if I can read it after finish my booth of the expanse . I ve be get counselling already for the past year now , so that help a little , but if I m be honest I think at some point , unless my sister go to eventually help I with our mother , I m just go to have a to grow a pair and tell she how I m approach my and I just can not live like this anymore .",1,2024-06-11T11:23:27+00:00
l83lv0d,t1_l83j6s8,1dckmym,Jumph96,"I don't think I've got much choice, I have to find someplace outside Edinburgh, I found some flats slightly above my budget but they're quite far from my place of work in Edinburgh (1hr30 by bus and train). I never really had to commute for this long in the past I'm afraid I might decide to get one and then discover it's just too much","I do not think I ve get much choice , I have to find someplace outside edinburgh , I find some flat slightly above my budget but they re quite far from my place of work in edinburgh by bus and train . I have to commute for this long in the past I m afraid I might decide to get one and then discover its just too much",1,2024-06-11T11:19:02+00:00
l85d8d3,t1_l83wzgf,1dckmym,Jumph96,"It's really a shitty thing, rest of the extended family is always praising me for taking care of her and being with her. When I opened up about the situation with my sister last year she reassured me she was gonna step up to the plate and start taking care of our mother, she always thought the best thing would be for her to take her in, I knew already that it was going to be a bad idea and suggested from the beginning to try to consider finding her a place next to my sister, however, she was always doubtful our mother could manage on her own. We eventually tried 2 months ago and not even a week in her husband (rightfully so if I'm being honest) puts his foot down and declares he's against this idea (I later found out she didn't even tell him what was happening, which is shocking honestly). I tell her ""I told you so, now can we please try to find her a place?"". She tells me things are too chaotic now that she's here with us and that she needs some time to figure out what needs doing but for that to happen she wants my mother back with me first. I agree and give her time. It's been almost a month, I spoke with her yesterday and she never mentioned once anything about this...

Next week I'm gonna tell her about the new job, I'm worried that the situation with my mother is going to have an impact on my performance at work (it's already making it impossible for me to concentrate when at home cause I'm too depressed).","its really a shitty thing , rest of the extended family be always praise I for take care of she and be with she . when I open up about the situation with my sister last year she reassure I she be go to step up to the plate and start take care of our mother , she always think the good thing would be for she to take she in , I know already that it be go to be a bad idea and suggest from the beginning to try to consider find she a place next to my sister , however , she be always doubtful our mother could manage on her own . we eventually try month ago and a week in her husband rightfully so if I m be honest put his foot down and declare he s against this idea I later find out she do not even tell he what be happen , which be shock honestly . I tell she I tell you so , now can we please try to find she a place ? . she tell I thing be too chaotic now that she s here with we and that she need some time to figure out what need do but for that to happen she want my mother back with I first . I agree and give her time . its be almost a month , I speak with she yesterday and she once anything about this next week I m go to tell she about the new job , I m worried that the situation with my mother be go to have an impact on my performance at work its already make it impossible for I to concentrate when at home cause I m too depressed .",1,2024-06-11T17:54:40+00:00
l7yumw8,t1_l7yug1q,1dckmym,Jumph96,They already stated that they'll give me £100/month for the first 6 months which is good,they already state that they ll give I month for the first month which be good,0,2024-06-10T14:35:21+00:00
l7yncfo,t1_l7ykwac,1dckmym,Valuable-Wallaby-167,">she's got Settled Status

She should be eligible for benefits then. Definitely look into it, because that will make life a lot easier financially.","she s get settle status she should be eligible for benefit then . definitely look into it , because that will make life a lot easy financially .",23,2024-06-10T13:50:25+00:00
l7yr20k,t1_l7ykwac,1dckmym,yakuzakid3k,"It will 100% be cheaper than living in Edinburgh, and often if you are located near a rail station you can be in town centre a lot quicker than many of us who actually live in the city. ie. my mate can get to waverley in 30 minutes from Bathgate. Takes me about 40 mins from bottom of Leith.","it will be cheap than live in edinburgh , and often if you be locate near a rail station you can be in town centre a lot quick than many of we who actually live in the city . ie . my mate can get to waverley in minute from bathgate . take I about min from bottom of leith .",22,2024-06-10T14:13:37+00:00
l7ynynr,t1_l7ykwac,1dckmym,termonszymra,"If your mum has a settled status, she would have full access to public funds (unless she lived outside of the UK for longer time, then she might not 'pass' the habitual residence test for SOME benefits). You can check all available benefits for her on Turn2Us website by using their calculator: [https://benefits-calculator.turn2us.org.uk/](https://benefits-calculator.turn2us.org.uk/) Calculate the benefits for your mum and for yourself.

Even if your salary is good, your mum might be able to get non-means tested benefits, such as Adult Disability Payment/Attendance Allowance (first is for under state pension age, the second for over), if she is disabled or has long-term condition. That's one of several benefits she might be eligible for.

If she is missing on benefits, it's worth applying, regardless of your choices to move/stay/commute. 

Is she getting state pension or Pension Credit? Does she receive pension from another country - if not, is she able to have it paid here?

For flat/house search - Edinburgh and the Lothians are very well connected via bus network, so that is definitely an option. Unless you rely on specific services (eg. for your mum) which are less accessible in smaller towns, you do not have to live in Edinburgh. 

Also, what would your mum like to do? Is she happy to move or would she be alright to get into, for example, sheltered housing in Dundee, as she knows the city?","if your mum have a settle status , she would have full access to public fund unless she live outside of the uk for long time , then she might not pass the habitual residence test for some benefit . you can check all available benefit for she on website by use their calculator calculate the benefit for your mum and for yourself . even if your salary be good , your mum might be able to get nonmean test benefit , such as adult disability payment attendance allowance first be for under state pension age , the second for over , if she be disabled or have longterm condition . that s one of several benefit she might be eligible for . if she be miss on benefit , its worth apply , regardless of your choice to move stay commute . be she get state pension or pension credit ? do she receive pension from another country if not , be she able to have it pay here ? for flat house search edinburgh and the lothians be very well connect via bus network , so that be definitely an option . unless you rely on specific service eg . for your mum which be less accessible in small town , you do to live in edinburgh . also , what would your mum like to do ? be she happy to move or would she be alright to get into , for example , shelter housing in dundee , as she know the city ?",6,2024-06-10T13:54:18+00:00
l7ymzs8,t1_l7ykwac,1dckmym,160295,"Settled status shouldn’t stop her from applying. You should look into it if it’ll ease your burden and also if she’s eligible, why not?","settle status should not stop she from apply . you should look into it if it ll ease your burden and also if she s eligible , why not ?",2,2024-06-10T13:48:09+00:00
l80sajv,t1_l7ykwac,1dckmym,daleash84,You can get the very low cost ember bus direct to Edinburgh.   Terrible commute tho as Crewe toll isn’t really Edinburgh centre.  And a commute out,you can get the very low cost ember bus direct to edinburgh . terrible commute tho as crewe toll be not really edinburgh centre . and a commute out,1,2024-06-10T21:05:42+00:00
l7yq993,t1_l7yf4qk,1dckmym,Gecko5991,"Council tax for a 2 bed flat in a cheap area might be lower but still around £1600 a year. 

My 2 bed flat was £140 per month energy average over the last year and that was being very cautious with usage. 

Our food bill for two people is £300 per month.  Combined that’s almost  £7000 on council tax, energy and food. 

This is all without transport, car, personal needs, internet, road tax etc. I’m not saying it not possible, many people live on less that £2k per month. I’m sure we could cut our food bill down too. But I’d struggle if both me and my partner were not bringing in a wage in our 2 bed flat. I’m in Glasgow so maybe so difference in price also.","council tax for a bed flat in a cheap area might be low but still around a year . my bed flat be per month energy average over the last year and that be be very cautious with usage . our food bill for two people be per month . combine that s almost on council tax , energy and food . this be all , car , personal need , internet , road tax etc . I m it , many people live on less that per month . I m sure we could cut our food bill down too . but i d struggle if both I and my partner be in a wage in our bed flat . I m in glasgow so maybe so difference in price also .",2,2024-06-10T14:08:40+00:00
l84dw14,t1_l7zw3a0,1dckmym,touristtam,"> crewe toll

Look at the network map from Lothian Buses: https://www.lothianbuses.com/maps-and-times/network-maps/ to make a decision what's the best option for you. You might be able to find a rental within the bypass (CEC) that is commutable. Don't do the stupid mistake everyone do when they come to Edinburgh and be inflexible where you will consider renting.",crewe toll look at the network map from lothian bus to make a decision what s the good option for you . you might be able to find a rental within the bypass cec that be commutable . do not do the stupid mistake everyone do when they come to edinburgh and be inflexible where you will consider renting .,2,2024-06-11T14:38:11+00:00
l83hif9,t1_l7z8wtz,1dckmym,IRegretCommenting,i am genuinely shocked by the downvotes. are people disapproving of chronic illness??,I be genuinely shock by the downvote . be people disapprove of chronic illness ? ?,2,2024-06-11T10:36:55+00:00
l7yikpc,t1_l7yfqsi,1dckmym,FumbleMyEndzone,I stay and work in Edinburgh and it can take me more than an hour to get to work,I stay and work in edinburgh and it can take I more than an hour to get to work,7,2024-06-10T13:18:38+00:00
l7yngn0,t1_l7yncfo,1dckmym,Jumph96,"yeah, I'll do a quick search now, and go to the citizen advice bureau tomorrow morning.","yeah , ill do a quick search now , and go to the citizen advice bureau tomorrow morning .",13,2024-06-10T13:51:09+00:00
l7yrrff,t1_l7yr20k,1dckmym,Jumph96,I'm gonna reconsider finding a place outside Edinburgh then. I've seen other people in the comments suggesting finding a flat this way.,I m go to reconsider find a place outside edinburgh then . I ve see other people in the comment suggest find a flat this way .,5,2024-06-10T14:17:59+00:00
l7yuj25,t1_l7yr20k,1dckmym,VardaElentari86,"Yep...that's edinburgh traffic for you, so annoying!","yep thats edinburgh traffic for you , so annoying !",1,2024-06-10T14:34:42+00:00
l84xch2,t1_l7yr20k,1dckmym,DJ_Firth,Even with the new tramline?,even with the new tramline ?,1,2024-06-11T16:27:26+00:00
l7ytp6n,t1_l7ynynr,1dckmym,Jumph96,"According to Turn2Us I can get <£80 a month. Not ideal, but better than nothing. I'll run the calculator again just to double check. And I'll do it for my mother too. 

>Adult Disability Payment/Attendance Allowance (first is for under state pension age, the second for over), if she is disabled or has long-term condition. That's one of several benefits she might be eligible for.

She's got chronic kidney failure but I'm not sure it's gonna count for much as there are people on dialysis that can still work. Obviously, I'll ask tomorrow about it at the Citizen Advice bureau 

>Is she getting state pension or Pension Credit? Does she receive pension from another country - if not, is she able to have it paid here?

Not really no, she's separated and gets <£200 a month from her husband, but it's not something we'd like to keep getting any more. 

>For flat/house search - Edinburgh and the Lothians are very well connected via bus network, so that is definitely an option. Unless you rely on specific services (eg. for your mum) which are less accessible in smaller towns, you do not have to live in Edinburgh.

This seems like what other users have suggested as well, it might still be over my budget but it's much more approachable than having to pay £400+ for a flat in the city (as much as I'd love to get one). 

>Also, what would your mum like to do? Is she happy to move or would she be alright to get into, for example, sheltered housing in Dundee, as she knows the city?

Sheltered housing is not an option unfortunately, our culture is adamant about getting the children to take care of their parents until they die. She'd never forgive me for doing something like that. 

I've been trying to get my sister to take her in or to help me find her a place next to her cause, I gotta be honest, without going into too much detail, my mother's literally driving me insane. I know she'd definitely love to keep staying with me but I'd be lying if I said that I'd much rather go alone and have some freedom. Some other people suggested this option but it brings up another set of challenges.","accord to I can get a month . , but well than nothing . ill run the calculator again just to double check . and ill do it for my mother too . adult disability payment attendance allowance first be for under state pension age , the second for over , if she be disabled or have longterm condition . that s one of several benefit she might be eligible for . she s get chronic kidney failure but I m its go to count for much as there be people on dialysis that can still work . obviously , ill ask tomorrow about it at the citizen advice bureau be she get state pension or pension credit ? do she receive pension from another country if not , be she able to have it pay here ? no , she s separate and get a month from her husband , but its we d like to keep get any more . for flat house search edinburgh and the lothians be very well connect via bus network , so that be definitely an option . unless you rely on specific service eg . for your mum which be less accessible in small town , you do to live in edinburgh . this seem like what other user have suggest as well , it might still be over my budget but its much more approachable than have to pay for a flat in the city as much as I d love to get one . also , what would your mum like to do ? be she happy to move or would she be alright to get into , for example , shelter housing in dundee , as she know the city ? shelter housing be option unfortunately , our culture be adamant about get the child to take care of their parent until they die . shed I for do something like that . I ve be try to get my sister to take she in or to help I find she a place next to her cause , I get to be honest , into too much detail , my mother literally drive I insane . I know shed definitely love to keep stay with I but i d be lie if I say that I d much rather go alone and have some freedom . some other people suggest this option but it bring up another set of challenge .",3,2024-06-10T14:29:42+00:00
l7yndhn,t1_l7ymzs8,1dckmym,Jumph96,"yeah, no definitely, I'll look into it for sure.","yeah , , ill look into it for sure .",2,2024-06-10T13:50:36+00:00
l7ym00c,t1_l7yju9g,1dckmym,Jumph96,"it's a tough choice, I know I wouldn't be able to forgive myself for letting this opportunity slip through my fingers for what could be considered a technicality. 

I discussed with my sister the option of getting her her own place closer to where she lives back home but she's not too happy about it. Now that I might be able to financially somewhat contribute to this she might be more inclined to help... It would be better than having my sister take our mother in. We tried that 2 months ago and after a week everyone was at each other's throats already..","its a tough choice , I know I would not be able to forgive myself for let this opportunity slip through my finger for what could be consider a technicality . I discuss with my sister the option of get she her own place close to where she live back home but she s happy about it . now that I might be able to financially somewhat contribute to this she might be more inclined to help it would be well than have my sister take our mother in . we try that month ago and after a week everyone be at each other throat already",3,2024-06-10T13:41:43+00:00
l7yqtwz,t1_l7yq993,1dckmym,Jumph96,"Some other users suggested looking into what benefits my mother could be entitled to that could help. And to possibly find a cheaper place outside the city and then commute to Edinburgh. I'm just afraid that I'm gonna struggle to find something even within my budget, plus I need to consider the cost of transport too","some other user suggest look into what benefit my mother could be entitle to that could help . and to possibly find a cheap place outside the city and then commute to edinburgh . I m just afraid that I m go to struggle to find something even within my budget , plus I need to consider the cost of transport too",2,2024-06-10T14:12:13+00:00
l85aujm,t1_l84dw14,1dckmym,Jumph96,"Thank you for the reply. I've been looking now every day for a week, I also set up automatic alerts via both email and SMS, however for my price range it seems like there's practically nothing for a 2 bedroom, most people so far have suggested looking outside the city... 

  
If I can't find anything, I might have to go for drastic measures and ask my sister to take my mother and just find a spare room until I find somewhere affordable","thank you for the reply . I ve be look now every day for a week , I also set up automatic alert via both email and sms , however for my price range it seem like there s practically nothing for a bedroom , most people so far have suggest look outside the city if I can not find anything , I might have to go for drastic measure and ask my sister to take my mother and just find a spare room until I find somewhere affordable",1,2024-06-11T17:41:40+00:00
l83hu61,t1_l83hif9,1dckmym,Jumph96,"Didn't even see that honestly until I saw your comment. Don't really know what to say, unfortunately it's true, she's unfit for work, she probably would be even if we went back to our home country where she could speak the language just because of her health. 

I'm gonna tell the news about the job offer to my sister and see if she's willing to help, my mother will probably be opposed to this, but if she can back me up, maybe there's a chance. Otherwise I'm just gonna have to find a way on my own","do not even see that honestly until I see your comment . do not really know what to say , unfortunately its true , she s unfit for work , she probably would be even if we go back to our home country where she could speak the language just because of her health . I m go to tell the news about the job offer to my sister and see if she s willing to help , my mother will probably be oppose to this , but if she can back I up , maybe there s a chance . otherwise I m just go to have to find a way on my own",3,2024-06-11T10:40:18+00:00
l85b20p,t1_l83trm8,1dckmym,Jumph96,"I know, we'll see how it goes, thanks a lot 😄","I know , well see how it go , thank a lot",1,2024-06-11T17:42:47+00:00
l7zd6b9,t1_l7yngn0,1dckmym,Dry-Pie2395,"Citizens advice will be great on the benefits and housing, she may well be able to get her own place or help towards housing costs if she needs to live with you.","citizen advice will be great on the benefit and housing , she may well be able to get her own place or help towards housing cost if she need to live with you .",8,2024-06-10T16:21:28+00:00
l84zu6d,t1_l84xch2,1dckmym,yakuzakid3k,"It's definitely quicker than it used to be on the bus. Takes 20 minutes from leaving Newhaven to the top of the walk stop. Really wish it would go faster around bends though, crawls to a halt, and quite a few around ocean terminal.","its definitely quick than it use to be on the bus . take minute from leave newhaven to the top of the walk stop . really wish it would go fast around bend though , crawl to a halt , and quite a few around ocean terminal .",2,2024-06-11T16:41:11+00:00
l812190,t1_l7ytp6n,1dckmym,MediumPeteWrigley,"file fragile aromatic exultant ten grandiose point marvelous straight memory

 *This post was mass deleted and anonymized with [Redact](https://redact.dev)*",file fragile aromatic exultant ten grandiose point marvelous straight memory this post be mass delete and anonymize with redact,3,2024-06-10T22:04:01+00:00
l7zogdj,t1_l7ytp6n,1dckmym,expert_internetter,Why can't you commute from Dundee? An hour or so commute is fairly standard in cities like London,why can not you commute from dundee ? an hour or so commute be fairly standard in city like london,-2,2024-06-10T17:24:29+00:00
l7yv148,t1_l7yqtwz,1dckmym,Gecko5991,"Yep certainly look what benefits she is entitled to. Moving outside the city centre is also a good way of reducing rent. I have a friend that moved outside and their one bed is £645 a month. 

The money saving expert website will have info to check benefits.",yep certainly look what benefit she be entitle to . move outside the city centre be also a good way of reduce rent . I have a friend that move outside and their one bed be a month . the money save expert website will have info to check benefit .,2,2024-06-10T14:37:47+00:00
l88m16x,t1_l85aujm,1dckmym,touristtam,"I know this is a generation thing, but local FB group can be useful sometimes. Worth a try if you are in a bind.","I know this be a generation thing , but local fb group can be useful sometimes . worth a try if you be in a bind .",1,2024-06-12T07:44:28+00:00
l851zxc,t1_l84zu6d,1dckmym,DJ_Firth,"Interesting, thanks","interesting , thank",1,2024-06-11T16:53:01+00:00
l7yrc7l,t1_l7yobuj,1dckmym,Jumph96,"she's a UK resident but not a citizen, she's got settled status. Looking at what other users have said so far, it seems like I've gotta try to find a place outside the city and commute into Edinburgh, and they also advised looking into seeing if there's any benefits she could be entitled to. 

Or I just speak to her and my sister and ask her to take her back home and I get myself a single room","she s a uk resident but citizen , she s get settle status . look at what other user have say so far , it seem like I ve get to try to find a place outside the city and commute into edinburgh , and they also advise look into see if there s any benefit she could be entitle to . or I just speak to she and my sister and ask she to take she back home and I get myself a single room",3,2024-06-10T14:15:22+00:00
l7yu2gt,t1_l7ytbld,1dckmym,Jumph96,"I know 😞, and I would actually love to get my own place away from my mother, I've been trying to get that for literal years. My best friend is begging me to show some spine and confront my sister about our mother and ask her for help otherwise, he thinks, my mother will just cling to me and never leave.","I know , and I would actually love to get my own place away from my mother , I ve be try to get that for literal year . my good friend be beg I to show some spine and confront my sister about our mother and ask she for help otherwise , he think , my mother will just cling to I and .",15,2024-06-10T14:31:57+00:00
l6m070z,t3_1d5iqyq,1d5iqyq,TheMrCeeJ,"I'm a landlord, I used a small independent letting agency that got bought out by another one that got bought out by DJA. They sent me an email saying 'now the rent caps are gone, let's put the rent up by 12%, you have 1 week to reply to stop this happening automatically'. 

I was shocked. There is no way the market has gone up that much in the interim, and no way I'm putting them up that much in one go. 

They replied with 'evidence' that it is worth it and kept pushing for the increase (basically a one line 'valuation' with no information or detail). I refused, and told them when the tenant moves out we can realist it at whatever the going rate is, but there is no way they are dumping 12% on a tenant in one go the second the law changes. 

It is just mental that I had to fight over 3 or 4 emails to stop it happening. I feel really bad for everyone else whose landlords just saw the ££ and replied ""looks good to me"".

Finally to everyone that gets hit by the 12% I'd suggest you dispute it. They included this in their email: ""Should a tenant dispute the rent increase, the rent officer will use the tapering method described in the below link to confirm what increase will be permitted between the current rent and the current market rent. We have used the same formula to suggest an increase for your property. ""

https://www.gov.scot/publications/cost-of-living-rent-and-eviction/pages/changes-from-1-april-2024/

I'm not sure it will make much difference, as they seem to be allowed to do this, but a 12% hike with no gradual implementation or consideration of individual circumstances is just mental.","I m a landlord , I use a small independent letting agency that get buy out by another one that get buy out by dja . they send I an email say now the rent cap be go , let put the rent up by , you have week to reply to stop this happen automatically . I be shocked . there be the market have go up that much in the interim , and I m put they up that much in one go . they reply with evidence that it be worth it and keep push for the increase basically a one line valuation with or detail . I refuse , and tell they when the tenant move out we can realist it at whatever the go rate be , but there be they be dump on a tenant in one go the second the law change . it be just mental that I have to fight over or email to stop it happen . I feel really bad for everyone else whose landlord just see the and reply look good to I . finally to everyone that get hit by the i d suggest you dispute it . they include this in their email should a tenant dispute the rent increase , the rent officer will use the tapering method describe in the below link to confirm what increase will be permit between the current rent and the current market rent . we have use the same formula to suggest an increase for your property . I m it will make much difference , as they seem to be allow to do this , but a hike with implementation or consideration of individual circumstance be just mental .",252,2024-06-01T11:31:22+00:00
l6lxfbc,t3_1d5iqyq,1d5iqyq,nnc-evil-the-cat,"FYI, Not even a real DJ","fyi , a real dj",134,2024-06-01T11:06:22+00:00
l6lockf,t3_1d5iqyq,1d5iqyq,Jubaa_99,"Same here, increase of 12%, they gave me 3 months  notice before the actual increase

Edit: not DJ Alexander, another letting agent.

I don’t think there’s much to do unless they expect the increase to be immediate","same here , increase of , they give I month notice before the actual increase edit alexander , another let agent . I do not think there s much to do unless they expect the increase to be immediate",40,2024-06-01T09:31:11+00:00
l6m16f3,t3_1d5iqyq,1d5iqyq,devicer2,"I got asked for a rent increase of 20% recently but then when I questioned it they said that they would save me the effort of having to complain about it being above the maximum by making it 12% instead... Like they were doing me a favour and not absolutely chancing it. Sadly I will have to pay the 12% because my rent didn't go up for 3 years while apparently every rent in Edinburgh went up 10-15% in that time, so it's still not a bad deal and I'd have no hope with complaints. Next year they'll go for 12% again though and it's a shitbox renthole so i'll probably go for the appeal then. 

Not like it can get any worse than 12% so if you're even close to current market rate then get on the appeal process IMMEDIATELY (you only have a few weeks), you don't succeed nothing changes, if you get ruling in your favour then you get slightly less of an increase. It's well worth it in terms of time spend for money saved if you win, even if it's only 1% that's 100+ quid over a year with rents like they are now. Plus you're helping everyone else and taking money out the parasites pockets.","I get ask for a rent increase of recently but then when I question it they say that they would save I the effort of have to complain about it be above the maximum by make it instead like they be do I a favour and chance it . sadly I will have to pay the because my rent do not go up for year while apparently every rent in edinburgh go up in that time , so its still bad deal and I d have with complaint . next year they ll go for again though and its a shitbox renthole so ill probably go for the appeal then . it can get any bad than so if you re even close to current market rate then get on the appeal process immediately you only have a few week , you do not succeed nothing change , if you get rule in your favour then you get slightly less of an increase . its well worth it in term of time spend for money save if you win , even if its only that s quid over a year with rent like they be now . plus you re help everyone else and take money out the parasite pocket .",23,2024-06-01T11:39:51+00:00
l6miqlc,t3_1d5iqyq,1d5iqyq,Extension-Dirt9139,"DJ Alexander is the scummiest agency out there, so you imagine how bad it is.","dj alexander be the scummi agency out there , so you imagine how bad it be .",21,2024-06-01T13:52:40+00:00
l6lnt6u,t3_1d5iqyq,1d5iqyq,Cultural_Ad9757,"Contact Living Rent, come to one the meetings, join the Union.
There are dealing with many, many cases like this due to a recent change.","contact living rent , come to one the meeting , join the union . there be deal with many , many case like this due to a recent change .",57,2024-06-01T09:24:46+00:00
l6m0gxq,t3_1d5iqyq,1d5iqyq,Immediate_Ad8636,"DJ Alexander are absolute scum, pure criminals. Challenge anything and everything they try to do to you","dj alexander be absolute scum , pure criminal . challenge anything and everything they try to do to you",44,2024-06-01T11:33:45+00:00
l6m07gb,t3_1d5iqyq,1d5iqyq,madhandlez89,Fuck DJAlexander,fuck djalexander,41,2024-06-01T11:31:28+00:00
l6ltijr,t3_1d5iqyq,1d5iqyq,deju_,"Contact living rent or Shelter for advice. The maximum they can increase is 12% but that's within the market value. Most decent letting agents will advise Landlords 6-8%. They best have substantial research to warrant this. 

They won't.",contact live rent or shelter for advice . the maximum they can increase be but that s within the market value . most decent let agent will advise landlord . they well have substantial research to warrant this . they will not .,10,2024-06-01T10:28:18+00:00
l6m841t,t3_1d5iqyq,1d5iqyq,bobajob2000,"Almost a 50% increase for me, but not DJ Alexander. Obviously contesting it lol!","almost a increase for I , but alexander . obviously contest it lol !",10,2024-06-01T12:36:18+00:00
l6nmjb3,t3_1d5iqyq,1d5iqyq,BlackOverlordd,"I've got a notice about a rent increase by 7.33%. The letter says that the new price is already complies with the tapering method so no need to dispute this with a rent offices. That assumes a 10% increase in the market price.

The thing is it take 10 minutes to figure out that this is bullshit. There is literally no similar properties in my area for the suggested price. I took my time and calculated the average price in my area for 1 bed furnished flats according to 4 different websites, and it turned out to be **lower** by 5 - 15% than my current rent. But no, I'm supposed to belive the agency because ""a team of professionals reviewed the market rents for properties using data from letting sites"".","I ve get a notice about a rent increase by . the letter say that the new price be already complie with the tapering method so to dispute this with a rent office . that assume a increase in the market price . the thing be it take minute to figure out that this be bullshit . there be literally property in my area for the suggest price . I take my time and calculate the average price in my area for bed furnish flat accord to different website , and it turn out to be low by than my current rent . but no , I m suppose to belive the agency because a team of professional review the market rent for property use datum from let site .",8,2024-06-01T17:59:40+00:00
l6o9dx0,t3_1d5iqyq,1d5iqyq,elaguafria,"I am also under DJ Alexander and yes I've also been hit with an increase, however mine is over 20%.

I am going to be objecting, as on the phone they told me that there is no cap at the moment and they can raise it as much as they like. I've been a long term tenant and have only raised issues when necessary. 

Very upset with them, never had any issues while my landlord was with a different agency.","I be also under dj alexander and yes I ve also be hit with an increase , however mine be over . I be go to be object , as on the phone they tell I that there be at the moment and they can raise it as much as they like . I ve be a long term tenant and have only raise issue when necessary . very upset with they , any issue while my landlord be with a different agency .",7,2024-06-01T20:23:16+00:00
l6m57on,t3_1d5iqyq,1d5iqyq,Best_Preference7373,My landlady hiked 11% last year and wants another 12% this year,my landlady hike last year and want another this year,7,2024-06-01T12:13:11+00:00
l6m5f7e,t3_1d5iqyq,1d5iqyq,ScottTsukuru,"Think DJ used to be decent, I rented a flat from them years ago, but more recently they were taken over by Braemore, who were absolute cowboys, who basically wanted a new name because their rep was that bad.

Presumably they’ll be on the lookout to do that again before long!","think dj use to be decent , I rent a flat from they year ago , but more recently they be take over by braemore , who be absolute cowboy , who basically want a new name because their rep be that bad . presumably they ll be on the lookout to do that again before long !",7,2024-06-01T12:14:49+00:00
l6nzu56,t3_1d5iqyq,1d5iqyq,Informal-Lock-7184,"I’ve also been hit with a 12% increase. My agency sent a letter in April telling me the increase would take effect from July. I think it’s shocking. Inflation is currently 2%, how can they justify a 12% increase in rent? 
I’m going to refuse to pay the increase. If inflation is 2% is the current rate of inflation surely this years increase should be something in the range of 2-5%??
What do others think?","I ve also be hit with a increase . my agency send a letter in april tell I the increase would take effect from july . I think its shocking . inflation be currently , how can they justify a increase in rent ? I m go to refuse to pay the increase . if inflation be be the current rate of inflation surely this year increase should be something in the range of ? ? what do other think ?",3,2024-06-01T19:23:02+00:00
l6o09ei,t3_1d5iqyq,1d5iqyq,nibbynib,"I'm the same, my rent was increased by 3% each of the past two years. This year it is going to be increased by 12%. Shocking really!","I m the same , my rent be increase by each of the past two year . this year it be go to be increase by . shocking really !",3,2024-06-01T19:25:37+00:00
l6o8sjq,t3_1d5iqyq,1d5iqyq,mr__tap,"As others have said, but can never be said enough: join Living Rent!

Without knowing much about your case, it's likely in your interest to go through the Rent Adjudication process recently introduced, especially if it's close to 21 calendar (not working!!) days since your rent increase notice was issued. And ignore landlords' and agencies' claims they've applied the same formula so it's pointless for you to apply, as parts of the formula are based on what the market looks like without them saying exactly how they'll get this data (I wonder what data the landlord/agency will use...)!

Either way, as mentioned, it's worth at the very least getting in touch with Living Tent. Depending on your situation, there may be more than one option you can follow, and you never know when your landlord/agency will be shitty to you again 🙂.","as other have say , but can say enough join live rent ! much about your case , its likely in your interest to go through the rent adjudication process recently introduce , especially if its close to calendar ! ! day since your rent increase notice be issue . and ignore landlord and agency claim they ve apply the same formula so its pointless for you to apply , as part of the formula be base on what the market look like say exactly how they ll get this datum I wonder what data the landlord agency will use ! either way , as mention , its worth at the very least get in touch with live tent . depend on your situation , there may be more than one option you can follow , and you when your landlord agency will be shitty to you again .",3,2024-06-01T20:19:28+00:00
l6xyjgr,t3_1d5iqyq,1d5iqyq,Glittering_Cheek5644,"I’m also with Dj Alexander and have had the exact same rise. I’ve had 3% increases each year for multiple years and now a 12% rise. It’s gone up by £135. Living on my own that kind of jump is so unreasonable but I’ve not disputed because I’ve decided it would be more effort than it’s worth, so I’ll move out at the end of the year. I’ve been in this flat for 5 years, I would have thought the landlord would have valued length of tenancy and how well I keep the flat, but clearly not. I’ll tell them why I’m moving out when I leave but I doubt that will make any difference to be honest.","I m also with dj alexander and have have the exact same rise . I ve have increase each year for multiple year and now a rise . its go up by . live on my own that kind of jump be so unreasonable but I ve because I ve decide it would be more effort than its worth , so ill move out at the end of the year . I ve be in this flat for year , I would have think the landlord would have value length of tenancy and how well I keep the flat , but clearly not . ill tell they why I m move out when I leave but I doubt that will make any difference to be honest .",3,2024-06-03T17:53:03+00:00
l6mk1kv,t3_1d5iqyq,1d5iqyq,xeno-dwarf,I got this same email this morning. Have you decided what you will do?,I get this same email this morning . have you decide what you will do ?,2,2024-06-01T14:01:37+00:00
l6nvi6o,t3_1d5iqyq,1d5iqyq,TemptFate17,Private landlord just went up the full 12%.,private landlord just go up the full .,2,2024-06-01T18:54:53+00:00
l6s09d0,t3_1d5iqyq,1d5iqyq,blindinglights29,Yup. 12% here too. Was going to to object but sadly when i looked at local rents for comparable flats mine is the cheapest in the whole suburb... this city is becoming unliveable!,yup . here too . be go to to object but sadly when I look at local rent for comparable flat mine be the cheap in the whole suburb this city be become unliveable !,2,2024-06-02T15:28:13+00:00
l6lo0ki,t3_1d5iqyq,1d5iqyq,Chance-Purpose-9652,What sort of notice period did they give for the increase to come into effect? I’m renting with another letting agency so just wondering if they are all upping the price?,what sort of notice period do they give for the increase to come into effect ? I m rent with another let agency so just wonder if they be all up the price ?,2,2024-06-01T09:27:12+00:00
l6oi3ei,t3_1d5iqyq,1d5iqyq,Papa_Johns_12_Inch,"Similar rent increase in Edinburgh as a student, max incease the moment it's legal to put one in, currently disputing it with rent service Scotland","similar rent increase in edinburgh as a student , max incease the moment its legal to put one in , currently dispute it with rent service scotland",1,2024-06-01T21:17:18+00:00
l6qr4z0,t3_1d5iqyq,1d5iqyq,Time_Cap3515,They will attempt to put it up by the maximum and unfortunately the landlords are all for it too. Having previously worked there try and negotiate with them who in turn will speak to the landlord. I don’t think they need to do anything but you never know,they will attempt to put it up by the maximum and unfortunately the landlord be all for it too . having previously work there try and negotiate with they who in turn will speak to the landlord . I do not think they need to do anything but you,1,2024-06-02T08:42:41+00:00
l6qrz96,t3_1d5iqyq,1d5iqyq,Dismal_Librarian_635,My letting agents (Ace Property) want to put ours up by 24.5% despite that being illegal and our flat currently being infested with rats. Obvs immediately appealing it with RSS https://www.mygov.scot/apply-about-rent,my let agent ace property want to put ours up by despite that be illegal and our flat currently be infest with rat . obvs immediately appeal it with rss,1,2024-06-02T08:53:04+00:00
l6r200z,t3_1d5iqyq,1d5iqyq,cynicalveggie,"Exact same thing happened to me yesterday. 12% increase from DJ. Ridiculous considering the living crisis we are in. I can barely afford the rent as it is.

It honestly does feel like we are being priced out of the city. I'm not even in a particularly busy area.",exact same thing happen to I yesterday . increase from dj . ridiculous consider the live crisis we be in . I can barely afford the rent as it be . it honestly do feel like we be be price out of the city . I m in a particularly busy area .,1,2024-06-02T10:56:47+00:00
l6s28xb,t3_1d5iqyq,1d5iqyq,Secret-Pickle-791,I also received a 12% increase from another agency. Requested that this was delayed as I am on maternity leave and they instead reduced it by by about 2/3.,I also receive a increase from another agency . request that this be delay as I be on maternity leave and they instead reduce it by by about .,1,2024-06-02T15:40:55+00:00
l6surjm,t3_1d5iqyq,1d5iqyq,Best_Preference7373,Oh how kind of you to say so 😁 thank you....I will give it my best shot 😎,oh how kind of you to say so thank you I will give it my good shot,1,2024-06-02T18:37:29+00:00
l6tvyzo,t3_1d5iqyq,1d5iqyq,zubeye,Dj just reduced the flag we recently vacated for 50 quid less than we paid so it’s not all going up,dj just reduce the flag we recently vacate for quid less than we pay so its go up,1,2024-06-02T22:33:38+00:00
l6vzduk,t3_1d5iqyq,1d5iqyq,Prestigious-Tower349,"They did the same thing to us, didn’t even email me, just my flatmate despite me being the lead tenant. Considering we live in a super old flat that’s not been updated since the 1970s (and needs a ton of work they can’t be bothered to do), the new price is outlandish at best. 

Have seen loads of DJ Alexander flats go up for let in my areas because people can’t afford them any more and lots of friends having to move out of the city. I love this city and have lived here for a long time but the cost of living here is becoming so unaffordable.","they do the same thing to we , do not even email I , just my flatmate despite I be the lead tenant . consider we live in a super old flat that s update since the and need a ton of work they can not be bother to do , the new price be outlandish at well . have see load of dj alexander flat go up for let in my area because people can not afford they any more and lot of friend have to move out of the city . I love this city and have live here for a long time but the cost of living here be become so unaffordable .",1,2024-06-03T09:40:40+00:00
l71i2ur,t3_1d5iqyq,1d5iqyq,Substantial_Dot7311,"Best to focus on the competitiveness of the rent post increase rather than outrage at the percentage.  If you think the rent isn’t competitive/ fair then you’ve got a stronger leg to stand on.  If the rents been £500 pcm since 2004, less so.","well to focus on the competitiveness of the rent post increase rather than outrage at the percentage . if you think the rent be not fair then you ve get a strong leg to stand on . if the rent be pcm since , less so .",1,2024-06-04T09:48:04+00:00
l71uqk8,t3_1d5iqyq,1d5iqyq,waywardwixy,The same agent has done it to me too. Rent going up by £100 from September. I'm very fucked off as it's gone up every year I have been in the flat these last 3 years.,the same agent have do it to I too . rent go up by from september . I m very fuck off as its go up every year I have be in the flat these last year .,1,2024-06-04T11:53:21+00:00
l73ifm9,t3_1d5iqyq,1d5iqyq,Antique-Tie6199,"MEDIA POST:  

True North are in production with a 60-minute documentary based in Scotland, which will follow the stories of young renters throughout the country who have been affected by the rent cap and the eviction ban and are now facing eviction themselves. 

If this is you, please get in touch for a confidential chat.  

Email [Evictions@truenorth.tv](mailto:Evictions@truenorth.tv) or call 07985 268 791 ","medium post true north be in production with a documentary base in scotland , which will follow the story of young renter throughout the country who have be affect by the rent cap and the eviction ban and be now face eviction themselves . if this be you , please get in touch for a confidential chat . email or call",1,2024-06-04T17:58:13+00:00
l7ajwzw,t3_1d5iqyq,1d5iqyq,Substantial_Dot7311,"Interest rates are the real culprit here, renting out property isn’t working out too well for many any more. The agent is being opportunistic of course, but if rates came down a bit fewer LLs would sell up and a few new ones might come in and the market would settle down, so history tells us anyway","interest rate be the real culprit here , rent out property be not work out too well for many any more . the agent be be opportunistic of course , but if rate come down a bit few lls would sell up and a few new one might come in and the market would settle down , so history tell we anyway",0,2024-06-05T23:06:36+00:00
l6m56vh,t3_1d5iqyq,1d5iqyq,Ok_Heart_7193,"It’s happening a lot.  Due to the 3% cap, but the increase in RPI, many landlords weren’t able to cover mortgage payments, so now, although RPI is lower, the rent has to go up to cover the mortgage arrears and additional bank charges.

It is a crappy situation for everyone.  Are there some big landlords making bank, yes.  But small landlords who only own one or two properties that they’ve sunk their entire savings into, and let via an agency?  Some of those guys have been working two jobs just to keep themselves from ending up homeless.  

I’m the last person to stick up for private landlords - I think the culture of home ownership and the demonising of social housing in this country is a national embarrassment, but more than just lowest 30% have been struggling the last few years.","its happen a lot . due to the cap , but the increase in rpi , many landlord be not able to cover mortgage payment , so now , although rpi be low , the rent have to go up to cover the mortgage arrear and additional bank charge . it be a crappy situation for everyone . be there some big landlord make bank , yes . but small landlord who only own one or two property that they ve sink their entire saving into , and let via an agency ? some of those guy have be work two job just to keep themselves from end up homeless . I m the last person to stick up for private landlord I think the culture of home ownership and the demonising of social housing in this country be a national embarrassment , but more than just low have be struggle the last few year .",-10,2024-06-01T12:12:59+00:00
l6m8vms,t1_l6m070z,1d5iqyq,Strong_Star_71,Thank you.,thank you .,23,2024-06-01T12:42:11+00:00
l6mlnwo,t1_l6m070z,1d5iqyq,XxHostagexX,">now the rent caps are gone, let's put the rent up by 12%, you have 1 week to reply to stop this happening automatically'.

Would that even be legal? surely its up to the landlord in regards to rent.

>They replied with 'evidence' that it is worth it and kept pushing for the increase

Ah yes, evidence! there books with a bigger % increase for fees.

>It is just mental that I had to fight over 3 or 4 emails to stop it happening

I would have binned them after the 2nd email they sent me.","now the rent cap be go , let put the rent up by , you have week to reply to stop this happen automatically . would that even be legal ? surely its up to the landlord in regard to rent . they reply with evidence that it be worth it and keep push for the increase ah yes , evidence ! there book with a big increase for fee . it be just mental that I have to fight over or email to stop it happen I would have bin they after the email they send I .",13,2024-06-01T14:12:38+00:00
l6of9df,t1_l6m070z,1d5iqyq,rob_matic,"
>I refused, and told them when the tenant moves out we can realist it at whatever the going rate is, but there is no way they are dumping 12% on a tenant in one go the second the law changes.<

FYI, under the new rental legislation you probably won't be able to relist it at the going rate when the tenant moves out. Even if the tenant of a property changes, you can only increase the rent of a property once in a 12-month period and the same tapering formula applies (max 12% increase).","I refuse , and tell they when the tenant move out we can realist it at whatever the go rate be , but there be they be dump on a tenant in one go the second the law change . fyi , under the new rental legislation you probably will not be able to relist it at the going rate when the tenant move out . even if the tenant of a property change , you can only increase the rent of a property once in a period and the same tapering formula apply max increase .",6,2024-06-01T20:59:31+00:00
l6nrsuh,t1_l6m070z,1d5iqyq,Mammoth_Parfait7744,"The prices have in fact gone up that much, but fair play to you.","the price have in fact go up that much , but fair play to you .",10,2024-06-01T18:31:35+00:00
l6s0j7k,t1_l6m070z,1d5iqyq,Alarmed-Attention-77,"Very nice to hear this

As a fellow landlord I had an almost 1-1 experience.

Letting agent bottom line is driven by maximising rent (as they take a fixed %). They are incentivised to increase rent to its max legal level whilst not unduly affecting occupancy levels (not an issue for them in Edi due to supply and demand of rental properties)

I constantly refuse their suggested increases. I thought I was maybe an idiot for not maximising my own income. Great to hear that there are others who also factor in there are humans on the other other end of the rent who are already paying high amounts",very nice to hear this as a fellow landlord I have an almost experience . let agent bottom line be drive by maximise rent as they take a fixed . they be incentivise to increase rent to its max legal level whilst affect occupancy level issue for they in edi due to supply and demand of rental property I constantly refuse their suggest increase . I think I be maybe an idiot for my own income . great to hear that there be other who also factor in there be human on the other other end of the rent who be already pay high amount,3,2024-06-02T15:29:58+00:00
l6n8c1j,t1_l6m070z,1d5iqyq,Salt_Inspector_641,I just put mine up 21% and had 6 groups all want the flat. I believe prices have gone up higher than 12%,I just put mine up and have group all want the flat . I believe price have go up high than,-25,2024-06-01T16:34:39+00:00
l6m0jcz,t1_l6lxfbc,1d5iqyq,ross999123,Scandalous!,scandalous !,5,2024-06-01T11:34:19+00:00
l6lypnb,t1_l6lxfbc,1d5iqyq,Cultural_Ad9757,<3 this.,this .,-2,2024-06-01T11:18:08+00:00
l6lodsr,t1_l6lockf,1d5iqyq,Spiritual-Luck9032,was it today?,be it today ?,7,2024-06-01T09:31:35+00:00
l6nql3d,t1_l6lqiwq,1d5iqyq,The_Bunglenator,"This is it here OP - 12% is the max so there's nothing to lose by testing it through the adjudication process.

There is a taper and you might end up slightly better off.",this be it here op be the max so there s nothing to lose by test it through the adjudication process . there be a taper and you might end up slightly well off .,6,2024-06-01T18:24:09+00:00
l6oggqa,t1_l6lqiwq,1d5iqyq,elaguafria,"I spoke to shelter Scotland as I'm in a similar situation. The rent adjudication process only applies to tenancies without a rent review clause. 

My contract says that the rent can be increased after the fixed period ends, which the shelter Scotland officer said will likely be interpreted as such.

Apparently she said that if the rent adjudication does not apply to me, then the tribunal is extremely likely to raise my rent above the landlord's requested amount, as my flat is below market rate.

So by all means this is not a risk free process. You also can't find out if the rent adjudication applies to you without going to the tribunal if in doubt.

I went through the tribunal decisions and came across a couple of cases where they decided on a higher rent than the proposed increase according to market rates.

A shit sandwich pretty much for tenants who have somehow managed to secure a good priced tenancy in this city.","I speak to shelter scotland as I m in a similar situation . the rent adjudication process only apply to tenancy rent review clause . my contract say that the rent can be increase after the fix period end , which the shelter scotland officer say will likely be interpret as such . apparently she say that if the rent adjudication do to I , then the tribunal be extremely likely to raise my rent above the landlord request amount , as my flat be below market rate . so by all mean this be risk free process . you also can not find out if the rent adjudication apply to you to the tribunal if in doubt . I go through the tribunal decision and come across a couple of case where they decide on a high rent than the propose increase accord to market rate . a shit sandwich pretty much for tenant who have somehow manage to secure a good price tenancy in this city .",5,2024-06-01T21:07:02+00:00
l6mcxvq,t1_l6m0gxq,1d5iqyq,Fine-Assist6368,I have never heard a good word said about them,I have a good word say about they,15,2024-06-01T13:11:59+00:00
l6me1vj,t1_l6m57on,1d5iqyq,snahtanoj,I think the 11% last year was illegal.,I think the last year be illegal .,18,2024-06-01T13:19:50+00:00
l6m7m2s,t1_l6m57on,1d5iqyq,Interesting_Rain9533,Did you have included any improvement/renewing/refurbishments?,do you have include any improvement renewing refurbishment ?,3,2024-06-01T12:32:20+00:00
l6s72qh,t1_l6m5f7e,1d5iqyq,OkChocolate4829, That's interesting.,that s interesting .,1,2024-06-02T16:11:17+00:00
l6odg74,t1_l6nzu56,1d5iqyq,rob_matic,What was your increase last year when inflation was 10-20%?,what be your increase last year when inflation be ?,0,2024-06-01T20:48:24+00:00
l6p7e4d,t1_l6o09ei,1d5iqyq,WeirdestWolf,"That's because of the rest caps in place, which were removed in April 2024 and replaced by a 12% soft limit increase. Basically your landlord/lady/letting agency has been going for the max they legally can increase it by for the whole time you've been there.","that s because of the rest cap in place , which be remove in april and replace by a soft limit increase . basically your landlord lady let agency have be go for the max they legally can increase it by for the whole time you ve be there .",2,2024-06-02T00:12:03+00:00
l6lys81,t1_l6lyjsy,1d5iqyq,Big_Red12,It's 21 days not 1 month.,its day month .,3,2024-06-01T11:18:48+00:00
l6lq9e4,t1_l6lo0ki,1d5iqyq,Spiritual-Luck9032,they must give notice period of 3 months,they must give notice period of month,4,2024-06-01T09:53:56+00:00
l6o0k9s,t1_l6lo0ki,1d5iqyq,Informal-Lock-7184,"I think because the temporary rent controls introduced over the Covid period (which were a great help to renters, so thank you SG!) have now finished, most letting agencies are using this as an opportunity to hike all their rentals. 
The maximum they can get away with is 12% but that seems ridiculous as a one year increase. Inflation is currently 2%. Any rent increase ought to be in line with this. 
I plan on challenging my 12% increase through the Housing Tribunal.","I think because the temporary rent control introduce over the covid period which be a great help to renter , so thank you sg ! have now finish , most let agency be use this as an opportunity to hike all their rental . the maximum they can get away with be but that seem ridiculous as a one year increase . inflation be currently . any rent increase ought to be in line with this . I plan on challenge my increase through the housing tribunal .",3,2024-06-01T19:27:31+00:00
l6mjcuh,t1_l6m56vh,1d5iqyq,Aurorasd,"Buying multiple properties to become a landlord is a choice they’re making freely, and like any “investment”*, there’s risk associated with it. Let’s not feel sorry for somebody’s failed business venture…

*profiteering from the working class should not be seen as an entrepreneurial move","buy multiple property to become a landlord be a choice they re make freely , and like any investment , there s risk associate with it . let sorry for somebodys fail business venture profiteer from the work class should see as an entrepreneurial move",20,2024-06-01T13:56:54+00:00
l6oauqh,t1_l6m56vh,1d5iqyq,alloisdavethere,"No one forced them to buy an extra property. It’s an investment - you can make or lose money. You’re talking as if someone’s put a gun to their head instead of people who decided to take a gamble.
Renting for many isn’t a choice and they are the actual ones facing homelessness.",force they to buy an extra property . its an investment you can make or lose money . you re talk as if someone put a gun to their head instead of people who decide to take a gamble . rent for many be not a choice and they be the actual one face homelessness .,4,2024-06-01T20:32:42+00:00
l6maizo,t1_l6m56vh,1d5iqyq,Donaldbeag,"In most other societies, high quality high rise apartments are really sought after and create density for cities.

In Britian we ruined this by filling them with people who couldn’t look after themselves so created a long lasting stigma.","in most other society , high quality high rise apartment be really seek after and create density for city . in britian we ruin this by fill they with people who could not look after themselves so create a long last stigma .",4,2024-06-01T12:54:33+00:00
l6mmya3,t1_l6mlnwo,1d5iqyq,Open_Cloud2484,"1 week to reply is for the landlord to reply to the agent.  Agents work in the best interests of the client, the landlord.  Maximising rent is the priority.  Rents are artificially low due to the Cost of Living rent caps so many agents will look at increasing by 12 per cent if the property is below market value. If the landlord does not reply to DJs they will make the decision on their behalf.","week to reply be for the landlord to reply to the agent . agent work in the good interest of the client , the landlord . maximise rent be the priority . rent be artificially low due to the cost of live rent cap so many agent will look at increase by per cent if the property be below market value . if the landlord do to djs they will make the decision on their behalf .",-20,2024-06-01T14:21:12+00:00
l6ot34l,t1_l6nrsuh,1d5iqyq,TheMrCeeJ,"Fair enough. My mortgage is still the same as it was (5 year fix) so I don't see what has changed really. I was happy with the price I agreed when the tenant moved in, it typically goes up a bit from one tenant to the next, but not 12%, and certainly not while the tenant is still there.","fair enough . my mortgage be still the same as it be year fix so I do not see what have change really . I be happy with the price I agree when the tenant move in , it typically go up a bit from one tenant to the next , but , and certainly the tenant be still there .",8,2024-06-01T22:30:50+00:00
l6nrpc3,t1_l6n8c1j,1d5iqyq,Dactrius179,Despicable.,despicable .,11,2024-06-01T18:30:59+00:00
l7a1trg,t1_l6n8c1j,1d5iqyq,AccomplishedFactor70,"Don’t know why people are downvoting this, last month the letting agent south side increased rent from 725 to 1100 after I gave notice for the flat (which was absolutely tiny), that’s forty one percent, beyond shocking","do not know why people be downvote this , last month the let agent south side increase rent from to after I give notice for the flat which be absolutely tiny , that s forty one percent , beyond shocking",1,2024-06-05T21:15:45+00:00
l6lpkbz,t1_l6lodsr,1d5iqyq,Jubaa_99,"No it was on the 1st of April, effective 1st of July","be on the of april , effective of july",10,2024-06-01T09:45:42+00:00
l6mjeu3,t1_l6me1vj,1d5iqyq,Best_Preference7373,"I believe it was. My landlady basically said that with interest rate rises she was thinking of selling if she didn't raise the rent. 
On the upside, I am retiring in 15 months, so I am on a quest to get out and sod off traveling. I'm not spending any more time than is necessary fighting it. My time is my most precious commodity .","I believe it be . my landlady basically say that with interest rate rise she be think of sell if she do not raise the rent . on the upside , I be retire in month , so I be on a quest to get out and sod off travel . I m any more time than be necessary fight it . my time be my most precious commodity .",4,2024-06-01T13:57:17+00:00
l6mingt,t1_l6m7m2s,1d5iqyq,Best_Preference7373,"No, in fact there is work left undone. Damp, that sort of thing.","no , in fact there be work leave undo . damp , that sort of thing .",2,2024-06-01T13:52:04+00:00
l6p05rl,t1_l6odg74,1d5iqyq,Informal-Lock-7184,"UK Inflation peaked at 11% in October 2022. 
There is no justification for a 12% annual rent increase! It’s just being done because SG tenant protections have unfortunately been removed from   April 2024.",uk inflation peak at in october . there be for a annual rent increase ! its just be do because sg tenant protection have unfortunately be remove from april .,0,2024-06-01T23:20:08+00:00
l6tj64t,t1_l6p7e4d,1d5iqyq,nibbynib,Yup! :),yup !,1,2024-06-02T21:08:55+00:00
l6mxd3j,t1_l6lq9e4,1d5iqyq,jusooz,"Really? Ocht, I was given 1 month notice and was too scared to contest it for fear of being told to get out.","really ? ocht , I be give month notice and be too scared to contest it for fear of be tell to get out .",1,2024-06-01T15:28:49+00:00
l6moduz,t1_l6mjcuh,1d5iqyq,Open_Cloud2484,Let's get rid of all the private landlords and see what happens.,let get rid of all the private landlord and see what happen .,-8,2024-06-01T14:30:43+00:00
l6mo48v,t1_l6mmya3,1d5iqyq,XxHostagexX,"I know the 1 week is for the landlord to reply, 

What I was trying to say is that the landlord should set the rent, not the agency, sure the agency can advise what ballpark figure the rent should be, but at the end of the day, the landlord should have the final say, not the agency giving *their* customer a week to decide.

>Agents work in the best interests of the client

Yeah, *not* in the best interest of their bottom line.","I know the week be for the landlord to reply , what I be try to say be that the landlord should set the rent , agency , sure the agency can advise what ballpark figure the rent should be , but at the end of the day , the landlord should have the final say , agency give their customer a week to decide . agent work in the good interest of the client yeah , not in the good interest of their bottom line .",11,2024-06-01T14:28:53+00:00
l6rbc68,t1_l6mmya3,1d5iqyq,GingerSnapBiscuit,"> Rents are artificially low 

Which fucking city are you living in?  Rents are insane.",rent be artificially low which fuck city be you live in ? rent be insane .,3,2024-06-02T12:29:23+00:00
l6of4s8,t1_l6nrpc3,1d5iqyq,Issui,"Surely if you can't afford the house you live in, you shouldn't live in it? Why is that despicable? It's simply the market value of a service. I do fail to understand why it is despicable - it feels entitled to me.","surely if you can not afford the house you live in , you should not live in it ? why be that despicable ? its simply the market value of a service . I do fail to understand why it be despicable it feel entitled to I .",-15,2024-06-01T20:58:45+00:00
l6lpwxg,t1_l6lpkbz,1d5iqyq,160295,Same for me with a different agency,same for I with a different agency,5,2024-06-01T09:49:52+00:00
l6miuka,t1_l6lpkbz,1d5iqyq,Extension-Dirt9139,Just dispute it saying you believed it to be an April fools day joke.,just dispute it say you believe it to be an april fool day joke .,3,2024-06-01T13:53:26+00:00
l6s6v4r,t1_l6mjeu3,1d5iqyq,OkChocolate4829, I hope you have wonderful and joyful experiences when you retire and leave this shitehole city behind you and go off traveling! :)!,I hope you have wonderful and joyful experience when you retire and leave this shitehole city behind you and go off travel ! !,1,2024-06-02T16:09:57+00:00
l6nszus,t1_l6mxd3j,1d5iqyq,Mammoth_Parfait7744,Tenants are relatively protected in Scotland compared to the rest of the UK.,tenant be relatively protect in scotland compare to the rest of the uk .,4,2024-06-01T18:38:57+00:00
l6qvdf3,t1_l6moduz,1d5iqyq,unitled,https://i.redd.it/sjph0bjxo44d1.gif,,5,2024-06-02T09:36:05+00:00
l6mzmba,t1_l6mo48v,1d5iqyq,TheMrCeeJ,"The agents manage the property on the landlord's behalf. They know the market, advise on the rent ranges that you can get, what kind of tenants would be interested and how easy it would be to get tenants, and what they would expect. If they are paying more they are likely to be more demanding etc. 

It is ultimately up to the landlord, but the whole reason you pay the agent ~10% of the rent is so they deal with everything. 99% of the time it is just 'here is a problem, we suggest this solution, are you ok with that?' which is kind of what you expect as the service. Often though their default is pretty rubbish - maximum rent increases, paying on costs to tenants where possible, cheapest possible fittings/repairs etc. You have to keep on top of them if you actually care about the tenants at all. Typically this would mean better options for replacements, not passing on costs that you think are fair wear and tear, getting them to check with the tenant when something suits them rather than just just when it is easiest etc. 

I'm not surprised the landlords get such a bad rap (and they deserve it) but 90% of the time it is the agents that are the cause. The landlords are just passively taking the money and going along with the suggestions of the agents, who only care about maximizing their cut.","the agent manage the property on the landlord behalf . they know the market , advise on the rent range that you can get , what kind of tenant would be interested and how easy it would be to get tenant , and what they would expect . if they be pay more they be likely to be more demanding etc . it be ultimately up to the landlord , but the whole reason you pay the agent of the rent be so they deal with everything . of the time it be just here be a problem , we suggest this solution , be you ok with that ? which be kind of what you expect as the service . often though their default be pretty rubbish maximum rent increase , pay on cost to tenant where possible , cheap possible fitting repair etc . you have to keep on top of they if you actually care about the tenant at all . typically this would mean well option for replacement , on cost that you think be fair wear and tear , get they to check with the tenant when something suit they rather than just just when it be easy etc . I m the landlord get such a bad rap and they deserve it but of the time it be the agent that be the cause . the landlord be just passively take the money and go along with the suggestion of the agent , who only care about maximize their cut .",2,2024-06-01T15:42:25+00:00
l6orovs,t1_l6of4s8,1d5iqyq,Dactrius179,What's entitled is slapping rent up 21%.  Imho.,what s entitle be slap rent up . imho .,8,2024-06-01T22:21:08+00:00
l6pledf,t1_l6orovs,1d5iqyq,Salt_Inspector_641,People should be tipping their landlord,people should be tip their landlord,-3,2024-06-02T01:57:21+00:00
l6s4hjy,t1_l6pledf,1d5iqyq,OkChocolate4829," Landlords like you should be, into landfill sites.","landlord like you should be , into landfill site .",3,2024-06-02T15:55:01+00:00
l6vltw9,t1_l6pledf,1d5iqyq,Dactrius179,Phew..    just realised this was sarcasm.,phew just realise this be sarcasm .,1,2024-06-03T06:51:30+00:00
l6vmzmb,t1_l6vltw9,1d5iqyq,Salt_Inspector_641,I still raised 21% thou,I still raise thou,1,2024-06-03T07:05:03+00:00
l6w8qaf,t1_l6vmzmb,1d5iqyq,Dactrius179,"Good for you, glad your getting what your property is worth.  Still think a 21% increase is terrifying and despicable.  However.  If you were under selling in the past and now making up the shortfall then cool.   Glad you didn't lump it on to 1 tenant though.","good for you , glad your get what your property be worth . still think a increase be terrifying and despicable . however . if you be under sell in the past and now make up the shortfall then cool . glad you do not lump it on to tenant though .",1,2024-06-03T11:20:00+00:00
l41tov3,t3_1crybje,1crybje,89ElRay,Responed?,respone ?,30,2024-05-14T19:50:31+00:00
l42rj72,t3_1crybje,1crybje,mantolwen,How about just make it easier for developers to build houses instead of student flats?,how about just make it easy for developer to build house instead of student flat ?,26,2024-05-14T23:09:57+00:00
l41wxyg,t3_1crybje,1crybje,PossibilityNo7912,"Anything but building more homes, eh….","anything but build more home , eh .",20,2024-05-14T20:08:47+00:00
l42tb5f,t3_1crybje,1crybje,cami-kazee89,anybody want to put a link to the consultation rather than just complaining about it,anybody want to put a link to the consultation rather than just complain about it,9,2024-05-14T23:21:42+00:00
l42anm4,t3_1crybje,1crybje,No-Secret-1355,Not a landlord but will rent control not just end up with landlords selling up. Could end up with nowhere to rent,landlord but will rent control end up with landlord sell up . could end up with nowhere to rent,5,2024-05-14T21:25:53+00:00
l42egco,t3_1crybje,1crybje,giganticbuzz,Rent controls = higher rents.,rent control high rent .,0,2024-05-14T21:48:22+00:00
l42h1nc,t3_1crybje,1crybje,R2-Scotia,The naivete on Reddit about this topic is strong. See if you can spot the Green voters.,the naivete on reddit about this topic be strong . see if you can spot the green voter .,-3,2024-05-14T22:03:51+00:00
l48rom2,t3_1crybje,1crybje,mynameisseann,Nice to get notice of this the day before it ends huh 🤔,nice to get notice of this the day before it end huh,1,2024-05-16T01:12:29+00:00
l44dp11,t3_1crybje,1crybje,Thats-right999,Patrick Harvey from the Greens fuelled the landlords by imposing restrictions on rent and it’s made it a whole lot worse as landlords exit the market.,patrick harvey from the green fuel the landlord by impose restriction on rent and its make it a whole lot bad as landlord exit the market .,1,2024-05-15T06:29:33+00:00
l428z55,t3_1crybje,1crybje,domhnalldubh3pints,"About half of landladies are female, half male. 

Inaccurate image.","about half of landlady be female , half male . inaccurate image .",-11,2024-05-14T21:16:09+00:00
l478xzz,t3_1crybje,1crybje,PropertyConfident19,"If you want better more affordable housing you don't want rent controls. 


Here is a very short video explaining why they are a bad idea.



https://m.youtube.com/watch?v=oJvTTGOHFkU&pp=ygUmd2h5IHJlbnQgY29udHJvbHMgZG9uJ3Qgd29yayBlY29ub21pc3Q%3D",if you want well more affordable housing you do not want rent control . here be a very short video explain why they be a bad idea .,0,2024-05-15T19:23:59+00:00
l4qgeoy,t3_1crybje,1crybje,PropertyConfident19,"Rent controls are a bad idea, that's if you care about renters. 

Here's a quote from left-wing noble prize winning economist Paul Krugman, writing in the New York Times. 

The analysis of rent control is among the best-understood issues in all of economics, and -- among economists, anyway -- one of the least controversial. In 1992 a poll of the American Economic Association found 93 percent of its members agreeing that ''a ceiling on rents reduces the quality and quantity of housing.'' Almost every freshman-level textbook contains a case study on rent control, using its known adverse side effects to illustrate the principles of supply and demand.

https://www.nytimes.com/2000/06/07/opinion/reckonings-a-rent-affair.html","rent control be a bad idea , that s if you care about renter . here a quote from leftwe noble prize win economist paul krugman , write in the new york times . the analysis of rent control be among the bestunderstood issue in all of economic , and among economist , anyway one of the least controversial . in a poll of the american economic association find percent of its member agree that a ceiling on rent reduce the quality and quantity of housing . almost every freshmanlevel textbook contain a case study on rent control , use its known adverse side effect to illustrate the principle of supply and demand .",0,2024-05-19T13:49:06+00:00
l41u84t,t1_l41tov3,1crybje,ornulu422,Responded to the Scottish parliament's consultation on the Housing Bill.,respond to the scottish parliament consultation on the housing bill .,20,2024-05-14T19:53:30+00:00
l43lyn1,t1_l42rj72,1crybje,ornulu422,"There were 6,904 empty residential properties in Edinburgh last year. Meanwhile there were 3,261 homeless households. It's not just a matter of supply it's a matter of price fixing, land hoarding and profiteering.","there be empty residential property in edinburgh last year . meanwhile there be homeless household . its a matter of supply its a matter of price fixing , land hoarding and profiteer .",34,2024-05-15T02:30:04+00:00
l44ljxx,t1_l42rj72,1crybje,GingerSnapBiscuit,Make it easier how?  Is there a particular difficulty in building houses which student flats does not have in place?  What are the difficulties facing house builders when it comes to building accomodation instead of blocks of student flats?,make it easy how ? be there a particular difficulty in build house which student flat do in place ? what be the difficulty face house builder when it come to building accomodation instead of block of student flat ?,1,2024-05-15T08:05:16+00:00
l44inah,t1_l42rj72,1crybje,aitorbk,"No, just make it uneconomical to have new builds or rent existing ones, this will for sure put more in the market, and make them cheaper.","no , just make it uneconomical to have new build or rent exist one , this will for sure put more in the market , and make they cheap .",-4,2024-05-15T07:28:17+00:00
l41zevo,t1_l41wxyg,1crybje,ornulu422,I think Living Rent also campaign for mass social home building,I think live rent also campaign for mass social home building,40,2024-05-14T20:22:25+00:00
l44lfos,t1_l41wxyg,1crybje,GingerSnapBiscuit,"There are thousands of homes going up all around Edinburgh, each of these estates have to have a % given to social or affordable housing which is usually given over to a Housing Association or similar.  The days of councils throwing up a Wester Hailes esque social housing estate are long gone.","there be thousand of home go up all around edinburgh , each of these estate have to have a give to social or affordable housing which be usually give over to a housing association or similar . the day of council throw up a wester haile esque social housing estate be long go .",1,2024-05-15T08:03:45+00:00
l43n0se,t1_l42tb5f,1crybje,ornulu422,Here's[Consultation](https://yourviews.parliament.scot/lghp/housing-scotland-bill-call-for-views/) the parliament consultation.,heresconsultation the parliament consultation .,5,2024-05-15T02:37:25+00:00
l44zqn0,t1_l44zm6l,1crybje,ornulu422,Louder for the people incredulously in the front,louder for the people incredulously in the front,2,2024-05-15T10:54:44+00:00
l42aymb,t1_l42anm4,1crybje,ornulu422,"If they sell up then excellent. More people can buy, less people will be renting. Good riddance","if they sell up then excellent . more people can buy , less people will be rent . good riddance",31,2024-05-14T21:27:38+00:00
l477x8t,t1_l42anm4,1crybje,k3nn3h,Yep. The point of rent controls is to penalise renters.,yep . the point of rent control be to penalise renter .,0,2024-05-15T19:18:11+00:00
l42khe1,t1_l42h1nc,1crybje,ornulu422,I found my landlord anyway,I find my landlord anyway,24,2024-05-14T22:24:58+00:00
l44eq3l,t1_l44dp11,1crybje,ornulu422,"Off they toddle. We had national rent controls until 1988 and it didn't make things more expensive, it kept things very affordable. Private landlords were almost a thing of the past. Now we have 4 times more landlords than teachers.","off they toddle . we have national rent control until and it do not make thing more expensive , it keep thing very affordable . private landlord be almost a thing of the past . now we have time more landlord than teacher .",10,2024-05-15T06:41:24+00:00
l47bvdj,t1_l478xzz,1crybje,ornulu422,"PragerU's videos contain misleading or factually incorrect information promoting climate change denial.[1][2] Historians and political scientists have also criticized PragerU's videos for containing misleading or inaccurate claims about topics such as slavery and racism in the United States, immigration, and the history of fascism. PragerU has been accused of promoting anti-LGBT politics.[3]","pragerus video contain misleading or factually incorrect information promote climate change historian and political scientist have also criticize pragerus video for contain misleading or inaccurate claim about topic such as slavery and racism in the united states , immigration , and the history of fascism . prageru have be accuse of promote antilgbt",1,2024-05-15T19:40:30+00:00
l4qgq3y,t1_l4qgeoy,1crybje,ornulu422,"You're embarrassing, property confident","you re embarrassing , property confident",0,2024-05-19T13:51:27+00:00
l41ub51,t1_l41u84t,1crybje,89ElRay,Glad to read that they have responed,glad to read that they have respone,20,2024-05-14T19:53:57+00:00
l44lcj5,t1_l41u84t,1crybje,GingerSnapBiscuit,I believe they are mocking the typo in your image.  Apologies for this.,I believe they be mock the typo in your image . apology for this .,2,2024-05-15T08:02:39+00:00
l47nuez,t1_l44geh0,1crybje,Maleficent_Wash7203,My first thought too 😅,my first thought too,1,2024-05-15T20:49:27+00:00
l4468rs,t1_l43lyn1,1crybje,FanWrite,An empty residential property isn't always a habitable property. And getting said properties purchased and habitable requires budget that simply isn't there right now.,an empty residential property be not always a habitable property . and getting say property purchase and habitable require budget that simply be not there right now .,19,2024-05-15T05:11:24+00:00
l474j4t,t1_l43lyn1,1crybje,CitizenoftheWorld-95,What’s the sense in landlords hoarding properties to keep them empty? It’s supply and demand; build more student houses and this problem will get so much better so fast.,what s the sense in landlord hoard property to keep they empty ? its supply and demand build more student house and this problem will get so much well so fast .,1,2024-05-15T18:58:41+00:00
l44mdyb,t1_l44ljxx,1crybje,mantolwen,More than 1/4 of all new developments in Edinburgh are student flats. I dont know the ins and outs of Edinburgh council or planning permission but there has to be some reason why. Presumably student flats are just the best money maker and easier to get approval for in the city centre.,more than of all new development in edinburgh be student flat . I do not know the in and out of edinburgh council or planning permission but there have to be some reason why . presumably student flat be just the good money maker and easy to get approval for in the city centre .,0,2024-05-15T08:16:06+00:00
l44hibl,t1_l44euao,1crybje,PossibilityNo7912,"Yes, it will bring down the rents. Building more homes is the only way to bring down rents. Unfortunately, our planning system and NIMBYism prevents us from doing that.","yes , it will bring down the rent . build more home be the only way to bring down rent . unfortunately , our planning system and nimbyism prevent we from do that .",3,2024-05-15T07:14:14+00:00
l44nx26,t1_l44lfos,1crybje,aitorbk,"That system of creating social housing is evil and can't mathematically solve the problem. It should come from general taxation.

The problem is the average price of housing doesn't go down but slightly up due to this.  If it is cheaper housing we want, we need tax money and less rules and taxes on housing.","that system of create social housing be evil and can not mathematically solve the problem . it should come from general taxation . the problem be the average price of housing do not go down but slightly up due to this . if it be cheap housing we want , we need tax money and less rule and taxis on housing .",0,2024-05-15T08:36:05+00:00
l4490zy,t1_l43n0se,1crybje,brexit_britain,Probably should have led with that. Just an FYI for future ref. Usually a good idea to present the thing you want people to get on board with rather than a weird meme.,probably should have lead with that . just an fyi for future ref . usually a good idea to present the thing you want people to get on board with rather than a weird meme .,1,2024-05-15T05:39:03+00:00
l44eq3k,t1_l42aymb,1crybje,EntertainmentBasic42,What if I need to rent though?,what if I need to rent though ?,14,2024-05-15T06:41:24+00:00
l42pio5,t1_l42aymb,1crybje,deju_,Oh poor naive you. Haven't you seen what corporate America has done with buying whole towns. More people buy hahaha watch the foreign investers buy them too. When the private landlords are gone and there are only corporate bodies to rent from there will be no rent control.,oh poor naive you . have not you see what corporate america have do with buy whole town . more people buy hahaha watch the foreign invester buy they too . when the private landlord be go and there be only corporate body to rent from there will be control .,9,2024-05-14T22:56:41+00:00
l42c886,t1_l42aymb,1crybje,No-Secret-1355,A lot a people who rent don’t want to buy and even more can’t buy. A city needs landlords,a lot a people who rent do not want to buy and even more can not buy . a city need landlord,-6,2024-05-14T21:35:06+00:00
l478496,t1_l42aymb,1crybje,k3nn3h,"Don't renters live more densely than owner-occupiers? So if rented properties are sold to owner-occupiers, rents will increase?","do not renter live more densely than owneroccupier ? so if rent property be sell to owneroccupier , rent will increase ?",1,2024-05-15T19:19:20+00:00
l478bb5,t1_l42aymb,1crybje,PropertyConfident19,"Please watch this short vid on why rent controls are a bad idea. I understand your impulse but your solution is wrong. 


https://m.youtube.com/watch?v=oJvTTGOHFkU&pp=ygUmd2h5IHJlbnQgY29udHJvbHMgZG9uJ3Qgd29yayBlY29ub21pc3Q%3D",please watch this short vid on why rent control be a bad idea . I understand your impulse but your solution be wrong .,1,2024-05-15T19:20:26+00:00
l42g1yo,t1_l42f20y,1crybje,giganticbuzz,Let’s fail again but this time even worse,let fail again but this time even bad,-3,2024-05-14T21:57:57+00:00
l478rkn,t1_l42khe1,1crybje,PropertyConfident19,"People who disagree with rent controls might well agree that we need better more affordable housing. Just calling everyone who disagrees with your policy solution a landlord is not taking the issue as seriously as it deserves to be taken. 


Here's a short vid that explains why rent controls are not the solution I think you hope they are. 


https://m.youtube.com/watch?v=oJvTTGOHFkU&pp=ygUmd2h5IHJlbnQgY29udHJvbHMgZG9uJ3Qgd29yayBlY29ub21pc3Q%3D",people who disagree with rent control might well agree that we need well more affordable housing . just call everyone who disagree with your policy solution a landlord be the issue as seriously as it deserve to be take . here a short vid that explain why rent control be solution I think you hope they be .,0,2024-05-15T19:23:00+00:00
l4ii4ge,t1_l44yw60,1crybje,Thats-right999,Well in Scotland the rent rises are higher in Scotland 10.9 % Wales 9% England 8.8% . The blame lies with the greens. They introduced the caps and freeze . My money says come July 2025 Scotland will be even higher.,well in scotland the rent rise be high in scotland wale england . the blame lie with the green . they introduce the cap and freeze . my money say come july scotland will be even high .,1,2024-05-17T21:18:59+00:00
l8x5shw,t1_l44eq3l,1crybje,Substantial_Dot7311,Property standards were poor though because of years of underinvestment as the landlords back then had to be super tight as it didn’t pay.,property standard be poor though because of year of underinvestment as the landlord back then have to be super tight as it do not pay .,1,2024-06-16T22:18:30+00:00
l4qg8mf,t1_l47bvdj,1crybje,PropertyConfident19,"Instead of trying to discredit the source, engage with the argument.


Here's a quote from left-wing noble prize winning economist Paul Krugman, writing in the New York Times. 


The analysis of rent control is among the best-understood issues in all of economics, and -- among economists, anyway -- one of the least controversial. In 1992 a poll of the American Economic Association found 93 percent of its members agreeing that ''a ceiling on rents reduces the quality and quantity of housing.'' Almost every freshman-level textbook contains a case study on rent control, using its known adverse side effects to illustrate the principles of supply and demand.


https://www.nytimes.com/2000/06/07/opinion/reckonings-a-rent-affair.html","instead of try to discredit the source , engage with the argument . here a quote from leftwe noble prize win economist paul krugman , write in the new york times . the analysis of rent control be among the bestunderstood issue in all of economic , and among economist , anyway one of the least controversial . in a poll of the american economic association find percent of its member agree that a ceiling on rent reduce the quality and quantity of housing . almost every freshmanlevel textbook contain a case study on rent control , use its known adverse side effect to illustrate the principle of supply and demand .",1,2024-05-19T13:47:51+00:00
l4qhe26,t1_l4qgq3y,1crybje,PropertyConfident19,"Just send people unsubstantiated insults over Reddit and refuse to engage on a topic you brought up, ornulu.


Why can't you defend a policy you are asking people to endorse?","just send people unsubstantiated insult over reddit and refuse to engage on a topic you bring up , ornulu . why can not you defend a policy you be ask people to endorse ?",1,2024-05-19T13:56:26+00:00
l41vn03,t1_l41ub51,1crybje,Donaldo1977,I too have responed to endore Living Rent's respone.,I too have respone to endore living rent respone .,8,2024-05-14T20:01:26+00:00
l44lex4,t1_l44lcj5,1crybje,ornulu422,"Oh aye, I pulled it from the Living Rent Facebook page so don't shoot the messenger 😅","oh aye , I pull it from the live rent facebook page so do not shoot the messenger",4,2024-05-15T08:03:30+00:00
l447o9q,t1_l4468rs,1crybje,ornulu422,"But it is there for new builds? Don't get me wrong, I want new builds to happen too but there are over 1,000 residential dwellings in Edinburgh that have been empty for over TEN YEARS that are worth over a quarter BILLION while we are in an enormous and quantifiable housing crisis. We need regulations to stop this kind of thing from happening.","but it be there for new build ? do not get I wrong , I want new build to happen too but there be over residential dwelling in edinburgh that have be empty for over ten year that be worth over a quarter billion while we be in an enormous and quantifiable housing crisis . we need regulation to stop this kind of thing from happen .",16,2024-05-15T05:25:23+00:00
l478yni,t1_l474j4t,1crybje,ornulu422,Speculation on an asset. Artificial scarcity. They aren't seeing these properties as homes but as vehicles for extracting capital.,speculation on an asset . artificial scarcity . they be not see these property as home but as vehicle for extract capital .,1,2024-05-15T19:24:05+00:00
l44ocm7,t1_l44mdyb,1crybje,GingerSnapBiscuit,">  Presumably student flats are just the best money maker

Its 100% this, but I don't know how you fix that.  As has been said elsewhere there is very little the council can do to stop Student Housing being built, there is a provable need for more Student Housing in Edinburgh (there are something like 60 - 70k students in Edinburgh and 25 - 30k student housing units).  Where planning permission IS denied the builders just appeal to the Scottish Government where its usually overruled.","presumably student flat be just the good money maker its this , but I do not know how you fix that . as have be say elsewhere there be very little the council can do to stop student housing be build , there be a provable need for more student housing in edinburgh there be something like student in edinburgh and student housing unit . where planning permission be deny the builder just appeal to the scottish government where its usually overrule .",3,2024-05-15T08:41:37+00:00
l44np5d,t1_l44mdyb,1crybje,aitorbk,"I know why.
They don't have to contribute to schools, etc, and don't pay council tax (students).  Also exempt from rent controls, and have a higher return before all of that compared to regular housing.
They are second best for money making behind airb&b, and little the council can do to stop it.  
While it does alleviate the housing issues, it converts general housing into students only, essentially zoning areas.  It is bad.
Also, it blocks people from owning their own homes in that area, also bad imho.
Better to have student housing than no housing, but it is a future problem","I know why . they do not have to contribute to school , etc , and do not pay council tax student . also exempt from rent control , and have a high return before all of that compare to regular housing . they be second good for money make behind airbb , and little the council can do to stop it . while it do alleviate the housing issue , it convert general housing into student only , essentially zone area . it be bad . also , it block people from own their own home in that area , also bad imho . well to have student housing than , but it be a future problem",3,2024-05-15T08:33:12+00:00
l44o6fz,t1_l44nx26,1crybje,GingerSnapBiscuit,"> It should come from general taxation.

Ahh yes all that spare money councils have should be used to build social housing.  

Its not the 1970s any more, there isn't the money to build vast swathes of social housing.  

>less rules and taxes on housing.

New build housing is already built to the lowest possible standard, and building firms like Persimmon were reporting over £1 BILLION in yearly profit only 2 or 3 years ago.  There isn't a lack of money in house building, or a lack or rules.","it should come from general taxation . ahh yes all that spare money council have should be use to build social housing . its any more , there be not the money to build vast swathe of social housing . less rule and taxis on housing . new build housing be already build to the low possible standard , and building firm like persimmon be report over billion in yearly profit only or year ago . there be not a lack of money in house building , or a lack or rule .",1,2024-05-15T08:39:26+00:00
l4495de,t1_l4490zy,1crybje,ornulu422,Reading comprehension lacking? The link was in the caption,read comprehension lacking ? the link be in the caption,1,2024-05-15T05:40:17+00:00
l47am2r,t1_l47843x,1crybje,ornulu422,I hate to judge a book by its cover but your username has the word property in it mate,I hate to judge a book by its cover but your username have the word property in it mate,1,2024-05-15T19:33:22+00:00
l47aws8,t1_l47843x,1crybje,ornulu422,"Also first paragraph on Wikipedia for your ""impartial source"" 😂😂😂
PragerU's videos contain misleading or factually incorrect information promoting climate change denial.[1][2] Historians and political scientists have also criticized PragerU's videos for containing misleading or inaccurate claims about topics such as slavery and racism in the United States, immigration, and the history of fascism. PragerU has been accused of promoting anti-LGBT politics.[3]","also first paragraph on wikipedia for your impartial source pragerus video contain misleading or factually incorrect information promote climate change historian and political scientist have also criticize pragerus video for contain misleading or inaccurate claim about topic such as slavery and racism in the united states , immigration , and the history of fascism . prageru have be accuse of promote antilgbt",0,2024-05-15T19:35:03+00:00
l44faqa,t1_l44eq3k,1crybje,ornulu422,"There are social housing models that have means tested rent. Pay based on what you earn. All the money goes back into maintenance, new builds and the public purse. That would personally be my ideal ultimate outcome. It should be not just embarrassing but vilified to be a landlord.","there be social housing model that have mean test rent . pay base on what you earn . all the money go back into maintenance , new build and the public purse . that would personally be my ideal ultimate outcome . it should be embarrassing but vilify to be a landlord .",5,2024-05-15T06:47:58+00:00
l43mh8u,t1_l42pio5,1crybje,ornulu422,"So....more legislation? Greater protections? Second home tax? Incrementally higher duty on subsequent homes bought? You're right! Rent controls don't go far enough! Let's not baby bathwater though, poor silly dear.","so more legislation ? great protection ? second home tax ? incrementally high duty on subsequent home buy ? you re right ! rent control do not go far enough ! let bathwater though , poor silly dear .",4,2024-05-15T02:33:37+00:00
l42kocx,t1_l42c886,1crybje,ornulu422,"Aye, like a concert needs ticket scalpers. Increase public housing. Abolish landlordism.","aye , like a concert need ticket scalper . increase public housing . abolish landlordism .",18,2024-05-14T22:26:11+00:00
l44nza7,t1_l42c886,1crybje,GingerSnapBiscuit,"A City does need landlords, but Landlords do not need to be private.  Councils should provide social housing for those who NEED to rent, it should be means tested and based on the income of the person renting, not just some arbitrary ""market rate"" which gets jacked up every single year leaving tenants in a position where they can NEVER save to buy.","a city do need landlord , but landlord do to be private . council should provide social housing for those who need to rent , it should be mean test and base on the income of the person rent , some arbitrary market rate which get jack up every single year leave tenant in a position where they can to buy .",2,2024-05-15T08:36:53+00:00
l44f8d3,t1_l42c886,1crybje,Thats-right999,"Well,said","well , say",0,2024-05-15T06:47:12+00:00
l47bs3v,t1_l478496,1crybje,ornulu422,Rents in 1980 under tent controls: 10% of wages. Rents now with no controls: over 50%. It's as simple as that.,rent in under tent control of wage . rent now with over . its as simple as that .,2,2024-05-15T19:39:59+00:00
l47b2ek,t1_l478bb5,1crybje,ornulu422,"PragerU's videos contain misleading or factually incorrect information promoting climate change denial.[1][2] Historians and political scientists have also criticized PragerU's videos for containing misleading or inaccurate claims about topics such as slavery and racism in the United States, immigration, and the history of fascism. PragerU has been accused of promoting anti-LGBT politics.[3]","pragerus video contain misleading or factually incorrect information promote climate change historian and political scientist have also criticize pragerus video for contain misleading or inaccurate claim about topic such as slavery and racism in the united states , immigration , and the history of fascism . prageru have be accuse of promote antilgbt",1,2024-05-15T19:35:56+00:00
l42ke02,t1_l42g1yo,1crybje,ornulu422,Yous are clapped in the head. Rent controls work. You've absolutely consumed the word of landlords and landlord apologists on a topic that stands in the way of their profit.,yous be clap in the head . rent control work . you ve absolutely consume the word of landlord and landlord apologist on a topic that stand in the way of their profit .,12,2024-05-14T22:24:22+00:00
l47bu2m,t1_l478rkn,1crybje,ornulu422,"PragerU's videos contain misleading or factually incorrect information promoting climate change denial.[1][2] Historians and political scientists have also criticized PragerU's videos for containing misleading or inaccurate claims about topics such as slavery and racism in the United States, immigration, and the history of fascism. PragerU has been accused of promoting anti-LGBT politics.[3]","pragerus video contain misleading or factually incorrect information promote climate change historian and political scientist have also criticize pragerus video for contain misleading or inaccurate claim about topic such as slavery and racism in the united states , immigration , and the history of fascism . prageru have be accuse of promote antilgbt",2,2024-05-15T19:40:18+00:00
l4qi91n,t1_l4qhe26,1crybje,ornulu422,"My interest in rent controls are as a renter. It would be in my best interest and the best interest of all other renters to have rent controls. Literally any criticism of rent controls are that there are too many loopholes for unscrupulous landlords to exploit leading to black market conditions or further artificial scarcity. Which only makes the argument FOR rent controls alongside more stringent enforcement. Being forced to charge less for something makes it cheaper. This is fact. What are your interests in rent controls property confident 19? Are you a landlord? Are you a hustle culture wannabe? Are you seeking out the passive income fallacy? Or are you just a troll having fun for yourself? I think you calling out the ""dangers of rent controls"" is like foxes calling out the ""dangers of chicken wire"".",my interest in rent control be as a renter . it would be in my good interest and the good interest of all other renter to have rent control . literally any criticism of rent control be that there be too many loophole for unscrupulous landlord to exploit lead to black market condition or further artificial scarcity . which only make the argument for rent control alongside more stringent enforcement . be force to charge less for something make it cheap . this be fact . what be your interest in rent control property confident ? be you a landlord ? be you a hustle culture wannabe ? be you seek out the passive income fallacy ? or be you just a troll have fun for yourself ? I think you call out the danger of rent control be like fox call out the danger of chicken wire .,1,2024-05-19T14:02:38+00:00
l4qgjnt,t1_l41vn03,1crybje,PropertyConfident19,"That was a mistake. 



Here's a quote from left-wing noble prize winning economist Paul Krugman, writing in the New York Times. 

The analysis of rent control is among the best-understood issues in all of economics, and -- among economists, anyway -- one of the least controversial. In 1992 a poll of the American Economic Association found 93 percent of its members agreeing that ''a ceiling on rents reduces the quality and quantity of housing.'' Almost every freshman-level textbook contains a case study on rent control, using its known adverse side effects to illustrate the principles of supply and demand.

https://www.nytimes.com/2000/06/07/opinion/reckonings-a-rent-affair.html","that be a mistake . here a quote from leftwe noble prize win economist paul krugman , write in the new york times . the analysis of rent control be among the bestunderstood issue in all of economic , and among economist , anyway one of the least controversial . in a poll of the american economic association find percent of its member agree that a ceiling on rent reduce the quality and quantity of housing . almost every freshmanlevel textbook contain a case study on rent control , use its known adverse side effect to illustrate the principle of supply and demand .",2,2024-05-19T13:50:07+00:00
l44lod9,t1_l447o9q,1crybje,GingerSnapBiscuit,"> But it is there for new builds?

These are built by private building companies, not the council or housing associations.  I'm not sure what your suggestion is for getting the ~7k empty houses back on the market or who would be expected to pay for that?","but it be there for new build ? these be build by private building company , council or housing association . I m what your suggestion be for get the empty house back on the market or who would be expect to pay for that ?",6,2024-05-15T08:06:53+00:00
l44erk0,t1_l447o9q,1crybje,FanWrite,"Someone answered this week's ago on this sub, and the answer isnt straight forward. If you have a property that the owner doesn't have the money to fix up, but also doesn't want to sell, what do you do? You can't force someone to sell something they own, and you shouldn't overpay for something that's going to be a money sink.

There are also investment properties people sit on (quite a few I see in The Grange), not much you can do about those.","someone answer this week ago on this sub , and the answer be not straight forward . if you have a property that the owner do not have the money to fix up , but also do not want to sell , what do you do ? you can not force someone to sell something they own , and you should not overpay for something that s go to be a money sink . there be also investment property people sit on quite a few I see in the grange , you can do about those .",3,2024-05-15T06:41:51+00:00
l4qhaw2,t1_l44np5d,1crybje,PropertyConfident19,"Agree with what you've said. 


Will add that we may see some change of use applications for student housing blocks. They will then contribute to the general housing stock, which is good. The bad is that the developers have gotten around legislation meant to increase the quality of housing and protect infrastructure etc.","agree with what you ve say . will add that we may see some change of use application for student housing block . they will then contribute to the general housing stock , which be good . the bad be that the developer have get around legislation mean to increase the quality of housing and protect infrastructure etc .",2,2024-05-19T13:55:47+00:00
l44oiee,t1_l44lr6a,1crybje,PossibilityNo7912,"It will happen once we build enough houses. Currently, we build just under 20,000 new homes in Scotland each year, but based on Shelters estimates about 693,000 houses are needed.

Based on the current rate of building, it will take 35 years. (Which doesn’t include population growth).

So yeah, will be 2060 at the current rate of house building.","it will happen once we build enough house . currently , we build just under new home in scotland each year , but base on shelter estimate about house be need . base on the current rate of building , it will take year . which do not include population growth . so yeah , will be at the current rate of house building .",4,2024-05-15T08:43:44+00:00
l44oeqo,t1_l44o6fz,1crybje,aitorbk,"Council funding is quite absurd, and not just in the uk. This isba huge problem, I agree.

Rules are a big problem.  The reason only huge companies are left is a lot of absurd rules and how slow it is to get into actual building. .only a large.company can do it in general.  Pretty sure these large companies push for more rules and consultations.","council funding be quite absurd , and in the uk . this isba huge problem , I agree . rule be a big problem . the reason only huge company be leave be a lot of absurd rule and how slow it be to get into actual building . a can do it in general . pretty sure these large company push for more rule and consultation .",1,2024-05-15T08:42:25+00:00
l47owzm,t1_l47am2r,1crybje,PropertyConfident19,It's a random username generated by Reddit. You shouldn't have judged a book by it's cover.,its a random username generate by reddit . you should not have judge a book by its cover .,0,2024-05-15T20:55:41+00:00
l47p2ve,t1_l47aws8,1crybje,PropertyConfident19,Forget your petty attempt to discredit the source. Engage instead with the argument. How do you respond to the reasoning?,forget your petty attempt to discredit the source . engage instead with the argument . how do you respond to the reasoning ?,0,2024-05-15T20:56:39+00:00
l44oqzg,t1_l42kocx,1crybje,thelazyfool,"But there currently isn’t enough council housing, and it will take years to build enough even in the most optimistic scenarios - so how does removing landlords in the short term help people? It’s just going to make renting even more of a nightmare","but there currently be not enough council housing , and it will take year to build enough even in the most optimistic scenario so how do remove landlord in the short term help people ? its just go to make rent even more of a nightmare",2,2024-05-15T08:46:52+00:00
l47pafb,t1_l47b2ek,1crybje,PropertyConfident19,I'm going to assume that you're not dumb and so you're deliberately failing to engage with the reasoning of the argument.,I m go to assume that you re and so you re deliberately fail to engage with the reasoning of the argument .,-1,2024-05-15T20:57:52+00:00
l455lbv,t1_l42ke02,1crybje,giganticbuzz,"They don’t work. Stop believing the same people who claim they do. Show me evidence and for every scheme that partially worked there’s many more who failed (including in Scotland). It’s not some landlords conspiracy.

You’re getting into dangerous, ‘i know better’ and ‘I don’t believe the experts’ territory.","they do not work . stop believe the same people who claim they do . show I evidence and for every scheme that partially work there s many more who fail include in scotland . its landlord conspiracy . you re get into dangerous , I know well and I do not believe the expert territory .",-1,2024-05-15T11:46:51+00:00
l4ql33h,t1_l4qi91n,1crybje,PropertyConfident19,"Appreciate you coming back to me with some info on your thinking. Don't have time to properly respond just now but will later on.  


Few quick bits though. I'm not a landlord, and I don't work in housing. I am interested also as a renter. My username really was randomly generated by Reddit but I get that it's funny/Sus in this context!","appreciate you come back to I with some info on your thinking . do not have time to properly respond just now but will later on . few quick bit though . I m landlord , and I do not work in housing . I be interested also as a renter . my username really be randomly generate by reddit but I get that its funny sus in this context !",1,2024-05-19T14:22:39+00:00
l44gb64,t1_l44erk0,1crybje,A_Mac1998,"You can't force them to sell but you can change the law to incentivise it. Up the council tax on empty dwellings for example, or change the capital gains when it comes to selling empty long term dwellings, Vs short term empty dwellings. make it financially irresponsible to leave a dwelling empty","you can not force they to sell but you can change the law to incentivise it . up the council tax on empty dwelling for example , or change the capital gain when it come to sell empty long term dwelling , vs short term empty dwelling . make it financially irresponsible to leave a dwelling empty",19,2024-05-15T06:59:54+00:00
l44f0tu,t1_l44erk0,1crybje,ornulu422,"Why not? That's why laws change. If you had another basic human necessity like food or water and there was a shortage, if people started hoarding it while others starved or went thirsty new laws would be brought in to protect life. This is really and truly not different.","why not ? that s why law change . if you have another basic human necessity like food or water and there be a shortage , if people start hoard it while other starve or go thirsty new law would be bring in to protect life . this be really and truly .",9,2024-05-15T06:44:48+00:00
l44nrrk,t1_l44erk0,1crybje,GingerSnapBiscuit,"> There are also investment properties people sit on (quite a few I see in The Grange), not much you can do about those.

Absolutely you can, there are lots of methods councils could use to incentivize properties being used. Up the council tax on empty properties, massively, is the most obvious and immediate action that can be taken to incentivize properties being filled.","there be also investment property people sit on quite a few I see in the grange , you can do about those . absolutely you can , there be lot of method council could use to incentivize property be use . up the council tax on empty property , massively , be the most obvious and immediate action that can be take to incentivize property be fill .",2,2024-05-15T08:34:08+00:00
l45xjnq,t1_l44erk0,1crybje,Teh_Bosch,CPO if they're unoccupied and not lived in at far less than market rate,cpo if they re unoccupied and in at far less than market rate,1,2024-05-15T14:53:34+00:00
l49sh5e,t1_l44oiee,1crybje,CameronWS,"Private builders won't build enough housing to bring down prices - why on earth would they? It'd be throwing money away. 

Fact is that housing isn't actually a profitable industry, same as healthcare - you can't provide a decent product for a decent price to make a decent profit. By privatising the sector as we have, we've sacrificed both quality and affordability for profit.","private builder will not build enough housing to bring down price why on earth would they ? it d be throw money away . fact be that housing be not actually a profitable industry , same as healthcare you can not provide a decent product for a decent price to make a decent profit . by privatise the sector as we have , we ve sacrifice both quality and affordability for profit .",1,2024-05-16T06:24:59+00:00
l44p05w,t1_l44oeqo,1crybje,GingerSnapBiscuit,"> Rules are a big problem. The reason only huge companies are left is a lot of absurd rules and how slow it is to get into actual building. .only a large.company can do it in general. Pretty sure these large companies push for more rules and consultations.

Which of the rules around house building are ""absurd"".  I don't think its particularly egregious to hold house builders to a certain standard for both the buildings they are putting down, the standard of the construction of those buildings, and also the setup/layout of the estate they are building and its surroundings.

Yes, it would save builders a lot of money if we just let them throw up houses whereever the fuck with no planning as to the infrastructure or facilites of the people moving into these houses, but that leads to its own set of problems.  There is no point letting a company build 2000 houses next to an existing village without considering Schools, Doctors, Traffic Density, Access, Drainage etc etc etc.  All the things these ""rules"" are put in place to consider.

I definitely think the play to fix this here is to take more of these considerations into account when building student housing, not lowering the requirements for normal housing.","rule be a big problem . the reason only huge company be leave be a lot of absurd rule and how slow it be to get into actual building . a can do it in general . pretty sure these large company push for more rule and consultation . which of the rule around house building be absurd . I do not think its particularly egregious to hold house builder to a certain standard for both the building they be put down , the standard of the construction of those building , and also the setup layout of the estate they be build and its surrounding . yes , it would save builder a lot of money if we just let they throw up house whereever the fuck with as to the infrastructure or facilite of the people move into these house , but that lead to its own set of problem . there be let a company build house next to an exist village school , doctor , traffic density , access , drainage etc etc etc . all the thing these rule be put in place to consider . I definitely think the play to fix this here be to take more of these consideration into account when build student housing , the requirement for normal housing .",0,2024-05-15T08:50:15+00:00
l44q4bj,t1_l44oqzg,1crybje,ornulu422,Where do you reckon the current flats are going to disappear to? 4 in 10 ex council houses in Britain are now owned by private landlords. £49m in 2022-23 was spent on emergency accommodation in Scotland. If landlordism was no longer profitable landlords could sell to the council. If that £49m it was spent instead on council housing buy backs we'd be well on our way.,where do you reckon the current flat be go to disappear to ? in ex council house in britain be now own by private landlord . m in be spend on emergency accommodation in scotland . if landlordism be profitable landlord could sell to the council . if that m it be spend instead on council housing buy back we d be well on our way .,0,2024-05-15T09:04:44+00:00
l49sr94,t1_l47pafb,1crybje,CameronWS,What reasoning? It's horseshit from top to bottom,what reasoning ? its horseshit from top to bottom,1,2024-05-16T06:28:16+00:00
l456prc,t1_l455lbv,1crybje,ornulu422,"Let's just say this: landlords do everything they can to deregulate the industry and increase their profits. The vast majority of landlords polled in Scotland, including single property landlords, are either currently or looking to become registered businesses for tax purposes. If rent controls actually caused problems like rent rises or a reduction in supply it would be beneficial to landlords. Landlords would be calling for rent controls over all forms of media!","let just say this landlord do everything they can to deregulate the industry and increase their profit . the vast majority of landlord poll in scotland , include single property landlord , be either currently or look to become registered business for tax purpose . if rent control actually cause problem like rent rise or a reduction in supply it would be beneficial to landlord . landlord would be call for rent control over all form of medium !",3,2024-05-15T11:55:53+00:00
l44goh0,t1_l44gb64,1crybje,ornulu422,100%,,5,2024-05-15T07:04:14+00:00
l44ljni,t1_l44gb64,1crybje,FanWrite,Yep that seems like a fair approach,yep that seem like a fair approach,1,2024-05-15T08:05:10+00:00
l44fwow,t1_l44f0tu,1crybje,FanWrite,"Because there is land to build on. No government in the UK will start taking people's property, nor should they.","because there be land to build on . in the uk will start take people property , nor should they .",5,2024-05-15T06:55:10+00:00
l47772d,t1_l44f0tu,1crybje,k3nn3h,"Have governments enforced price controls on goods before? If so, what was the result?","have government enforce price control on good before ? if so , what be the result ?",0,2024-05-15T19:14:02+00:00
l46oolq,t1_l45xjnq,1crybje,FanWrite,Many more conditions to meet for a CPO,many more condition to meet for a cpo,-1,2024-05-15T17:27:50+00:00
l44so76,t1_l44q4bj,1crybje,thelazyfool,"I agree that it’s a travesty how ex council flats are now owned by landlords. 

But do we really think the council would buy these, even if they had the money? We’re in Edinburgh, most flats go for over Home Report values, is the council really going to start offering above valuation? How’s that going to be managed. 

And even if everything goes to plan and they do buy them up, it’s not going to be all of them. You’re still going to have a reduction in total flats for rent. 

I think the intent behind rent control is fantastic, but the reality and implications of it don’t match up. It will just result in a reduction of rental properties, and will help older renters while making things worse for younger ones. Which is the last thing we need","I agree that its a travesty how ex council flat be now own by landlord . but do we really think the council would buy these , even if they have the money ? be in edinburgh , most flat go for over home report value , be the council really go to start offer above valuation ? how s that go to be manage . and even if everything go to plan and they do buy they up , its to be all of they . you re still go to have a reduction in total flat for rent . I think the intent behind rent control be fantastic , but the reality and implication of it do not match up . it will just result in a reduction of rental property , and will help old renter while make thing bad for young one . which be the last thing we need",0,2024-05-15T09:36:50+00:00
l4qfkgh,t1_l49sr94,1crybje,PropertyConfident19,Ok. Saying stuff is horseshit is not a reasoned response. So you know.,ok . say stuff be horseshit be reason response . so you know .,0,2024-05-19T13:42:56+00:00
l457d6z,t1_l456prc,1crybje,giganticbuzz,"What you have to understand is that any extra costs a landlord faces always gets passed onto the tenants.

So tax changes and regulations all increase rent.

It’s that simple. This has happened a lot over the last 10 years hence why rent has gone up so much.

So whenever you think you’re punishing landlords you’re not, ultimately the tenant pays.","what you have to understand be that any extra cost a landlord face always get pass onto the tenant . so tax change and regulation all increase rent . its that simple . this have happen a lot over the last year hence why rent have go up so much . so whenever you think you re punish landlord you re not , ultimately the tenant pay .",0,2024-05-15T12:01:08+00:00
l44gf19,t1_l44fwow,1crybje,ornulu422,"Once again, I want new builds. The point I'm making is that it's not as simple as supply. If there was the political will to get the finger out on supply they could. 1/5th of MSPs are landlords and those 23 people are pulling in over 1.6 million annually in just rent. Renting is big big big business. We need to end this scalping of the working class.","once again , I want new build . the point I m make be that its simple as supply . if there be the political will to get the finger out on supply they could . of msp be landlord and those people be pull in over million annually in just rent . renting be big big big business . we need to end this scalping of the work class .",1,2024-05-15T07:01:08+00:00
l47adfl,t1_l47772d,1crybje,ornulu422,A closer example for you. Universal rent controls from 1916 until 1988 under Thatcher. They worked extremely well. In 1980 Scottish tenants were paying a tenth of their salary on average on rent. Whereas now it's over 50%.,a close example for you . universal rent control from until under thatcher . they work extremely well . in scottish tenant be pay a tenth of their salary on average on rent . whereas now its over .,1,2024-05-15T19:32:01+00:00
l46uqye,t1_l46oolq,1crybje,Teh_Bosch,The legislation should change so that a CPO can happen,the legislation should change so that a cpo can happen,2,2024-05-15T18:02:05+00:00
l44timt,t1_l44so76,1crybje,ornulu422,If you make renting out properties less lucrative you'll have less people hoarding properties which will reduce the cost of housing as they sell off non productive assets. Housing costs will go down with the flood of property for sale so the council can expand their existing buy back and stair consolidation policy. If you couple this with extra taxes for second homes and punitive taxes for vacant properties we could change the face of the housing sector. Why not throw in a ban on buy to let mortgages and ensure properties are being sold to people who might actually want to live in them?,if you make rent out property less lucrative you ll have less people hoard property which will reduce the cost of housing as they sell off non productive asset . housing cost will go down with the flood of property for sale so the council can expand their exist buy back and stair consolidation policy . if you couple this with extra taxis for second home and punitive taxis for vacant property we could change the face of the housing sector . why in a ban on buy to let mortgage and ensure property be be sell to people who might actually want to live in they ?,0,2024-05-15T09:47:00+00:00
l4uqbof,t1_l4qfkgh,1crybje,CameronWS,"I'm aware of that, yes. My intention was to express disdain and I believe I accomplished that.","I m aware of that , yes . my intention be to express disdain and I believe I accomplish that .",1,2024-05-20T09:38:00+00:00
l457sps,t1_l457d6z,1crybje,ornulu422,"So you're saying that landlords can't help but pass costs on to tenants? What if there was something in place that stopped that from happening? Something that maybe...controlled the rent? Rent controls, if you will.","so you re say that landlord can not help but pass cost on to tenant ? what if there be something in place that stop that from happen ? something that maybe control the rent ? rent control , if you will .",1,2024-05-15T12:04:31+00:00
l44ls7d,t1_l44gf19,1crybje,FanWrite,"I guess don't understand your point then. You can't seize properties and people who have wealth need a vehicle to protect the money they've accumulated (which many, rightly or wrong, see property as a good option).

There's having a fairness argument like it's a sixth form politics classroom, and then there's the practical reality. No one is giving up their wealth, hard earned or otherwise, because long term government policy has disadvantaged others.","I guess do not understand your point then . you can not seize property and people who have wealth need a vehicle to protect the money they ve accumulate which many , rightly or wrong , see property as a good option . there s have a fairness argument like its a sixth form politic classroom , and then there s the practical reality . be give up their wealth , hard earn or otherwise , because long term government policy have disadvantage other .",4,2024-05-15T08:08:16+00:00
l4qgu46,t1_l44gf19,1crybje,PropertyConfident19,"Why are you supporting rent controls then? If you understand the key driver is supply? As an aside, in a place like Edinburgh, demand is also a problem.","why be you support rent control then ? if you understand the key driver be supply ? as an aside , in a place like edinburgh , demand be also a problem .",0,2024-05-19T13:52:18+00:00
l8x56g0,t1_l47adfl,1crybje,Substantial_Dot7311,30% I think. Don’t think it’s 50% unless a specific cohort,I think . do not think its unless a specific cohort,1,2024-06-16T22:14:08+00:00
l4772fj,t1_l46uqye,1crybje,FanWrite,"Ok, Karl Marx would be proud","ok , karl marx would be proud",1,2024-05-15T19:13:17+00:00
l44vx2b,t1_l44timt,1crybje,thelazyfool,"Because people exist who are able to pay a reasonable amount and want to rent? 

I have my own place now, very lucky to be in this position - but a couple years ago I was renting for a few years because I didn’t know where I was going to be long term. I had a deposit but didn’t want to buy at that time.

 If I had moved to a city with rent control I’d be screwed, because I wouldn’t have any existing protections, and renting would be a nightmare (both in terms of cost but also just the hassle of finding somewhere) with there being a lack of supply. 

Again, I feel rent controls are good for those already in properties, but it doesn’t help young people because it just reduces supply of something they want, which is a flat to rent for a short to medium length of time with no long term commitment","because people exist who be able to pay a reasonable amount and want to rent ? I have my own place now , very lucky to be in this position but a couple year ago I be rent for a few year because I do not know where I be go to be long term . I have a deposit but do not want to buy at that time . if I have move to a city with rent control i d be screw , because I would not have any exist protection , and renting would be a nightmare both in term of cost but also just the hassle of find somewhere with there be a lack of supply . again , I feel rent control be good for those already in property , but it do not help young people because it just reduce supply of something they want , which be a flat to rent for a short to medium length of time with term commitment",1,2024-05-15T10:14:47+00:00
l459bg3,t1_l457sps,1crybje,giganticbuzz,Rent controls are a cost. They just get passed on at start of tenancy.,rent control be a cost . they just get pass on at start of tenancy .,1,2024-05-15T12:16:25+00:00
l47z45r,t1_l4772fj,1crybje,Teh_Bosch,Is that meant to be an insult? I hope so Karl is 🙏,be that mean to be an insult ? I hope so karl be,1,2024-05-15T21:57:42+00:00
l44xauk,t1_l44vx2b,1crybje,ornulu422,If you actually read the Living Rent line on rent controls they are looking for rent caps to be linked to properties not tenancies. So for example a 2 bed in Newhaven with access to a shared garden and a certain energy efficiency rating etc etc etc could only cost a certain amount per month. That's for new or existing tenancies.,if you actually read the live rent line on rent control they be look for rent cap to be link to property . so for example a bed in newhaven with access to a share garden and a certain energy efficiency rating etc etc etc could only cost a certain amount per month . that s for new or exist tenancy .,1,2024-05-15T10:29:58+00:00
l45a0dc,t1_l459bg3,1crybje,ornulu422,Again again. Living Rent are looking for rent controls to apply to the property and NOT the tenancy. A certain type of flat in a certain area with a certain energy rating and certain facilities can only cost a certain amount. Therefore if landlords want to up the rents they need to actually improve the property. Higher energy rating higher rent. Better facilities higher rent. Completely neglected 1920s tenement shitbox with 1980s carpet and single glazing? Very cheap rent. Actually thought out and followed through rent controls ensure that landlords eat the cost. They've been milking the working class to death for generations. It needs to stop. Landlords should be ashamed and embarrassed.,again again . live rent be look for rent control to apply to the property and tenancy . a certain type of flat in a certain area with a certain energy rating and certain facility can only cost a certain amount . therefore if landlord want to up the rent they need to actually improve the property . high energy rating high rent . well facility high rent . completely neglect tenement shitbox with carpet and single glazing ? very cheap rent . actually think out and follow through rent control ensure that landlord eat the cost . they ve be milk the work class to death for generation . it need to stop . landlord should be ashamed and embarrassed .,2,2024-05-15T12:21:44+00:00
l2eazdk,t3_1cj825k,1cj825k,Acceptable_Hope_6475,"I usually as a rule of thumb add a third of the  total rental price as your “on costs” like insurance; utilities, internet, C/Tax - seems a useful rule of thumb but variable depending on property age, tax banding etc","I usually as a rule of thumb add a third of the total rental price as your on cost like insurance utility , internet , c tax seem a useful rule of thumb but variable depend on property age , tax banding etc",9,2024-05-03T13:45:35+00:00
l2eqzpp,t3_1cj825k,1cj825k,Bilboo_Baggins,"We started renting in Edinburgh in Sept 2022. 
2 bed flat 

Rent £1200 (You’ll struggle to find a good 2 bed flat for this price now)

Council Tax £214 (Band E)

Gas & Electricity £75 (2 adults working from home)

Internet £30

Total £1519",we start rent in edinburgh in sept . bed flat rent you ll struggle to find a good bed flat for this price now council tax band e gas electricity adult work from home internet total,3,2024-05-03T15:21:12+00:00
l2e6ggy,t3_1cj825k,1cj825k,vivalanation734,"Our rent is £1400, council tax £215, internet is £30, electricity/gas is ~£200. 

Council tax varies, but you can see the breakdown here: https://www.edinburgh.gov.uk/council-tax/council-tax-bands","our rent be , council tax , internet be , electricity gas be . council tax varie , but you can see the breakdown here",4,2024-05-03T13:16:07+00:00
l2ijf15,t3_1cj825k,1cj825k,__Alyosha__,"Goldenacre / Inverleith area,

Rent £1650

Council Tax £262 (Band F)

Power (£150); it varies but that's what I have taken out every month regardless

Internet £35

Total: £2049","goldenacre inverleith area , rent council tax band f power it vary but that s what I have take out every month regardless internet total",2,2024-05-04T08:03:11+00:00
l2gh6f7,t3_1cj825k,1cj825k,keta_ro,"2 bed flat full electric

rent 725

electricity 120 summer 230 winter

Council 140

internet 35",bed flat full electric rent electricity summer winter council internet,2,2024-05-03T21:44:13+00:00
l2fdih4,t1_l2eqzpp,1cj825k,Appelci,"Thank you for this breakdown!! It really helps me a lot. And yes, 2 bed flat for £1200 is barely offered anymore. I was a bit shocked by the prices but I guess it’s the same in every bigger city right now..","thank you for this breakdown ! ! it really help I a lot . and yes , bed flat for be barely offer anymore . I be a bit shocked by the price but I guess its the same in every big city right now",2,2024-05-03T17:30:12+00:00
l2f3fy2,t1_l2f13te,1cj825k,doitforthecloud,Unless your flat is extraordinarily inefficient then that sounds far too high. I’m in a modern 2 bed and also paying about £75.,unless your flat be extraordinarily inefficient then that sound far too high . I m in a modern bed and also pay about .,5,2024-05-03T16:32:35+00:00
l2f5kj4,t1_l2f13te,1cj825k,Bilboo_Baggins,"That does sound too high. Are you on fixed rates? 
We are on the Standard Online Scottish Power Tariff rate so nothing special.

For reference we don’t have the heating on a timer. Stick it on an hours boost if the flat gets cold. Max 2-3 hours a day during winter. Haven’t used heating since end of March and I don’t expect to use the heating till October now. Appreciate we are perhaps fortunate to not need to use it more often than this. 

Hot water tank is timed to heat up 2 hours in morning and 2 hours in evening.",that do sound too high . be you on fix rate ? we be on the standard online scottish power tariff rate so nothing special . for reference we do not have the heating on a timer . stick it on an hour boost if the flat get cold . max hour a day during winter . have not use heating since end of march and I do not expect to use the heating till october now . appreciate we be perhaps fortunate to to use it more often than this . hot water tank be time to heat up hour in morning and hour in evening .,2,2024-05-03T16:44:48+00:00
l2f8335,t1_l2f13te,1cj825k,Acceptable_Hope_6475,"2 bed flat here both work from home, washing machine is on 3 times a week, oven maybe once, £33 a month electric and its in credit, the gas is about £26 and same, new build 2 bed flat. The standing charge makes up most of that and we do sit in the dark, heating has been on up until this week too","bed flat here both work from home , washing machine be on time a week , oven maybe once , a month electric and its in credit , the gas be about and same , new build bed flat . the standing charge make up most of that and we do sit in the dark , heating have be on up until this week too",1,2024-05-03T16:59:06+00:00
l2f7ch4,t1_l2f67x0,1cj825k,RiskyBiscuits150,"You're not keeping an immersion heater on for large stretches of the day, are you? That can quickly get expensive.","you re an immersion heater on for large stretch of the day , be you ? that can quickly get expensive .",1,2024-05-03T16:54:57+00:00
l0x38sr,t3_1cb9kya,1cb9kya,Thin-Hearing4674,I’ve just been handed a 26% increase notice too. Feel like most agents are going to try get away with it and see if people are unaware it shouldn’t be higher than 12%. I’m definitely going to challenge it as soon as possible,I ve just be hand a increase notice too . feel like most agent be go to try get away with it and see if people be unaware it should not be high than . I m definitely go to challenge it as soon as possible,34,2024-04-23T17:31:55+00:00
l0yk6r9,t3_1cb9kya,1cb9kya,pretty_gauche6,"Yep they’re just trying a cash grab they can’t actually do anything if you fight it/get a rent officer involved. Ours just tried to raise it 37%, we sent in the form for the rent officer, emailed the landlord back saying we’re fighting it, and they agreed to 10% pretty instantly. Don’t even need the intervention, just the threat of it","yep they re just try a cash grab they can not actually do anything if you fight it get a rent officer involve . ours just try to raise it , we send in the form for the rent officer , email the landlord back say be fight it , and they agree to pretty instantly . do not even need the intervention , just the threat of it",14,2024-04-23T22:31:09+00:00
l0zaky0,t3_1cb9kya,1cb9kya,Big_Red12,Do it do it do it you're helping everyone else by keeping your rent as low as possible you're affecting the market rate.,do it do it do it you re help everyone else by keep your rent as low as possible you re affect the market rate .,7,2024-04-24T01:22:33+00:00
l0z9bbq,t3_1cb9kya,1cb9kya,Big_Red12,"Definitely appeal, tell Living Rent and email your MSPs about it. Livingrent.org/fight_your_rent_hike","definitely appeal , tell live rent and email your msp about it .",4,2024-04-24T01:14:22+00:00
l0xgtw6,t3_1cb9kya,1cb9kya,aitorbk,"LL here: no more than 12%, but you will need to challenge it.  This is not the first post about it, chances are when you contact the agency/LL they will pedal back.  
Reasonable or not, it is the law.. so don't agree, why pay more.  
As for if the law is reasonable.. I don't think so, but it doesn't matter: you got this.","ll here than , but you will need to challenge it . this be first post about it , chance be when you contact the agency ll they will pedal back . reasonable or not , it be the law so do not agree , why pay more . as for if the law be reasonable I do not think so , but it do not matter you get this .",6,2024-04-23T18:47:45+00:00
l10iqej,t3_1cb9kya,1cb9kya,CraigJDuffy,"This is great advice, my landlord rose mine by 3.94% which is the CPI inflation rate which is reasonable enough.","this be great advice , my landlord rise mine by which be the cpi inflation rate which be reasonable enough .",2,2024-04-24T07:46:05+00:00
l10oq1a,t3_1cb9kya,1cb9kya,BenskiBoi,"Contact a rent officer. I'll be doing the same with my rent increase, I went up over double then everyone else in the flat. We all rent from the same guy, and he has targeted me for months and now I'm £28 a month more than everyone else","contact a rent officer . ill be do the same with my rent increase , I go up over double then everyone else in the flat . we all rent from the same guy , and he have target I for month and now I m a month more than everyone else",1,2024-04-24T09:02:26+00:00
l11y6mg,t3_1cb9kya,1cb9kya,Antique-Tie6199,"I am making a documentary for BBC Scotland and BBC Three on the Scottish housing crisis, particularly focusing on young, private renters who are facing huge rent increases and/ or evictions because of the lifting of the temporary cap and ban on 31st March 2024.  

Would anyone on here have a chat with me about their situation? I can be contacted on [evictions@truenorth.tv](mailto:evictions@truenorth.tv)","I be make a documentary for bbc scotland and bbc three on the scottish housing crisis , particularly focus on young , private renter who be face huge rent increase or eviction because of the lifting of the temporary cap and ban on march . would anyone on here have a chat with I about their situation ? I can be contact on",1,2024-04-24T15:03:09+00:00
l11wogh,t1_l0wziv6,1cb9kya,Antique-Tie6199,"I am making a documentary for BBC Scotland and BBC Three on the Scottish housing crisis, particularly focusing on young, private renters who are facing huge rent increases and/ or evictions because of the lifting of the temporary cap and ban on 31st March 2024.  

I am contacting you to ask if you would have a confidential chat with me over the phone about your housing situation? ","I be make a documentary for bbc scotland and bbc three on the scottish housing crisis , particularly focus on young , private renter who be face huge rent increase or eviction because of the lifting of the temporary cap and ban on march . I be contact you to ask if you would have a confidential chat with I over the phone about your housing situation ?",2,2024-04-24T14:54:28+00:00
l0za7ct,t1_l0yk6r9,1cb9kya,Big_Red12,I am in Living Rent and we want to hear about cases like this. edinburgh@livingrent.org,I be in live rent and we want to hear about case like this .,11,2024-04-24T01:20:08+00:00
l10ls5t,t1_l0yk6r9,1cb9kya,coalchester,"Thing that's worrying me now: if they served you notice for 37%, and you said you'd take it to the rent officer, but didn't, since they backed down to 10%... what's to stop the original 37% increase taking effect on the original notice date? The way the notice is phrased, the only way to disagree, is actually taking it to the rent officer.

Do you figure it's not an issue, and the landlord/agency will honour the later 10%?","thing that s worry I now if they serve you notice for , and you say you d take it to the rent officer , but do not , since they back down to what s to stop the original increase take effect on the original notice date ? the way the notice be phrase , the only way to disagree , be actually take it to the rent officer . do you figure its issue , and the landlord agency will honour the later ?",1,2024-04-24T08:24:59+00:00
l0x43rv,t1_l0x39wq,1cb9kya,coalchester,Littlejohns,littlejohns,5,2024-04-23T17:36:44+00:00
l0z9zd1,t1_l0y9slh,1cb9kya,Big_Red12,"This is not quite correct.

If you challenge it through rent adjudication, the maximum that can be allowed is 12% ie if you've been given a rise of more than 12% you should definitely challenge. A rise of less than 12% can also be reduced through rent adjudication depending on factors including the market rate.

Of course the ""market rate"" is just a bunch of landlords making up bullshit. If you reduce your own rent you are also reducing the market rate for everyone else. So even if you can afford it you should challenge it for everyone else's sake.","this be correct . if you challenge it through rent adjudication , the maximum that can be allow be ie if you ve be give a rise of more than you should definitely challenge . a rise of less than can also be reduce through rent adjudication depend on factor include the market rate . of course the market rate be just a bunch of landlord make up bullshit . if you reduce your own rent you be also reduce the market rate for everyone else . so even if you can afford it you should challenge it for everyone else sake .",4,2024-04-24T01:18:42+00:00
l0ximld,t1_l0xgtw6,1cb9kya,Stubbs94,You think the law shouldn't limit the rent increase to 12%?,you think the law should not limit the rent increase to ?,13,2024-04-23T18:57:54+00:00
l0xn66m,t1_l0xgtw6,1cb9kya,coalchester,"If they pedal back and say sure OK 12% then... do I say OK, or am I now committed to making a referral to a rent officer and seeing that through? Asking because the rent increase form very clearly does not offer an option to renegotiate, just 1) agree 2) agree but claim not enough notice therefore the increase should be delayed or 3) refer to a rent officer.

If the agency then sends me a second, lower rent increase notice, and I don't refer the first one to a rent officer, could they argue the first one stands unchallenged?

Also, as a landlord, how feasible or cost effective do you figure it would be for them to chuck us out over this? According to the government's calculator, they'd be getting 92% of what they're proposing.","if they pedal back and say sure ok then do I say ok , or be I now committed to make a referral to a rent officer and see that through ? ask because the rent increase form very clearly do an option to renegotiate , just agree agree but claim notice therefore the increase should be delay or refer to a rent officer . if the agency then send I a second , low rent increase notice , and I do not refer the first one to a rent officer , could they argue the first one stand unchallenged ? also , as a landlord , how feasible or cost effective do you figure it would be for they to chuck we out over this ? accord to the government calculator , they d be get of what they re propose .",2,2024-04-23T19:22:55+00:00
l11swm5,t1_l0za7ct,1cb9kya,pretty_gauche6,I mean what do u want me to tell you? Dunno what to email,I mean what do u want I to tell you ? dunno what to email,1,2024-04-24T14:32:37+00:00
l11q4fd,t1_l10ls5t,1cb9kya,pretty_gauche6,We have it in writing,we have it in write,1,2024-04-24T14:16:11+00:00
l0x72if,t1_l0x43rv,1cb9kya,SerozshaB,Lmao this says it all mate.,lmao this say it all mate .,16,2024-04-23T17:53:14+00:00
l0z9hk9,t1_l0x43rv,1cb9kya,Big_Red12,Living Rent is running a campaign about Littlejohns right now! Email edinburgh@livingrent.org and tell them the details.,live rent be run a campaign about littlejohns right now ! email and tell they the detail .,5,2024-04-24T01:15:30+00:00
l0yd9m4,t1_l0x43rv,1cb9kya,codenamecueball,Useless gang of chancers Littlejohns.,useless gang of chancer littlejohns .,4,2024-04-23T21:49:01+00:00
l20lzf3,t1_l0x43rv,1cb9kya,zappityzapzap,"Had the exact same thing with littlejohns. The increase was more than 12% the rent notice also stated that if you went to rent adjudication the increase could be even higher than what they proposed due to the way they calculate what is a fair rate. This is not true though if rent adjudication calculates a higher rent than what is proposed by the agency the lower number is taken. I asked them if the landlord was willing to negotiate as I was going to rent adjudication. They came back saying the landlord was open to a lower number which. Settled on 10% in the end. All pretty civil considering. But you have nothing to lose by asking and then submitting for rent adjudication otherwise, I think.","have the exact same thing with littlejohns . the increase be more than the rent notice also state that if you go to rent adjudication the increase could be even high than what they propose due to the way they calculate what be a fair rate . this be though if rent adjudication calculate a high rent than what be propose by the agency the low number be take . I ask they if the landlord be willing to negotiate as I be go to rent adjudication . they come back say the landlord be open to a low number which . settle on in the end . all pretty civil considering . but you have nothing to lose by ask and then submit for rent adjudication otherwise , I think .",1,2024-04-30T23:36:35+00:00
l0ykcvf,t1_l0ximld,1cb9kya,typhoneus,Landlords think they're hard done by.,landlord think they re hard do by .,11,2024-04-23T22:32:15+00:00
l0xph8p,t1_l0xn66m,1cb9kya,InsideBoris,"In edinburgh you will probably lose 1-3 months rent (probably 1 at most realistically, also Ed LL).   You are well with in your rights to challenge the increase, I would just follow it through to it's inevitable conclusion you have no incentive to accept a lower offer because they will go straight to 12% naturally.  12% is your worse case so I would just go to the officer if that's where it's headed.

These aren't your mates, good will might carry a bit of favor with the land lord but agensts are going to push for profit.","in edinburgh you will probably lose month rent probably at most realistically , also ed ll . you be well with in your right to challenge the increase , I would just follow it through to its inevitable conclusion you have to accept a low offer because they will go straight to naturally . be your bad case so I would just go to the officer if that s where its headed . these be not your mate , good will might carry a bit of favor with the land lord but agenst be go to push for profit .",6,2024-04-23T19:35:35+00:00
l0xso3r,t1_l0xn66m,1cb9kya,aitorbk,"Wait for their reply, run the numbers and see if 12% is what the answer will be if you disagree.
I would contact them in a way that can prove content and delivery, but if it is  large company, refer to rent officer.
My guess is it is a small company that want to pull a fast one.","wait for their reply , run the number and see if be what the answer will be if you disagree . I would contact they in a way that can prove content and delivery , but if it be large company , refer to rent officer . my guess be it be a small company that want to pull a fast one .",1,2024-04-23T19:53:05+00:00
l12e9pw,t1_l11swm5,1cb9kya,typhoneus,"Do email, just saying that you got asked to email on Reddit about your increase in rent beyond the limits and let them ask the questions. Every story helps.","do email , just say that you get ask to email on reddit about your increase in rent beyond the limit and let they ask the question . every story help .",1,2024-04-24T16:33:13+00:00
l0x8c9v,t1_l0x72if,1cb9kya,coalchester,"What do you mean, that they don't know, or that they're chancing it?","what do you mean , that they do not know , or that they re chance it ?",3,2024-04-23T18:00:15+00:00
l0xiiau,t1_l0x8c9v,1cb9kya,Stubbs94,"I'd contact Living Rent, get the union involved.","i d contact live rent , get the union involve .",9,2024-04-23T18:57:14+00:00
l10is3b,t1_l0x8c9v,1cb9kya,CraigJDuffy,Little John’s are pretty incompetent and will take any opportunity to flaunt the law if they think you won’t notice.,little johns be pretty incompetent and will take any opportunity to flaunt the law if they think you will not notice .,2,2024-04-24T07:46:42+00:00
l0cs7d4,t3_1c86ybd,1c86ybd,Roath_Ravers,"I think getting a sublet for 1.5 months will be near on impossible on it's own, I'm afraid.","I think get a sublet for month will be near on impossible on its own , I m afraid .",17,2024-04-19T20:59:06+00:00
lely8dy,t3_1c86ybd,1c86ybd,sentilenti,Updating you guys that I did find a sublet and it was great :),update you guy that I do find a sublet and it be great,1,2024-07-23T21:23:19+00:00
lgqvhuk,t1_lely8dy,1c86ybd,tamboz3,Hey! How did you end up finding it?,hey ! how do you end up find it ?,1,2024-08-06T09:35:58+00:00
lgr5p14,t1_lgqvhuk,1c86ybd,sentilenti,"Meadows share! I posted and someone texted me with an offer. 
Also I got some leads on Edinburgh flat share.
Wasn't near impossible at all, for future reference","meadow share ! I post and someone texte I with an offer . also I get some lead on edinburgh flat share . be not near impossible at all , for future reference",1,2024-08-06T11:15:50+00:00
lgwyr9o,t1_lgr5p14,1c86ybd,tamboz3,Thanks so much! :),thank so much !,1,2024-08-07T10:00:42+00:00
l08o22a,t3_1c7k90a,1c7k90a,Celtic_Viking47,"It's perfectly legal. You can get more information by checking the Shelter Scotland website, but landlords can increase the rent up to 12% in line with the market value.

  
If you look at other flats in the city and in your area on Rightmove or Zoopla you'll get an idea of what the current market value is. 

  
With an idea of how much rents are in the city (and outside the city) these days, I'd take the 6%. It'll still be less than if you had to rent elsewhere.","its perfectly legal . you can get more information by check the shelter scotland website , but landlord can increase the rent up to in line with the market value . if you look at other flat in the city and in your area on rightmove or zoopla you ll get an idea of what the current market value be . with an idea of how much rent be in the city and outside the city these day , i d take the . it ll still be less than if you have to rent elsewhere .",36,2024-04-19T02:22:22+00:00
l08qtvt,t3_1c7k90a,1c7k90a,Mammoth_Parfait7744,"In the current Edinburgh rental market, I would just pay it. There's been a national rent cap up until April 1st, and he can legally increase it by (up to) 12% at this point. 

You do not want to be looking for a new home in the present climate.","in the current edinburgh rental market , I would just pay it . there s be a national rent cap up until april , and he can legally increase it by up to at this point . you do to be look for a new home in the present climate .",24,2024-04-19T02:42:43+00:00
l09wj05,t3_1c7k90a,1c7k90a,Psychological_Bee_93,I’m in a mid market rental and ours has gone up about 7% (£60 a month) which seems about right for where we are and what we have,I m in a mid market rental and our have go up about a month which seem about right for where we be and what we have,5,2024-04-19T09:38:05+00:00
l0cx51i,t3_1c7k90a,1c7k90a,Thats-right999,"Yes I’d say it’s  actually pretty decent. 
The SNP imposed a rent freeze for a year then a 3% cap for the following year.

Most landlords have been through the mill and are ib",yes i d say its actually pretty decent . the snp impose a rent freeze for a year then a cap for the following year . most landlord have be through the mill and be ib,4,2024-04-19T21:29:46+00:00
l08rdfy,t3_1c7k90a,1c7k90a,harpistic,"The rent increase cap has just been lifted, hence rents increasing by quite a bit more than till now. Eg, my rent has gone up by £82 over the past four years, and it’s about to increase by £68.

If it’s a private landlord, I guess it would be all the more understandable due to mortgage increases while the cap was in place.","the rent increase cap have just be lift , hence rent increase by quite a bit more than till now . eg , my rent have go up by over the past four year , and its about to increase by . if its a private landlord , I guess it would be all the more understandable due to mortgage increase while the cap be in place .",6,2024-04-19T02:46:46+00:00
l0alb84,t3_1c7k90a,1c7k90a,anthelmintic145,"If you dispute it, it won't be increased, above the landlords offer, in the current system . But you can't dispute a 6% rise, the rent officers will grant up to 6, you can only dispute greater than that.

This is a great explainer, and has a very helpful rent increase calculator near the end: https://spice-spotlight.scot/2024/02/26/moving-on-from-the-rent-cap-for-private-tenants-what-is-planned-next/","if you dispute it , it will not be increase , above the landlord offer , in the current system . but you can not dispute a rise , the rent officer will grant up to , you can only dispute great than that . this be a great explainer , and have a very helpful rent increase calculator near the end",3,2024-04-19T13:15:29+00:00
l0vxruq,t3_1c7k90a,1c7k90a,yakuzakid3k,"Yes it's fair considering someone in here was saying last week their landlord was jacking their rent up by 35%. Just buy if at all possible, you'll be paying half of what you are in rent.","yes its fair consider someone in here be say last week their landlord be jack their rent up by . just buy if at all possible , you ll be pay half of what you be in rent .",3,2024-04-23T13:31:38+00:00
l09mhad,t3_1c7k90a,1c7k90a,Connell95,"That’s less than general inflation over the period you’ve been in the flat, let along the 12% max increase permitted, so yes, I’d say that’s pretty fair in the circumstances.

In the current market that could well be adjudicated as a less than market rate increase, so I definitely wouldn’t risk challenging it.","that s less than general inflation over the period you ve be in the flat , let along the max increase permit , so yes , i d say that s pretty fair in the circumstance . in the current market that could well be adjudicate as a less than market rate increase , so I definitely would not risk challenge it .",5,2024-04-19T07:34:47+00:00
l0cnenq,t1_l08qtvt,1c7k90a,polly_polly,The question is whether to dispute it or accept it - disputing does not mean OP will be forced out of the apartment! According to [SG website](https://www.mygov.scot/apply-about-rent) rent officer cannot suggest a higher increase than the one proposed by the landlord.,the question be whether to dispute it or accept it disputing do op will be force out of the apartment ! accord to sg website rent officer can not suggest a high increase than the one propose by the landlord .,1,2024-04-19T20:29:50+00:00
l0b5oso,t1_l08rdfy,1c7k90a,philomathie,"Landlord translation: ""My investment had risk and now I make less money than I think I deserve :( let's squeeze my tenants as hard as I possibly can :)""",landlord translation my investment have risk and now I make less money than I think I deserve let squeeze my tenant as hard as I possibly can,0,2024-04-19T15:19:28+00:00
l0cmg2d,t1_l0alb84,1c7k90a,polly_polly,"This has to be higher! Try disputing, the process is straightforward and worst case scenario the increase will be 6%. Fight it!
Our agency also insist that rent officer can up the % increase but that’s just a very predatory tactic - I refuse to believe it’s a mistake because they keep insisting even confronted with evidence (SG website).","this have to be high ! try disputing , the process be straightforward and bad case scenario the increase will be . fight it ! our agency also insist that rent officer can up the increase but that s just a very predatory tactic I refuse to believe its a mistake because they keep insist even confront with evidence sg website .",-1,2024-04-19T20:24:06+00:00
l0cmx5i,t1_l09mhad,1c7k90a,polly_polly,There is no risk that the increase will be higher than the asked 6% - [source](https://www.mygov.scot/apply-about-rent),there be that the increase will be high than the ask source,0,2024-04-19T20:26:55+00:00
kzymq5i,t3_1c65942,1c65942,atascon,How do you do fellow renters / flatmates,how do you do fellow renter flatmate,62,2024-04-17T09:19:46+00:00
kzz59d8,t3_1c65942,1c65942,drgs100,Can confirm this letter has nothing to do with Living Rent.,can confirm this letter have nothing to do with live rent .,16,2024-04-17T12:19:34+00:00
kzzroqw,t3_1c65942,1c65942,iaincollins,"I've heard of Mark Fortune and pulled his data from the Organized Crime and Corruption Reporting Project datasets over my lunch break and it's amazing how many business he runs and/or is linked to by association, primarily through other directors (who are also family members), apparently known by various aliases, which have been registered in such a way - e.g. with slightly differently formatted addresses - that Companies House do not consider them to be linked to the same individuals, even though they have the same names and date of birth and contact address.

People:

* Mr Mark Fortune
* Mr Mark Edward Fortune
* Mr Jack Dennis Fortune
* Mr Thomas Fortune
* Mr Tom Fortune

Companies:

* 4M LIMITED
* 4M FLOWERS LTD
* 4M CAPITAL LIMITED
* 4M CTC LIMITED
* 4M HOLDINGS LIMITED
* 4M LEASING LTD
* 8M LIMITED
* 6J LTD
* 6 JF LTD
* AUTOSALES TRADING LIMITED
* COOPER WATSON LIMITED
* CORSTORPHINE LAND LTD
* CORSTORPHINE LAND LIMITED
* EDINBURGH HOLIDAY & PARTY LETS LIMITED
* EDINBURGH MANAGEMENT & MAINTENANCE LTD
* EDINBURGH RENT LTD
* EDINBURGH TREE COMPANY LTD
* EHPL LIMITED
* FORTUNE CARS LIMITED
* FORTUNE RENTAL LIMITED
* FORTUNE MOTOR COMPANY LTD
* JACK FORTUNE LIMITED
* JANETTE BLACK MODELS LIMITED
* JF 6 LTD
* MMJB LIMITED
* RENT EDINBURGH LTD

I wonder how many more there...

I can see there are even more he is linked to, but less directly so I left them out of this list for now. There are interesting connections via other directors, secretaries, shared addresses, offshore tax agents, etc. and some odd behavior like him joining and leaving one company 6 times (I think I once read an article that went into what was going on there).","I ve hear of mark fortune and pull his datum from the organized crime and corruption reporting project dataset over my lunch break and its amazing how many business he run be link to by association , primarily through other director who be also family member , apparently know by various alias , which have be register in such a way with slightly differently format address that company house do they to be link to the same individual , even though they have the same name and date of birth and contact address . people mr mark fortune mr mark edward fortune mr jack dennis fortune mr thomas fortune mr tom fortune company m limited m flower ltd m capital limit m ctc limit m holding limit m lease ltd m limited ltd jf ltd autosale trading limit cooper watson limited corstorphine land ltd corstorphine land limit edinburgh holiday party let limited edinburgh management maintenance ltd edinburgh rent ltd edinburgh tree company ltd ehpl limit fortune car limit fortune rental limit fortune motor company ltd jack fortune limit janette black model limit jf ltd mmjb limit rent edinburgh ltd I wonder how many more there I can see there be even more he be link to , but less directly so I leave they out of this list for now . there be interesting connection via other director , secretary , share address , offshore tax agent , etc . and some odd behavior like he join and leave one company time I think I once read an article that go into what be go on there .",14,2024-04-17T14:43:51+00:00
kzyn1t0,t3_1c65942,1c65942,Rerererereading,"Yes, the trio to end all trios: 2 wonderful charities doing everything they can to protect tenants and Mark Fortune, slum landlord and actual real life bad guy.","yes , the trio to end all trio wonderful charity do everything they can to protect tenant and mark fortune , slum landlord and actual real life bad guy .",47,2024-04-17T09:23:46+00:00
kzze4lw,t3_1c65942,1c65942,Big_Red12,Spoke to Living Rent about this. Confirmed that it is fake.,speak to live rent about this . confirm that it be fake .,6,2024-04-17T13:21:03+00:00
kzynqxa,t3_1c65942,1c65942,NectarineTough8613,You have to watch out for those perilous tenants,you have to watch out for those perilous tenant,15,2024-04-17T09:32:29+00:00
kzytz41,t3_1c65942,1c65942,dustyfaxman,"It's hardly an alternative though.  
Edinburgh Rent Ltd is owned by Mark Fortune.

It's like saying you're not going to shop at tesco because they're shit, then making a big deal of doing your shop at tesco metro instead.","its hardly an alternative though . edinburgh rent ltd be own by mark fortune . its like say you re to shop at tesco because they re shit , then make a big deal of do your shop at tesco metro instead .",9,2024-04-17T10:42:44+00:00
l007mkj,t3_1c65942,1c65942,theinvalid,“advised by a *perilous* tenant”,advise by a perilous tenant,3,2024-04-17T16:13:10+00:00
l047nad,t3_1c65942,1c65942,GingerSnapBiscuit,"I mean to be fair ""Mark Fortune is a lying bastard, don't trust him as far as you can throw him"" is pretty fucking solid advice, even if its a fabricated letter.","I mean to be fair mark fortune be a lie bastard , do not trust he as far as you can throw he be pretty fucking solid advice , even if its a fabricated letter .",1,2024-04-18T08:46:24+00:00
kzyrr1j,t1_kzyn1t0,1c65942,Big_Red12,"MFI is Mark Fortune Investigations, they work with Living Rent all the time. They investigate Mark Fortune.","mfi be mark fortune investigation , they work with live rent all the time . they investigate mark fortune .",40,2024-04-17T10:19:21+00:00
kzyqh93,t1_kzyn1t0,1c65942,ieya404,"There's a certain beauty in getting the acronym MFI, given how renowned they were for crap furniture.

Always remember a mate arriving late at school and giving the teacher the (entirely honest - I saw the wreckage after) excuse that his MFI wardrobe had collapsed on him.","there s a certain beauty in get the acronym mfi , give how renowned they be for crap furniture . always remember a mate arrive late at school and give the teacher the entirely honest I see the wreckage after excuse that his mfi wardrobe have collapse on he .",14,2024-04-17T10:05:08+00:00
kzyr6uj,t1_kzypj4x,1c65942,codenamecueball,Obstruct the sale of the property so the council get less money for it to pay off his debts while moving the tenants to new properties owned by his company.,obstruct the sale of the property so the council get less money for it to pay off his debt while move the tenant to new property own by his company .,17,2024-04-17T10:13:07+00:00
kzyt06h,t1_kzyrr1j,1c65942,Rerererereading,"Aaaah, well that makes a lot more sense.","aaaah , well that make a lot more sense .",11,2024-04-17T10:32:47+00:00
kzyr7a6,t1_kzyqh93,1c65942,SnooKiwis3208,"MFI…yes…sadly, I remember spending many hours bored out of my mind at the shop/warehouse in Seafield back in the 80’s.

On the plus side, I think I remember that they had a ball-pit for the kids?","mfiyessadly , I remember spend many hour bore out of my mind at the shop warehouse in seafield back in the . on the plus side , I think I remember that they have a ballpit for the kid ?",4,2024-04-17T10:13:15+00:00
kzzgybn,t1_kzyqh93,1c65942,CrystalOcean39,"Oh god MFI. 

I recall getting to choose new bedroom furniture in the late 80s and obviously it was ash black. Bleurgh. Black furniture? Cheap horrible black furniture? No thanks.",oh god mfi . I recall get to choose new bedroom furniture in the late and obviously it be ash black . bleurgh . black furniture ? cheap horrible black furniture ? .,1,2024-04-17T13:39:27+00:00
kzytcjw,t1_kzyr6uj,1c65942,dustyfaxman,"In case anyone isn't clear about that, it's a liability dodge.  
He 'technically' isn't those tenants' landlord.    
He 'rents' his properties to Edinburgh Rent Ltd, who then sub-let rooms to folk.

He rents to himself, as he's director of that company.  
Shady af.  Technically not illegal though, afaik.

He admitted to this in his response to a tribunal a tenant took him to.  
[https://housingandpropertychamber.scot/sites/default/files/Eviction\_Civil\_Decisions\_FOLDER/Written%20Decision%20-%2021.0419\_Redacted.pdf](https://housingandpropertychamber.scot/sites/default/files/Eviction_Civil_Decisions_FOLDER/Written%20Decision%20-%2021.0419_Redacted.pdf)","in case anyone be not clear about that , its a liability dodge . he technically be not those tenant landlord . he rent his property to edinburgh rent ltd , who then sublet room to folk . he rent to himself , as he s director of that company . shady af . technically though , afaik . he admit to this in his response to a tribunal a tenant take he to .",15,2024-04-17T10:36:22+00:00
l03okh8,t1_kzzgybn,1c65942,TheFirstMinister,MFI = Made for Fucking Idiots.,mfi make for fucking idiot .,2,2024-04-18T05:07:31+00:00
l06ts6a,t1_l03okh8,1c65942,CrystalOcean39,Hahaa!,hahaa !,1,2024-04-18T19:25:07+00:00
kzt1aab,t3_1c5b5sd,1c5b5sd,wild_penumbra,"Generally speaking, agencies in Edinburgh do not accept non-UK based guarantors (because it's difficult to recover money across sovereign borders). 3-6 months rent in advance usually does the trick alongside a good salary.   
I've not seen the 40%, but usually they expect your \*gross\* annual salary to be greater than 30 times the monthly rent.","generally speak , agency in edinburgh do nonuk base guarantor because its difficult to recover money across sovereign border . month rent in advance usually do the trick alongside a good salary . I ve the , but usually they expect your gross annual salary to be great than time the monthly rent .",10,2024-04-16T09:33:35+00:00
kzsz4gv,t3_1c5b5sd,1c5b5sd,TopHatMikey,You can try to get around the issue by offering double deposit which seems to be standard,you can try to get around the issue by offer double deposit which seem to be standard,7,2024-04-16T09:06:27+00:00
kzt1qn0,t3_1c5b5sd,1c5b5sd,Rudolfred99,"Most places will likely ask for 6 months up front without guarantor unfortunately I think. 

In my experience, if the guarantor is not U.K.-based they will not consider them a credible guarantor. However, you can offer to give them a letter from the guarantor assuring that they will pay if required + a bank statement (I did this and it helped secure a flat, although technically not a guarantor) 

I am unsure for gross vs net, I have previously provided gross and not been questioned on it but I can’t say for sure.","most place will likely ask for month up front unfortunately I think . in my experience , if the guarantor be they will they a credible guarantor . however , you can offer to give they a letter from the guarantor assure that they will pay if require a bank statement I do this and it help secure a flat , although technically guarantor I be unsure for gross vs net , I have previously provide gross and question on it but I can not say for sure .",5,2024-04-16T09:39:12+00:00
kztxprg,t3_1c5b5sd,1c5b5sd,ixicrom,"From my experience, I don't think the probation period should be a problem. Someone I know was recently in basically the same position and the agent didn't ask anything about probation periods, just about salary and whether it was a permanent contract.
ETA: I also moved into a rental property in Edinburgh while on my probation period, no issues with it at all.","from my experience , I do not think the probation period should be a problem . someone I know be recently in basically the same position and the agent do not ask anything about probation period , just about salary and whether it be a permanent contract . eta I also move into a rental property in edinburgh while on my probation period , with it at all .",2,2024-04-16T14:03:47+00:00
kzugnhl,t3_1c5b5sd,1c5b5sd,aplraven,"I moved to the UK 5 years ago, and nothing you've mentioned was an issue for me, ie I didn't need a UK based guarantor however I applied for a flatshare with a couple of others who were British. 

I basically just gave the agency a letter from my employer stating  i was in full time permanent employment and what my salary would be. Since 3 others were on the tenancy agreement with me and their  salaries combined satisifed the 30x rent, I didn't need to go through a credit check. This seems to be commonly accepted because when I moved last year, a different agency said that they didn't need a credit check ( or formal application) on my flatmate because my salary satisfied the income requirement and by then I had a credit score and enough history here to be treated like a resident.","I move to the uk year ago , and nothing you ve mention be an issue for I , ie I do not need a uk base guarantor however I apply for a flatshare with a couple of other who be british . I basically just give the agency a letter from my employer state I be in full time permanent employment and what my salary would be . since other be on the tenancy agreement with I and their salary combine satisife the rent , I do not need to go through a credit check . this seem to be commonly accept because when I move last year , a different agency say that they do not need a credit check or formal application on my flatmate because my salary satisfy the income requirement and by then I have a credit score and enough history here to be treat like a resident .",2,2024-04-16T15:52:44+00:00
kzykdwh,t3_1c5b5sd,1c5b5sd,justmebeingmehere,"Depending on your salary but defo check out mid market rents. Just Google it. Varying providers have different rules but if you want a secure place with great owners (they are usually private arms of housing associations or local authority) then this is a good bet. The only thing is that it’s unfurnished but generally your tenancy is secure and you won’t get crazy price hikes or the landlord trying to put strange rules in during the festival. I rented a mid market before I bought as that is pretty much what they are there for. Their rents are below the private let market but above the social let rate. If you need anymore information, just reach out. P.s I’m also a civil servant","depend on your salary but defo check out mid market rent . just google it . vary provider have different rule but if you want a secure place with great owner they be usually private arm of housing association or local authority then this be a good bet . the only thing be that its unfurnished but generally your tenancy be secure and you will not get crazy price hike or the landlord try to put strange rule in during the festival . I rent a mid market before I buy as that be pretty much what they be there for . their rent be below the private let market but above the social let rate . if you need anymore information , just reach out . I m also a civil servant",2,2024-04-17T08:50:22+00:00
kzvl8rb,t3_1c5b5sd,1c5b5sd,Adventurous-Leave-88,"It used to be easier to rent a place in your situation because it used to be easier to remove a tenant who didn’t pay the rent. Then the Scottish Government made it almost impossible and certainly a very long process to remove a tenant, and you can guess the rest…","it use to be easy to rent a place in your situation because it use to be easy to remove a tenant who do not pay the rent . then the scottish government make it almost impossible and certainly a very long process to remove a tenant , and you can guess the rest",0,2024-04-16T19:38:18+00:00
kzt20nv,t1_kzt1aab,1c5b5sd,s4nctu4ry,"Yeah that works out the same. Monthly Rent * 30 < monthly salary * 12, divide by 30: monthly rent < monthly salary * 0.4","yeah that work out the same . monthly rent monthly salary , divide by monthly rent monthly salary",1,2024-04-16T09:42:34+00:00
kzu0y2y,t1_kztxprg,1c5b5sd,s4nctu4ry,Great. Thanks for the info.,great . thank for the info .,1,2024-04-16T14:23:22+00:00
kzuhoe8,t1_kzugnhl,1c5b5sd,s4nctu4ry,"Thanks. I’m not looking to flatshare, though, unless nothing else works out. But I can see why that would be the best first bet for most newcomers.","thanks . I m to flatshare , though , unless nothing else work out . but I can see why that would be the good first bet for most newcomer .",1,2024-04-16T15:58:27+00:00
kzylbb0,t1_kzykdwh,1c5b5sd,s4nctu4ry,"Unfortunately I don’t qualify for mid market rent. I wish there was a similar scheme for a bit higher salary. I mean I don’t mind paying more, just want a decent place.","unfortunately I do not qualify for mid market rent . I wish there be a similar scheme for a bit high salary . I mean I do not mind pay more , just want a decent place .",2,2024-04-17T09:01:56+00:00
