created_at,id,lng,lat,topic,sentiment,stance,gender,temperature_avg,aggressiveness
2018-08-26 00:14:23+00:00,1033507918119723011,,,Politics,-0.6099062840223313,believer,male,,not aggressive
2009-12-10 07:02:43+00:00,6524579662,,,Importance of Human Intervantion,-0.3620983694553375,believer,male,,not aggressive
2018-10-20 15:51:25+00:00,1053675061125832705,-79.4163,43.70011,Weather Extremes,0.6191852797746659,neutral,female,8.552754,not aggressive
2017-10-23 04:37:17+00:00,922321001639219205,,,Global stance,-0.3241428881883621,denier,undefined,,not aggressive
2019-08-29 18:50:24+00:00,1167147506108702720,-43.10361,-22.88333,Politics,-0.5094943503856659,neutral,male,-0.25363317,not aggressive
2018-10-04 11:07:58+00:00,1047805520915181569,-4.1140517999999995,56.78611120000001,Global stance,-0.3796845034088408,denier,male,4.958697,not aggressive
2018-02-26 12:56:05+00:00,968107399394549761,4.595298879803306,60.98877395,Importance of Human Intervantion,0.1853661876894179,believer,male,0.0,aggressive
2018-05-14 18:22:40+00:00,996093451509809153,,,Weather Extremes,-0.3763567323764165,denier,female,,not aggressive
2019-04-17 15:33:18+00:00,1118537930241241094,,,Politics,-0.5732098415374756,believer,male,,aggressive
2018-02-22 22:09:48+00:00,966797198049660928,-73.9495823,40.6501038,Weather Extremes,-0.7259176334778468,believer,female,8.835075,aggressive
2018-08-22 10:00:35+00:00,1032205888252129280,,,Global stance,-0.4537767197608948,denier,female,,not aggressive
2018-12-12 17:15:41+00:00,1072902822893629440,153.02349909999995,-27.4689682,Undefined / One Word Hashtags,0.6730278043190638,believer,female,-2.4097216,not aggressive
2018-06-07 12:15:04+00:00,1004698253118640128,,,Undefined / One Word Hashtags,0.0313908027278052,believer,female,,not aggressive
2012-12-10 10:16:33+00:00,278080757765898240,,,Ideological Positions on Global Warming,0.447598126077652,neutral,male,,not aggressive
2018-02-11 03:28:44+00:00,962528802231537665,-84.39026439999999,33.7489924,Global stance,0.0850614114046096,believer,male,9.059369,not aggressive
2017-12-29 13:37:46+00:00,946737007413350400,,,Weather Extremes,-0.62057765787329,believer,male,,not aggressive
2018-02-14 14:01:10+00:00,963775126021033985,,,Politics,0.4495881188631058,believer,male,,not aggressive
2019-05-18 22:02:49+00:00,1129869978000224256,-121.89496,37.33939,Politics,0.3310935795307159,neutral,male,-4.2413354000000005,not aggressive
2017-10-26 18:02:29+00:00,923610799062515712,,,Global stance,-0.6466792239771949,denier,male,,not aggressive
2017-10-12 23:27:59+00:00,918619283718135810,-76.6402763,39.9001109,Seriousness of Gas Emissions,-0.2973362151384353,believer,male,3.354635,aggressive
2016-05-15 02:03:32+00:00,731666291816161280,-107.05644,51.48803,Global stance,-0.4744374958515167,believer,male,-0.34901714,aggressive
2017-12-05 02:14:57+00:00,937867862097780737,,,Weather Extremes,0.02485813498497,believer,male,,not aggressive
2018-02-27 20:22:10+00:00,968582047362031616,,,Undefined / One Word Hashtags,0.7646031349182129,believer,female,,not aggressive
2018-12-07 15:13:13+00:00,1071060064872493056,,,Importance of Human Intervantion,-0.3778814710378647,believer,male,,aggressive
2017-12-26 21:50:33+00:00,945773856412839936,,,Global stance,0.3663125038146972,believer,female,,not aggressive
2013-11-25 22:30:48+00:00,405101291191291904,,,Importance of Human Intervantion,0.2006175583203633,believer,male,,not aggressive
2016-11-04 04:27:33+00:00,794395636451934208,,,Global stance,0.4803647547960281,neutral,female,,not aggressive
2015-07-16 12:33:42+00:00,621658968998440960,,,Politics,0.430777296423912,neutral,male,,aggressive
2018-09-02 07:56:54+00:00,1036161028625592320,142.1624972,-34.184726500000004,Seriousness of Gas Emissions,0.4748704144448945,believer,female,-2.361059,not aggressive
2017-12-31 22:33:05+00:00,947596497151029254,,,Significance of Pollution Awareness Events,0.5668775188843409,believer,male,,aggressive
2019-05-15 05:24:58+00:00,1128531697803218944,-121.66578,36.840509999999995,Politics,-0.4205502986907959,neutral,male,-4.364718,not aggressive
2016-02-22 15:13:26+00:00,701786882942877696,,,Weather Extremes,0.7861706938028336,neutral,male,,not aggressive
2017-06-02 20:06:09+00:00,870733295205715968,-92.007126,30.8703881,Politics,-0.6287218820810319,denier,male,0.27967533,aggressive
2018-04-01 17:46:14+00:00,980501608445325312,,,Weather Extremes,0.1571040120840072,believer,male,,aggressive
2018-01-22 04:17:25+00:00,955293298318393345,,,Undefined / One Word Hashtags,0.4708114713430404,believer,female,,aggressive
2016-08-03 22:07:02+00:00,760960192926343168,-118.44925,34.151120000000006,Undefined / One Word Hashtags,0.4038922190666199,denier,male,1.1697993999999998,aggressive
2017-05-20 06:06:58+00:00,865811063203180544,-117.37948000000002,33.19587,Impact of Resource Overconsumption,-0.476838082075119,neutral,male,2.8178306,not aggressive
2018-03-02 09:45:25+00:00,969508967733964800,4.3487800000000005,50.85045,Seriousness of Gas Emissions,0.682342982814047,believer,male,-6.246501,aggressive
2017-12-29 13:13:55+00:00,946731005125283841,,,Donald Trump versus Science,-0.4911354784727096,believer,male,,not aggressive
2018-11-28 18:27:02+00:00,1067847350746521600,,,Politics,-0.4572799641370773,believer,male,,aggressive
2013-11-18 10:29:33+00:00,402383064984064000,,,Weather Extremes,0.3247953538656234,believer,female,,not aggressive
2018-02-27 21:48:56+00:00,968603886327160832,,,Weather Extremes,0.6146194019635518,believer,male,,not aggressive
2017-12-29 14:32:58+00:00,946750899648712706,,,Donald Trump versus Science,0.0201979726552963,believer,male,,aggressive
2018-01-28 16:48:35+00:00,957656662927605766,,,Seriousness of Gas Emissions,-0.4216457937717437,neutral,male,,aggressive
2018-12-26 07:12:57+00:00,1077824572567650304,,,Ideological Positions on Global Warming,-0.3601853102445603,believer,male,,not aggressive
2017-12-12 09:54:56+00:00,940520335262203904,-0.12574,51.50853000000001,Global stance,0.0486525297164917,believer,female,-4.1329980000000015,not aggressive
2018-11-28 02:41:46+00:00,1067609465279664128,,,Global stance,0.3578211467436381,believer,male,,not aggressive
2018-06-29 05:46:31+00:00,1012573003689930752,28.049722,-26.205,Global stance,0.6713528434514999,believer,male,0.37632883,aggressive
2011-08-15 11:34:05+00:00,103066929962553344,,,Seriousness of Gas Emissions,-0.6503683208227158,neutral,male,,aggressive
2018-07-05 13:48:10+00:00,1014868540841713665,,,Politics,0.215453813317087,neutral,female,,not aggressive
2018-12-02 00:13:23+00:00,1069021675621105665,,,Politics,0.4956870079040527,neutral,male,,not aggressive
2015-06-07 02:40:07+00:00,607376459447955456,,,Global stance,-0.229288592672348,believer,female,,aggressive
2018-02-26 15:29:20+00:00,968145967898865664,,,Weather Extremes,-0.4220791459083557,believer,female,,not aggressive
2016-10-22 19:05:01+00:00,789905416138416128,-74.00596999999998,40.714270000000006,Politics,-0.4391478054523468,believer,male,1.9559985,not aggressive
2017-09-25 17:32:34+00:00,912369250349625344,,,Politics,0.4773084006547928,believer,undefined,,not aggressive
2018-04-13 06:16:46+00:00,984676749307920384,,,Importance of Human Intervantion,-0.6205544446468353,believer,male,,aggressive
2017-10-05 23:47:30+00:00,916087483284078592,-112.07404,33.44838,Politics,-0.1472279957532882,believer,female,2.0193927,aggressive
2018-03-27 20:56:31+00:00,978737552726388736,-1.9026911,52.47969920000001,Global stance,0.626839178776741,believer,male,1.2726951000000002,not aggressive
2019-06-30 09:28:23+00:00,1145262798022283264,,,Undefined / One Word Hashtags,0.432378426194191,neutral,female,,aggressive
2017-11-16 10:43:39+00:00,931110510195552256,-0.12574,51.50853000000001,Importance of Human Intervantion,0.6449696893930434,believer,male,1.6781893,aggressive
2018-12-06 11:40:25+00:00,1070644122757750784,-97.34275,33.3577,Politics,-0.1043413938760757,believer,female,5.10851,not aggressive
2017-06-05 02:00:10+00:00,871547163364532224,,,Donald Trump versus Science,-0.3936711102724075,believer,male,,aggressive
2019-05-13 23:35:25+00:00,1128081343407988736,138.5999312,-34.928180499999996,Importance of Human Intervantion,-0.1509510207024487,believer,male,-1.0565948,aggressive
2019-01-07 16:23:44+00:00,1082311833040683010,-81.69541000000001,41.499500000000005,Impact of Resource Overconsumption,0.088761162490074,believer,male,7.791336999999999,not aggressive
2019-05-05 05:47:40+00:00,1124913532737400832,-8.79583467779582,52.51883165,Politics,-0.3127900325775147,believer,male,4.2858220000000005,not aggressive
2015-06-15 22:29:53+00:00,610574980011696128,,,Global stance,-0.5232733469247818,believer,female,,not aggressive
2018-05-03 13:57:24+00:00,992040428735262726,,,Importance of Human Intervantion,0.5684447536786398,believer,male,,not aggressive
2019-05-13 21:47:17+00:00,1128054130445037569,,,Politics,-0.5078477137088775,neutral,male,,aggressive
2009-12-16 05:45:09+00:00,6721853482,-135.05375,60.71611000000001,Weather Extremes,-0.0705661744753519,believer,female,0.9258681,aggressive
2019-05-12 13:43:33+00:00,1127570004680089600,,,Significance of Pollution Awareness Events,-0.5991520827213923,believer,female,,not aggressive
2017-10-14 06:07:11+00:00,919082136858255360,,,Significance of Pollution Awareness Events,-0.0360363638401031,believer,female,,not aggressive
2017-03-02 01:13:21+00:00,837108531304214528,,,Weather Extremes,-0.6645222222328186,denier,male,,not aggressive
2018-09-27 20:02:08+00:00,1045403233844441089,-75.16352619999998,39.9527237,Politics,-0.1430461883624394,believer,female,2.0797734,not aggressive
2017-10-20 18:16:03+00:00,921439889694035968,-78.4927721,37.1232245,Politics,0.4555294811725616,believer,female,1.6024576,not aggressive
2018-05-24 16:18:15+00:00,999686021775228928,-1.7289,55.29703000000001,Weather Extremes,-0.4599328083276748,believer,male,1.3062311000000002,not aggressive
2018-05-01 17:34:15+00:00,991370227966468103,-74.0060152,40.7127281,Global stance,-0.0357727473974228,believer,undefined,-0.22654262,not aggressive
2019-05-09 03:55:57+00:00,1126334967837904896,,,Significance of Pollution Awareness Events,-0.4679688215255737,neutral,female,,not aggressive
2018-09-22 16:27:03+00:00,1043537170039037954,,,Undefined / One Word Hashtags,-0.4089903205633163,believer,undefined,,not aggressive
2018-01-12 14:26:35+00:00,951822719821209600,,,Donald Trump versus Science,-0.0684341370105743,believer,male,,aggressive
2014-06-24 16:45:22+00:00,481478199050661888,,,Seriousness of Gas Emissions,-0.4824332245349884,denier,male,,not aggressive
2018-05-18 06:39:32+00:00,997366055323557888,,,Global stance,0.6412998884916306,neutral,male,,not aggressive
2010-01-12 15:56:20+00:00,7673160582,-77.040808185058,38.88900425,Global stance,0.4716258645057678,believer,female,-2.7303615000000003,aggressive
2009-11-27 18:44:30+00:00,6119278862,,,Importance of Human Intervantion,-0.1006172597408294,neutral,female,,not aggressive
2015-07-30 07:43:02+00:00,626659247401660416,,,Politics,-0.5152444526910782,neutral,male,,aggressive
2017-12-24 04:30:35+00:00,944787363309543424,,,Global stance,-0.4331319393396378,believer,female,,not aggressive
2019-05-04 04:28:00+00:00,1124531095985242113,,,Importance of Human Intervantion,0.4924701750278473,believer,female,,aggressive
2018-03-03 00:22:57+00:00,969729808685965312,-118.755997,36.7014631,Global stance,0.6243855431238811,believer,male,-3.8343031,not aggressive
2018-09-12 20:40:53+00:00,1039977168506245121,,,Importance of Human Intervantion,-0.6284181426048279,believer,male,,not aggressive
2018-03-04 00:28:21+00:00,970093552750465024,-1.15047,52.9536,Undefined / One Word Hashtags,0.4849045127630234,believer,male,-1.4316273000000002,not aggressive
2010-11-21 17:02:43+00:00,6392072525324288,,,Seriousness of Gas Emissions,0.3775516450405121,neutral,male,,not aggressive
2017-10-18 17:14:39+00:00,920699659575857152,-6.2648570999999995,53.3265199,Seriousness of Gas Emissions,0.4680720594796267,believer,male,-0.6085734,aggressive
2018-03-21 13:19:20+00:00,976448170719723525,-122.659331,49.1202942,Global stance,0.0203375220298767,believer,female,0.6593150999999999,not aggressive
2016-04-29 02:09:11+00:00,725869509903437824,-106.65113999999998,35.08449,Undefined / One Word Hashtags,0.2467714637279511,believer,male,-3.3774748,aggressive
2009-12-14 00:50:18+00:00,6645677923,-0.12574,51.50853000000001,Donald Trump versus Science,-0.4949631702661514,denier,male,-2.589848,not aggressive
2018-07-04 03:54:28+00:00,1014356744779325440,,,Global stance,-0.2197858552217483,believer,undefined,,not aggressive
2010-01-26 01:53:07+00:00,8216622681,,,Seriousness of Gas Emissions,-0.5642309626340867,believer,male,,not aggressive
2016-08-23 16:34:49+00:00,768124345155670016,-77.03636999999998,38.89511,Importance of Human Intervantion,-0.4997221380472183,believer,male,-1.300074,not aggressive
2018-05-24 08:18:01+00:00,999565165724086272,-71.18977000000001,41.748160000000006,Donald Trump versus Science,0.1683669844150543,believer,undefined,2.7344797,aggressive
2007-04-23 12:21:38+00:00,36895012,,,Ideological Positions on Global Warming,0.4623304422140121,neutral,male,,aggressive
2017-09-22 11:53:39+00:00,911196794847100928,8.682091699999999,50.1106444,Global stance,0.544101160311699,believer,male,-0.5254844,not aggressive
2017-11-13 15:35:10+00:00,930096711267241985,,,Global stance,0.5960685003757477,believer,male,,not aggressive
2018-02-03 22:23:09+00:00,959915184574861313,-123.137414,49.163168,Importance of Human Intervantion,-0.3478702455759048,believer,male,3.5490584000000003,aggressive
2017-05-30 07:51:51+00:00,869461337386217472,-0.12574,51.50853000000001,Global stance,0.6474811004161835,believer,male,2.760961,not aggressive
2017-11-20 22:25:51+00:00,932736778200666114,,,Global stance,-0.5824586611747742,believer,male,,aggressive
2015-05-28 22:03:42+00:00,604045408940212224,-115.1485163,36.1672559,Importance of Human Intervantion,-0.2749935980796814,believer,male,1.2732816999999998,aggressive
2018-12-02 12:58:18+00:00,1069214171462623232,,,Global stance,-0.0952924567309293,believer,male,,not aggressive
2015-12-12 22:33:10+00:00,675805621896122368,,,Politics,-0.3780789475679397,denier,male,,aggressive
2017-05-17 04:36:40+00:00,864701176184532992,-118.24368,34.05223,Donald Trump versus Science,-0.6392729257106781,denier,male,-3.5836453,aggressive
2018-12-14 15:14:32+00:00,1073597113030885378,-72.7342163,41.6500201,Importance of Human Intervantion,0.5131921630382538,believer,female,0.81150085,not aggressive
2017-11-03 14:00:54+00:00,926449108096835590,,,Global stance,0.4200157832384109,believer,male,,aggressive
2019-05-15 09:34:08+00:00,1128594402970988546,,,Weather Extremes,-0.6667408951706356,believer,female,,not aggressive
2014-06-04 18:44:58+00:00,474260540014231552,,,Significance of Pollution Awareness Events,-0.5047253509759904,believer,male,,not aggressive
2018-12-26 14:26:49+00:00,1077933759171842048,,,Ideological Positions on Global Warming,-0.3601853102445603,believer,male,,not aggressive
2017-02-04 05:45:11+00:00,827754857377386496,-123.11934,49.249660000000006,Global stance,0.4748124392509461,believer,female,-3.409508,not aggressive
2017-12-04 07:36:16+00:00,937586336474726400,,,Importance of Human Intervantion,-0.5941077757835389,neutral,female,,aggressive
2018-03-05 14:53:24+00:00,970673639254319104,,,Global stance,-0.254489794977506,believer,female,,not aggressive
2017-12-17 12:30:36+00:00,942371447489654784,-95.8243956,29.785785299999997,Seriousness of Gas Emissions,-0.4298225343227386,neutral,male,0.28586674,not aggressive
2010-04-27 01:32:56+00:00,12917946059,,,Weather Extremes,-0.6082922317266464,neutral,female,,aggressive
2015-07-09 00:26:08+00:00,618939154026643456,,,Weather Extremes,0.6786676632642746,believer,female,,not aggressive
2018-12-10 15:48:52+00:00,1072156199364255745,,,Ideological Positions on Global Warming,-0.4002478477716446,believer,male,,not aggressive
2018-09-15 16:12:51+00:00,1040996880568725505,,,Impact of Resource Overconsumption,-0.3595309575080871,believer,female,,not aggressive
2015-07-31 16:13:34+00:00,627150116286279680,,,Politics,-0.0942389261484145,neutral,male,,not aggressive
2018-12-09 02:00:59+00:00,1071585470021275648,,,Donald Trump versus Science,-0.0701510598659515,believer,female,,not aggressive
2018-02-09 22:33:43+00:00,962092171699671045,,,Politics,-0.6395603483915329,believer,female,,aggressive
2016-09-21 10:00:19+00:00,778534313063219200,,,Seriousness of Gas Emissions,-0.4963149314933353,believer,female,,not aggressive
2017-12-29 04:53:31+00:00,946605073026523136,,,Weather Extremes,-0.3923411715745926,believer,male,,aggressive
2013-05-07 20:36:19+00:00,331870128230780928,,,Weather Extremes,-0.4426878213405609,denier,male,,not aggressive
2015-06-06 23:23:54+00:00,607327080594825216,,,Weather Extremes,-0.3477995826244354,neutral,male,,not aggressive
2019-04-22 10:10:44+00:00,1120268690711285760,-83.37794000000001,33.960950000000004,Undefined / One Word Hashtags,0.3831105828285217,believer,female,2.633988,not aggressive
2018-11-27 19:56:25+00:00,1067507455125594112,-77.1399757,42.9617304,Politics,-0.6470536787509918,believer,female,7.763953999999999,aggressive
2017-11-19 10:49:31+00:00,932199148392189954,,,Undefined / One Word Hashtags,0.4841020554304123,believer,male,,not aggressive
2010-02-22 14:53:45+00:00,9478927721,,,Weather Extremes,-0.3494701344648996,denier,female,,not aggressive
2019-07-22 18:32:24+00:00,1153372237334011904,-95.3010624,32.351260100000005,Donald Trump versus Science,0.3915406725440706,believer,male,4.421945,not aggressive
2018-04-12 16:40:15+00:00,984471266512994305,,,Global stance,-0.6118630254268647,believer,male,,aggressive
2017-09-28 21:42:54+00:00,913519410111016960,-87.6244212,41.87556160000001,Weather Extremes,-0.0619310289621352,neutral,undefined,0.66634846,not aggressive
2018-01-11 17:34:13+00:00,951507555150450688,,,Significance of Pollution Awareness Events,0.3175344315528869,believer,female,,not aggressive
2017-11-03 10:00:43+00:00,926388661691846657,8.55,47.366670000000006,Weather Extremes,-0.170908261680603,believer,female,3.3169231,not aggressive
2018-09-25 21:10:55+00:00,1044695768878190593,,,Importance of Human Intervantion,-0.3710435172319412,believer,male,,not aggressive
2018-04-07 07:58:54+00:00,982528128521302016,-4.2576300000000025,55.86515000000001,Donald Trump versus Science,-0.2425682591173384,believer,male,1.3713852,not aggressive
2018-04-02 13:53:35+00:00,980805447857909760,,,Ideological Positions on Global Warming,0.4691689759492874,believer,male,,not aggressive
2016-11-04 03:50:22+00:00,794386277688864768,,,Ideological Positions on Global Warming,0.0311761234760284,believer,male,,not aggressive
2010-08-20 14:52:41+00:00,21670329274,,,Donald Trump versus Science,0.7309839157501856,believer,male,,aggressive
2016-06-09 11:55:58+00:00,740875078590566400,,,Global stance,-0.0535291985034942,neutral,male,,not aggressive
2017-11-15 14:36:52+00:00,930806811866701832,-77.03636999999998,38.89511,Global stance,0.2857158741394678,believer,male,-3.399106,not aggressive
2019-05-16 21:24:01+00:00,1129135439028326409,26.10626,44.43225,Global stance,0.3999274373054504,neutral,male,2.9495234,aggressive
2017-11-12 16:20:18+00:00,929745680691879938,,,Significance of Pollution Awareness Events,-0.2153267454438739,believer,undefined,,not aggressive
2017-09-22 19:32:07+00:00,911312171304456192,-87.65005000000001,41.85003,Undefined / One Word Hashtags,-0.0476047685146331,believer,male,9.781187,not aggressive
2019-05-10 05:49:15+00:00,1126725870528319489,,,Global stance,0.5958866748094559,believer,male,,not aggressive
2010-08-10 23:33:41+00:00,20835322380,,,Impact of Resource Overconsumption,0.4062075155496596,believer,male,,not aggressive
2017-12-29 02:11:15+00:00,946564238247714816,-118.22007,33.89585,Weather Extremes,0.431615192747116,neutral,female,5.0487175,not aggressive
2018-04-18 12:38:00+00:00,986584631645474818,,,Global stance,-0.3152409493923187,believer,female,,not aggressive
2018-10-04 10:10:52+00:00,1047791151825211392,,,Importance of Human Intervantion,-0.7101804584980012,believer,male,,aggressive
2018-01-20 12:59:30+00:00,954699911018242049,-74.0060152,40.7127281,Global stance,0.2157795831918716,believer,female,3.5009124,aggressive
2019-04-17 19:07:31+00:00,1118591839454601217,-122.33702086608044,47.628197349999986,Global stance,0.0927890976985296,believer,male,-2.36505,not aggressive
2016-11-03 13:39:08+00:00,794172060281008128,-2.5972985,51.45380220000001,Global stance,0.2722283403078715,believer,female,-2.5759091,not aggressive
2017-12-30 21:25:00+00:00,947216976761507840,-74.07764,40.72816,Global stance,-0.6066256510734558,believer,female,-8.005267,aggressive
2019-01-02 17:36:12+00:00,1080518130781306881,,,Global stance,0.663095135360053,believer,female,,not aggressive
2018-12-11 03:25:52+00:00,1072331606663290880,-93.50049,42.00027,Global stance,-0.3505835625659851,denier,female,4.6735225,not aggressive
2016-11-02 20:43:10+00:00,793916381246824448,,,Importance of Human Intervantion,-0.7989141387939452,believer,male,,not aggressive
2018-11-28 14:56:25+00:00,1067794346416791553,-77.03636999999998,38.89511,Importance of Human Intervantion,0.7072847229321797,believer,female,3.8671534,not aggressive
2018-12-07 18:45:25+00:00,1071113468026257413,-4.2488787000000015,55.8609825,Donald Trump versus Science,-0.3824395242214203,neutral,male,4.705326,aggressive
2018-04-06 07:37:58+00:00,982160470739042304,,,Global stance,0.4810643345117569,neutral,undefined,,not aggressive
2017-11-30 17:52:15+00:00,936291801194991616,-87.65005000000001,41.85003,Importance of Human Intervantion,0.3000460273655978,believer,female,4.815363400000002,not aggressive
2017-01-30 19:32:23+00:00,826151089300979712,-77.03636999999998,38.89511,Global stance,-0.1050662408590316,believer,male,0.01913049,not aggressive
2014-09-26 12:51:43+00:00,515483855407443968,,,Undefined / One Word Hashtags,0.5187296684026719,neutral,female,,aggressive
2019-05-09 02:10:31+00:00,1126308433983102977,,,Significance of Pollution Awareness Events,-0.4679688215255737,neutral,undefined,,not aggressive
2018-03-31 00:31:56+00:00,979878929618972672,144.9631608,-37.81421760000001,Impact of Resource Overconsumption,-0.3639911053657532,believer,male,-0.5623366999999999,not aggressive
2019-05-03 01:54:16+00:00,1124130017334763520,,,Importance of Human Intervantion,0.6244472941637039,believer,male,,not aggressive
2019-05-16 10:57:47+00:00,1128977842786643968,,,Weather Extremes,-0.4521216188430786,believer,female,,not aggressive
2017-11-14 00:12:37+00:00,930226929894076416,5.619440000000001,51.66083,Global stance,-0.4810281544923782,believer,male,-0.7866544,aggressive
2018-11-26 22:43:43+00:00,1067187170794971136,,,Undefined / One Word Hashtags,0.0426754390716552,believer,male,,not aggressive
2019-04-18 16:21:29+00:00,1118912443869089792,126.52194,33.50972,Global stance,0.3421442351659139,believer,male,-0.7274574,aggressive
2017-11-03 17:55:17+00:00,926508093030129666,-112.07404,33.44838,Politics,6.224215030670166e-05,believer,male,1.4963989,not aggressive
2017-06-12 16:35:16+00:00,874304102565588992,28.9651646,41.0096334,Undefined / One Word Hashtags,0.4190518707036972,neutral,female,0.38618645,not aggressive
2017-11-03 03:34:48+00:00,926291542796484608,,,Global stance,-0.1364931674285368,neutral,female,,not aggressive
2017-09-29 10:39:20+00:00,913714807831920640,-1.5478500000000002,53.79648,Global stance,0.4399247914552688,believer,female,1.6516168000000002,not aggressive
2017-09-27 10:56:36+00:00,912994374610325510,,,Global stance,-0.449766457080841,denier,female,,not aggressive
2017-12-05 06:35:04+00:00,937933323338428416,,,Weather Extremes,0.02485813498497,believer,male,,not aggressive
2017-10-07 06:55:50+00:00,916557661944074240,12.51133,41.89193,Undefined / One Word Hashtags,0.0170333534479141,believer,male,-1.3218229,not aggressive
2019-03-31 17:30:38+00:00,1112406864468369408,-77.0365427,38.89503679999999,Global stance,0.4471611976623535,believer,male,3.8671534,not aggressive
2015-09-01 16:11:41+00:00,638746053035040768,23.72784,37.98376,Politics,-0.2937857004880905,believer,male,1.7686462,not aggressive
2016-11-01 18:20:20+00:00,793518050284888064,,,Undefined / One Word Hashtags,-0.1020510494709015,believer,male,,not aggressive
2017-12-10 15:44:01+00:00,939883408829927425,,,Weather Extremes,-0.3273138536884671,believer,male,,not aggressive
2017-10-20 16:01:33+00:00,921406039765016576,-79.38393470000003,43.6534817,Seriousness of Gas Emissions,0.5567772941242565,believer,female,4.6025486,not aggressive
2019-04-19 05:54:45+00:00,1119117109605257218,-83.04664029999998,42.3315509,Global stance,0.4409398937236695,believer,female,8.259166,not aggressive
2010-11-25 09:48:54+00:00,7732452017569792,,,Ideological Positions on Global Warming,0.0699259008407592,neutral,male,,not aggressive
2012-03-20 13:26:14+00:00,182095709292609536,,,Donald Trump versus Science,-0.5185051474836138,denier,male,,aggressive
2015-12-30 08:00:55+00:00,682109091569876992,,,Global stance,-0.2699491129875183,believer,undefined,,not aggressive
2014-12-09 17:02:20+00:00,542363630336237568,,,Seriousness of Gas Emissions,-0.0132824778556823,believer,male,,not aggressive
2018-12-26 16:24:37+00:00,1077963404172713984,-108.5507317,39.063956,Ideological Positions on Global Warming,-0.558094805932045,denier,male,3.2799778,not aggressive
2018-05-10 20:43:15+00:00,994679282990448642,,,Weather Extremes,0.1358338553667069,believer,male,,not aggressive
2018-12-03 15:21:31+00:00,1069612603222183936,,,Impact of Resource Overconsumption,-0.2123314190864562,believer,undefined,,not aggressive
2017-10-23 11:49:10+00:00,922429688915681281,,,Seriousness of Gas Emissions,0.0684038495258851,believer,male,,not aggressive
2018-12-05 12:40:08+00:00,1070296765713301504,,,Politics,-0.4360464947938919,believer,male,,aggressive
2009-11-05 19:56:37+00:00,5458190345,-122.4199061,37.7790262,Global stance,-0.0175613164901733,believer,female,0.8445905,not aggressive
2019-01-07 15:52:54+00:00,1082304074505220103,,,Importance of Human Intervantion,0.511389905166626,believer,male,,not aggressive
2018-12-27 18:03:28+00:00,1078350668576878592,-155.78931,19.93942,Ideological Positions on Global Warming,-0.3601853102445603,believer,female,0.37210044,not aggressive
2018-12-26 09:14:04+00:00,1077855049638912001,-84.45189,39.03312,Seriousness of Gas Emissions,-0.341936856508255,believer,female,5.91174,not aggressive
2018-09-21 01:54:18+00:00,1042955143396777984,-113.507996,53.535411,Seriousness of Gas Emissions,0.8064080676317216,believer,male,-4.0203366,not aggressive
2017-10-25 10:09:24+00:00,923129359128580096,,,Importance of Human Intervantion,-0.4872704744338989,believer,undefined,,not aggressive
2019-05-19 03:06:29+00:00,1129946399876014080,-73.94958000000003,40.6501,Politics,-0.5705802429676056,believer,male,0.76935184,not aggressive
2019-01-07 14:58:24+00:00,1082290362092261377,-83.810138,39.92340460000001,Global stance,0.6601168941259383,believer,male,6.601388,not aggressive
2018-01-20 15:16:45+00:00,954734450474065922,-80.51639,43.4668,Global stance,-0.0564251681566238,believer,female,8.066614999999999,not aggressive
2018-05-25 12:57:49+00:00,999997970463440897,,,Politics,0.0722235750436782,believer,female,,not aggressive
2017-11-14 12:00:22+00:00,930405041709531136,-77.03636999999998,38.89511,Global stance,-0.1221832332134246,denier,male,-2.8082662,aggressive
2017-12-29 15:50:25+00:00,946770387454562304,-118.755997,36.7014631,Weather Extremes,-0.3512451465910131,denier,male,4.508797,not aggressive
2018-07-08 14:30:39+00:00,1015966395564163077,,,Weather Extremes,0.5017787034749985,neutral,female,,not aggressive
2017-12-29 15:44:45+00:00,946768960896274433,,,Donald Trump versus Science,-0.0647536605596542,believer,female,,not aggressive
2018-05-23 19:01:41+00:00,999364762478743553,,,Global stance,-0.0591167088270187,believer,male,,aggressive
2017-08-16 21:04:26+00:00,897927051709173760,,,Ideological Positions on Global Warming,-0.5567933020353318,denier,female,,aggressive
2014-12-29 18:45:01+00:00,549637226402185216,,,Seriousness of Gas Emissions,0.4312382562398911,neutral,female,,not aggressive
2018-04-29 12:51:15+00:00,990574233301520384,,,Significance of Pollution Awareness Events,-0.660430101108551,neutral,female,,aggressive
2017-12-30 10:11:44+00:00,947047542176415744,,,Weather Extremes,-0.62057765787329,believer,male,,not aggressive
2019-05-14 01:31:54+00:00,1128110657797271553,-97.13307,33.21484,Weather Extremes,-0.6667408951706356,believer,female,5.10851,not aggressive
2018-01-04 18:21:36+00:00,948982761414512640,,,Importance of Human Intervantion,-0.1354560773134231,believer,male,,aggressive
2008-09-28 07:34:15+00:00,937904160,,,Importance of Human Intervantion,0.0301071107387542,believer,undefined,,not aggressive
2015-05-28 00:08:06+00:00,603714325031706624,,,Politics,0.0029301345348358,neutral,male,,aggressive
2018-10-14 21:13:30+00:00,1051581786902294528,,,Importance of Human Intervantion,0.4896136373281479,believer,male,,not aggressive
2015-02-02 19:51:07+00:00,562337439293784064,,,Importance of Human Intervantion,0.3388822764158248,believer,female,,aggressive
2019-05-16 20:36:25+00:00,1129123458619719681,,,Weather Extremes,-0.0743672608852386,believer,male,,aggressive
2019-05-08 20:13:15+00:00,1126218525788393473,144.9631608,-37.81421760000001,Importance of Human Intervantion,0.016060844930013,believer,female,-2.289052,not aggressive
2015-09-01 06:28:52+00:00,638599383349653504,,,Global stance,-0.4391711522817612,believer,male,,not aggressive
2018-11-30 23:07:47+00:00,1068642780677791744,,,Seriousness of Gas Emissions,-0.1015601456165313,believer,male,,not aggressive
2018-01-12 11:58:06+00:00,951785353949646848,-87.83187990232472,42.12753095,Politics,-0.4839920848608017,believer,female,6.1486897,not aggressive
2016-10-28 11:03:51+00:00,791958652244533248,-0.1276474,51.5073219,Global stance,0.1584347268342972,believer,female,3.6812242999999993,aggressive
2017-11-13 17:58:08+00:00,930132687444238336,,,Importance of Human Intervantion,0.4160964849922391,neutral,male,,not aggressive
2018-08-25 17:33:49+00:00,1033407111345176581,-90.203686,38.624223,Importance of Human Intervantion,0.0897385190248489,believer,male,4.986916000000001,aggressive
2017-10-23 08:07:30+00:00,922373905754611713,,,Global stance,-0.500258669257164,believer,female,,not aggressive
2019-04-24 19:54:08+00:00,1121140284526448640,,,Global stance,0.4304544478654861,believer,male,,not aggressive
2018-10-14 17:02:22+00:00,1051518590841630720,-123.11934,49.249660000000006,Importance of Human Intervantion,-0.9430180612564087,believer,male,-1.2338744,not aggressive
2018-01-10 19:24:03+00:00,951172807039254528,,,Global stance,-0.5102556584387115,believer,male,,not aggressive
2018-08-27 07:59:21+00:00,1033987316921126917,,,Undefined / One Word Hashtags,-0.045564720749855,believer,female,,aggressive
2018-04-04 09:10:52+00:00,981459074469556225,-0.1276474,51.5073219,Global stance,0.0554658178591969,believer,male,1.4978417,not aggressive
2017-11-02 09:35:20+00:00,926019886199070721,79.86677775,6.815259449999999,Seriousness of Gas Emissions,-0.591593237376213,believer,female,-0.1252543,not aggressive
2013-05-31 14:52:04+00:00,340480805426061312,,,Weather Extremes,-0.2112410266269337,believer,male,,not aggressive
2019-05-03 18:02:27+00:00,1124373669881556992,-74.0060152,40.7127281,Ideological Positions on Global Warming,-0.840223724102974,neutral,female,1.4386175,aggressive
2018-08-16 17:04:07+00:00,1030138143268171778,-111.50098,34.5003,Weather Extremes,0.2527175966978073,believer,male,0.7367312,not aggressive
2015-12-23 21:42:35+00:00,679779156536766464,,,Weather Extremes,0.1328657083749771,believer,undefined,,not aggressive
2014-02-06 19:05:46+00:00,431504006251573248,,,Weather Extremes,-0.3418773894071579,denier,female,,aggressive
2017-11-23 12:27:53+00:00,933673455488196608,,,Undefined / One Word Hashtags,-0.7358149372339249,believer,male,,not aggressive
2009-06-29 22:32:10+00:00,2394562842,-122.4199061,37.7790262,Global stance,-0.4565420288562775,believer,male,2.3952265,not aggressive
2018-09-24 10:45:09+00:00,1044175903411048448,,,Weather Extremes,0.4528787145001548,denier,male,,not aggressive
2018-05-01 23:30:12+00:00,991459804211306496,-81.63261999999997,38.34982,Politics,-0.756500806236267,believer,female,-1.7199352,aggressive
2018-05-14 17:41:13+00:00,996083024377929729,,,Politics,0.6442224950178705,neutral,male,,aggressive
2010-06-28 01:06:57+00:00,17209744036,,,Global stance,-0.4123314489169554,neutral,male,,not aggressive
2018-04-09 10:08:22+00:00,983285482946809856,-74.4041622,40.0757384,Global stance,-0.4003383815288543,neutral,female,-7.071853,aggressive
2017-12-30 04:15:39+00:00,946957934529056768,-79.99589,40.44062,Weather Extremes,-0.1116106530359813,neutral,male,-7.371587799999999,not aggressive
2017-12-14 14:21:16+00:00,941312137292496896,,,Importance of Human Intervantion,0.3037485799789429,believer,male,,aggressive
2018-01-09 16:48:00+00:00,950771145892081665,,,Weather Extremes,0.4265548521995544,neutral,male,,not aggressive
2016-02-02 11:20:06+00:00,694480406507196416,,,Importance of Human Intervantion,0.6706653250694276,believer,female,,aggressive
2016-01-13 01:50:36+00:00,687089330175762432,,,Importance of Human Intervantion,0.1412507620724764,denier,male,,not aggressive
2018-01-03 11:35:07+00:00,948518080430460928,-79.4163,43.70011,Global stance,0.8969710952043534,believer,male,-5.3531384000000015,not aggressive
2018-12-14 06:09:59+00:00,1073460069453520896,,,Global stance,0.6579131613731384,believer,male,,not aggressive
2019-05-18 21:07:20+00:00,1129856014751154176,151.20731999999995,-33.867850000000004,Importance of Human Intervantion,0.1954503092050553,believer,male,-1.3413349,not aggressive
2013-08-21 12:34:36+00:00,370162014666391552,,,Seriousness of Gas Emissions,-0.365776125049591,denier,male,,not aggressive
2017-10-20 04:35:42+00:00,921233441009442816,6.14569,46.20222,Global stance,-0.4588158583879471,believer,male,3.5525010000000004,not aggressive
2009-09-21 14:51:54+00:00,4147590449,,,Impact of Resource Overconsumption,0.0084506968657175,believer,female,,not aggressive
2019-05-14 13:02:39+00:00,1128284489942224896,,,Politics,0.0532240928638549,believer,male,,not aggressive
2017-11-27 07:14:19+00:00,935044094279241728,,,Significance of Pollution Awareness Events,0.663827947831154,believer,male,,not aggressive
2018-11-27 15:07:18+00:00,1067434697259548675,-3.0191569,53.3943509,Politics,-0.8167159169912338,believer,male,5.162253400000001,not aggressive
2019-04-27 03:31:38+00:00,1121980194212986880,-82.5001,28.75054,Ideological Positions on Global Warming,-0.5610810534477234,believer,female,0.35680318,not aggressive
2011-05-24 09:39:53+00:00,72959998883401728,,,Impact of Resource Overconsumption,0.4005295152902603,neutral,female,,not aggressive
2017-12-11 06:06:48+00:00,940100536132440066,,,Global stance,0.0770967889308929,believer,male,,not aggressive
2018-01-01 20:03:17+00:00,947921188088672258,,,Global stance,0.5598432123661041,believer,male,,aggressive
2010-07-29 19:08:31+00:00,19848356112,,,Donald Trump versus Science,0.7668613088130951,neutral,male,,not aggressive
2019-04-26 23:42:45+00:00,1121922593093632002,106.84513,-6.214620000000001,Importance of Human Intervantion,0.4581264406442642,believer,female,0.4672113000000001,not aggressive
2015-01-21 04:09:35+00:00,557751838817415168,,,Global stance,-0.3677230030298233,believer,undefined,,not aggressive
2018-12-04 02:31:41+00:00,1069781254684327937,151.2164539,-33.854815699999996,Global stance,-0.1421217205047607,believer,undefined,-1.3413349,not aggressive
2014-04-28 20:46:00+00:00,460882647510560768,144.96331999999995,-37.814,Weather Extremes,-0.1173144115447998,neutral,male,-0.11214226,not aggressive
2017-06-14 12:30:01+00:00,874967159851569152,72.88261,19.072830000000003,Global stance,-0.1802727030515671,believer,male,0.21290642,aggressive
2017-09-22 20:45:35+00:00,911330657573511169,-2.0,54.0,Impact of Resource Overconsumption,0.7944682010173798,believer,female,-1.300992,not aggressive
2018-04-07 19:20:47+00:00,982699729967394821,,,Seriousness of Gas Emissions,-0.4679270432753997,believer,male,,not aggressive
2019-04-22 01:14:22+00:00,1120133710806827008,,,Global stance,0.0057253241539001,neutral,undefined,,not aggressive
2018-12-20 12:32:28+00:00,1075730653080100864,-0.12574,51.50853000000001,Importance of Human Intervantion,-0.152001247882843,denier,female,4.0638494,not aggressive
2018-04-10 20:22:29+00:00,983802418583474176,-122.6741949,45.5202471,Importance of Human Intervantion,-0.1635576969861984,believer,female,1.506582,not aggressive
2009-12-16 05:03:35+00:00,6720949414,,,Significance of Pollution Awareness Events,-0.054671972990036,believer,male,,aggressive
2019-04-27 14:41:15+00:00,1122148708592816129,,,Importance of Human Intervantion,0.3862218775749206,believer,male,,aggressive
2019-05-02 09:00:52+00:00,1123874990376538113,,,Politics,0.0065309123754501,believer,male,,aggressive
2019-01-04 02:52:43+00:00,1081020572430024704,,,Importance of Human Intervantion,-0.4526222656488418,neutral,female,,aggressive
2017-12-05 13:34:51+00:00,938038964300152832,,,Weather Extremes,0.02485813498497,believer,female,,not aggressive
2011-11-04 22:40:26+00:00,132588039678603264,,,Weather Extremes,-0.2535929565191269,denier,male,,not aggressive
2019-05-14 12:37:45+00:00,1128278221756293121,,,Politics,0.4627654999494552,neutral,female,,not aggressive
2018-05-27 23:30:03+00:00,1000881852046028800,-79.4163,43.70011,Importance of Human Intervantion,-0.2151613915074955,believer,female,6.3533173,not aggressive
2016-10-21 16:26:34+00:00,789503150696894464,,,Politics,0.6975620817899704,neutral,male,,aggressive
2015-12-07 09:01:51+00:00,673789508849164288,-137.54601000000002,60.7892,Importance of Human Intervantion,0.5038403501431148,believer,female,3.4591105000000004,not aggressive
2018-09-05 13:57:42+00:00,1037338989252890624,,,Weather Extremes,-0.5363465025583902,neutral,male,,not aggressive
2009-11-01 15:30:09+00:00,5339343137,,,Ideological Positions on Global Warming,-0.3370433750629425,denier,female,,aggressive
2018-06-29 08:42:46+00:00,1012617360774172672,-2.2451148,53.4794892,Importance of Human Intervantion,0.3563574562443627,believer,male,5.1385045,not aggressive
2018-09-01 22:31:29+00:00,1036018734706524160,-116.78467,34.687430000000006,Seriousness of Gas Emissions,-0.3000785146713257,believer,male,-0.95980245,not aggressive
2016-06-20 22:35:02+00:00,745022174700965888,,,Global stance,0.5112506717443466,believer,female,,not aggressive
2018-12-07 14:10:54+00:00,1071044383481434113,4.351697,50.8465573,Seriousness of Gas Emissions,-0.6414818089962006,believer,male,6.180492,not aggressive
2019-04-21 04:48:09+00:00,1119825121705963520,,,Donald Trump versus Science,-0.601229146941503,neutral,male,,not aggressive
2017-11-16 13:38:20+00:00,931154469680803840,-81.4639835,27.7567667,Undefined / One Word Hashtags,0.2083774904727935,believer,female,-0.1319677,not aggressive
2018-02-11 17:39:31+00:00,962742912189698048,,,Politics,0.620520120878653,believer,male,,not aggressive
2015-02-07 22:21:59+00:00,564187342701731840,,,Importance of Human Intervantion,-0.4248376680919102,believer,male,,not aggressive
2018-08-21 07:57:16+00:00,1031812464365760512,-75.16352619999998,39.9527237,Importance of Human Intervantion,-0.1508457055091858,believer,female,2.0797734,not aggressive
2018-05-17 06:49:18+00:00,997006125445808128,,,Significance of Pollution Awareness Events,-0.3075261448383331,believer,male,,not aggressive
2017-12-05 12:35:51+00:00,938024117252616192,,,Global stance,-0.4095283286889393,believer,male,,not aggressive
2015-12-15 22:45:11+00:00,676895810009866240,,,Weather Extremes,0.0593339716672897,believer,female,,aggressive
2018-12-06 19:35:19+00:00,1070763635897581568,,,Politics,0.6453750223398209,believer,male,,aggressive
2018-03-18 13:00:55+00:00,975356375009255425,-122.5310874,37.9735346,Global stance,0.473502636218071,believer,female,-3.7109258,aggressive
2018-01-27 19:59:31+00:00,957342324585107458,,,Importance of Human Intervantion,-0.2443176718473434,neutral,female,,not aggressive
2015-06-18 17:05:44+00:00,611580568707444736,,,Global stance,0.7679031979799271,believer,female,,not aggressive
2018-12-10 23:47:31+00:00,1072276658072117248,,,Global stance,-0.6019951901435852,believer,male,,not aggressive
2017-12-09 16:59:15+00:00,939539954392358912,,,Weather Extremes,-0.2258015948534011,believer,female,,not aggressive
2018-01-02 23:16:16+00:00,948332140105617408,-110.92648,32.221740000000004,Weather Extremes,-0.119881609972318,believer,female,4.679125,not aggressive
2019-04-22 17:10:19+00:00,1120374283677470726,,,Importance of Human Intervantion,0.0530505567789077,believer,male,,not aggressive
2017-10-21 14:42:11+00:00,921748453868363777,-94.5781416,39.100105,Weather Extremes,0.1134500053882598,believer,female,6.521468,aggressive
2017-10-27 17:10:00+00:00,923959979345874944,,,Impact of Resource Overconsumption,0.0620863007624944,believer,male,,not aggressive
2019-05-15 01:01:10+00:00,1128465310909124609,,,Global stance,-0.1063303670008977,believer,male,,not aggressive
2018-10-22 17:24:21+00:00,1054423222253445120,-85.66809,42.96336,Significance of Pollution Awareness Events,0.2189501912434895,believer,male,7.6139417,not aggressive
2017-12-23 05:18:12+00:00,944436958998224896,,,Global stance,0.2897482196092605,believer,female,,not aggressive
2017-05-08 18:51:34+00:00,861654826802917376,,,Seriousness of Gas Emissions,-0.3742407858371734,neutral,male,,not aggressive
2011-01-05 18:40:12+00:00,22724057615040512,,,Weather Extremes,-0.7350564237117768,neutral,male,,not aggressive
2018-12-26 01:54:59+00:00,1077744553417998337,-94.7691186,36.5936863,Ideological Positions on Global Warming,-0.3601853102445603,believer,male,4.3970942000000015,not aggressive
2017-06-09 20:54:32+00:00,873282186786594816,-74.14960479999998,40.583455699999995,Importance of Human Intervantion,-0.4858675897121429,believer,female,-2.366142,not aggressive
2018-05-31 23:25:57+00:00,1002330369838997506,-75.1776757,40.1184433,Importance of Human Intervantion,0.185625022149086,believer,female,2.7215743,not aggressive
2015-06-19 15:09:57+00:00,611913815253471232,-0.993491440497516,51.4510191,Donald Trump versus Science,-0.5014601794083914,neutral,female,-0.90540016,aggressive
2009-07-14 00:46:00+00:00,2623755608,151.2164539,-33.854815699999996,Significance of Pollution Awareness Events,0.4789454936981201,believer,male,0.3020541,not aggressive
2018-04-28 23:05:01+00:00,990366303088136192,,,Importance of Human Intervantion,0.0860066379547119,believer,male,,aggressive
2016-07-04 00:22:18+00:00,749760209560727552,,,Ideological Positions on Global Warming,-0.4576669303178787,denier,female,,aggressive
2017-10-10 20:49:07+00:00,917854531454750721,,,Importance of Human Intervantion,0.5539311866998673,believer,male,,not aggressive
2018-01-23 15:16:50+00:00,955821633448632320,-83.1137366,32.329380900000004,Global stance,-0.4099211359307879,believer,female,6.877955,not aggressive
2018-10-09 03:30:24+00:00,1049502310257197056,,,Undefined / One Word Hashtags,0.4488082677125931,believer,female,,aggressive
2015-08-08 21:17:02+00:00,630125591191244800,,,Importance of Human Intervantion,0.636728240942955,neutral,male,,aggressive
2017-12-12 02:55:07+00:00,940414684271755264,,,Undefined / One Word Hashtags,-0.1921801480531692,believer,female,,aggressive
2018-03-07 09:30:59+00:00,971317277252640769,,,Importance of Human Intervantion,-0.3907398261785507,believer,male,,not aggressive
2018-09-15 21:55:10+00:00,1041083024597831680,,,Impact of Resource Overconsumption,-0.3595309575080871,believer,female,,not aggressive
2019-04-23 22:08:16+00:00,1120811653480747009,,,Importance of Human Intervantion,-0.3293506142616272,believer,female,,not aggressive
2015-05-11 09:07:21+00:00,597689439364644864,,,Global stance,-0.0240366011857986,believer,female,,not aggressive
2018-08-19 23:09:29+00:00,1031317255374684160,,,Politics,-0.5127028126716614,believer,male,,not aggressive
2016-05-01 09:21:21+00:00,726703043442520064,,,Global stance,-0.6966543259143829,believer,female,,not aggressive
2010-07-09 11:22:33+00:00,18110456443,,,Importance of Human Intervantion,0.4497589617967605,believer,male,,not aggressive
2017-12-10 00:04:46+00:00,939647038081327104,-123.3983246,48.65057879999999,Undefined / One Word Hashtags,-0.911932817029953,believer,male,1.0582345,not aggressive
2018-01-15 23:36:56+00:00,953048385656901632,,,Importance of Human Intervantion,0.4966964870691299,believer,male,,not aggressive
2018-10-05 16:50:08+00:00,1048254018332446720,,,Global stance,-0.1853493254979451,neutral,male,,not aggressive
2019-04-29 19:30:24+00:00,1122946252277202949,,,Undefined / One Word Hashtags,-0.1687595389127731,believer,female,,not aggressive
2018-06-07 03:31:29+00:00,1004566489515454465,,,Global stance,0.5412648946241899,believer,male,,not aggressive
2018-11-27 07:20:32+00:00,1067317229757313024,,,Weather Extremes,0.1737537945747375,neutral,male,,not aggressive
2019-05-04 00:01:46+00:00,1124464094507978752,,,Politics,-0.6340844079221999,denier,male,,not aggressive
2011-07-01 01:45:37+00:00,86611383348756480,-76.74996999999998,39.00039,Weather Extremes,-0.3460568348169326,neutral,female,-0.82431376,aggressive
2015-05-24 08:42:53+00:00,602394325453033472,,,Importance of Human Intervantion,0.2606324379205704,neutral,male,,aggressive
2019-01-02 02:16:09+00:00,1080286595222290432,,,Importance of Human Intervantion,-0.5262211707353592,believer,male,,not aggressive
2018-12-02 14:22:24+00:00,1069235338533457921,-118.24368,34.05223,Politics,0.0268980722904205,believer,female,-3.1268113,not aggressive
2019-04-29 10:41:39+00:00,1122813188196585472,,,Global stance,0.3009189021406752,believer,female,,not aggressive
2018-12-28 17:20:20+00:00,1078702199042134017,,,Importance of Human Intervantion,-0.0712169436295826,believer,male,,not aggressive
2018-01-06 08:17:17+00:00,949555456514625537,,,Politics,-0.0541307479143142,believer,male,,not aggressive
2018-04-30 22:37:53+00:00,991084250266046464,-72.89676999999998,41.39593,Donald Trump versus Science,-0.2302433733701706,believer,male,-3.1659503,aggressive
2015-12-14 21:32:14+00:00,676515061062438912,,,Weather Extremes,-0.4104008053302765,believer,male,,aggressive
2018-02-25 22:20:31+00:00,967887058634092544,,,Undefined / One Word Hashtags,-0.3994534462690353,believer,male,,not aggressive
2019-05-17 18:28:38+00:00,1129453687728816128,,,Politics,-0.4209710159472056,believer,male,,aggressive
2018-01-11 15:25:25+00:00,951475139014742016,-74.00596999999998,40.714270000000006,Importance of Human Intervantion,0.6639034494876862,believer,male,4.968941,aggressive
2017-12-23 02:37:35+00:00,944396537659977729,,,Importance of Human Intervantion,-0.5682305553515752,believer,male,,not aggressive
2018-05-21 09:00:14+00:00,998488628354600960,,,Global stance,0.559161146402359,believer,male,,not aggressive
2018-12-15 21:16:39+00:00,1074050629260242946,,,Global stance,0.3427124856233596,believer,male,,not aggressive
2019-04-19 22:33:49+00:00,1119368531437596672,,,Weather Extremes,-0.3056511019229889,denier,male,,not aggressive
2019-04-20 03:24:31+00:00,1119441689230311424,,,Global stance,0.4409398937236695,believer,female,,not aggressive
2018-03-23 12:23:07+00:00,977158801978671105,,,Importance of Human Intervantion,-0.0504171997308731,neutral,male,,aggressive
2017-12-03 06:06:24+00:00,937201332938821633,-97.3375448,37.692236099999995,Weather Extremes,0.3934926092624664,neutral,male,7.092264,not aggressive
2017-12-30 18:57:28+00:00,947179850854305793,,,Politics,0.2945123936653137,believer,male,,not aggressive
2017-06-10 02:01:15+00:00,873359371765522432,-84.39026439999999,33.7489924,Global stance,-0.3479685993671417,believer,female,-0.48829868,aggressive
2010-04-15 17:36:10+00:00,12235192378,,,Donald Trump versus Science,0.6213771472930908,believer,male,,aggressive
2009-11-29 17:39:05+00:00,6174874139,,,Weather Extremes,0.7498400638341903,neutral,male,,not aggressive
2016-11-01 19:41:32+00:00,793538484027871232,,,Politics,-0.5504209564447403,believer,male,,not aggressive
2016-05-03 00:20:07+00:00,727291613345660928,,,Global stance,0.5257457809209823,believer,male,,not aggressive
2014-12-05 07:34:37+00:00,540771206350135296,5.12768396945229,52.08098560000001,Seriousness of Gas Emissions,0.4890899041370912,denier,female,-0.8845265999999999,not aggressive
2017-10-23 23:30:29+00:00,922606183025987584,,,Global stance,-0.6495897841691971,believer,male,,not aggressive
2017-11-08 11:39:17+00:00,928225408310489088,,,Politics,0.691722230052948,believer,male,,not aggressive
2018-12-30 18:45:51+00:00,1079448498511073282,,,Seriousness of Gas Emissions,-0.2653691280629899,denier,male,,not aggressive
2016-11-20 21:53:33+00:00,800457078036832256,,,Weather Extremes,-0.7162555870771408,neutral,male,,not aggressive
2017-10-16 11:42:12+00:00,919891222742929408,,,Importance of Human Intervantion,0.4593069404363632,believer,undefined,,not aggressive
2016-05-05 09:02:42+00:00,728147902191669248,,,Global stance,-0.2151387631893158,neutral,male,,aggressive
2017-11-30 18:42:26+00:00,936304431049691138,,,Global stance,0.4763830095529556,believer,female,,not aggressive
2017-12-12 22:15:37+00:00,940706733269377024,-70.75766,43.07704,Global stance,-0.4850536401510238,believer,male,-0.21400361,not aggressive
2016-11-01 13:18:44+00:00,793442151397031936,-94.3103412,37.1765141,Weather Extremes,0.0042379796504974,believer,female,10.2170515,aggressive
2015-06-27 08:50:11+00:00,614717347165663232,,,Impact of Resource Overconsumption,-0.0903257700529965,believer,female,,not aggressive
2011-03-19 16:29:40+00:00,49145524674248704,-86.85104679999999,21.1617854,Weather Extremes,0.0204276706218719,neutral,female,-1.2092366,aggressive
2019-07-21 02:09:00+00:00,1152762368780189568,,,Global stance,0.6201366255760193,believer,female,,not aggressive
2014-04-21 17:00:05+00:00,458289078631669760,,,Global stance,0.0742327847242355,believer,male,,not aggressive
2018-07-07 22:16:54+00:00,1015721346129592321,,,Undefined / One Word Hashtags,0.4377653064012528,believer,female,,not aggressive
2019-04-18 12:24:30+00:00,1118852805337526280,-1.4986284912395451,54.13453275,Politics,-0.3210985939025879,neutral,male,4.742335,aggressive
2018-07-09 00:10:34+00:00,1016112338754142209,,,Weather Extremes,-0.4282086436510086,neutral,male,,not aggressive
2018-04-19 13:13:27+00:00,986955938971242496,,,Undefined / One Word Hashtags,0.4720465689897537,believer,male,,not aggressive
2018-12-08 20:27:53+00:00,1071501642623725568,,,Importance of Human Intervantion,-0.7587892215013503,believer,male,,aggressive
2019-05-01 10:55:58+00:00,1123541566231064577,67.0104,24.8608,Donald Trump versus Science,-0.1841151426553726,believer,male,2.3001115000000003,not aggressive
2015-07-03 22:23:01+00:00,617096232083791872,,,Global stance,0.3613427877426147,believer,male,,aggressive
2017-01-30 08:57:34+00:00,825991330400579584,,,Politics,-0.0949330112934112,believer,male,,aggressive
2012-03-16 17:14:15+00:00,180703536772947968,,,Seriousness of Gas Emissions,-0.5890241404771805,believer,undefined,,not aggressive
2017-10-19 14:58:01+00:00,921027665066450946,,,Global stance,-0.1192907829761505,believer,male,,not aggressive
2018-03-25 17:00:40+00:00,977953423155978241,,,Donald Trump versus Science,-0.2826960814714432,believer,male,,not aggressive
2017-10-02 21:44:18+00:00,914969314553458688,,,Global stance,-0.4410213381052017,believer,female,,aggressive
2018-02-08 18:29:42+00:00,961668375079395328,-122.6741949,45.5202471,Donald Trump versus Science,-0.4809050278425216,believer,male,4.25157,not aggressive
2016-09-28 15:32:09+00:00,781154536136249344,,,Global stance,0.0006863474845886,believer,female,,not aggressive
2017-06-02 21:10:51+00:00,870749574742200320,-120.691,35.62664,Significance of Pollution Awareness Events,-0.2431710024356841,believer,male,1.2760588,not aggressive
2018-10-11 04:45:03+00:00,1050245872909475840,,,Global stance,-0.3557814955711365,believer,male,,aggressive
2015-02-10 06:20:40+00:00,565032583784701952,-122.3774952,47.81057379999999,Global stance,-0.2193676160335541,neutral,male,4.642388,not aggressive
2017-11-09 22:57:44+00:00,928758532458999809,144.9631608,-37.81421760000001,Undefined / One Word Hashtags,0.5267177621364594,believer,male,0.75377524,not aggressive
2018-09-17 05:12:00+00:00,1041555346073026560,,,Global stance,0.4290746841941561,believer,female,,not aggressive
2019-08-14 14:29:57+00:00,1161646143710752768,-121.890583,37.3361905,Global stance,0.0997703143119811,believer,male,-4.2413354000000005,not aggressive
2010-02-17 15:38:32+00:00,9238493616,,,Weather Extremes,-0.4456468534946441,neutral,female,,aggressive
2018-01-29 20:39:25+00:00,958077143681990656,-94.25055,46.25024000000001,Global stance,-0.5400521795511246,believer,male,-4.215513,not aggressive
2010-07-03 05:27:27+00:00,17628073663,-85.30968,35.04563,Donald Trump versus Science,-0.4140726135730743,denier,undefined,-0.6951053,aggressive
2017-12-10 03:05:58+00:00,939692641016602624,-79.4163,43.70011,Global stance,0.4592882851441702,believer,female,-1.7944058,not aggressive
2015-04-10 14:49:46+00:00,586541587963977728,,,Global stance,0.3086566214323044,neutral,female,,aggressive
2014-10-05 06:47:28+00:00,518653681768476672,,,Significance of Pollution Awareness Events,0.4270835554358935,neutral,female,,not aggressive
2015-05-04 08:31:24+00:00,595143678919897088,,,Global stance,-0.5619061748504638,believer,male,,not aggressive
2017-10-18 18:45:16+00:00,920722464090370048,151.20731999999995,-33.867850000000004,Importance of Human Intervantion,0.611099604177475,believer,male,2.4235709,not aggressive
2018-11-30 07:51:41+00:00,1068412232558616576,,,Weather Extremes,-0.6026421311934789,believer,male,,not aggressive
2016-11-24 06:44:20+00:00,801677817318703104,,,Donald Trump versus Science,0.4469489271879196,believer,male,,aggressive
2017-12-27 21:53:02+00:00,946136867853959169,,,Seriousness of Gas Emissions,-0.0022963122888045,believer,male,,aggressive
2017-10-20 22:03:45+00:00,921497188936462336,144.9631608,-37.81421760000001,Politics,0.1647671461105346,believer,female,-1.073814,not aggressive
2017-10-29 18:57:33+00:00,924711823768719366,151.20731999999995,-33.867850000000004,Undefined / One Word Hashtags,0.4140162914991379,believer,male,5.3282690000000015,not aggressive
2017-12-29 10:01:28+00:00,946682573241151489,,,Weather Extremes,-0.62057765787329,believer,female,,not aggressive
2018-09-27 23:10:26+00:00,1045450621871173632,,,Importance of Human Intervantion,0.0685036690711974,believer,female,,not aggressive
2015-01-26 19:49:56+00:00,559800424392183808,-105.27055,40.01499,Global stance,0.4218131750822067,neutral,male,10.321883,aggressive
2017-11-02 01:29:53+00:00,925897719964749824,,,Undefined / One Word Hashtags,0.3635829836130142,believer,male,,not aggressive
2014-05-08 12:16:58+00:00,464378422106394624,,,Politics,-0.4903547531366348,believer,female,,aggressive
2018-08-31 01:43:28+00:00,1035342272940978176,-94.6113288,45.98965870000001,Weather Extremes,-0.5610978072881698,believer,male,3.7678351,not aggressive
2011-11-01 01:58:24+00:00,131188305374085120,-118.24368,34.05223,Donald Trump versus Science,-0.5742365668296814,neutral,female,2.0064,aggressive
2018-05-17 00:57:14+00:00,996917526767403010,,,Global stance,0.7008601383778513,believer,female,,not aggressive
2015-06-14 02:45:26+00:00,609914513106669568,,,Global stance,-0.1097466436147689,believer,male,,not aggressive
2015-08-31 15:11:55+00:00,638368626630897664,,,Importance of Human Intervantion,0.6355943929910659,believer,male,,not aggressive
2019-04-23 22:22:32+00:00,1120815243192487937,,,Global stance,0.5493833918333054,believer,male,,not aggressive
2018-10-17 08:34:37+00:00,1052477974870675457,,,Importance of Human Intervantion,-0.1726628348350525,believer,female,,not aggressive
2018-01-11 18:56:30+00:00,951528260000714753,,,Weather Extremes,-0.549389414024353,believer,male,,not aggressive
2018-09-13 12:46:50+00:00,1040220257766391808,,,Donald Trump versus Science,-0.0252363717556,believer,male,,aggressive
2018-03-10 11:06:18+00:00,972428425599348736,,,Weather Extremes,0.0263926131963729,believer,male,,aggressive
2019-05-14 07:14:23+00:00,1128196844478136320,-2.9748900000000003,56.46913000000001,Global stance,0.6348565402226014,believer,female,4.607621,not aggressive
2014-04-29 14:17:01+00:00,461147144918171648,-81.63261999999997,38.34982,Ideological Positions on Global Warming,-0.4730749891757965,denier,female,1.6383702,not aggressive
2018-09-26 19:04:45+00:00,1045026406806237184,-79.4163,43.70011,Global stance,-0.0613321959972381,denier,male,8.552754,aggressive
2011-10-26 19:43:47+00:00,129282091593633792,,,Weather Extremes,-0.0594582682176069,neutral,female,,not aggressive
2018-04-07 04:59:32+00:00,982482986837925888,,,Global stance,-0.6963803209225337,believer,male,,aggressive
2018-05-11 01:10:53+00:00,994746632800522241,,,Undefined / One Word Hashtags,0.5219808106184005,believer,female,,not aggressive
2018-06-12 02:30:22+00:00,1006363046531432448,,,Donald Trump versus Science,-0.4258427952289581,believer,male,,not aggressive
2019-05-01 18:31:09+00:00,1123656117936988160,-105.9377997,35.68699960000001,Global stance,0.4488639533519745,believer,male,2.7525234,not aggressive
2010-06-30 22:11:02+00:00,17445036357,-117.2742,32.84727,Seriousness of Gas Emissions,0.4970403262586304,believer,male,-0.5165939,not aggressive
2009-12-08 13:06:20+00:00,6462786792,,,Donald Trump versus Science,-0.5651516320792112,denier,male,,aggressive
2010-08-11 21:16:19+00:00,20917230958,-118.755997,36.7014631,Undefined / One Word Hashtags,-0.2665075217247009,believer,male,-2.9325266,not aggressive
2018-02-01 18:56:14+00:00,959138340317679616,-85.39049000000001,31.22323,Importance of Human Intervantion,-0.1076083100398381,believer,female,1.2803234,aggressive
2018-07-08 23:20:08+00:00,1016099646706511872,-74.0060152,40.7127281,Seriousness of Gas Emissions,-0.2431425254583358,believer,male,1.4386175,aggressive
2018-11-28 20:14:59+00:00,1067874518360879104,-83.92102609999998,35.960394799999996,Politics,-0.6539572062969208,believer,female,3.2722282000000003,not aggressive
2019-05-03 22:03:02+00:00,1124434215125311489,-71.05977,42.358430000000006,Undefined / One Word Hashtags,0.3818055838346481,believer,male,2.2066703,not aggressive
2015-08-13 20:00:22+00:00,631918234078457856,,,Politics,-0.1113239228725433,believer,male,,aggressive
2018-06-05 19:01:20+00:00,1004075716391170048,-75.690308,45.421105999999995,Global stance,0.5670065952777863,believer,male,7.119825,not aggressive
2018-05-14 16:58:14+00:00,996072203710955520,,,Global stance,0.5124071389436722,believer,male,,not aggressive
2016-09-02 06:16:02+00:00,771592500104404992,,,Global stance,-0.0063499075651168,believer,male,,aggressive
2018-03-27 20:07:10+00:00,978725136135225354,,,Global stance,0.0616007764036005,believer,male,,not aggressive
2018-05-30 01:20:07+00:00,1001634327375921152,,,Global stance,0.5276813407421111,believer,male,,not aggressive
2018-12-23 22:21:26+00:00,1076966036380045312,,,Politics,-0.2506000826199849,believer,male,,aggressive
2019-04-28 13:22:26+00:00,1122491260449636352,,,Politics,0.0519142475843429,denier,male,,aggressive
2017-12-30 12:21:59+00:00,947080323459887105,,,Weather Extremes,-0.62057765787329,believer,male,,not aggressive
2018-12-06 04:36:47+00:00,1070537512014241792,,,Politics,-0.4102688369989395,believer,female,,not aggressive
2019-04-23 21:59:24+00:00,1120809422425677825,-81.4639835,27.7567667,Seriousness of Gas Emissions,0.1935104583978653,believer,male,0.39506483,aggressive
2017-12-30 10:07:58+00:00,947046594255261696,,,Global stance,-0.5753436984300613,believer,female,,not aggressive
2018-09-16 08:53:50+00:00,1041248784569786368,-73.68346209999999,41.0192641,Global stance,0.4951492697000503,believer,male,1.6331238,not aggressive
2018-06-01 15:54:23+00:00,1002579119119454208,-1.7809400000000002,52.414260000000006,Seriousness of Gas Emissions,-0.0873525887727737,believer,male,4.8523903,aggressive
2016-07-08 14:22:02+00:00,751421087154515968,-155.80194,20.23389,Impact of Resource Overconsumption,-0.2589170544624328,believer,male,0.42992097,aggressive
2014-11-22 14:05:46+00:00,536158599026728960,,,Global stance,0.0260908104181289,believer,male,,not aggressive
2017-11-18 03:04:47+00:00,931719807946448896,,,Donald Trump versus Science,-0.6133021393378576,believer,female,,not aggressive
2018-06-13 08:00:38+00:00,1006808551606706177,,,Undefined / One Word Hashtags,-0.1752205342054367,believer,male,,not aggressive
2010-06-21 04:16:29+00:00,16668223258,,,Importance of Human Intervantion,0.595153266787529,neutral,female,,not aggressive
2018-02-03 21:49:03+00:00,959906605088243716,,,Importance of Human Intervantion,0.3616711978038152,believer,male,,not aggressive
2016-01-25 12:58:03+00:00,691605952907366400,5.56749,50.63373000000001,Impact of Resource Overconsumption,0.4688894003629684,neutral,female,7.355147,not aggressive
2017-02-08 16:25:30+00:00,829365551440859136,,,Global stance,0.2722015529870987,believer,male,,not aggressive
2016-03-07 02:41:24+00:00,706671060083560448,-117.16472,32.715709999999994,Importance of Human Intervantion,0.1594727898995081,believer,female,-2.199056,not aggressive
2015-08-11 12:16:16+00:00,631076666740092928,,,Undefined / One Word Hashtags,-0.5683796396255494,believer,female,,not aggressive
2018-12-14 11:58:31+00:00,1073547781695041536,,,Global stance,0.3783000260591507,believer,female,,not aggressive
2019-06-10 15:13:51+00:00,1138101980239400960,,,Donald Trump versus Science,-0.4485065191984176,believer,male,,not aggressive
2019-01-02 14:17:27+00:00,1080468117296279552,,,Importance of Human Intervantion,-0.1895980235576629,believer,male,,not aggressive
2019-04-24 20:51:53+00:00,1121154820080054272,,,Importance of Human Intervantion,0.6662352206230163,believer,female,,not aggressive
2017-11-09 03:05:29+00:00,928458491932610560,23.78712,61.49911,Donald Trump versus Science,-0.4430389394044876,believer,female,4.5426464000000015,aggressive
2013-09-12 11:33:48+00:00,378119246708211712,,,Weather Extremes,-0.0006254331827163,neutral,male,,not aggressive
2017-12-03 11:14:54+00:00,937278966565568514,,,Donald Trump versus Science,0.4126452952623367,believer,female,,not aggressive
2009-04-07 04:33:10+00:00,1467614501,-117.85311000000002,33.78779,Importance of Human Intervantion,0.7634525545358658,believer,male,0.46960956,not aggressive
2018-03-10 21:32:04+00:00,972585904605888512,,,Politics,-0.4376566231250762,neutral,female,,aggressive
2017-11-13 11:44:23+00:00,930038630151843840,-73.87859370000002,40.8466508,Significance of Pollution Awareness Events,-0.6669024802684784,believer,male,-3.193765,not aggressive
2009-10-10 02:36:35+00:00,4751809233,,,Weather Extremes,0.4735881421089172,neutral,male,,not aggressive
2010-02-01 05:14:37+00:00,8486490060,,,Weather Extremes,0.4086679168065389,neutral,male,,aggressive
2015-03-14 03:22:37+00:00,576584188385714176,,,Importance of Human Intervantion,-0.5426980276584625,believer,female,,aggressive
2018-04-25 12:42:44+00:00,989122535236227072,10.7389701,59.9133301,Importance of Human Intervantion,-0.4973820894956589,believer,female,0.7376753,not aggressive
2017-10-16 11:02:09+00:00,919881144107192321,,,Global stance,-0.4213074945211411,believer,male,,not aggressive
2018-01-03 11:35:44+00:00,948518233736470528,,,Global stance,-0.0806385665893554,believer,male,,not aggressive
2018-02-02 07:25:57+00:00,959327012472213505,,,Global stance,-0.5161597467422485,believer,female,,not aggressive
2018-04-14 16:21:07+00:00,985191227824988160,-79.93565889999999,35.994105299999994,Seriousness of Gas Emissions,0.575744724869728,believer,male,4.9227414000000005,not aggressive
2012-03-19 18:27:19+00:00,181809088429174784,-79.38393470000003,43.6534817,Weather Extremes,0.0897331352472305,neutral,male,14.882927,not aggressive
2018-01-24 08:38:35+00:00,956083797757431810,,,Global stance,-0.2142795947551727,believer,male,,aggressive
2018-02-10 01:55:04+00:00,962142843077824514,,,Undefined / One Word Hashtags,-0.4870708506345749,believer,male,,aggressive
2019-01-02 23:21:24+00:00,1080605004774473728,-80.19366000000001,25.77427,Politics,-0.267779104701678,believer,female,0.61159164,not aggressive
2010-06-04 15:02:11+00:00,15421518770,-74.12338501670477,41.31726875,Global stance,-0.2096420216480891,believer,male,5.1350055,aggressive
2017-12-10 10:38:12+00:00,939806445608071168,-86.00097699999999,50.000678,Global stance,0.1288782209157943,believer,male,-7.0006020000000015,not aggressive
2015-08-03 06:23:34+00:00,628088800523104256,,,Global stance,0.0982804564608468,believer,male,,not aggressive
2019-05-07 10:53:03+00:00,1125715158775541760,,,Global stance,0.0081907850450939,believer,female,,not aggressive
2016-09-03 12:02:48+00:00,772042154248138752,,,Global stance,-0.573139118051529,believer,male,,not aggressive
2019-04-22 12:47:26+00:00,1120308126077607937,,,Politics,0.8277839142243067,believer,male,,aggressive
2018-06-12 12:41:00+00:00,1006516718792007680,,,Seriousness of Gas Emissions,0.4834939107735952,neutral,female,,not aggressive
2018-12-02 06:24:46+00:00,1069115137561411585,,,Global stance,0.3122964560588201,believer,male,,not aggressive
2018-04-26 12:56:42+00:00,989488439589523457,,,Politics,0.0469294637441635,believer,male,,not aggressive
2017-11-16 00:21:50+00:00,930954024530141184,-73.16937,44.015530000000005,Global stance,0.8126881034851074,believer,male,1.5931517,aggressive
2017-12-28 02:54:29+00:00,946212729970343936,,,Global stance,-0.3587601398706436,believer,female,,not aggressive
2016-01-10 21:48:20+00:00,686303587345932288,144.96331999999995,-37.814,Importance of Human Intervantion,0.622505996632576,believer,male,4.006245,not aggressive
2018-12-28 21:08:15+00:00,1078759557005017088,,,Importance of Human Intervantion,-0.4250857532024383,denier,male,,aggressive
2019-04-21 11:43:24+00:00,1119929625671602177,-79.03929190000002,35.6729639,Politics,-0.5032881654024124,believer,female,3.674081,not aggressive
2017-11-08 16:17:06+00:00,928295322345984002,,,Global stance,-0.0098170240720112,believer,male,,not aggressive
2018-12-26 17:36:49+00:00,1077981574602375168,-82.57231929999999,27.6886419,Global stance,-0.0637981893936793,believer,male,0.217859,not aggressive
2018-12-06 01:47:07+00:00,1070494816541335554,,,Global stance,-0.098123754954338,believer,female,,aggressive
2019-04-17 17:44:46+00:00,1118571014001188865,,,Global stance,-0.2959728996992111,believer,male,,not aggressive
2018-01-08 21:30:00+00:00,950479727357079552,,,Ideological Positions on Global Warming,0.4449046999216079,believer,male,,not aggressive
2017-12-14 04:55:07+00:00,941169658991992832,,,Weather Extremes,0.4017439599275589,neutral,male,,aggressive
2018-12-31 02:20:12+00:00,1079562836987334656,,,Weather Extremes,-0.365700177359581,believer,male,,not aggressive
2012-06-29 00:23:51+00:00,218499986890031104,-77.34828279999998,38.890769299999995,Undefined / One Word Hashtags,-0.3978014301300049,denier,male,4.779049400000001,aggressive
2018-12-03 23:49:47+00:00,1069740510842040321,-119.27181570000002,50.26686710000001,Importance of Human Intervantion,-0.2804415924787521,believer,male,-2.3886554,not aggressive
2018-04-16 14:50:29+00:00,985893194587131905,,,Global stance,0.0431901690634814,believer,male,,not aggressive
2018-04-10 07:30:40+00:00,983608186769944577,,,Politics,-0.3949356079101562,believer,male,,aggressive
2017-12-17 18:51:14+00:00,942467239235768321,-86.8295337,33.258881699999996,Politics,-0.4266600770235061,denier,male,-1.8953418,not aggressive
2018-08-27 13:54:11+00:00,1034076613896544257,23.7603118,61.49802140000001,Undefined / One Word Hashtags,0.4819649308919906,believer,female,2.2181358,not aggressive
2016-06-24 01:30:36+00:00,746153519581921280,,,Global stance,0.472849684548378,believer,male,,aggressive
2016-05-20 22:28:37+00:00,733786532868415488,-97.74306,30.26715,Global stance,0.6958465546369552,believer,female,-3.6592526,not aggressive
2019-05-01 18:37:27+00:00,1123657702708850688,-1.4042800000000002,50.90395,Undefined / One Word Hashtags,0.3687120971260649,believer,male,3.6862075,not aggressive
2017-12-07 05:34:11+00:00,938642777574969344,,,Impact of Resource Overconsumption,-0.623041309846772,believer,female,,aggressive
2018-01-14 16:16:58+00:00,952575274926919681,2.3514616000000004,48.8566969,Seriousness of Gas Emissions,-0.3669689148664474,neutral,female,0.6422475000000001,not aggressive
2019-05-15 01:15:46+00:00,1128468982443511809,,,Ideological Positions on Global Warming,-0.4595002830028534,believer,female,,not aggressive
2010-05-04 04:27:34+00:00,13346735618,,,Importance of Human Intervantion,0.6470176492849985,believer,male,,aggressive
2015-01-15 00:21:20+00:00,555520068608483328,,,Politics,0.1163270128568013,believer,male,,aggressive
2018-08-30 06:09:41+00:00,1035046882999980032,151.20731999999995,-33.867850000000004,Importance of Human Intervantion,-0.0087299793958664,believer,undefined,-1.3413349,not aggressive
2018-08-31 19:41:07+00:00,1035613471801364480,,,Global stance,-0.2295281332969665,believer,male,,not aggressive
2018-06-05 17:15:02+00:00,1004048965883424771,-121.68463490000002,37.2333253,Undefined / One Word Hashtags,0.1037727713779969,believer,female,-4.2413354000000005,aggressive
2014-10-24 10:06:09+00:00,525589049638002688,,,Seriousness of Gas Emissions,-0.3154435147762299,denier,male,,not aggressive
2018-01-01 23:03:03+00:00,947966427834847232,,,Weather Extremes,-0.4604011331558227,denier,female,,not aggressive
2018-05-08 13:41:19+00:00,993848322598334464,,,Global stance,-0.5321021298646927,believer,male,,not aggressive
2014-11-29 08:12:58+00:00,538606532842102784,,,Weather Extremes,0.458800774359703,neutral,female,,not aggressive
2016-10-12 12:12:16+00:00,786177664042278912,,,Importance of Human Intervantion,-0.2249052252531051,believer,male,,not aggressive
2018-09-13 20:26:45+00:00,1040336000776515584,,,Importance of Human Intervantion,-0.4770973016818364,believer,male,,not aggressive
2018-03-01 14:20:13+00:00,969215738069356544,-77.04616,38.904062,Global stance,0.6292805026054381,believer,female,5.557253,not aggressive
2019-04-18 05:08:38+00:00,1118743113361707008,,,Importance of Human Intervantion,0.523475314617157,believer,male,,not aggressive
2016-10-17 23:46:16+00:00,788164254650236928,-81.37924000000001,28.53834,Global stance,-0.0082707405090332,believer,male,1.8635622,not aggressive
2019-05-19 06:47:58+00:00,1130002136018903040,-0.84967,52.79572,Importance of Human Intervantion,-0.7356487400391746,denier,male,4.336858,not aggressive
2014-02-28 05:05:16+00:00,439265020799496192,,,Weather Extremes,-0.484621524810791,neutral,female,,not aggressive
2018-03-30 16:53:59+00:00,979763680488378369,,,Global stance,0.6818885089874267,believer,male,,not aggressive
2016-10-31 03:51:23+00:00,792936981709721600,,,Weather Extremes,-0.2627536451339721,believer,male,,not aggressive
2015-12-11 19:27:50+00:00,675396590253641728,,,Politics,0.0209240514914194,denier,male,,not aggressive
2017-12-15 15:18:42+00:00,941688976938807296,-87.65005000000001,41.85003,Importance of Human Intervantion,0.58170700237751,believer,male,-2.4894176,not aggressive
2019-04-17 16:58:02+00:00,1118559252715573248,,,Weather Extremes,-0.4667606537977854,believer,male,,not aggressive
2015-02-28 23:19:25+00:00,571811942106591232,,,Importance of Human Intervantion,0.5195730179548264,believer,male,,aggressive
2018-05-09 02:26:29+00:00,994040883329847296,,,Importance of Human Intervantion,-0.6880137258211773,believer,female,,aggressive
2016-10-19 13:26:53+00:00,788733157973557248,-71.05977,42.358430000000006,Importance of Human Intervantion,0.1043081169843673,believer,male,8.052057000000001,not aggressive
2018-12-27 04:38:23+00:00,1078148063305306113,,,Significance of Pollution Awareness Events,0.2667134423732757,believer,female,,not aggressive
2017-11-16 16:46:34+00:00,931201839260987393,,,Global stance,0.4302193075418472,believer,male,,not aggressive
2019-01-07 03:53:56+00:00,1082123142531710977,,,Global stance,-0.4119549264192581,denier,male,,aggressive
2017-12-29 12:38:21+00:00,946722055235317765,,,Importance of Human Intervantion,-0.5007517821788788,believer,female,,aggressive
2018-08-30 00:51:05+00:00,1034966704839831552,,,Global stance,0.7200212958733241,believer,male,,not aggressive
2011-04-14 19:24:42+00:00,58611657940811776,,,Weather Extremes,0.0273778061469395,believer,undefined,,aggressive
2018-01-27 18:33:22+00:00,957320645288734722,-83.92074000000002,35.96064000000001,Donald Trump versus Science,-0.4436092615127563,denier,male,3.8863668,aggressive
2018-01-29 19:15:24+00:00,958055998203355136,,,Donald Trump versus Science,-0.7475697350422541,believer,female,,aggressive
2008-03-27 21:56:52+00:00,778229449,,,Weather Extremes,0.2385730834563573,denier,female,,not aggressive
2017-12-30 06:34:59+00:00,946992995454173184,174.76349000000002,-36.84853,Weather Extremes,-0.2982477909020015,neutral,male,0.54867417,not aggressive
2018-12-23 16:03:54+00:00,1076871026074636288,,,Global stance,-0.1078788764052921,believer,male,,not aggressive
2018-12-30 17:43:30+00:00,1079432804990095360,,,Importance of Human Intervantion,0.5374009988307953,believer,male,,not aggressive
2018-02-28 10:15:07+00:00,968791668408414208,,,Global stance,0.1814593149662018,believer,male,,not aggressive
2015-06-24 13:26:13+00:00,613699650965667840,-73.94958000000003,40.6501,Weather Extremes,0.029398393177986,believer,female,1.7811596,aggressive
2018-09-26 22:34:17+00:00,1045079134798397440,-122.42349000000002,37.77239,Weather Extremes,-0.5228993270874024,believer,male,-3.5773523000000003,not aggressive
2017-12-06 17:41:12+00:00,938463346893959168,,,Weather Extremes,0.02485813498497,believer,undefined,,not aggressive
2018-02-09 12:02:37+00:00,961933352877076480,,,Global stance,0.6942933680433215,believer,male,,not aggressive
2015-09-04 22:37:15+00:00,639930249703129088,-74.00596999999998,40.714270000000006,Global stance,0.7697385959625244,believer,male,4.988379,aggressive
2014-05-16 19:55:21+00:00,467392881997541376,-118.242766,34.0536909,Weather Extremes,0.4710498566865921,neutral,male,8.040171,aggressive
2017-12-26 20:43:34+00:00,945756998779498496,,,Importance of Human Intervantion,0.0370350195602937,believer,female,,not aggressive
2019-05-02 12:50:20+00:00,1123932737403015168,55.18876088183319,25.0750095,Undefined / One Word Hashtags,0.5705129414796829,believer,male,2.7526066000000005,not aggressive
2018-06-30 23:16:21+00:00,1013199591708200960,,,Global stance,0.0081435699701309,believer,female,,not aggressive
2017-09-30 14:34:31+00:00,914136379449372674,,,Weather Extremes,-0.7086968555053075,believer,male,,aggressive
2009-10-25 06:51:23+00:00,5142242715,,,Weather Extremes,-0.6853541506767273,neutral,male,,not aggressive
2018-08-23 00:28:59+00:00,1032424428687175680,151.2164539,-33.854815699999996,Importance of Human Intervantion,0.0915223953485489,believer,male,-1.3413349,aggressive
2017-10-19 08:03:35+00:00,920923366567174144,,,Global stance,0.6191576719284058,neutral,male,,not aggressive
2018-10-21 11:47:18+00:00,1053976016643911687,9.18951,45.464270000000006,Donald Trump versus Science,-0.5117407273928325,believer,male,2.7780156000000003,aggressive
2013-05-06 05:51:09+00:00,331284983136284672,,,Weather Extremes,0.4847056260108948,neutral,undefined,,not aggressive
2011-11-03 22:34:03+00:00,132224045415542784,-74.0060152,40.7127281,Global stance,-0.617192027926445,believer,male,-0.46430314,not aggressive
2018-03-12 07:02:42+00:00,973091896762556418,,,Global stance,0.5530765569210052,believer,male,,not aggressive
2015-05-07 00:20:00+00:00,596107175023415296,,,Global stance,-0.4164495170116424,neutral,female,,aggressive
2017-09-30 16:01:58+00:00,914158387537092608,,,Politics,-0.1231520026922226,believer,male,,aggressive
2019-05-05 22:20:59+00:00,1125163510009348097,5.3810699999999985,43.29695,Global stance,0.3181014766693115,believer,male,0.07053412,aggressive
2017-12-29 10:11:34+00:00,946685114825797632,,,Weather Extremes,-0.3569884132385253,denier,male,,not aggressive
2018-01-02 18:58:02+00:00,948267154436165632,,,Weather Extremes,-0.0023564730644226,neutral,male,,not aggressive
2018-03-26 10:29:44+00:00,978217430093844480,,,Undefined / One Word Hashtags,-0.4714205712080002,believer,female,,not aggressive
2017-12-30 20:55:10+00:00,947209470110851072,,,Politics,0.2945123936653137,believer,undefined,,not aggressive
2017-11-28 06:28:22+00:00,935394920566804480,,,Global stance,-0.4728341400305429,believer,female,,aggressive
2009-12-02 06:28:05+00:00,6262150574,,,Global stance,0.1336256512429979,neutral,male,,aggressive
2018-02-12 10:41:46+00:00,963000169791918080,,,Seriousness of Gas Emissions,0.1811110802650452,believer,male,,not aggressive
2018-11-27 15:48:46+00:00,1067445133510156288,,,Ideological Positions on Global Warming,-0.5815750818252563,denier,male,,aggressive
2018-11-26 18:10:08+00:00,1067118319340322819,,,Seriousness of Gas Emissions,-0.5865549613714218,believer,female,,not aggressive
2011-04-08 11:22:52+00:00,56316071078150144,,,Weather Extremes,0.4776055735588073,believer,female,,not aggressive
2018-12-19 18:27:49+00:00,1075457690271444993,,,Weather Extremes,0.7276943618297578,neutral,male,,not aggressive
2016-02-07 12:12:40+00:00,696305577144651776,,,Seriousness of Gas Emissions,-0.2219066541433334,believer,female,,not aggressive
2018-04-17 02:01:26+00:00,986062045203386369,-84.6824346,43.6211955,Weather Extremes,-0.6396184036095937,believer,male,-8.483698,not aggressive
2019-01-04 20:34:02+00:00,1081287660394561536,,,Ideological Positions on Global Warming,-0.1665656477212906,believer,male,,not aggressive
2017-12-31 01:52:47+00:00,947284366459330560,,,Weather Extremes,-0.62057765787329,believer,female,,not aggressive
2017-09-10 01:45:33+00:00,906695104882122752,-118.755997,36.7014631,Global stance,-0.6494106679677962,believer,female,1.4335045,aggressive
2018-03-23 02:43:49+00:00,977013013847986178,,,Donald Trump versus Science,0.1846374732017517,believer,male,,not aggressive
2019-05-06 11:33:49+00:00,1125363031372775425,115.8614,-31.952240000000007,Seriousness of Gas Emissions,-0.1099028885364532,denier,male,-0.5194188,not aggressive
2015-11-02 12:50:05+00:00,661163366354808832,,,Global stance,-0.0953424274921417,believer,male,,not aggressive
2019-05-14 12:14:44+00:00,1128272432127778817,-93.3036786,38.2930723,Seriousness of Gas Emissions,-0.4863847857713699,believer,male,4.517479,not aggressive
2015-07-24 21:42:56+00:00,624696292107792384,,,Importance of Human Intervantion,0.0704311430454254,believer,male,,not aggressive
2018-03-16 02:05:39+00:00,974466693614460928,,,Politics,-0.061824732689424,believer,male,,aggressive
2017-09-12 11:13:21+00:00,907562774267613184,,,Politics,-0.4204289644956588,believer,male,,aggressive
2017-09-28 22:50:09+00:00,913536333825691648,-77.0365427,38.89503679999999,Seriousness of Gas Emissions,-0.5811710700035095,neutral,female,6.4218283,not aggressive
2009-05-05 20:31:09+00:00,1709687735,,,Weather Extremes,-0.0643143961906432,neutral,male,,not aggressive
2010-02-17 23:06:31+00:00,9255800932,,,Ideological Positions on Global Warming,-0.1286924516677856,denier,female,,aggressive
2019-05-01 03:26:24+00:00,1123428430744145920,,,Politics,0.2484083439350128,denier,female,,aggressive
2010-02-03 20:56:49+00:00,8602838569,-80.26317329999999,43.1408157,Weather Extremes,0.5443466409887586,neutral,male,1.8797925,aggressive
2018-03-28 02:35:59+00:00,978822981534343168,,,Undefined / One Word Hashtags,0.3875894546508789,believer,male,,aggressive
2015-06-01 00:42:34+00:00,605172552537735168,,,Global stance,0.3627109676599502,neutral,male,,not aggressive
2019-03-03 06:28:46+00:00,1102093439993294848,,,Politics,-0.5235053167740503,believer,male,,not aggressive
2019-05-15 14:17:36+00:00,1128665740423438336,1.44367,43.60426,Undefined / One Word Hashtags,0.4623039762179057,believer,male,0.42370644,aggressive
2015-08-31 21:15:54+00:00,638460226677682176,-75.690308,45.421105999999995,Global stance,0.1356477290391922,believer,female,3.5061975,aggressive
2017-12-15 22:52:31+00:00,941803184951046149,,,Importance of Human Intervantion,0.0193617035627365,believer,male,,not aggressive
2018-04-06 04:01:33+00:00,982106008754376705,,,Global stance,-0.2788464327335357,believer,male,,aggressive
2015-06-04 15:53:58+00:00,606489074560548864,,,Global stance,-0.0676369100809097,neutral,male,,not aggressive
2018-09-29 01:30:50+00:00,1045848343006478337,-114.08529,51.05011,Politics,-0.5663432033777236,denier,male,-2.89827,aggressive
2015-06-18 02:51:13+00:00,611365519376150528,2.3514616000000004,48.8566969,Global stance,-0.4563800543546676,neutral,male,0.118007086,aggressive
2018-11-30 22:34:54+00:00,1068634504900763648,-110.92648,32.221740000000004,Weather Extremes,0.7151712049722672,neutral,female,1.3614044,not aggressive
2018-12-30 14:29:48+00:00,1079384060173213697,,,Donald Trump versus Science,0.0665150921106338,neutral,male,,not aggressive
2018-12-09 17:59:54+00:00,1071826787066355712,-73.96625,40.78343,Global stance,-0.3347763187612806,believer,female,0.76935184,not aggressive
2018-02-03 17:24:19+00:00,959839984441274368,13.41053,52.524370000000005,Donald Trump versus Science,-0.6909573522170385,denier,male,0.6947485999999999,aggressive
2018-04-21 22:33:57+00:00,987821770060132352,,,Importance of Human Intervantion,0.6952757128238679,neutral,male,,not aggressive
2019-05-08 10:19:11+00:00,1126069023723016194,,,Politics,0.060447932934761,neutral,male,,not aggressive
2018-12-23 05:51:53+00:00,1076717007775633408,,,Global stance,0.4166685207049052,believer,female,,not aggressive
2017-10-20 15:43:18+00:00,921401447853457409,0.71111,52.246300000000005,Weather Extremes,-0.1084122011423111,believer,male,2.4940722,not aggressive
2019-05-08 14:30:06+00:00,1126132170593009664,-1.3852499932684972,53.98252710000001,Donald Trump versus Science,0.6855807148218155,believer,male,4.9769745,not aggressive
2018-12-30 11:40:07+00:00,1079341359192928257,,,Significance of Pollution Awareness Events,-0.6115626487016679,believer,male,,not aggressive
2009-11-06 02:16:17+00:00,5467532600,,,Importance of Human Intervantion,-0.1123218357801437,neutral,male,,aggressive
2015-01-16 18:56:10+00:00,556163015955845120,,,Politics,-0.1941614305973052,believer,female,,not aggressive
2016-01-28 10:58:08+00:00,692662938331643904,,,Global stance,-0.3434681415557861,denier,male,,aggressive
2018-09-02 22:49:39+00:00,1036385694170656768,-82.5001,28.75054,Importance of Human Intervantion,0.0201037612597147,believer,male,0.35680318,not aggressive
2018-09-27 02:56:13+00:00,1045145053469892608,,,Ideological Positions on Global Warming,0.3861195454597473,believer,male,,not aggressive
2019-01-01 10:54:01+00:00,1080054533206757376,,,Global stance,-0.2896112019300461,believer,male,,not aggressive
2017-12-04 23:39:50+00:00,937828823969787904,,,Weather Extremes,0.02485813498497,believer,undefined,,not aggressive
2016-05-20 11:46:16+00:00,733624879510081536,,,Undefined / One Word Hashtags,0.8524615031242371,believer,male,,not aggressive
2018-08-24 16:39:14+00:00,1033030984709500928,,,Global stance,0.2059272028923034,denier,female,,aggressive
2019-04-14 21:33:51+00:00,1117541502060613632,153.02809000000002,-27.46794,Politics,-0.253841383600235,neutral,male,-2.4097216,not aggressive
2018-04-19 16:38:30+00:00,987007541384286208,-81.03481000000001,34.000710000000005,Global stance,0.4906089170412583,believer,male,3.8426964,not aggressive
2019-04-27 13:34:09+00:00,1122131823469817857,,,Weather Extremes,0.2473590367476145,believer,male,,aggressive
2018-05-08 16:08:56+00:00,993885472467378177,,,Seriousness of Gas Emissions,-0.1750562224626541,believer,female,,not aggressive
2009-11-29 20:03:08+00:00,6178287185,,,Weather Extremes,-0.1173712175766626,neutral,male,,not aggressive
2016-01-08 08:19:02+00:00,685375143175061504,-120.737257,43.9792797,Global stance,0.0079271265181628,neutral,male,-0.08340199,not aggressive
2015-07-17 11:29:47+00:00,622005268709249024,,,Impact of Resource Overconsumption,0.6180730378866196,believer,female,,aggressive
2017-10-17 00:30:03+00:00,920084458325155840,,,Seriousness of Gas Emissions,0.4885398473262787,believer,female,,not aggressive
2018-08-13 23:25:45+00:00,1029147023189176320,,,Significance of Pollution Awareness Events,-0.3897004932165145,believer,male,,not aggressive
2017-12-29 01:49:24+00:00,946558739774980096,-122.3558473,37.7884969,Weather Extremes,-0.6403478357553481,believer,male,2.0077944,not aggressive
2018-04-09 08:18:05+00:00,983257729136513024,,,Undefined / One Word Hashtags,0.4054920185565948,believer,male,,not aggressive
2017-10-22 01:23:32+00:00,921909854943531014,0.1220898930123415,52.1994445,Politics,-0.3025323721495542,neutral,female,0.6324804,not aggressive
2010-05-31 09:37:51+00:00,15097328011,,,Global stance,-0.8036581575711568,neutral,male,,aggressive
2017-12-05 00:13:56+00:00,937837406761439232,-84.38798000000001,33.749,Weather Extremes,0.02485813498497,believer,female,5.9433370000000005,not aggressive
2018-03-31 22:35:22+00:00,980211982791004162,,,Politics,-0.2911413322925568,believer,male,,aggressive
2017-11-14 01:56:29+00:00,930253067391340544,-122.33207000000002,47.60621,Weather Extremes,0.4809978420972824,denier,male,1.3811827,not aggressive
2018-08-27 11:46:40+00:00,1034044523788161024,151.20731999999995,-33.867850000000004,Global stance,-0.4272596687078476,neutral,male,-1.3413349,not aggressive
2018-04-25 20:45:29+00:00,989244023259975681,,,Significance of Pollution Awareness Events,0.8834287687540054,believer,male,,not aggressive
2017-10-11 08:53:24+00:00,918036802275037184,,,Global stance,0.3186769187450409,believer,female,,aggressive
2017-12-31 09:14:41+00:00,947395575401648128,,,Global stance,0.5749832589944204,believer,male,,not aggressive
2017-06-12 07:23:55+00:00,874165350157471744,,,Ideological Positions on Global Warming,0.5874913523742131,believer,female,,not aggressive
2019-04-19 19:11:09+00:00,1119317530835734528,,,Donald Trump versus Science,0.1241898056268692,denier,male,,aggressive
2012-09-01 03:46:53+00:00,241743908042854400,,,Ideological Positions on Global Warming,-0.4372420792341232,believer,male,,not aggressive
2010-05-24 04:27:17+00:00,14601927734,,,Global stance,0.5495363414287566,believer,male,,not aggressive
2019-04-27 17:25:32+00:00,1122190052308598789,,,Weather Extremes,-0.2906358395099639,denier,male,,not aggressive
2019-05-16 22:49:55+00:00,1129157056500555776,,,Politics,0.2156858880996703,neutral,female,,aggressive
2019-04-24 22:42:51+00:00,1121182743902056448,,,Importance of Human Intervantion,-0.5985141624212265,neutral,male,,not aggressive
2018-03-29 20:53:14+00:00,979461501735104518,,,Weather Extremes,-0.6716976305405298,believer,male,,not aggressive
2017-04-23 11:33:38+00:00,856108802101452800,,,Importance of Human Intervantion,0.0401022434234618,believer,female,,aggressive
2010-06-24 03:45:23+00:00,16901114567,,,Global stance,0.0181210438410441,neutral,male,,not aggressive
2011-08-23 15:27:09+00:00,106024684755230720,,,Ideological Positions on Global Warming,0.0271059240341186,neutral,male,,not aggressive
2010-02-15 20:55:23+00:00,9155632348,,,Weather Extremes,-0.7386418336020576,believer,male,,not aggressive
2019-04-24 04:21:02+00:00,1120905463237939200,-78.4927721,37.1232245,Politics,0.1373028169393539,believer,male,4.3136897,not aggressive
2015-04-14 22:28:46+00:00,588106650596339712,,,Importance of Human Intervantion,0.6639138988256454,believer,female,,not aggressive
2019-05-12 03:25:54+00:00,1127414569582845952,,,Donald Trump versus Science,-0.6328946183204651,denier,female,,not aggressive
2010-03-01 04:31:11+00:00,9810171436,,,Weather Extremes,0.0197859191258748,denier,male,,aggressive
2018-08-21 16:25:25+00:00,1031940344839991297,,,Importance of Human Intervantion,-0.5209608755350114,believer,male,,not aggressive
2018-02-15 08:05:08+00:00,964047913495113729,,,Donald Trump versus Science,0.7712330337524413,believer,male,,not aggressive
2018-01-20 16:45:29+00:00,954756779673468929,,,Global stance,-0.1512805783987045,neutral,female,,not aggressive
2019-04-30 18:14:04+00:00,1123289431497150465,,,Donald Trump versus Science,-0.0715464651584625,believer,female,,not aggressive
2019-05-04 17:59:26+00:00,1124735299605684226,,,Importance of Human Intervantion,-0.4017004195928573,believer,female,,not aggressive
2018-03-21 04:45:06+00:00,976318759932604416,-0.1276474,51.5073219,Global stance,0.604005629825592,believer,male,-2.2150416,not aggressive
2019-05-04 20:14:01+00:00,1124769166353928192,,,Global stance,0.0249877068281173,believer,undefined,,not aggressive
2019-05-29 14:32:08+00:00,1133742827509182464,,,Weather Extremes,-0.6365777543147405,believer,male,,not aggressive
2018-12-14 08:00:04+00:00,1073487776207769600,,,Politics,-0.4332545548677444,believer,female,,aggressive
2018-05-16 09:12:37+00:00,996679805537005568,,,Global stance,0.5017803620576858,believer,female,,not aggressive
2018-10-05 21:36:48+00:00,1048326162160730112,,,Global stance,0.4845483005046845,believer,male,,not aggressive
2015-12-12 08:07:37+00:00,675587798058057728,,,Seriousness of Gas Emissions,-0.2407132901827494,believer,male,,not aggressive
2018-06-07 23:54:08+00:00,1004874176610668544,-74.24015,40.829820000000005,Significance of Pollution Awareness Events,0.3316192626953125,believer,male,1.4386175,not aggressive
2018-07-05 02:30:05+00:00,1014697896430718977,,,Seriousness of Gas Emissions,-0.2883277982473373,believer,female,,not aggressive
2017-10-25 13:48:32+00:00,923184505493606400,,,Global stance,0.096785771575841,neutral,female,,aggressive
2018-11-28 19:26:28+00:00,1067862305952735233,-86.5859011,34.729847,Politics,-0.4043940721458859,believer,female,2.8304992,not aggressive
2018-03-05 02:18:56+00:00,970483771123236865,,,Donald Trump versus Science,-0.3229561988592148,denier,female,,not aggressive
2017-11-30 07:18:54+00:00,936132412521803776,13.19321,55.70584,Politics,0.6162345108747482,believer,male,-1.2483635,aggressive
2009-11-27 09:52:48+00:00,6108110014,,,Weather Extremes,0.1608476352453232,believer,male,,not aggressive
2014-07-15 20:35:03+00:00,489146146401841152,,,Donald Trump versus Science,-0.5810964869022369,neutral,male,,aggressive
2018-05-25 18:19:53+00:00,1000079018165665792,-73.58781,45.508840000000006,Global stance,0.5980233035087585,believer,male,5.3682265,not aggressive
2018-12-03 20:56:14+00:00,1069696836959522816,,,Global stance,0.2151996463775634,believer,female,,not aggressive
2018-10-08 22:23:07+00:00,1049424982672072704,,,Seriousness of Gas Emissions,-0.3036672830899556,believer,male,,not aggressive
2018-02-25 17:31:56+00:00,967814433165766657,0.5744900000000001,51.78449000000001,Undefined / One Word Hashtags,-0.1427498420476913,believer,male,-4.461525,not aggressive
2019-05-09 14:56:43+00:00,1126501255411568647,-80.8831,35.1785,Weather Extremes,-0.6076720414453083,believer,male,3.5357385000000003,aggressive
2017-10-20 16:25:13+00:00,921411997266272256,,,Undefined / One Word Hashtags,0.1164955973625183,believer,male,,aggressive
2019-04-22 11:28:58+00:00,1120288382150696960,,,Politics,0.126981371550849,neutral,male,,aggressive
2009-05-13 23:24:50+00:00,1789340615,-122.67621,45.52345,Weather Extremes,0.1485956122159958,neutral,female,-4.989765,aggressive
2012-07-25 15:21:07+00:00,228147877334089728,,,Weather Extremes,-0.518824308625857,believer,male,,not aggressive
2016-11-01 20:02:00+00:00,793543635916627968,,,Impact of Resource Overconsumption,0.5726109534502029,believer,female,,not aggressive
2018-12-27 00:55:26+00:00,1078091953345056768,-85.50033,44.25029000000001,Seriousness of Gas Emissions,-0.341936856508255,believer,female,7.555931599999999,not aggressive
2017-10-05 14:10:14+00:00,915942208783577089,,,Importance of Human Intervantion,0.6018075956106186,believer,male,,not aggressive
2017-12-29 15:55:23+00:00,946771637428543488,,,Undefined / One Word Hashtags,0.4666219234466552,believer,female,,aggressive
2018-09-03 13:45:37+00:00,1036611172097826817,,,Undefined / One Word Hashtags,0.4758575707674027,believer,female,,not aggressive
2018-10-20 09:18:35+00:00,1053576201531346944,,,Importance of Human Intervantion,0.4831677772760391,believer,male,,not aggressive
2016-02-29 16:28:22+00:00,704342455680790528,-122.4199061,37.7790262,Seriousness of Gas Emissions,0.481402337551117,neutral,male,2.9583254,not aggressive
2019-01-06 15:07:00+00:00,1081930136323264512,,,Politics,-0.2543749448776245,neutral,male,,not aggressive
2018-12-26 15:07:34+00:00,1077944011980189698,,,Ideological Positions on Global Warming,-0.3601853102445603,believer,male,,not aggressive
2010-12-20 17:31:39+00:00,16908602694434816,,,Ideological Positions on Global Warming,0.0438602681398391,neutral,male,,not aggressive
2018-09-18 16:18:52+00:00,1042085558439366656,,,Weather Extremes,0.054146438384056,believer,female,,not aggressive
2019-04-19 11:02:21+00:00,1119194518325272576,,,Global stance,0.4146617518424987,believer,undefined,,not aggressive
2018-12-20 00:08:38+00:00,1075543459816189952,,,Politics,-0.4382108002901077,believer,male,,not aggressive
2010-12-06 22:00:06+00:00,11902731040067584,,,Weather Extremes,0.3895207311153412,believer,female,,not aggressive
2018-02-01 14:08:18+00:00,959065877781123073,-2.2458191999999997,51.8653705,Undefined / One Word Hashtags,0.2128533273935318,believer,female,0.2067718,not aggressive
2018-04-19 19:35:20+00:00,987052042601443328,-112.07404,33.44838,Donald Trump versus Science,-0.2320820636102131,denier,male,-1.2689528,aggressive
2018-06-04 04:26:31+00:00,1003493175363850240,-97.14704,49.8844,Seriousness of Gas Emissions,0.4834939107735952,neutral,female,3.2291465,not aggressive
2011-01-29 01:09:10+00:00,31156868080472064,,,Weather Extremes,0.4247201823949814,neutral,male,,not aggressive
2016-12-22 06:59:00+00:00,811828369377656832,,,Ideological Positions on Global Warming,-0.5369918117046357,believer,male,,not aggressive
2019-04-30 17:01:54+00:00,1123271270101946368,-121.4938951,38.5810606,Global stance,-0.0167055763324101,believer,female,-4.007341,not aggressive
2017-12-11 07:48:15+00:00,940126067871944704,,,Global stance,-0.110051364827156,believer,male,,not aggressive
2018-05-24 22:45:23+00:00,999783448964366337,,,Global stance,0.059993103146553,neutral,male,,aggressive
2009-05-26 08:01:23+00:00,1921566255,,,Impact of Resource Overconsumption,0.3898348475933075,neutral,undefined,,not aggressive
2019-05-13 16:14:08+00:00,1127970291551019009,,,Global stance,-0.4809253364801407,believer,male,,not aggressive
2018-05-04 04:59:20+00:00,992267408906665985,-121.78167,42.22487,Global stance,-0.5645654118061065,believer,female,5.5629516,not aggressive
2018-09-14 20:44:48+00:00,1040702930360389637,,,Donald Trump versus Science,0.3249196693181991,believer,male,,not aggressive
2016-05-16 19:42:16+00:00,732295118187864064,-77.0365427,38.89503679999999,Importance of Human Intervantion,0.6735651580572128,believer,female,-7.0290339999999984,not aggressive
2015-06-22 05:21:28+00:00,612852883055218688,,,Politics,-0.5522530108451843,believer,female,,aggressive
2017-12-29 17:38:29+00:00,946797585657991168,,,Weather Extremes,-0.2089100381294886,believer,male,,not aggressive
2018-12-04 12:28:28+00:00,1069931441876721664,,,Importance of Human Intervantion,-0.534698727464676,believer,male,,not aggressive
2018-05-01 13:15:10+00:00,991305026214744065,,,Global stance,-0.1807260178407033,believer,female,,not aggressive
2018-12-11 17:46:36+00:00,1072548216988684288,,,Donald Trump versus Science,-0.4379694544491944,denier,male,,not aggressive
2017-10-03 09:02:02+00:00,915139871282405377,,,Undefined / One Word Hashtags,0.4682974219322204,believer,male,,not aggressive
2009-12-24 18:35:10+00:00,7007600888,-122.33207000000002,47.60621,Weather Extremes,-0.4429098253011703,denier,male,-1.0144027,not aggressive
2018-10-18 13:35:25+00:00,1052916060675031040,,,Global stance,0.0437079354763031,believer,male,,not aggressive
2017-11-28 17:25:20+00:00,935560252874985474,-74.07764,40.72816,Weather Extremes,-0.7043787172555923,believer,female,0.23964694,aggressive
2016-01-10 14:56:23+00:00,686199915605790720,,,Weather Extremes,-0.4553448965152105,neutral,female,,not aggressive
2019-05-09 23:47:12+00:00,1126634757326905216,,,Global stance,-0.5453690183639527,denier,male,,not aggressive
2018-09-04 12:59:08+00:00,1036961862078758912,,,Weather Extremes,-0.5835471990823746,neutral,male,,not aggressive
2019-05-09 04:15:36+00:00,1126339915703304192,,,Impact of Resource Overconsumption,-0.6320379202365876,believer,male,,not aggressive
2018-01-23 14:54:11+00:00,955815932185726976,,,Undefined / One Word Hashtags,0.4165741354227066,neutral,male,,not aggressive
2015-10-02 16:55:54+00:00,649991207809077248,,,Seriousness of Gas Emissions,-0.3998285373449325,believer,female,,not aggressive
2018-12-26 17:45:43+00:00,1077983813593116672,,,Ideological Positions on Global Warming,-0.3601853102445603,believer,female,,not aggressive
2017-12-30 06:02:18+00:00,946984770809954305,-106.1412243,55.532125699999995,Seriousness of Gas Emissions,-0.7374788595914841,believer,male,-9.991992,aggressive
2019-05-14 14:56:18+00:00,1128313089630330886,,,Weather Extremes,-0.6667408951706356,believer,female,,not aggressive
2019-04-21 15:29:20+00:00,1119986481127256065,,,Global stance,0.2229031666994095,believer,female,,not aggressive
2019-05-19 07:23:53+00:00,1130011173733228544,,,Politics,-0.3862351422786713,believer,female,,not aggressive
2019-04-19 07:18:45+00:00,1119138246812766208,-121.890583,37.3361905,Global stance,0.4409398937236695,believer,female,-4.2413354000000005,not aggressive
2017-09-29 15:49:57+00:00,913792977037873154,,,Significance of Pollution Awareness Events,0.0447691529989242,believer,male,,aggressive
2019-01-30 17:25:57+00:00,1090662413911896064,-96.789821,46.877229,Weather Extremes,-0.5398990631103516,believer,male,3.699153700000001,not aggressive
2011-06-30 23:32:44+00:00,86577939948371968,,,Weather Extremes,0.5230498001098632,neutral,female,,not aggressive
2015-12-15 17:37:04+00:00,676818268515094528,,,Weather Extremes,-0.4532873298168182,believer,male,,not aggressive
2018-10-22 05:30:43+00:00,1054243630695829504,,,Importance of Human Intervantion,0.2151671469211578,believer,female,,not aggressive
2012-12-11 19:02:34+00:00,278575520915005440,,,Seriousness of Gas Emissions,-0.372608141207695,believer,male,,not aggressive
2018-06-06 10:01:32+00:00,1004302261969915904,,,Global stance,0.3495008875998583,neutral,female,,not aggressive
2018-07-05 12:10:18+00:00,1014843913767661568,,,Global stance,0.3260525853157043,believer,male,,not aggressive
2019-04-23 04:47:34+00:00,1120549753555693569,,,Global stance,-0.7011059562444687,believer,male,,aggressive
2017-12-10 09:09:12+00:00,939784051526811649,,,Importance of Human Intervantion,0.4522579672813415,believer,male,,not aggressive
2019-05-06 08:34:23+00:00,1125317873939955712,,,Impact of Resource Overconsumption,-0.5087876385450363,neutral,female,,not aggressive
2018-01-06 23:43:14+00:00,949788479864655874,,,Weather Extremes,0.0284632112026214,believer,male,,not aggressive
2018-07-10 12:27:35+00:00,1016660202559541248,,,Seriousness of Gas Emissions,0.0134776708754626,neutral,male,,not aggressive
2019-04-26 07:40:15+00:00,1121680373400788993,-1.6016800000000002,54.96209,Global stance,0.1405267661094665,believer,male,4.742335,not aggressive
2017-11-12 13:03:38+00:00,929696188709863424,,,Global stance,0.3727273483753204,believer,male,,not aggressive
2018-07-10 01:47:08+00:00,1016499027825659904,,,Politics,-0.4125302582979202,believer,male,,not aggressive
2018-05-03 01:59:59+00:00,991859887717146624,,,Significance of Pollution Awareness Events,0.3017564207315444,denier,male,,not aggressive
2019-05-04 13:09:30+00:00,1124662335967199234,-2.2451148,53.4794892,Global stance,-0.3302239626646042,neutral,male,5.1385045,not aggressive
2019-05-09 13:36:37+00:00,1126481099247325184,,,Significance of Pollution Awareness Events,-0.4679688215255737,neutral,female,,not aggressive
2009-01-04 10:06:06+00:00,1094968708,,,Donald Trump versus Science,0.2429405047496159,believer,female,,not aggressive
2017-10-01 20:24:52+00:00,914586938409136128,36.81667,-1.28333,Global stance,-0.7905547816991806,believer,male,0.7874542,not aggressive
2018-05-07 11:22:48+00:00,993451077608583169,,,Ideological Positions on Global Warming,-0.3133702278137207,believer,female,,not aggressive
2018-04-25 20:57:24+00:00,989247024477417472,,,Donald Trump versus Science,-0.3280258407195409,denier,female,,not aggressive
2018-02-14 03:46:21+00:00,963620402349133824,,,Undefined / One Word Hashtags,0.5691117343664169,believer,male,,not aggressive
2019-05-12 16:28:45+00:00,1127611580072513537,,,Importance of Human Intervantion,-0.0808245826482772,neutral,female,,aggressive
2017-12-20 14:57:05+00:00,943495474450874369,,,Global stance,0.0171588510274887,neutral,female,,not aggressive
2018-12-02 11:57:45+00:00,1069198935359655936,-75.16352619999998,39.9527237,Importance of Human Intervantion,-0.5481343196630478,believer,male,2.0797734,not aggressive
2018-08-16 20:20:13+00:00,1030187494569140224,,,Politics,-0.0634149223566055,believer,male,,not aggressive
2018-02-20 00:17:16+00:00,965742110887456768,,,Importance of Human Intervantion,-0.8461536969423294,believer,male,,aggressive
2015-06-19 10:41:47+00:00,611846329275256832,,,Donald Trump versus Science,0.3523749530315399,neutral,male,,aggressive
2018-03-20 08:26:30+00:00,976012091927744512,-2.0,54.0,Weather Extremes,-0.2291199841726394,neutral,male,-2.1729085,aggressive
2009-11-28 20:48:59+00:00,6150453089,,,Global stance,-0.3569097071886062,neutral,female,,aggressive
2017-01-25 17:32:02+00:00,824308861301444608,,,Politics,-0.6078178658246994,believer,male,,aggressive
2012-06-22 22:53:14+00:00,216302858344206336,,,Weather Extremes,-0.5356635267972947,neutral,female,,aggressive
2018-07-12 02:52:17+00:00,1017240198042791937,,,Seriousness of Gas Emissions,-0.4652174924373626,neutral,male,,aggressive
2017-09-23 15:38:07+00:00,911615668524429312,,,Global stance,0.4834107309579849,believer,undefined,,not aggressive
2018-02-19 10:20:35+00:00,965531552280186885,,,Undefined / One Word Hashtags,0.5664559370279312,believer,male,,not aggressive
2018-03-21 12:05:13+00:00,976429521535676416,,,Global stance,0.5145571231842041,believer,male,,not aggressive
2019-05-06 20:31:27+00:00,1125498332481122304,,,Global stance,0.3525683449658481,believer,male,,not aggressive
2014-11-17 14:06:26+00:00,534346831308668928,,,Importance of Human Intervantion,0.4780101383686065,believer,female,,not aggressive
2018-01-20 07:30:20+00:00,954617070376882176,,,Weather Extremes,-0.1496517850399017,believer,male,,not aggressive
2018-08-14 16:18:26+00:00,1029401872715710464,,,Global stance,-0.2875995524168014,believer,male,,aggressive
2019-05-08 14:53:54+00:00,1126138158578450432,,,Importance of Human Intervantion,-0.1895812322616577,believer,undefined,,not aggressive
2019-05-13 06:12:00+00:00,1127818757336907776,,,Global stance,-0.098997756591951,neutral,male,,not aggressive
2017-02-02 13:30:37+00:00,827147211825934336,,,Weather Extremes,-0.5646410608756077,believer,male,,aggressive
2019-04-26 00:27:03+00:00,1121571356162838528,,,Importance of Human Intervantion,0.4374584011554718,believer,male,,not aggressive
2017-12-13 20:00:11+00:00,941035037134348290,,,Global stance,0.033957690000534,believer,male,,not aggressive
2018-02-18 02:18:51+00:00,965047934621450240,-84.38798000000001,33.749,Global stance,0.4809536039829254,neutral,male,7.010200500000002,not aggressive
2016-02-22 04:46:12+00:00,701629035059683328,144.9631608,-37.81421760000001,Significance of Pollution Awareness Events,-0.4418841004371643,denier,male,2.8068092,aggressive
2018-12-11 08:37:25+00:00,1072410012021125120,,,Ideological Positions on Global Warming,-0.2903764178276061,denier,female,,not aggressive
2018-09-14 19:53:28+00:00,1040690011316744192,-120.50139,44.000130000000006,Seriousness of Gas Emissions,-0.5392900556325912,believer,female,-3.733418700000001,not aggressive
2018-08-30 20:23:30+00:00,1035261751359619072,,,Global stance,0.3957769222021103,believer,male,,aggressive
2011-12-21 21:59:02+00:00,149609847959207936,,,Weather Extremes,-0.4849328439474106,denier,male,,aggressive
2018-11-26 19:55:44+00:00,1067144894299414528,-81.59578119999999,41.49795020000001,Weather Extremes,-0.3393872509717941,believer,male,7.791336999999999,not aggressive
2016-12-01 23:44:14+00:00,804471198029672448,,,Weather Extremes,0.0649929161310195,neutral,female,,aggressive
2018-07-05 03:45:34+00:00,1014716893876273152,,,Politics,-0.2045254587888717,believer,female,,aggressive
2019-04-27 21:00:07+00:00,1122244052311793665,,,Global stance,0.5094752891497178,believer,male,,not aggressive
2016-02-02 19:13:55+00:00,694599647298461696,,,Global stance,0.378887544965744,believer,female,,not aggressive
2016-05-04 01:16:22+00:00,727668154478927872,,,Donald Trump versus Science,0.1935431380960676,denier,male,,aggressive
2015-12-09 14:23:32+00:00,674595238732627968,,,Global stance,0.0061538379669189,believer,female,,not aggressive
2018-02-17 07:17:17+00:00,964760647362740224,-121.29078,37.9577,Global stance,0.8630234711170196,neutral,female,1.772636,not aggressive
2018-12-31 16:23:40+00:00,1079775102022103040,,,Significance of Pollution Awareness Events,-0.441783982515335,believer,female,,not aggressive
2018-09-26 23:42:50+00:00,1045096385891225600,,,Global stance,-0.3719624557278373,believer,male,,not aggressive
2017-11-25 15:48:47+00:00,934448792325251072,,,Significance of Pollution Awareness Events,-0.6738807264328003,denier,male,,aggressive
2015-12-08 15:24:02+00:00,674248075783905280,,,Weather Extremes,-0.3588379657295015,believer,male,,aggressive
2018-09-12 00:21:11+00:00,1039670222733680640,,,Global stance,-0.3485613763332367,believer,male,,not aggressive
2018-05-29 02:41:22+00:00,1001292387283484672,-104.9847,39.73915,Importance of Human Intervantion,-0.1316842783212661,believer,male,0.16322434,not aggressive
2017-11-27 16:58:22+00:00,935191075270152193,,,Undefined / One Word Hashtags,0.8352908087968827,believer,male,,not aggressive
2013-08-28 21:45:15+00:00,372837306748506112,,,Weather Extremes,-0.6147166487693787,denier,male,,aggressive
2018-09-29 18:50:15+00:00,1046109921287303168,54.3774014,24.4538352,Global stance,0.0630613947629928,believer,male,2.9570706,not aggressive
2017-10-12 17:13:26+00:00,918525026457886720,-111.763275,34.395342,Politics,-0.4034086167812347,believer,male,1.9331251,not aggressive
2018-01-06 22:05:01+00:00,949763764819292162,-82.67926999999997,27.770860000000003,Undefined / One Word Hashtags,0.4827660322189331,believer,female,-6.9513940000000005,not aggressive
2018-08-25 12:33:43+00:00,1033331588300333058,,,Importance of Human Intervantion,-0.1153728724241256,believer,female,,aggressive
2019-05-09 06:04:10+00:00,1126367235210194944,,,Significance of Pollution Awareness Events,0.4656981493473053,neutral,female,,aggressive
2017-12-08 18:59:37+00:00,939207856552857600,,,Weather Extremes,-0.6062921787261963,neutral,male,,not aggressive
2018-10-17 15:23:13+00:00,1052580798925291520,,,Importance of Human Intervantion,-0.5242344951629638,believer,male,,not aggressive
2018-12-27 06:14:00+00:00,1078172122902683648,,,Ideological Positions on Global Warming,-0.3584962040185928,believer,male,,aggressive
2019-04-26 19:59:03+00:00,1121866299137773568,,,Importance of Human Intervantion,0.4505827180862427,believer,male,,not aggressive
2018-01-28 06:54:48+00:00,957507232991674368,,,Significance of Pollution Awareness Events,0.3718866189320882,believer,male,,not aggressive
2018-11-27 02:01:34+00:00,1067236962678001669,,,Global stance,-0.1303093708753586,believer,female,,not aggressive
2015-07-15 22:02:05+00:00,621439616462159872,,,Global stance,0.1282964663267135,believer,male,,not aggressive
2010-03-02 05:21:20+00:00,9861406296,-81.09983000000003,32.08354,Weather Extremes,-0.4281251974344253,believer,male,-4.822836,not aggressive
2018-04-22 18:27:18+00:00,988122086626521088,,,Undefined / One Word Hashtags,-0.0143884569406509,believer,undefined,,not aggressive
2019-01-02 13:12:39+00:00,1080451806138896385,-2.2458191999999997,51.8653705,Global stance,0.6030832125577059,believer,male,4.718789,not aggressive
2017-11-01 20:03:14+00:00,925815514647195653,-96.7968559,32.7762719,Ideological Positions on Global Warming,-0.2816056324481964,believer,female,-0.6623734,not aggressive
2016-02-05 10:22:41+00:00,695553123281195008,-77.46054000000002,38.303180000000005,Global stance,-0.1895099642753601,neutral,female,2.2298515,not aggressive
2016-07-13 14:01:14+00:00,753227789789229056,,,Global stance,-0.3963871961832046,believer,male,,not aggressive
2018-05-07 16:55:50+00:00,993534884533755905,-0.06794,51.603730000000006,Global stance,0.4557215623378753,believer,male,6.795675,not aggressive
2018-12-15 10:49:38+00:00,1073892836418961414,,,Importance of Human Intervantion,0.3706737673282623,believer,female,,not aggressive
2018-11-28 14:51:22+00:00,1067793074104008704,,,Weather Extremes,0.6645817788362502,neutral,undefined,,not aggressive
2019-04-24 19:34:03+00:00,1121135233020104710,,,Ideological Positions on Global Warming,0.1340497810602188,believer,female,,not aggressive
2018-01-05 14:14:24+00:00,949282939015180288,-87.6244212,41.87556160000001,Weather Extremes,-0.6540354499340058,believer,male,-11.394209,not aggressive
2016-05-24 14:01:40+00:00,735108505695326208,,,Importance of Human Intervantion,-0.3720471361637115,believer,female,,not aggressive
2014-07-12 13:43:38+00:00,487955444074160128,,,Weather Extremes,-0.1430727546691894,neutral,female,,not aggressive
2009-06-04 14:00:10+00:00,2029534578,,,Global stance,-0.1425627998113632,neutral,male,,not aggressive
2017-09-27 20:10:27+00:00,913133755870490624,,,Global stance,0.1451911259651184,believer,male,,not aggressive
2018-03-20 19:39:06+00:00,976181356811227136,,,Politics,-0.0467805415391922,neutral,male,,aggressive
2019-01-04 06:19:16+00:00,1081072552020193280,-73.9495823,40.6501038,Global stance,0.1821644404172897,believer,female,0.76935184,not aggressive
2017-12-05 05:19:46+00:00,937914373221253120,-97.14168,32.56319000000001,Weather Extremes,0.02485813498497,believer,female,4.7194910000000005,not aggressive
2017-12-29 04:16:55+00:00,946595864042266625,,,Weather Extremes,-0.611030525970459,neutral,male,,not aggressive
2019-08-16 06:54:40+00:00,1162256343647997952,,,Ideological Positions on Global Warming,-0.018450293302536,believer,male,,not aggressive
2018-05-07 12:20:13+00:00,993465523500474368,,,Global stance,-0.5264576025009156,denier,female,,not aggressive
2018-06-07 16:43:31+00:00,1004765810051690496,,,Politics,-0.0281426310539245,neutral,female,,aggressive
2018-12-12 17:17:11+00:00,1072903202817929216,,,Importance of Human Intervantion,0.4779480099678039,believer,male,,not aggressive
2014-01-28 10:02:39+00:00,428105834019557376,-83.0353434,42.317099,Significance of Pollution Awareness Events,0.4247178102970123,believer,male,-12.861289,not aggressive
2018-10-10 13:21:03+00:00,1050013342662840320,-75.69811999999997,45.411170000000006,Importance of Human Intervantion,0.9539839519262314,believer,male,7.119825,not aggressive
2019-01-03 11:31:38+00:00,1080788773544345605,-65.95739,18.38078,Importance of Human Intervantion,-0.5912372252941132,believer,female,-0.16419917,aggressive
2014-11-17 07:33:03+00:00,534247832736104448,,,Importance of Human Intervantion,-0.5420558816194534,believer,male,,not aggressive
2018-11-28 00:11:01+00:00,1067571529045733376,,,Importance of Human Intervantion,-0.3864496618509292,believer,female,,not aggressive
2013-03-26 19:29:34+00:00,316633040380108800,,,Undefined / One Word Hashtags,-0.2069780985196431,believer,female,,aggressive
2015-12-12 01:04:52+00:00,675481410984132608,,,Importance of Human Intervantion,0.0703756660223007,believer,male,,not aggressive
2010-01-05 06:53:53+00:00,7395987923,,,Seriousness of Gas Emissions,0.0524814427375793,believer,male,,not aggressive
2018-01-13 19:27:08+00:00,952260745328234497,,,Global stance,-0.1099637623548507,believer,female,,not aggressive
2018-02-01 12:30:09+00:00,959041178875367424,-83.37794000000001,33.960950000000004,Weather Extremes,0.7422768348455429,neutral,male,0.4654789000000001,aggressive
2018-05-07 00:41:07+00:00,993289590873128960,-75.16379,39.95233,Donald Trump versus Science,-0.2798871449232101,believer,male,1.043637,not aggressive
2015-07-17 03:20:29+00:00,621882135763259392,,,Global stance,0.3771699287891388,believer,male,,not aggressive
2016-10-25 11:45:05+00:00,790881865175539712,1.29227,52.62860600000001,Global stance,0.3135430713494619,believer,female,0.48477632,not aggressive
2018-04-26 06:37:57+00:00,989393122277888000,,,Weather Extremes,-0.0867053912531246,denier,undefined,,aggressive
2018-12-11 21:16:41+00:00,1072601086123487234,,,Global stance,0.207741628909111,believer,female,,aggressive
2015-06-03 17:26:24+00:00,606149952205660160,-77.03636999999998,38.89511,Undefined / One Word Hashtags,0.3647910505533218,believer,male,-4.4957976,not aggressive
2016-05-13 10:15:18+00:00,731065274850545664,,,Global stance,0.438095048069954,believer,male,,not aggressive
2017-09-11 05:54:52+00:00,907120237463592960,,,Weather Extremes,-0.3607834596872329,believer,male,,aggressive
2018-03-17 10:45:15+00:00,974959845848776705,,,Undefined / One Word Hashtags,0.104802219414711,believer,female,,not aggressive
2017-12-05 18:05:11+00:00,938106993545564162,,,Importance of Human Intervantion,-0.2158718640327453,believer,male,,aggressive
2018-04-06 20:07:20+00:00,982349052791664640,-92.50044,34.750370000000004,Importance of Human Intervantion,-0.2504835420846939,believer,male,-4.359851,aggressive
2015-06-02 14:05:12+00:00,605736930391805952,-77.03636999999998,38.89511,Politics,-0.1803728148460388,believer,male,-0.17458807,aggressive
2015-12-16 16:38:14+00:00,677165848432394240,-0.0144628999999999,51.5110713,Significance of Pollution Awareness Events,0.4342251867055893,believer,male,7.856636999999999,not aggressive
2010-09-17 14:30:15+00:00,24762696878,-76.9382069,39.5162234,Weather Extremes,0.4056866134643554,believer,male,1.5006496,not aggressive
2017-12-20 07:45:18+00:00,943386816077549568,,,Weather Extremes,0.0382383465766907,believer,male,,not aggressive
2017-10-17 23:25:00+00:00,920430474513838080,,,Politics,0.3346843868494034,believer,male,,aggressive
2017-12-29 20:39:19+00:00,946843091520098304,-84.57299609999998,37.8806341,Seriousness of Gas Emissions,0.7318370212078095,believer,male,-6.5551567,not aggressive
2018-03-31 20:34:17+00:00,980181511134765069,,,Politics,-0.2911413322925568,believer,female,,aggressive
2018-10-23 18:51:47+00:00,1054807614280867840,,,Significance of Pollution Awareness Events,0.2189501912434895,believer,female,,not aggressive
2017-12-21 02:06:50+00:00,943664024599666688,-104.82136,38.83388,Donald Trump versus Science,0.4527996999131309,believer,male,3.5073023,not aggressive
2018-02-12 22:44:56+00:00,963182158000123904,-118.29229,33.73585,Seriousness of Gas Emissions,-0.4999188290596008,believer,female,-0.3107159,aggressive
2018-06-16 04:47:59+00:00,1007847232555634688,,,Importance of Human Intervantion,-0.7609440273046494,believer,male,,not aggressive
2018-12-06 12:24:40+00:00,1070655260715302914,28.9651646,41.0096334,Global stance,-0.4860394267082214,believer,male,1.631001,not aggressive
2018-01-09 23:48:42+00:00,950877020543528961,-121.77023,36.81801,Importance of Human Intervantion,0.0576767176389694,believer,female,2.6559823,not aggressive
2016-07-15 09:40:05+00:00,753886846157987840,10.92539,44.647830000000006,Undefined / One Word Hashtags,0.4626451730728149,neutral,male,-3.7859886,not aggressive
2018-08-21 01:27:07+00:00,1031714278632448000,150.4660209,-31.247269699999997,Impact of Resource Overconsumption,0.5304874508857726,believer,male,-3.3718345000000003,not aggressive
2015-07-02 01:13:43+00:00,616414414804135936,,,Global stance,-0.8939323576211928,denier,male,,not aggressive
2019-05-18 18:26:57+00:00,1129815654750572544,,,Politics,-0.5473730412244797,believer,male,,aggressive
2018-03-14 18:07:17+00:00,973983924052471824,,,Undefined / One Word Hashtags,0.2121176868677139,believer,male,,not aggressive
2019-05-10 14:12:17+00:00,1126852462885974016,-79.03929190000002,35.6729639,Donald Trump versus Science,0.1346821367740631,believer,male,3.674081,aggressive
2017-10-24 01:42:45+00:00,922639467906727937,-82.7873244,27.909466499999997,Importance of Human Intervantion,0.3662788420915603,believer,female,0.76814663,not aggressive
2015-06-08 20:23:09+00:00,608006368704921600,,,Significance of Pollution Awareness Events,0.0982278284788131,believer,male,,aggressive
2018-08-15 18:35:29+00:00,1029798748728250375,,,Global stance,-0.3724021034002304,believer,male,,aggressive
2017-12-06 21:02:02+00:00,938513890656342016,,,Ideological Positions on Global Warming,-0.7035338885545731,believer,male,,aggressive
2017-10-24 22:28:03+00:00,922952858693132288,-75.690308,45.421105999999995,Global stance,0.3495941947937012,believer,male,10.014922,aggressive
2019-04-27 14:04:09+00:00,1122139371619127297,,,Importance of Human Intervantion,0.4275854791641235,denier,male,,not aggressive
2018-10-09 05:23:16+00:00,1049530713530408960,,,Global stance,-0.1078778423786163,believer,female,,not aggressive
2018-06-07 21:35:44+00:00,1004839349362384896,,,Global stance,0.5716029730558396,believer,female,,not aggressive
2015-02-18 21:01:59+00:00,568153477668409344,,,Weather Extremes,-0.4261897359848022,neutral,female,,aggressive
2019-05-07 09:33:56+00:00,1125695247395241989,,,Importance of Human Intervantion,-0.1939354551553725,believer,male,,not aggressive
2019-05-01 01:12:54+00:00,1123394833970868225,,,Ideological Positions on Global Warming,-0.1357699859857559,believer,male,,not aggressive
2010-12-10 18:46:48+00:00,13303637367332864,,,Seriousness of Gas Emissions,0.1697283601760864,neutral,female,,not aggressive
2019-06-12 00:43:00+00:00,1138607599409123200,-99.5120986,31.8160381,Ideological Positions on Global Warming,-0.4047361463308334,believer,male,5.1491,not aggressive
2018-12-05 01:29:08+00:00,1070127903466287104,-72.66648,41.66704,Seriousness of Gas Emissions,-0.0754526540006909,denier,male,0.81150085,not aggressive
2018-12-21 23:46:10+00:00,1076262582216884224,-117.2919818,33.0369867,Global stance,-0.4402643196105957,believer,female,-1.7124993999999998,aggressive
2018-08-21 10:20:08+00:00,1031848418359107584,74.31418289999999,31.5656822,Importance of Human Intervantion,0.7326195043087007,believer,male,3.0121322,aggressive
2016-09-07 04:15:59+00:00,773374230285037568,,,Donald Trump versus Science,-0.4392994058609009,believer,male,,aggressive
2017-12-23 19:11:55+00:00,944646770965049344,-0.04935,39.985670000000006,Undefined / One Word Hashtags,0.6198993003129959,believer,male,-0.39310038,not aggressive
2018-08-21 02:47:06+00:00,1031734411073478656,,,Global stance,-0.0379056632518768,believer,male,,not aggressive
2013-03-14 02:15:38+00:00,312024187604709376,,,Weather Extremes,-0.7040575425863266,neutral,male,,aggressive
2018-04-20 00:59:51+00:00,987133710918209536,,,Donald Trump versus Science,-0.6886436036984125,believer,female,,aggressive
2017-10-31 15:53:35+00:00,925390300733833222,-123.033121,44.9391565,Undefined / One Word Hashtags,-0.1577059707641601,believer,male,0.5554438,not aggressive
2016-12-25 18:35:01+00:00,813090688636219392,,,Global stance,-0.3263760507106781,believer,male,,not aggressive
2015-07-03 23:38:47+00:00,617115300882960384,,,Undefined / One Word Hashtags,0.384708181977272,believer,female,,not aggressive
2016-06-23 11:45:41+00:00,745945923327508480,,,Undefined / One Word Hashtags,-0.0108051598072052,neutral,female,,not aggressive
2018-02-01 04:26:39+00:00,958919501143257088,,,Weather Extremes,-0.5187193638006845,believer,female,,aggressive
2017-05-15 05:47:04+00:00,863994119269396480,,,Global stance,-0.190452168393135,believer,female,,not aggressive
2018-08-23 21:43:33+00:00,1032745182725382155,,,Ideological Positions on Global Warming,-0.5416637492895127,believer,female,,aggressive
2018-05-11 20:21:42+00:00,995036245611999234,,,Global stance,-0.5188226759831112,believer,female,,aggressive
2017-11-27 17:20:34+00:00,935196665811816449,-1.96667,52.5,Importance of Human Intervantion,0.3573983379602432,believer,male,0.97383344,aggressive
2009-11-24 19:59:46+00:00,6017487944,,,Seriousness of Gas Emissions,-0.3978417699098587,neutral,male,,aggressive
2016-02-29 11:34:06+00:00,704268403188506624,,,Global stance,-0.2389891470938017,believer,female,,not aggressive
2015-06-25 16:31:49+00:00,614108745585422336,-87.92896,42.139190000000006,Global stance,-0.070460037390391,neutral,female,-0.6059525,not aggressive
2011-10-29 16:46:22+00:00,130324608267190272,-74.4041622,40.0757384,Weather Extremes,0.7604474678277969,neutral,undefined,-5.6493635,not aggressive
2015-11-12 08:10:04+00:00,664716779042635776,100.4930399,13.7544238,Global stance,0.2041544548273086,believer,female,2.2921615,aggressive
2017-11-02 23:36:00+00:00,926231449988227073,,,Politics,0.7420176964759826,neutral,male,,aggressive
2015-02-05 08:27:07+00:00,563252466775359488,,,Weather Extremes,0.0371764575177972,believer,undefined,,not aggressive
2010-10-14 14:45:25+00:00,27347275626,,,Donald Trump versus Science,-0.2066070598840713,believer,female,,not aggressive
2017-09-28 11:30:20+00:00,913365251235762176,,,Global stance,-0.0296416133642196,believer,male,,not aggressive
2015-01-31 19:58:17+00:00,561614464122773504,-108.7680937,44.7569869,Weather Extremes,0.4541477740367254,neutral,male,2.7423887,aggressive
2017-12-18 23:04:16+00:00,942893302550073346,-1.2649062,52.5310214,Politics,-0.0197667429924011,believer,female,-1.2451226999999998,not aggressive
2018-09-07 03:53:57+00:00,1037911825814315008,-80.19366000000001,25.77427,Importance of Human Intervantion,0.0938859186172485,believer,male,0.61159164,not aggressive
2014-10-09 15:40:23+00:00,520237346608783360,,,Ideological Positions on Global Warming,0.0625661313533782,neutral,male,,aggressive
2018-10-13 00:34:17+00:00,1050907543344623617,77.59369000000002,12.971940000000002,Global stance,0.4746193639278412,believer,male,0.08719111,not aggressive
2019-01-07 04:24:57+00:00,1082130946705555456,,,Weather Extremes,-0.4216655576365334,believer,male,,aggressive
2016-03-04 06:55:25+00:00,705647819181334528,,,Donald Trump versus Science,-0.6071951271057129,denier,male,,aggressive
2019-05-17 14:55:23+00:00,1129400023228256259,-94.65549,31.603510000000004,Significance of Pollution Awareness Events,0.0777632391691207,believer,male,3.5826921,not aggressive
2019-05-09 01:26:22+00:00,1126297323519143936,,,Significance of Pollution Awareness Events,0.3540252496798833,believer,male,,not aggressive
2013-03-09 23:27:11+00:00,310532246425706496,,,Weather Extremes,-0.2804144714832305,denier,female,,not aggressive
2017-12-17 21:32:19+00:00,942507776760270849,23.7603118,61.49802140000001,Undefined / One Word Hashtags,-0.4273537458658218,believer,female,3.1314433,not aggressive
2016-05-17 11:56:55+00:00,732540396899815424,-3.7035825,40.4167047,Global stance,0.4667828530073166,neutral,female,0.85822904,not aggressive
2017-05-13 18:50:05+00:00,863466393815183360,,,Politics,-0.2842762951612472,neutral,male,,aggressive
2016-11-02 19:04:47+00:00,793891624895991808,-111.8867975,40.7596198,Weather Extremes,-0.4339597532590231,believer,male,0.6981752,not aggressive
2010-06-18 15:35:50+00:00,16478626201,,,Global stance,0.8398359131574631,believer,male,,not aggressive
2019-05-02 14:45:44+00:00,1123961777564344320,-77.12423413116392,38.9819845,Global stance,-0.0529378538846969,believer,female,3.8671534,not aggressive
2018-10-09 13:52:19+00:00,1049658823923896320,-1.49768,53.683310000000006,Importance of Human Intervantion,0.2976063628673553,believer,undefined,4.9769745,not aggressive
2011-11-03 16:09:04+00:00,132127160600248320,,,Donald Trump versus Science,-0.3632588386774062,denier,female,,not aggressive
2016-08-31 18:02:18+00:00,771045464842072064,,,Global stance,0.5244272229346362,believer,female,,aggressive
2015-03-08 23:41:03+00:00,574716491515453440,88.36304000000001,22.56263,Global stance,0.1237567527727647,believer,male,-0.9303668,not aggressive
2019-04-25 19:54:42+00:00,1121502817481625600,34.19786747890364,1.0020262,Seriousness of Gas Emissions,0.1529047744614737,believer,male,0.13494326,not aggressive
2018-01-03 13:17:28+00:00,948543838553104384,,,Undefined / One Word Hashtags,-0.331065309047699,believer,male,,not aggressive
2018-10-22 00:05:32+00:00,1054161798453256193,,,Global stance,0.1262956420898437,believer,male,,not aggressive
2018-03-03 18:22:48+00:00,970001559995088896,,,Global stance,0.3155566096305847,believer,male,,not aggressive
2018-12-12 11:00:58+00:00,1072808523711594496,,,Seriousness of Gas Emissions,-0.0047334160407384,believer,male,,not aggressive
2013-05-26 07:57:23+00:00,338564507490217984,,,Undefined / One Word Hashtags,-0.0464886873960494,denier,male,,aggressive
2018-09-16 19:23:36+00:00,1041407269030715392,,,Global stance,-0.4939589033603668,believer,male,,not aggressive
2019-05-09 15:06:45+00:00,1126503779157733376,,,Seriousness of Gas Emissions,-0.4096450060606003,believer,undefined,,not aggressive
2018-06-29 23:07:05+00:00,1012834871608266753,,,Global stance,0.8086644013881683,believer,female,,not aggressive
2016-11-04 04:07:55+00:00,794390694395686912,,,Weather Extremes,0.1700867942253748,believer,male,,not aggressive
2018-02-18 00:50:49+00:00,965025776579072002,,,Weather Extremes,-0.3591868839672634,neutral,male,,not aggressive
2018-09-15 15:54:39+00:00,1040992297712726016,,,Donald Trump versus Science,0.2825298756361007,neutral,male,,not aggressive
2018-01-13 13:25:00+00:00,952169611411193859,,,Importance of Human Intervantion,0.3145828614102469,believer,male,,not aggressive
2012-12-08 13:39:01+00:00,277406932422242304,-79.99589,40.44062,Seriousness of Gas Emissions,-0.5030237154722214,neutral,undefined,5.7242574999999984,aggressive
2010-01-15 23:27:49+00:00,7806161074,-121.4938951,38.5810606,Ideological Positions on Global Warming,-0.5380446493387222,neutral,female,1.675401,not aggressive
2016-03-06 15:57:01+00:00,706508895439753216,3.87635,43.61093,Importance of Human Intervantion,0.7428809611082077,believer,male,-3.023795,not aggressive
2018-08-22 14:04:09+00:00,1032267180950269957,-124.88667,49.71083,Global stance,-0.0417164281129837,believer,female,-0.99786913,not aggressive
2018-03-19 02:14:21+00:00,975556049196367872,146.80569,-19.26639,Weather Extremes,-0.1111864265441894,believer,male,0.50432414,aggressive
2018-09-27 11:04:28+00:00,1045267926406885376,,,Undefined / One Word Hashtags,0.7688385034322738,believer,male,,not aggressive
2017-10-16 00:17:21+00:00,919718872277835776,-4.2576300000000025,55.86515000000001,Importance of Human Intervantion,0.5532409882068634,believer,female,3.294886,not aggressive
2018-09-29 13:59:31+00:00,1046036756208979968,-81.7886906,28.0652975,Politics,-0.1576839487155278,believer,male,0.50262123,aggressive
2018-05-22 23:14:15+00:00,999065937251741696,,,Ideological Positions on Global Warming,-0.604445380973816,denier,male,,not aggressive
2015-01-23 13:02:40+00:00,558610768124710912,,,Global stance,-0.4321981814861297,believer,female,,aggressive
2017-10-01 01:18:07+00:00,914298345841082368,-123.20778,39.15017,Politics,0.0865891029119491,neutral,male,-1.1022002,not aggressive
2009-11-29 12:24:45+00:00,6168622662,,,Weather Extremes,0.1582029995203017,neutral,male,,not aggressive
2019-01-04 21:06:37+00:00,1081295859608944640,,,Weather Extremes,-0.6052309490362804,denier,female,,not aggressive
2017-11-26 12:50:51+00:00,934766401323139077,,,Importance of Human Intervantion,-0.0109357129573822,neutral,male,,not aggressive
2018-10-20 17:50:22+00:00,1053704995651108865,-2.23333,53.45,Significance of Pollution Awareness Events,0.2189501912434895,believer,female,5.1385045,not aggressive
2018-03-12 16:16:36+00:00,973231294091071489,,,Weather Extremes,-0.6377252739667892,believer,male,,aggressive
2010-12-30 12:42:50+00:00,20459795907612672,,,Undefined / One Word Hashtags,0.5676793396234512,neutral,male,,not aggressive
2017-08-28 21:58:05+00:00,902289208097767424,-74.0060152,40.7127281,Undefined / One Word Hashtags,0.1698557396650314,believer,female,-2.8282197,not aggressive
2016-01-23 15:36:23+00:00,690921022506139648,,,Seriousness of Gas Emissions,0.3926755677700043,neutral,female,,aggressive
2018-09-19 22:29:09+00:00,1042541128283762688,,,Significance of Pollution Awareness Events,0.0683690905570983,neutral,female,,not aggressive
2019-05-13 21:22:51+00:00,1128047980152385537,-118.242766,34.0536909,Donald Trump versus Science,-0.3324518142541249,denier,male,-3.1268113,not aggressive
2018-10-08 23:33:04+00:00,1049442585624932352,,,Importance of Human Intervantion,-0.1976196533441543,believer,male,,not aggressive
2017-10-03 15:14:06+00:00,915233503435821056,,,Global stance,-0.1190797542651494,believer,male,,not aggressive
2015-06-07 02:25:52+00:00,607372873028624384,,,Donald Trump versus Science,-0.518682175040245,denier,male,,not aggressive
2018-10-09 20:56:06+00:00,1049765468519768067,,,Weather Extremes,-0.6937227922439575,believer,male,,aggressive
2018-12-05 01:23:29+00:00,1070126482138193920,,,Global stance,0.002643109178543,believer,male,,not aggressive
2015-12-31 23:08:19+00:00,682699835481300992,-122.4122248,45.5911103,Global stance,0.2767053916692734,believer,undefined,-3.5306017,aggressive
2019-04-21 03:01:14+00:00,1119798216952827906,,,Global stance,-0.6926169057130813,believer,male,,aggressive
2018-02-08 09:56:17+00:00,961539170228424704,23.7603118,61.49802140000001,Importance of Human Intervantion,0.078961699795723,believer,female,1.2015336,not aggressive
2018-02-09 00:42:47+00:00,961762267846139905,-75.16379,39.95233,Weather Extremes,-0.3608523739814758,neutral,male,-2.463396,not aggressive
2015-09-11 15:05:23+00:00,642353247915634688,-90.24111656024635,38.6529545,Undefined / One Word Hashtags,0.4525116235017776,believer,female,1.3455632,aggressive
2016-09-26 02:27:43+00:00,780232352219836416,-118.242766,34.0536909,Global stance,0.4815751068592071,neutral,male,5.025341,not aggressive
2018-04-22 14:28:33+00:00,988062004341489665,72.5797068,23.0216238,Global stance,0.5745655162767931,believer,male,-0.8519280999999999,not aggressive
2016-05-26 16:01:54+00:00,735863539500453888,,,Importance of Human Intervantion,0.4557666319131851,believer,male,,not aggressive
2018-08-21 10:14:37+00:00,1031847032389087233,,,Importance of Human Intervantion,-0.1508457055091858,believer,male,,not aggressive
2018-05-29 07:38:59+00:00,1001367284391165952,174.71847094149533,-41.25275310000001,Importance of Human Intervantion,0.741170026087761,believer,male,-2.733932,not aggressive
2019-05-15 17:32:24+00:00,1128714762982846464,,,Politics,0.2057761191606521,believer,male,,not aggressive
2018-10-10 03:14:46+00:00,1049860764117286913,,,Global stance,0.6699668990135192,believer,female,,not aggressive
2015-09-02 20:55:21+00:00,639179830404116480,-112.0741417,33.4484367,Global stance,0.091788757109642,believer,male,0.6662421,aggressive
2018-12-13 23:05:57+00:00,1073353358038233093,,,Importance of Human Intervantion,-0.155776177072525,believer,male,,not aggressive
2018-12-08 06:00:45+00:00,1071283421748518917,,,Weather Extremes,-0.1122236889362335,neutral,undefined,,not aggressive
2017-12-22 03:11:55+00:00,944042791847411712,,,Donald Trump versus Science,0.5312556888103486,neutral,male,,not aggressive
2018-05-05 21:17:22+00:00,992875925883838466,36.826061224105075,-1.30316895,Seriousness of Gas Emissions,-0.6836298596620558,believer,undefined,-0.23389599,not aggressive
2018-12-24 09:23:25+00:00,1077132628929593344,,,Seriousness of Gas Emissions,0.1244027367830276,believer,female,,not aggressive
2018-06-19 19:06:47+00:00,1009150519984746498,-71.13212709999998,42.3554344,Global stance,0.5378888281778856,believer,male,2.2066703,aggressive
2015-05-26 17:52:16+00:00,603257355669745664,,,Weather Extremes,-0.4044051815032959,believer,female,,not aggressive
2018-10-20 18:49:30+00:00,1053719875942866944,-86.15804000000001,39.76838,Significance of Pollution Awareness Events,0.2189501912434895,believer,male,5.2557597000000005,not aggressive
2018-11-29 19:45:21+00:00,1068229447826968577,-74.7296,40.29733,Seriousness of Gas Emissions,-0.0011273362398147,believer,male,1.4386175,aggressive
2014-11-17 23:30:38+00:00,534488817009311744,-77.03636999999998,38.89511,Politics,-0.5636807968616486,believer,female,-1.2677367,not aggressive
2018-11-29 16:20:46+00:00,1068177962036576257,,,Global stance,-0.4909905036687851,believer,male,,not aggressive
2010-05-05 20:16:27+00:00,13445193489,,,Politics,-0.696600731079919,believer,male,,aggressive
2017-09-27 17:28:26+00:00,913092985058885635,,,Undefined / One Word Hashtags,-0.2929938749392827,believer,female,,not aggressive
2018-12-06 19:34:03+00:00,1070763319403864064,,,Global stance,-0.155158590555191,believer,female,,not aggressive
2013-11-27 05:14:18+00:00,405565219541250048,,,Impact of Resource Overconsumption,0.2318761448621749,neutral,male,,not aggressive
2018-02-15 13:07:03+00:00,964123894482321408,12.51133,41.89193,Global stance,0.2921895429372787,believer,male,-2.5260909,not aggressive
2012-09-20 13:39:24+00:00,248778387907301376,-111.044047,45.679429299999995,Undefined / One Word Hashtags,-0.3964903713941574,believer,female,3.5692523,aggressive
2017-11-19 23:55:08+00:00,932396856205807616,,,Impact of Resource Overconsumption,-0.5152782475755329,believer,male,,aggressive
2015-11-11 16:15:16+00:00,664476497105784832,,,Undefined / One Word Hashtags,0.4267803728580475,neutral,female,,not aggressive
2018-03-28 02:13:38+00:00,978817357169741824,,,Undefined / One Word Hashtags,0.7420119171380997,believer,male,,not aggressive
2018-11-29 15:05:49+00:00,1068159098007375874,-0.2427336,52.572576899999994,Global stance,-0.0140797078609466,believer,male,4.336858,not aggressive
2015-06-16 03:56:41+00:00,610657218858319872,,,Importance of Human Intervantion,-0.0855364650487899,believer,male,,aggressive
2018-06-16 05:26:27+00:00,1007856910312173568,,,Global stance,-0.3997044085979461,believer,male,,not aggressive
2018-10-14 00:15:20+00:00,1051265159191126016,,,Global stance,-0.044259460735321,believer,undefined,,not aggressive
2009-10-13 20:06:17+00:00,4843248033,,,Politics,-0.3905476621627808,denier,male,,aggressive
2018-01-10 16:57:21+00:00,951135888897003520,,,Importance of Human Intervantion,-0.4184447377920151,denier,female,,not aggressive
2018-05-04 07:43:09+00:00,992308633995100160,,,Global stance,0.5856150388717651,believer,male,,not aggressive
2012-12-12 18:23:19+00:00,278928030590709760,-111.50098,34.5003,Weather Extremes,-0.1920057525873184,neutral,male,0.97787595,not aggressive
2018-01-11 21:18:33+00:00,951564007567077376,-122.41942000000002,37.774930000000005,Weather Extremes,0.1369246519724528,believer,male,2.5632234,not aggressive
2017-12-29 09:35:19+00:00,946675991996502016,,,Significance of Pollution Awareness Events,-0.6476245404031542,believer,male,,not aggressive
2014-04-16 14:15:52+00:00,456435812096147456,-71.05977,42.358430000000006,Seriousness of Gas Emissions,-0.6002442349672318,believer,male,-2.4929757,not aggressive
2016-10-29 13:55:42+00:00,792364289185185792,-83.00018,40.25034,Global stance,-0.1955609048525492,believer,male,5.611346,not aggressive
2018-01-06 13:28:41+00:00,949633824975179776,,,Undefined / One Word Hashtags,-0.1903251612186432,believer,male,,not aggressive
2010-02-06 05:13:57+00:00,8710668199,,,Donald Trump versus Science,-0.4435801391363144,believer,female,,aggressive
2018-08-27 04:25:40+00:00,1033933539849453568,,,Global stance,0.3675611019134521,believer,female,,not aggressive
2017-11-03 18:17:55+00:00,926513789234708480,-77.02609000000001,38.99067,Politics,-0.3960291836738586,believer,male,6.6651826000000005,not aggressive
2009-10-30 07:03:33+00:00,5281673089,19.99715343583669,50.0469432,Donald Trump versus Science,-0.4573695097923279,neutral,male,-3.657736,aggressive
2019-04-26 08:34:04+00:00,1121693918721118208,,,Importance of Human Intervantion,0.722644798207283,believer,male,,not aggressive
2018-03-06 15:44:33+00:00,971048898373603328,,,Ideological Positions on Global Warming,-0.2253247751394907,denier,male,,not aggressive
2018-02-09 15:44:42+00:00,961989242275713024,,,Global stance,0.2543760444879531,believer,female,,not aggressive
2018-05-19 18:59:12+00:00,997914585989550081,23.7603118,61.49802140000001,Undefined / One Word Hashtags,0.3058070330142974,believer,female,1.5595978,not aggressive
2018-01-21 22:39:17+00:00,955208204492787712,-79.4163,43.70011,Weather Extremes,-0.0423560352802276,believer,male,8.415919,not aggressive
2013-04-02 09:27:48+00:00,319018316486295552,,,Weather Extremes,0.690684445699056,believer,male,,not aggressive
2016-01-01 19:23:17+00:00,683005591518838784,,,Global stance,-0.2033500775967841,believer,male,,not aggressive
2017-11-06 03:14:28+00:00,927373590693142528,23.78712,61.49911,Politics,-0.7349241042852401,believer,female,4.923276,not aggressive
2018-10-20 18:52:13+00:00,1053720562441293824,,,Significance of Pollution Awareness Events,0.2189501912434895,believer,female,,not aggressive
2016-03-17 23:09:00+00:00,710603875250675712,,,Global stance,-0.4653760167685422,believer,male,,not aggressive
2016-03-10 23:45:25+00:00,708076322145181696,,,Global stance,0.2959639516830444,believer,male,,not aggressive
2017-10-23 13:36:12+00:00,922456623787806720,,,Importance of Human Intervantion,0.1949454724232355,believer,undefined,,not aggressive
2018-12-13 00:21:14+00:00,1073009918993551360,-116.78467,34.687430000000006,Undefined / One Word Hashtags,0.178904173874855,believer,male,-0.95980245,not aggressive
2017-12-05 16:49:51+00:00,938088037224996864,-88.6503255,33.607618599999995,Weather Extremes,0.02485813498497,believer,female,5.5662932000000005,not aggressive
2016-11-05 21:33:26+00:00,795016197389643776,,,Importance of Human Intervantion,0.0819110214710235,believer,female,,not aggressive
2017-12-30 02:14:33+00:00,946927457126400000,,,Global stance,-0.5753436984300613,believer,male,,not aggressive
2018-12-16 11:04:48+00:00,1074259040505479168,,,Donald Trump versus Science,0.3890082942565282,denier,male,,not aggressive
2019-04-21 15:57:50+00:00,1119993656893562880,,,Global stance,0.0057253241539001,neutral,female,,not aggressive
2016-07-24 09:20:07+00:00,757143313740816384,,,Global stance,0.4223554521799088,believer,female,,not aggressive
2018-12-27 15:53:46+00:00,1078318027538612226,7.43879,10.52641,Weather Extremes,-0.1363512447675069,believer,male,-0.4553901,not aggressive
2015-11-10 03:04:25+00:00,663915085492973568,,,Weather Extremes,-0.4396039139270783,denier,male,,not aggressive
2015-06-05 08:46:45+00:00,606743950007914496,,,Donald Trump versus Science,-0.5728878054380417,believer,male,,aggressive
2014-12-02 21:22:36+00:00,539892410621640704,,,Impact of Resource Overconsumption,-0.3183833968162536,neutral,male,,aggressive
2018-12-02 23:39:08+00:00,1069375443697045505,,,Global stance,-0.3484442085027694,believer,female,,not aggressive
2015-02-12 11:08:38+00:00,565829828298170368,5.714790000000001,45.17869,Impact of Resource Overconsumption,0.5067402892112731,believer,male,0.041404694,not aggressive
2018-12-28 16:14:35+00:00,1078685652097482753,,,Global stance,-0.4287128965377808,neutral,male,,not aggressive
2012-06-09 06:45:23+00:00,211348247279710208,,,Weather Extremes,-0.6304167227506637,neutral,male,,aggressive
2019-01-04 14:38:55+00:00,1081198292174848001,,,Donald Trump versus Science,0.6806671188831329,believer,female,,not aggressive
2017-12-05 11:40:14+00:00,938010117815062530,,,Global stance,0.1880095368146896,believer,female,,not aggressive
2011-03-13 09:39:41+00:00,46868022085943296,7.4892974,9.0643305,Weather Extremes,0.0805013328790664,neutral,male,2.4709415,not aggressive
2018-10-17 17:50:11+00:00,1052617786898489345,,,Significance of Pollution Awareness Events,-0.0147986630598704,believer,male,,not aggressive
2016-07-21 13:54:04+00:00,756125090522292224,,,Global stance,0.4240685116529464,denier,male,,not aggressive
2018-10-09 19:38:48+00:00,1049746015660728320,,,Importance of Human Intervantion,-0.6657932971477508,believer,female,,aggressive
2016-05-16 05:57:00+00:00,732087435543224320,,,Ideological Positions on Global Warming,-0.0259634371042251,neutral,male,,not aggressive
2018-02-20 14:21:57+00:00,965954680974016513,,,Undefined / One Word Hashtags,0.3928902298212051,believer,male,,not aggressive
2010-02-11 17:43:58+00:00,8970383008,-123.0950506,44.0505054,Weather Extremes,-0.5511527899503708,believer,male,2.4180307,not aggressive
2017-12-30 22:53:34+00:00,947239267792838656,-74.00596999999998,40.714270000000006,Weather Extremes,0.0276213412920634,neutral,female,-8.005267,not aggressive
2015-11-11 17:40:48+00:00,664498022391377920,,,Global stance,0.3019073823690414,believer,female,,not aggressive
2011-07-26 00:29:19+00:00,95651878473433088,,,Global stance,0.0295815433502197,believer,female,,not aggressive
2018-03-25 14:51:39+00:00,977920956919361536,,,Global stance,0.478146880865097,believer,male,,not aggressive
2019-05-16 14:24:14+00:00,1129029796481126400,,,Impact of Resource Overconsumption,-0.5800755536503261,believer,female,,not aggressive
2018-06-09 12:06:02+00:00,1005420755218239488,,,Global stance,0.3576026328802109,believer,male,,not aggressive
2015-05-02 15:47:53+00:00,594528744624140288,-73.86641,40.84985,Politics,0.0027120262384414,neutral,male,-2.1111898,aggressive
2018-11-29 03:37:15+00:00,1067985815672827904,151.21512338473752,-33.85719805,Importance of Human Intervantion,-0.6133715809583664,denier,female,-1.3413349,not aggressive
2018-12-31 23:55:56+00:00,1079888917871104000,-82.5001,28.75054,Global stance,0.1026134530457583,believer,female,0.35680318,not aggressive
2016-09-27 11:05:41+00:00,780725092732895232,-97.0298684,33.167856300000004,Politics,-0.5387786110877991,believer,female,-3.0973823,aggressive
2019-05-13 21:49:52+00:00,1128054779152863232,-83.04575000000001,42.331430000000005,Weather Extremes,-0.6667408951706356,believer,male,8.259166,not aggressive
2018-08-22 22:52:33+00:00,1032400160402231296,,,Global stance,0.0639211992740631,believer,female,,not aggressive
2011-09-07 22:47:11+00:00,111571241818800128,-2.2891920999999997,53.4877463,Donald Trump versus Science,0.3339635372161865,denier,female,-0.14109324,not aggressive
2016-07-17 09:31:26+00:00,754609445993197568,-95.2091,29.691060000000004,Importance of Human Intervantion,0.2899994936704635,believer,female,0.1514662999999999,not aggressive
2016-07-19 03:52:33+00:00,755248939847282688,,,Global stance,0.6327829488277436,believer,male,,not aggressive
2018-12-06 09:15:37+00:00,1070607685492584448,-72.03236600000002,42.3788774,Global stance,-0.320048759484291,believer,male,2.7417371,aggressive
2018-01-31 12:49:30+00:00,958683661057933315,,,Global stance,0.1067880700349807,believer,male,,not aggressive
2015-04-08 21:50:29+00:00,585922687115124736,,,Weather Extremes,-0.0290992259979248,neutral,male,,not aggressive
2017-01-23 08:39:11+00:00,823449989959426048,,,Global stance,0.003710765393575,believer,male,,aggressive
2019-04-23 23:53:33+00:00,1120838148303441920,115.8604796,-31.95271210000001,Donald Trump versus Science,-0.4158915132284164,neutral,female,-0.5194188,not aggressive
2015-08-09 14:54:15+00:00,630391648372027392,153.02809000000002,-27.46794,Undefined / One Word Hashtags,0.4689465656518936,believer,male,-1.2183913999999998,not aggressive
2015-11-11 16:10:28+00:00,664475287103660032,,,Impact of Resource Overconsumption,-0.0888084173202514,believer,male,,not aggressive
2018-12-30 10:32:43+00:00,1079324396542541824,-88.41538000000001,44.26193000000001,Global stance,-0.2236222948789596,believer,male,5.602709,aggressive
2016-04-07 23:23:06+00:00,718217568188633088,,,Global stance,0.4136758536100388,believer,male,,not aggressive
2018-09-30 03:23:33+00:00,1046239098749386752,,,Global stance,0.376504102063179,believer,male,,not aggressive
2015-06-07 06:22:10+00:00,607432341888331776,2.3488,48.85341,Importance of Human Intervantion,-0.2486148276090621,denier,male,-0.08503117,not aggressive
2018-01-11 17:33:00+00:00,951507245120008194,,,Global stance,0.0058291907310485,believer,female,,not aggressive
2017-01-31 18:59:54+00:00,826505302417764352,,,Weather Extremes,-0.2245098544476524,neutral,undefined,,aggressive
2015-01-29 01:00:10+00:00,560603274907115520,,,Ideological Positions on Global Warming,-0.0939676007032394,believer,female,,not aggressive
2018-12-07 02:21:47+00:00,1070865927401603072,,,Significance of Pollution Awareness Events,0.5883534154891967,believer,female,,not aggressive
2018-01-11 22:23:36+00:00,951580377436614656,-74.00596999999998,40.714270000000006,Importance of Human Intervantion,0.8060933158238729,believer,female,4.968941,not aggressive
2019-05-07 20:23:45+00:00,1125858782766981121,-116.200886,43.6166163,Global stance,0.7009266638654651,believer,male,-1.5239729,not aggressive
2018-04-25 16:40:01+00:00,989182249680621569,,,Politics,-0.5564680757999421,believer,male,,aggressive
2015-06-22 03:40:37+00:00,612827504815013888,,,Weather Extremes,-0.0008301436901092,denier,male,,not aggressive
2017-12-29 04:51:03+00:00,946604455713300480,-87.65005000000001,41.85003,Weather Extremes,-0.62057765787329,believer,male,-7.8434405,not aggressive
2018-08-29 10:39:02+00:00,1034752278710943744,18.0710935,59.325117199999994,Seriousness of Gas Emissions,-0.3562520891427994,believer,male,3.1578026,not aggressive
2017-12-29 16:31:44+00:00,946780786367139841,,,Weather Extremes,-0.62057765787329,believer,female,,not aggressive
2017-11-27 01:17:09+00:00,934954214371020800,,,Donald Trump versus Science,-0.4254752003539692,denier,male,,aggressive
2017-10-27 17:53:55+00:00,923971034478456832,,,Global stance,-0.1566027598142624,believer,female,,aggressive
2018-08-24 21:50:11+00:00,1033109241102565379,,,Global stance,0.0019193354129791,believer,male,,aggressive
2018-01-07 09:56:09+00:00,949942723800436736,-3.0753867062227487,51.16175085,Weather Extremes,-0.6483715984582901,denier,male,-2.4548187,not aggressive
2016-01-28 13:54:23+00:00,692707293750771712,,,Impact of Resource Overconsumption,-0.5817051480770111,neutral,male,,not aggressive
2018-01-16 07:09:59+00:00,953162401007808512,,,Ideological Positions on Global Warming,-0.5630402831633886,believer,female,,not aggressive
2017-10-25 04:36:35+00:00,923045600500711424,-122.2713563,37.80445570000001,Global stance,0.096785771575841,neutral,male,6.760884,aggressive
2019-05-04 16:59:56+00:00,1124720325697183744,,,Importance of Human Intervantion,0.4106147736310959,believer,male,,not aggressive
2018-11-29 23:57:07+00:00,1068292807821946880,,,Politics,0.0045500671386718,believer,male,,not aggressive
2019-05-02 04:02:10+00:00,1123799819322109952,,,Importance of Human Intervantion,-0.023433283996582,believer,male,,not aggressive
2018-11-28 00:31:12+00:00,1067576607458639872,-83.37794000000001,33.960950000000004,Politics,-0.4891578982591629,believer,male,2.633988,aggressive
2016-01-27 03:03:31+00:00,692181109472399360,,,Global stance,0.4643741101026535,believer,female,,not aggressive
2017-11-20 07:01:12+00:00,932504080978726914,,,Importance of Human Intervantion,0.5896938911120098,believer,male,,not aggressive
2018-03-09 23:00:36+00:00,972245798439309313,,,Global stance,-0.135709747485681,believer,male,,aggressive
2018-07-06 18:58:03+00:00,1015308914462806016,,,Weather Extremes,-0.3170113405810462,believer,male,,not aggressive
2015-06-04 18:50:07+00:00,606533405552070656,,,Global stance,-0.0871696786642074,believer,female,,not aggressive
2018-10-22 16:52:10+00:00,1054415123165691904,,,Global stance,-0.5008995811700822,believer,female,,not aggressive
2019-04-22 13:34:01+00:00,1120319851937943558,-122.7141049,38.4404925,Importance of Human Intervantion,0.588719145488739,believer,female,-4.0139260000000005,not aggressive
2019-05-07 10:55:57+00:00,1125715887502311425,,,Importance of Human Intervantion,0.2256995764493942,believer,female,,not aggressive
2013-12-17 01:42:42+00:00,412759726812721152,,,Global stance,-0.1046543698072434,denier,female,,aggressive
2017-11-03 21:59:00+00:00,926569424609562624,-76.481323,44.230687,Politics,-0.6435059787432353,believer,male,4.5957837,not aggressive
2010-01-09 09:01:15+00:00,7552092374,,,Weather Extremes,0.0058084692001342,neutral,male,,not aggressive
2014-02-03 22:22:36+00:00,430466376768446464,-106.6509851,35.0841034,Donald Trump versus Science,0.1743374928553899,believer,male,-1.0415927,not aggressive
2018-04-15 00:47:22+00:00,985318629951582215,-81.65565099999999,30.3321838,Weather Extremes,-0.6327659292459489,believer,male,2.0542283,not aggressive
2018-09-16 03:33:37+00:00,1041168201399169025,-150.00028,64.00028,Impact of Resource Overconsumption,-0.3595309575080871,believer,female,-1.8457723,not aggressive
2018-12-02 19:04:42+00:00,1069306378580369409,18.068710000000003,59.32938000000001,Global stance,0.1172274902582168,neutral,male,3.1578026,not aggressive
2010-10-13 11:30:16+00:00,27232209788,,,Ideological Positions on Global Warming,0.4226688708305359,neutral,male,,not aggressive
2018-11-29 01:02:23+00:00,1067946842246197248,,,Politics,-0.0663811713457107,neutral,undefined,,aggressive
2018-02-05 14:09:14+00:00,960515664480960512,,,Significance of Pollution Awareness Events,0.4747596681118012,believer,male,,not aggressive
2015-08-03 01:39:52+00:00,628017407697752064,,,Politics,0.0708930451631545,neutral,male,,not aggressive
2018-01-19 00:57:09+00:00,954155736560529408,,,Politics,-0.0922028879642486,believer,male,,not aggressive
2019-04-17 18:58:28+00:00,1118589559871279104,-81.23304,42.98339,Importance of Human Intervantion,0.2528228927850723,neutral,male,8.027959,aggressive
2018-11-29 03:32:02+00:00,1067984505082830849,,,Impact of Resource Overconsumption,-0.4463449792005398,believer,male,,not aggressive
2010-03-01 15:10:27+00:00,9828442159,,,Donald Trump versus Science,-0.4136192981958389,neutral,male,,aggressive
2019-08-23 01:48:03+00:00,1164715896113287168,,,Global stance,0.2332801123142242,believer,undefined,,not aggressive
2018-10-17 17:58:51+00:00,1052619965927321600,,,Significance of Pollution Awareness Events,-0.4670452972253164,believer,male,,not aggressive
2018-06-01 01:08:23+00:00,1002356150891876353,,,Weather Extremes,-0.0978527081065707,neutral,male,,not aggressive
2011-08-18 15:38:56+00:00,104215709365702656,,,Weather Extremes,-0.60972711892128,believer,female,,not aggressive
2018-07-05 13:19:55+00:00,1014861433300049921,,,Importance of Human Intervantion,-0.5519530628681183,neutral,male,,not aggressive
2018-12-30 15:35:11+00:00,1079400512884260866,,,Weather Extremes,-0.365700177359581,believer,female,,not aggressive
2010-09-27 21:44:26+00:00,25723753526,,,Weather Extremes,-0.3220928506634453,neutral,female,,not aggressive
2015-04-06 07:31:09+00:00,584981654147502080,,,Global stance,-0.3070528748001371,believer,undefined,,aggressive
2018-05-19 14:16:53+00:00,997843540582567936,,,Politics,-0.4853310371875763,believer,male,,aggressive
2018-03-18 14:14:56+00:00,975375002924183553,-73.96625,41.44787,Seriousness of Gas Emissions,0.6576647462931546,believer,male,-4.483470400000002,not aggressive
2010-09-18 20:10:42+00:00,24876682866,-81.37903039999999,28.542110899999997,Undefined / One Word Hashtags,0.8123921122312545,neutral,male,0.9947778,not aggressive
2016-06-12 16:36:13+00:00,742032771984560128,,,Weather Extremes,-0.6148267578840256,believer,female,,aggressive
2013-05-25 10:37:23+00:00,338242383097503744,,,Impact of Resource Overconsumption,-0.2999767951488494,neutral,male,,aggressive
2019-09-07 19:42:41+00:00,1170422154409598976,-116.78467,34.687430000000006,Weather Extremes,-0.4864403468847275,neutral,male,-0.95980245,aggressive
2012-02-29 16:51:23+00:00,174899577261002752,,,Weather Extremes,-0.0503930036783218,neutral,female,,not aggressive
2018-01-13 13:52:05+00:00,952176426811314176,,,Politics,0.0349908532381057,believer,male,,aggressive
2016-09-29 00:48:30+00:00,781294548118941696,-74.07764,40.72816,Undefined / One Word Hashtags,-0.59812547138532,believer,female,0.21550572,not aggressive
2018-12-07 16:30:37+00:00,1071079542662590464,-92.5617875,38.7604815,Ideological Positions on Global Warming,-0.3933147937059402,believer,female,4.839754599999999,not aggressive
2018-12-21 06:02:39+00:00,1075994939920650240,-0.1276474,51.5073219,Politics,-0.2198829182147979,believer,female,4.0638494,not aggressive
2018-06-04 14:06:44+00:00,1003639189903216641,-95.36327,29.76328,Seriousness of Gas Emissions,0.4834939107735952,neutral,female,2.4634256000000003,not aggressive
2018-11-27 23:33:56+00:00,1067562196610236416,-122.48692,37.50494000000001,Seriousness of Gas Emissions,-0.3057362784941991,believer,male,-3.5773523000000003,not aggressive
2011-10-14 09:50:46+00:00,124784199407374336,,,Global stance,-0.5649289046525956,believer,female,,aggressive
2015-12-23 16:24:06+00:00,679699009926225920,,,Politics,0.4966404587030411,believer,male,,not aggressive
2016-06-16 18:43:31+00:00,743514358051897344,,,Seriousness of Gas Emissions,0.5587337228536606,neutral,male,,not aggressive
2015-06-22 13:05:39+00:00,612969698293116928,,,Seriousness of Gas Emissions,0.7212823759078979,believer,female,,not aggressive
2018-01-31 01:22:16+00:00,958510710845313025,,,Undefined / One Word Hashtags,0.0157410055398941,believer,male,,not aggressive
2018-01-26 23:53:57+00:00,957038934395060226,-95.36327,29.76328,Importance of Human Intervantion,-0.8139867480039596,believer,male,1.9716289,not aggressive
2016-05-31 12:30:07+00:00,737622184227524608,-118.242766,34.0536909,Global stance,-0.4158666298866272,believer,male,2.9748810000000003,not aggressive
2018-04-27 00:13:58+00:00,989658880018960384,,,Global stance,-0.3599455505609512,denier,female,,not aggressive
2009-05-16 13:56:10+00:00,1816508627,-77.23109000000002,38.91872,Significance of Pollution Awareness Events,-0.3542982079982757,believer,male,4.193059,aggressive
2019-04-29 01:55:29+00:00,1122680773402820609,,,Importance of Human Intervantion,-0.3138911911249161,believer,male,,not aggressive
2018-04-26 01:41:20+00:00,989318478195814400,,,Politics,0.0469294637441635,believer,male,,not aggressive
2015-05-25 19:13:04+00:00,602915302985244672,,,Importance of Human Intervantion,0.504516560959816,believer,male,,not aggressive
2019-04-28 17:36:54+00:00,1122555302237356032,,,Politics,0.0519142475843429,denier,male,,aggressive
2017-11-19 20:01:58+00:00,932338180052914176,,,Global stance,0.5209904332955678,believer,male,,not aggressive
2019-04-23 15:22:41+00:00,1120709585608658944,,,Global stance,0.116637088394165,believer,female,,not aggressive
2018-03-14 17:36:54+00:00,973976277437833216,-79.24266999999998,43.17126,Global stance,-0.282739191865921,believer,female,-1.6175146,not aggressive
2018-08-31 16:10:00+00:00,1035560343714451456,,,Global stance,0.5488258915814487,believer,male,,not aggressive
2017-12-29 04:11:17+00:00,946594446543654922,-89.7348497,32.9715645,Weather Extremes,0.613032701785224,believer,male,-5.016454,not aggressive
2011-01-10 07:17:34+00:00,24364208829243392,-87.66753000000001,34.74481,Politics,0.0389412458181381,neutral,male,-6.1412053,not aggressive
2018-09-24 00:42:54+00:00,1044024339878699008,145.76613,-16.92366,Undefined / One Word Hashtags,0.3965675892114639,believer,male,-1.1409782,not aggressive
2015-10-13 13:05:42+00:00,653919540447969280,,,Global stance,0.0595216848373413,believer,female,,not aggressive
2016-02-09 19:24:50+00:00,697139107986829312,,,Global stance,0.5051513731479644,neutral,male,,not aggressive
2010-02-16 02:33:49+00:00,9166562942,,,Global stance,-0.0411935266494751,neutral,male,,not aggressive
2018-12-29 03:11:12+00:00,1078850894635110405,,,Undefined / One Word Hashtags,0.663892423137029,believer,male,,aggressive
2018-02-03 00:22:15+00:00,959582772544274433,23.78712,61.49911,Undefined / One Word Hashtags,0.6346709044456482,believer,female,-2.8663990000000004,not aggressive
2015-12-12 22:21:29+00:00,675802680518975488,-83.7312291,42.2681569,Politics,0.0225023955106735,believer,male,10.502146,aggressive
2016-09-20 22:50:03+00:00,778365634119819264,,,Global stance,-0.1144894320487975,neutral,male,,not aggressive
2019-04-27 18:41:47+00:00,1122209242365063168,,,Global stance,0.3155867615938186,believer,male,,not aggressive
2010-06-09 22:35:54+00:00,15805994739,,,Politics,0.3511017709970474,neutral,male,,not aggressive
2018-10-08 23:18:50+00:00,1049439001927720960,-75.46964000000001,40.09705,Impact of Resource Overconsumption,-0.676058737985293,believer,male,2.7215743,aggressive
2018-05-15 13:34:18+00:00,996383272371441664,,,Global stance,0.530781294798851,believer,male,,not aggressive
2019-05-09 20:13:02+00:00,1126580859799310337,,,Politics,0.3793345549345016,believer,male,,not aggressive
2018-05-14 14:12:48+00:00,996030573247426560,-104.83192,39.72943,Weather Extremes,-0.2784172600481245,believer,male,1.5305109,not aggressive
2017-12-23 23:20:30+00:00,944709330187698176,,,Weather Extremes,-0.3209945667187373,neutral,male,,not aggressive
2017-12-12 22:42:34+00:00,940713517367296002,-4.1140517999999995,56.78611120000001,Significance of Pollution Awareness Events,0.7160421167797514,believer,female,-3.341508,not aggressive
2018-10-09 00:22:00+00:00,1049454900210491392,,,Seriousness of Gas Emissions,-0.3128272980928421,believer,male,,not aggressive
2018-03-11 15:57:04+00:00,972863988743651329,,,Global stance,0.4257585717873139,believer,female,,not aggressive
2018-08-21 16:01:16+00:00,1031934267201179648,,,Politics,-0.3414153539578121,believer,female,,aggressive
2017-10-29 19:37:36+00:00,924721901708238850,,,Undefined / One Word Hashtags,0.4274946898221969,neutral,male,,not aggressive
2018-09-16 19:29:23+00:00,1041408726358536193,,,Politics,-0.1159744700193405,believer,male,,aggressive
2017-12-29 19:18:50+00:00,946822837377093632,,,Weather Extremes,-0.62057765787329,believer,male,,not aggressive
2018-10-09 21:05:35+00:00,1049767857633062917,,,Seriousness of Gas Emissions,-0.5275237828016281,denier,male,,not aggressive
2009-04-17 07:28:56+00:00,1540447506,,,Weather Extremes,-0.4973929211775462,neutral,male,,not aggressive
2017-06-02 19:54:47+00:00,870730434547597312,,,Importance of Human Intervantion,-0.4710368216037749,believer,male,,not aggressive
2018-01-16 09:25:41+00:00,953196547264663554,,,Importance of Human Intervantion,0.4299887269735336,believer,female,,not aggressive
2009-10-24 13:15:45+00:00,5122177477,,,Importance of Human Intervantion,-0.0498592701673507,neutral,male,,not aggressive
2019-04-22 18:47:44+00:00,1120398800768720896,,,Importance of Human Intervantion,0.1181365371068318,believer,female,,not aggressive
2013-03-23 11:21:06+00:00,315422951019266048,,,Weather Extremes,-0.4096035074869791,believer,male,,aggressive
2017-02-15 01:49:15+00:00,831681747053998080,,,Undefined / One Word Hashtags,0.3964576870203018,believer,male,,not aggressive
2017-11-17 03:57:54+00:00,931370789269573633,,,Impact of Resource Overconsumption,-0.5152782475755329,believer,male,,aggressive
2018-01-31 02:53:01+00:00,958533550499880960,-84.06326999999997,39.709230000000005,Global stance,-0.6002678721666337,believer,male,2.2740114,not aggressive
2018-05-24 21:07:27+00:00,999758800109256705,,,Seriousness of Gas Emissions,-0.1654015243768692,believer,male,,not aggressive
2017-11-23 14:48:20+00:00,933708802880282624,,,Weather Extremes,0.3355706691741943,believer,female,,aggressive
2015-07-06 14:18:43+00:00,618061516324012032,-106.66892,52.132380000000005,Importance of Human Intervantion,-0.292754855577151,believer,male,-4.152467700000001,aggressive
2009-08-25 19:15:26+00:00,3540807764,,,Importance of Human Intervantion,0.5146583763122559,believer,female,,not aggressive
2019-04-28 12:54:18+00:00,1122484181764902913,-86.00097699999999,50.000678,Global stance,-0.2702109102249145,believer,female,2.9294592999999995,not aggressive
2010-07-31 07:09:40+00:00,19975131299,174.76349000000002,-36.84853,Weather Extremes,-0.3747453713496526,neutral,male,0.7472998000000001,aggressive
2018-04-21 19:53:10+00:00,987781308880490497,,,Weather Extremes,-0.4716366214354832,believer,female,,not aggressive
2015-04-13 21:49:48+00:00,587734456590450688,,,Global stance,0.6567440192937851,believer,female,,aggressive
2015-06-18 18:54:27+00:00,611607926365650944,-117.24615,32.744490000000006,Global stance,-0.1574385116577148,believer,female,1.7192023,not aggressive
2018-06-02 08:49:58+00:00,1002834698106757120,,,Undefined / One Word Hashtags,0.0316524356603622,believer,male,,not aggressive
2018-10-03 22:57:31+00:00,1047621700106383361,,,Importance of Human Intervantion,-0.0886692752838134,believer,undefined,,aggressive
2017-10-04 18:54:41+00:00,915651405448232960,151.20731999999995,-33.867850000000004,Politics,-0.4054089831829071,believer,male,2.2208972,not aggressive
2017-12-30 22:16:02+00:00,947229821469327361,-82.35919331410949,36.29885175,Global stance,0.4892657399177551,believer,female,-2.8819401,not aggressive
2018-01-24 16:49:44+00:00,956207399081205760,77.20900569999999,28.613895399999997,Importance of Human Intervantion,0.011971638727188,believer,female,-0.8314239,not aggressive
2018-11-26 21:00:18+00:00,1067161144077500416,-82.35919331410949,36.29885175,Global stance,-0.0783504126787185,believer,female,3.8585155,not aggressive
2017-10-08 00:20:36+00:00,916820589498847232,-91.67073,47.02271,Global stance,-0.4946759126186371,believer,female,3.9710047,aggressive
2019-05-03 19:32:18+00:00,1124396283408654337,-82.32483,29.65163,Global stance,0.618676155534497,believer,male,0.8883446,aggressive
2018-03-07 02:45:22+00:00,971215198416723969,,,Importance of Human Intervantion,0.4644802090796557,believer,male,,aggressive
2019-05-15 00:11:51+00:00,1128452900823425030,-94.626497,39.1134562,Ideological Positions on Global Warming,-0.4595002830028534,believer,male,4.5945544,not aggressive
2019-02-14 23:21:33+00:00,1096187721557647360,-82.5001,28.75054,Ideological Positions on Global Warming,-0.0905817812681198,neutral,male,0.35680318,not aggressive
2017-01-24 06:10:51+00:00,823775050717241344,,,Global stance,0.1510757803916931,believer,female,,not aggressive
2016-03-01 23:55:19+00:00,704817323350364160,-78.31994959999999,44.3048009,Politics,0.5154902348915735,believer,male,-6.140797599999999,aggressive
2017-10-10 22:49:29+00:00,917884821048762369,,,Importance of Human Intervantion,0.1775212354024251,believer,female,,not aggressive
2016-08-26 00:01:34+00:00,768961549717401600,,,Politics,0.0480916947126388,believer,male,,not aggressive
2019-05-16 05:53:39+00:00,1128901305609596928,153.02809000000002,-27.46794,Importance of Human Intervantion,-0.1106682121753692,believer,male,-2.4097216,not aggressive
2019-05-08 01:42:26+00:00,1125938981114392576,,,Significance of Pollution Awareness Events,-0.1993065600183275,believer,male,,not aggressive
2017-11-15 05:30:19+00:00,930669269737713664,,,Politics,0.5262780338525772,believer,female,,aggressive
2015-02-03 13:27:51+00:00,562603372344537088,-73.9598939,40.789623899999995,Weather Extremes,0.1485911871433258,believer,female,-5.898646,not aggressive
2019-05-02 22:23:18+00:00,1124076926921060353,-122.67621,45.52345,Politics,-0.3694542242527008,believer,male,-2.6327186,aggressive
2018-07-05 08:23:33+00:00,1014786849620021248,13.41053,52.524370000000005,Donald Trump versus Science,0.4956410229206085,neutral,female,8.326253999999999,not aggressive
2019-04-20 03:05:23+00:00,1119436873087225859,174.76349000000002,-36.84853,Importance of Human Intervantion,-0.5007085407892863,believer,female,-2.5278165,not aggressive
2017-12-28 22:12:08+00:00,946504062744322050,,,Impact of Resource Overconsumption,0.0885828348875045,neutral,female,,aggressive
2018-05-23 07:57:26+00:00,999197598438191104,176.7652742,-39.4343279,Importance of Human Intervantion,-0.4624111664772034,neutral,female,-1.6912141,aggressive
2018-03-01 19:21:41+00:00,969291603004264448,,,Weather Extremes,-0.6146934019088744,denier,female,,not aggressive
2019-04-19 15:04:55+00:00,1119255564448665600,,,Global stance,0.4409398937236695,believer,male,,not aggressive
2018-12-09 16:51:09+00:00,1071809484811591681,-79.99008609999998,40.4416941,Global stance,-0.5905978530724844,believer,male,6.6138377,not aggressive
2018-10-22 03:52:42+00:00,1054218965705207808,,,Significance of Pollution Awareness Events,0.2189501912434895,believer,male,,not aggressive
2017-04-17 07:34:48+00:00,853874370564939776,,,Weather Extremes,-0.3186697427988051,neutral,male,,not aggressive
2014-09-16 19:36:34+00:00,511961861513043968,13.237150000000002,46.069300000000005,Weather Extremes,-0.2226754884958267,neutral,female,0.9088409,not aggressive
2010-11-24 01:39:40+00:00,7246944569139200,-83.92074000000002,35.96064000000001,Seriousness of Gas Emissions,0.0022866453170776,believer,female,3.7318933,aggressive
2017-12-30 00:35:01+00:00,946902408063602688,,,Global stance,-0.7212682378335432,believer,male,,not aggressive
2018-12-06 11:23:33+00:00,1070639879116197888,-75.98229289999999,40.5555764,Global stance,0.1033976674079894,neutral,male,2.7215743,not aggressive
2018-12-26 19:01:24+00:00,1078002860703563776,,,Importance of Human Intervantion,-0.432714632153511,believer,male,,aggressive
2019-01-07 19:06:14+00:00,1082352727890583552,,,Global stance,0.1255316059350967,believer,female,,not aggressive
2018-08-15 08:44:22+00:00,1029649993144131584,,,Donald Trump versus Science,0.0453877449035644,neutral,male,,not aggressive
2016-05-04 20:03:31+00:00,727951810955116544,-80.52229609999998,43.4652699,Weather Extremes,-0.6987081382683346,neutral,male,0.029380836,aggressive
2018-11-26 22:01:18+00:00,1067176496685404160,,,Importance of Human Intervantion,-0.3502545058727264,neutral,female,,not aggressive
2018-12-11 03:10:00+00:00,1072327612347924480,,,Weather Extremes,-0.5555951257058552,believer,male,,not aggressive
2013-07-15 17:33:58+00:00,356829003220385792,,,Global stance,-0.4331412683486939,believer,male,,not aggressive
2017-01-25 22:49:17+00:00,824388703321784320,,,Politics,0.6937781759023667,believer,female,,not aggressive
2016-09-07 11:17:52+00:00,773480401230782464,,,Global stance,0.2270574766635895,believer,male,,not aggressive
2018-11-29 21:40:42+00:00,1068258475585622016,-118.242766,34.0536909,Importance of Human Intervantion,-0.2637872819662094,believer,male,-3.1268113,not aggressive
2019-01-01 03:50:25+00:00,1079947930365157378,,,Global stance,0.1026134530457583,believer,female,,not aggressive
2010-06-20 11:56:10+00:00,16611889984,,,Weather Extremes,-0.4465740446329116,neutral,male,,aggressive
2015-09-04 13:50:10+00:00,639797605749227520,,,Importance of Human Intervantion,-0.0893004983663559,believer,female,,aggressive
2019-05-09 16:32:49+00:00,1126525439491678208,,,Significance of Pollution Awareness Events,-0.4679688215255737,neutral,male,,not aggressive
2017-11-10 17:53:04+00:00,929044251324936194,-0.2057437,5.560014099999999,Undefined / One Word Hashtags,0.0827635526657104,believer,male,1.0091814,not aggressive
2018-12-01 06:45:57+00:00,1068758082002583552,,,Donald Trump versus Science,-0.0227595746517181,believer,male,,not aggressive
2018-11-27 21:58:28+00:00,1067538171204960256,-8.47061,51.89797,Global stance,0.6235509536006234,believer,male,3.8420675,not aggressive
2017-11-10 08:48:21+00:00,928907167498780672,,,Donald Trump versus Science,-0.2323061336040497,believer,male,,not aggressive
2018-11-26 20:48:13+00:00,1067158103559331840,,,Importance of Human Intervantion,-0.1177504549503326,believer,male,,not aggressive
2015-12-12 23:16:46+00:00,675816594623234048,-113.46871000000002,53.550140000000006,Global stance,-0.6154102524677912,believer,male,4.514586,aggressive
2018-05-22 03:43:36+00:00,998771331977138176,,,Impact of Resource Overconsumption,-0.0714878518342971,believer,male,,not aggressive
2016-01-13 02:43:58+00:00,687102761327005696,,,Politics,-0.0849488824605942,denier,male,,not aggressive
2018-08-19 15:34:25+00:00,1031202735247568896,,,Global stance,0.3311071946382523,believer,male,,not aggressive
2015-08-05 17:38:47+00:00,628983503603007488,,,Global stance,-0.7114789318799972,believer,male,,not aggressive
2016-10-30 20:53:01+00:00,792831696378920960,,,Politics,0.5613199412584304,believer,male,,not aggressive
2017-11-02 02:30:39+00:00,925913011482759169,,,Global stance,-0.3620929926633834,denier,male,,not aggressive
2018-01-26 19:54:41+00:00,956978721562402816,-122.6741949,45.5202471,Weather Extremes,-0.3556561723947524,believer,male,0.032116666,not aggressive
2016-05-29 20:59:03+00:00,737025483309780992,-0.1276474,51.5073219,Global stance,-0.4069252729415894,believer,male,0.19934058,aggressive
2017-09-14 21:30:46+00:00,908442928476860416,-118.242766,34.0536909,Politics,-0.353895936512947,believer,female,-4.0116809999999985,not aggressive
2018-01-28 20:16:15+00:00,957708922592333824,,,Donald Trump versus Science,-0.4275608509778976,neutral,female,,not aggressive
2016-03-02 04:53:12+00:00,704892289781506048,,,Undefined / One Word Hashtags,-0.1059741228818893,neutral,male,,not aggressive
2018-05-14 08:43:59+00:00,995947821483417600,,,Politics,0.7867713083267212,neutral,male,,not aggressive
2016-10-11 21:18:49+00:00,785952819551563776,-83.6063005,32.8164917,Importance of Human Intervantion,0.1152250468730926,neutral,female,-2.4405482000000003,not aggressive
2019-04-29 19:54:08+00:00,1122952226656354304,,,Importance of Human Intervantion,-0.5749932467222214,believer,female,,not aggressive
2017-08-28 06:25:35+00:00,902054535052578816,,,Weather Extremes,-0.028028171801567,denier,male,,not aggressive
2018-08-21 16:45:00+00:00,1031945273457537024,,,Global stance,0.2953357720454533,believer,male,,not aggressive
2017-12-08 18:14:06+00:00,939196401879265281,,,Weather Extremes,-0.0846826841036478,believer,female,,not aggressive
2018-11-30 18:55:47+00:00,1068579361400504320,-98.3252932,26.2159066,Weather Extremes,0.1673196801662445,neutral,male,1.9279305,not aggressive
2016-02-29 11:19:30+00:00,704264729192239104,,,Importance of Human Intervantion,0.3986018747091293,believer,undefined,,not aggressive
2018-10-15 14:28:18+00:00,1051842203188903936,,,Politics,-0.5074843676567078,believer,undefined,,aggressive
2018-10-14 00:14:11+00:00,1051264869088014337,,,Global stance,-0.0995871422052383,believer,female,,not aggressive
2018-11-28 13:50:36+00:00,1067777781105393664,-83.04664029999998,42.3315509,Weather Extremes,0.2085696993350982,neutral,male,8.259166,not aggressive
2016-05-06 06:57:56+00:00,728478888095932416,2.3488,48.85341,Undefined / One Word Hashtags,0.3058855656862259,believer,undefined,3.4423795,not aggressive
2018-05-11 05:14:44+00:00,994807997951107073,,,Global stance,0.4025432616472244,believer,male,,not aggressive
2018-01-15 17:59:49+00:00,952963545993547776,,,Global stance,0.1937939876556396,believer,female,,not aggressive
2016-09-25 11:26:34+00:00,780005569344176128,-98.4951405,29.4246002,Importance of Human Intervantion,0.0693681982517242,neutral,female,2.0762036,aggressive
2018-04-22 20:36:35+00:00,988154621834252288,-1.2649062,52.5310214,Importance of Human Intervantion,0.0755766338887038,neutral,female,5.5472035,not aggressive
2018-10-13 14:34:48+00:00,1051119063932366848,,,Importance of Human Intervantion,-0.9405510250091552,believer,male,,not aggressive
2018-04-27 20:13:59+00:00,989960873728004096,-90.07507,29.95465,Global stance,-0.8143430081341001,believer,female,-3.3336582000000003,aggressive
2018-10-11 04:52:58+00:00,1050247864390172672,-2.991665,53.40715400000001,Weather Extremes,-0.310525328318278,believer,male,5.1385045,aggressive
2017-12-30 06:43:40+00:00,946995184214011905,,,Politics,0.2945123936653137,believer,male,,not aggressive
2017-12-11 04:50:29+00:00,940081327801483265,,,Undefined / One Word Hashtags,0.3568050314903259,believer,male,,not aggressive
2018-10-02 22:32:22+00:00,1047252981526265857,,,Politics,0.5900046231031418,believer,male,,not aggressive
2016-07-15 16:11:12+00:00,753985274502414336,-80.31269,43.3601,Global stance,0.5142201347784563,believer,male,-0.077769086,not aggressive
2019-05-13 23:34:14+00:00,1128081046300438528,,,Weather Extremes,-0.6667408951706356,believer,female,,not aggressive
2018-05-25 21:54:54+00:00,1000133132245458948,-74.00596999999998,40.714270000000006,Global stance,-0.0639833507061004,believer,male,3.8413734,aggressive
2015-06-17 10:56:56+00:00,611125367898771456,,,Undefined / One Word Hashtags,0.0322763174772262,believer,male,,aggressive
2017-12-09 21:54:11+00:00,939614177848713216,-77.05434079999998,42.14352570000001,Impact of Resource Overconsumption,-0.6277126241525015,believer,male,-2.3015830000000004,not aggressive
2019-05-02 22:30:37+00:00,1124078766769299456,,,Importance of Human Intervantion,-0.2807451279560725,believer,male,,aggressive
2018-01-07 18:10:51+00:00,950067218787782657,,,Significance of Pollution Awareness Events,-0.4753634675423304,neutral,female,,not aggressive
2017-10-15 09:40:00+00:00,919498079677456384,-122.41942000000002,37.774930000000005,Weather Extremes,-0.0866928098122278,believer,male,2.1489074,not aggressive
2018-04-21 01:21:03+00:00,987501433414209536,-71.0582912,42.3602534,Significance of Pollution Awareness Events,0.5807487367153168,believer,male,-2.6946018,not aggressive
2019-05-18 16:41:16+00:00,1129789055770791941,-74.00596999999998,40.714270000000006,Weather Extremes,0.1598402334690093,believer,female,1.4386175,not aggressive
2018-10-09 00:02:04+00:00,1049449881411182594,,,Global stance,0.0683539171934128,believer,male,,not aggressive
2015-12-10 00:17:14+00:00,674744646132588544,-99.5120986,31.8160381,Importance of Human Intervantion,-0.0334935230493545,believer,male,6.2311873,aggressive
2018-02-20 05:30:28+00:00,965820931099824128,,,Donald Trump versus Science,-0.005807072520256,believer,male,,aggressive
2019-04-22 15:16:03+00:00,1120345526107549697,13.388859900000003,52.5170365,Importance of Human Intervantion,0.4502263814210892,believer,male,8.326253999999999,not aggressive
2015-06-22 01:12:36+00:00,612790253426860032,104.9224426,11.568271,Global stance,-0.801635292506218,denier,male,-0.12201575,not aggressive
2019-05-08 18:27:26+00:00,1126191894776750082,2.3488,48.85341,Importance of Human Intervantion,0.093283819118413,denier,female,4.0367190000000015,not aggressive
2018-08-31 06:38:53+00:00,1035416616153112577,,,Global stance,-0.0090972520442236,believer,male,,not aggressive
2010-06-29 10:23:50+00:00,17322471128,,,Significance of Pollution Awareness Events,-0.0159807652235031,believer,male,,not aggressive
2013-05-26 07:29:36+00:00,338557516382351360,,,Donald Trump versus Science,-0.4181588708877563,believer,male,,aggressive
2017-12-12 13:37:30+00:00,940576344118841345,,,Importance of Human Intervantion,-0.4598205950975418,denier,female,,aggressive
2018-12-11 02:46:30+00:00,1072321700811825152,-120.50139,44.000130000000006,Weather Extremes,-0.4893336220264435,neutral,female,-3.733418700000001,not aggressive
2018-12-12 03:29:31+00:00,1072694911001071620,,,Weather Extremes,0.1772888608932495,believer,female,,not aggressive
2018-04-26 15:02:38+00:00,989520131691892737,-39.11917,-8.07417,Global stance,-0.687157228565216,believer,male,0.14876772,not aggressive
2019-04-25 20:58:49+00:00,1121518952096526336,,,Importance of Human Intervantion,0.2721870137691498,believer,male,,not aggressive
2017-02-06 20:56:14+00:00,828708905395970048,90.40744,23.7104,Global stance,-0.3542066502888997,believer,female,2.4933956000000004,aggressive
2017-11-29 11:31:01+00:00,935833474648420352,,,Global stance,0.4888395580530166,believer,male,,aggressive
2019-01-01 15:05:23+00:00,1080117789287829505,,,Donald Trump versus Science,0.5686183738946915,believer,male,,aggressive
2017-10-13 04:33:20+00:00,918696128245252096,-121.0739897,38.8945939,Global stance,-0.5960039417931527,believer,male,-2.0866153,not aggressive
2018-08-22 01:48:00+00:00,1032081926004387845,,,Weather Extremes,0.287381435529391,believer,male,,not aggressive
2018-10-11 15:46:47+00:00,1050412403245162497,,,Politics,-0.2391006901423136,believer,female,,not aggressive
2018-01-31 20:57:44+00:00,958806528336842753,,,Weather Extremes,-0.3623223928689957,believer,male,,not aggressive
2015-12-12 18:19:02+00:00,675741667270385664,,,Importance of Human Intervantion,0.4724354743957519,believer,male,,not aggressive
2019-05-18 08:26:22+00:00,1129664513957978112,,,Importance of Human Intervantion,0.7592823909521103,believer,male,,not aggressive
2018-05-23 12:37:46+00:00,999268147843751936,,,Importance of Human Intervantion,0.7132098536014557,believer,male,,not aggressive
2018-11-30 08:36:01+00:00,1068423393354178560,,,Undefined / One Word Hashtags,0.5937249676942825,believer,male,,not aggressive
2015-11-08 18:37:28+00:00,663425116869644288,3.05858,50.63297000000001,Weather Extremes,-0.2657855169534683,denier,male,6.32829,not aggressive
2017-12-12 22:28:37+00:00,940710006831292416,,,Importance of Human Intervantion,0.4505691739797592,believer,female,,not aggressive
2019-05-14 01:26:12+00:00,1128109221390835712,,,Weather Extremes,-0.6667408951706356,believer,undefined,,not aggressive
2018-04-09 15:23:23+00:00,983364758865891328,,,Importance of Human Intervantion,-0.4788618832826614,believer,undefined,,aggressive
2018-08-21 15:16:26+00:00,1031922986570473473,,,Ideological Positions on Global Warming,0.1145787826367786,believer,female,,aggressive
2017-12-18 18:30:29+00:00,942824403292905472,,,Politics,0.6483212218523026,believer,male,,not aggressive
2018-09-08 14:00:30+00:00,1038426859069833216,,,Politics,-0.5517495561599731,believer,male,,not aggressive
2011-08-24 06:54:44+00:00,106258117569941504,,,Ideological Positions on Global Warming,0.1336774642705917,neutral,female,,not aggressive
2019-05-08 13:58:40+00:00,1126124257661132800,-72.39898000000002,43.54063,Importance of Human Intervantion,0.5681357055425644,believer,female,3.825219,not aggressive
2015-09-02 22:55:01+00:00,639209945469218816,-122.17024,37.42716,Global stance,-0.0042801780939102,believer,male,0.008671332,aggressive
2018-09-22 23:53:43+00:00,1043649575180017664,-118.242766,34.0536909,Global stance,-0.4398320543527603,believer,male,-3.1268113,aggressive
2018-02-21 23:40:44+00:00,966457692167471105,,,Undefined / One Word Hashtags,0.2418173043251037,believer,male,,not aggressive
2018-10-03 23:02:18+00:00,1047622901698945024,78.46106473453145,17.38878595,Importance of Human Intervantion,0.6454882614612579,believer,male,1.5370171,not aggressive
2018-08-27 02:40:01+00:00,1033906953741774849,,,Global stance,0.0449991464614868,believer,male,,not aggressive
2017-11-14 12:02:00+00:00,930405452445356032,-74.00596999999998,40.714270000000006,Weather Extremes,0.1785487394094467,believer,male,-3.0492842,aggressive
2018-06-07 05:11:52+00:00,1004591750231592961,,,Undefined / One Word Hashtags,0.1018866896629333,believer,male,,not aggressive
2014-05-31 04:44:36+00:00,472599504185999360,-99.5120986,31.8160381,Weather Extremes,0.1412161405324936,believer,male,0.7557788000000001,not aggressive
2010-10-24 02:53:21+00:00,28557935157,,,Weather Extremes,0.0217403356790542,believer,male,,not aggressive
2018-04-19 21:16:33+00:00,987077517810061313,,,Donald Trump versus Science,-0.6886436036984125,believer,female,,aggressive
2018-01-07 17:57:19+00:00,950063814145466369,,,Impact of Resource Overconsumption,-0.1883211705923081,neutral,female,,not aggressive
2016-12-29 09:06:08+00:00,814397077132296192,4.8936041,52.3727598,Weather Extremes,-0.6361228347380956,believer,female,-2.6606271,not aggressive
2019-05-10 14:07:57+00:00,1126851370257125376,,,Importance of Human Intervantion,-0.8046961323976517,believer,male,,aggressive
2018-05-04 02:27:05+00:00,992229093386178560,-76.74996999999998,39.00039,Importance of Human Intervantion,0.3089672193050384,believer,female,9.723886,not aggressive
2018-01-11 21:06:51+00:00,951561064990330880,,,Seriousness of Gas Emissions,-0.5762899285554886,neutral,male,,aggressive
2019-05-10 04:39:21+00:00,1126708279046881283,,,Ideological Positions on Global Warming,-0.4198043231725692,neutral,female,,not aggressive
2019-05-07 02:58:57+00:00,1125595846483922945,,,Global stance,0.4984571391979853,believer,male,,not aggressive
2010-03-04 18:40:05+00:00,9985266498,,,Impact of Resource Overconsumption,-0.6185583468278248,believer,male,,not aggressive
2017-12-08 14:59:27+00:00,939147416753836032,,,Importance of Human Intervantion,0.0967029181480408,denier,male,,aggressive
2015-02-10 15:33:03+00:00,565171595715821568,-82.35919331410949,36.29885175,Global stance,0.625108638381958,believer,female,2.2154968,aggressive
2015-02-09 00:40:36+00:00,564584615219056640,,,Donald Trump versus Science,-0.5557948966503143,denier,female,,not aggressive
2018-09-15 22:55:53+00:00,1041098304124215296,,,Impact of Resource Overconsumption,-0.3595309575080871,believer,male,,not aggressive
2017-02-02 05:51:04+00:00,827031561644093440,115.8604796,-31.95271210000001,Undefined / One Word Hashtags,0.495760530233383,believer,male,0.7195314,aggressive
2019-07-18 15:51:11+00:00,1151882114398211968,,,Importance of Human Intervantion,0.2178472272634506,denier,male,,aggressive
2016-03-22 09:21:59+00:00,712207687640027136,,,Weather Extremes,-0.272114964779218,believer,male,,not aggressive
2019-04-25 07:51:07+00:00,1121320719961546752,-4.2488787000000015,55.8609825,Importance of Human Intervantion,0.6337433416604995,believer,female,4.705326,not aggressive
2018-09-11 06:47:26+00:00,1039405035505905664,118.75,10.0,Global stance,-0.5942700700521468,believer,male,0.03446411,not aggressive
2015-06-04 11:42:47+00:00,606425864625102848,,,Ideological Positions on Global Warming,-0.4455646425485611,denier,male,,aggressive
2015-08-03 18:43:36+00:00,628275039524163584,,,Weather Extremes,-0.41836020154953,believer,male,,aggressive
2013-05-15 14:23:35+00:00,334675430147756032,,,Weather Extremes,-0.7304495932945838,neutral,female,,not aggressive
2018-02-08 14:44:17+00:00,961611649911320576,,,Seriousness of Gas Emissions,-0.3205878928184509,believer,male,,aggressive
2012-06-24 11:29:36+00:00,216855592894078976,,,Ideological Positions on Global Warming,-0.0683702139616012,neutral,undefined,,not aggressive
2018-10-02 19:01:32+00:00,1047199924369182720,-104.82025,41.13998,Seriousness of Gas Emissions,-0.490180890917778,believer,female,3.0168946,not aggressive
2015-12-12 23:20:46+00:00,675817600681705472,,,Undefined / One Word Hashtags,0.1027351468801497,neutral,male,,aggressive
2018-11-26 23:27:25+00:00,1067198167421046787,,,Importance of Human Intervantion,-0.5039143164952595,neutral,female,,aggressive
2018-03-11 13:30:22+00:00,972827070643490816,76.33333,29.25,Global stance,0.5722755974054337,believer,male,3.3131704,not aggressive
2017-09-11 01:33:34+00:00,907054477806641152,,,Seriousness of Gas Emissions,-0.5491772176504135,believer,male,,aggressive
2009-09-17 01:02:15+00:00,4043168593,-123.03023382973672,49.2907894,Importance of Human Intervantion,0.0698404259681701,believer,male,0.47500464,not aggressive
2018-07-03 01:53:08+00:00,1013963824481722368,,,Weather Extremes,-0.4928747263669967,believer,female,,not aggressive
2014-02-26 11:03:14+00:00,438630331004899328,,,Donald Trump versus Science,-0.5372053499460221,denier,male,,aggressive
2019-04-18 07:27:20+00:00,1118778018732834816,-1.9701231,52.416003499999995,Importance of Human Intervantion,-0.568352432513237,believer,male,4.8523903,not aggressive
2018-09-15 17:40:57+00:00,1041019051412267010,-66.49989000000001,18.24829,Impact of Resource Overconsumption,-0.3595309575080871,believer,male,-0.20723858,not aggressive
2016-05-25 16:05:50+00:00,735502141750530048,-86.00097699999999,50.000678,Undefined / One Word Hashtags,0.4966962776263555,believer,male,1.59478,not aggressive
2018-04-12 12:04:28+00:00,984401863683559425,-0.1969,5.556019999999998,Global stance,-0.0563799413919448,believer,male,0.36336353,aggressive
2017-06-04 12:18:14+00:00,871340315537321984,,,Donald Trump versus Science,-0.6976931423902513,denier,female,,aggressive
2018-03-15 20:27:26+00:00,974381580021051394,-85.805386,30.1765914,Donald Trump versus Science,0.1844234626531601,believer,female,-5.198309,aggressive
2014-02-05 22:42:19+00:00,431196115518496768,-9.1365919,38.70775070000001,Ideological Positions on Global Warming,-0.5167575742244721,believer,male,1.6934147000000002,not aggressive
2009-10-27 20:42:06+00:00,5210369499,,,Politics,0.2278565544843673,neutral,male,,not aggressive
2015-12-17 09:31:09+00:00,677420758411382784,,,Weather Extremes,-0.2511436138698032,believer,male,,not aggressive
2015-09-07 23:24:58+00:00,641029422460628992,,,Undefined / One Word Hashtags,-0.4692016690969467,believer,female,,aggressive
2017-11-23 18:01:54+00:00,933757515694772224,,,Undefined / One Word Hashtags,0.555331562924385,believer,male,,not aggressive
2019-04-22 05:07:20+00:00,1120192340159651841,-121.59163,38.69518,Global stance,-0.5878878087759019,believer,male,-4.007341,not aggressive
2016-07-05 01:12:06+00:00,750135132103860224,,,Global stance,0.0780522058407465,believer,male,,not aggressive
2015-07-29 07:10:54+00:00,626288774432071680,,,Global stance,-0.4981686314344406,neutral,male,,not aggressive
2016-10-19 16:37:07+00:00,788781030123507712,-122.33207000000002,47.60621,Importance of Human Intervantion,-0.0425257682800293,believer,female,-0.3739688,not aggressive
2019-04-22 02:21:44+00:00,1120150663525126144,,,Global stance,0.0057253241539001,neutral,undefined,,not aggressive
2009-12-21 07:45:57+00:00,6887226419,-90.24111656024635,38.6529545,Seriousness of Gas Emissions,-0.4610463976860046,believer,male,-0.86949724,aggressive
2015-06-13 00:45:29+00:00,609521938881474560,,,Weather Extremes,0.2650416363239288,believer,male,,not aggressive
2019-05-12 22:23:40+00:00,1127700898476580864,,,Global stance,-0.7636069330215454,denier,male,,not aggressive
2018-02-11 01:58:14+00:00,962506027072741376,,,Global stance,0.1417525115251541,neutral,male,,not aggressive
2018-06-11 23:46:20+00:00,1006321766715752449,,,Global stance,0.4769554734230041,believer,male,,not aggressive
2018-03-28 22:33:39+00:00,979124385477996544,,,Global stance,0.489442676281929,believer,female,,not aggressive
2018-07-06 05:40:00+00:00,1015108078260408320,,,Global stance,0.1318958342075348,believer,male,,not aggressive
2017-09-12 07:00:13+00:00,907499071123984384,,,Undefined / One Word Hashtags,-0.2570846023082733,believer,male,,not aggressive
2017-01-27 20:29:12+00:00,825078224975708160,,,Importance of Human Intervantion,-0.4760387200276056,believer,male,,not aggressive
2015-08-30 18:05:55+00:00,638050027756085248,,,Global stance,0.6323663627624512,believer,female,,not aggressive
2018-01-01 01:26:11+00:00,947640059494244352,-112.0741417,33.4484367,Politics,0.2945123936653137,believer,male,3.1814494,not aggressive
2017-11-16 06:09:05+00:00,931041411952201728,,,Importance of Human Intervantion,0.6586650939702987,believer,male,,aggressive
2015-11-02 11:00:52+00:00,661135884348211200,,,Global stance,0.5806198875427246,believer,male,,not aggressive
2018-05-03 14:10:16+00:00,992043668109447168,-77.03636999999998,38.89511,Importance of Human Intervantion,0.567170824766159,believer,undefined,7.181323,not aggressive
2018-09-26 13:41:06+00:00,1044944956719288326,,,Impact of Resource Overconsumption,-0.1700647194862365,believer,female,,not aggressive
2010-01-10 19:52:02+00:00,7602509058,,,Importance of Human Intervantion,0.4203572945356368,believer,male,,not aggressive
2019-01-02 19:29:24+00:00,1080546619135877121,,,Importance of Human Intervantion,-0.2943900495767593,believer,male,,not aggressive
2018-09-26 19:00:24+00:00,1045025312726233088,-74.0060152,40.7127281,Global stance,0.7049257156451544,believer,male,1.4386175,not aggressive
2018-12-07 17:47:15+00:00,1071098830601490436,-89.40123000000001,43.07305,Global stance,0.7951733890624273,believer,male,5.341228,not aggressive
2018-09-11 01:09:27+00:00,1039319980859383808,-86.25027,35.750350000000005,Impact of Resource Overconsumption,0.5715966371059418,believer,male,3.5219426,not aggressive
2018-10-15 01:53:12+00:00,1051652179088592896,,,Weather Extremes,-0.1691425793170928,believer,female,,not aggressive
2018-09-15 01:03:16+00:00,1040767974829899776,,,Importance of Human Intervantion,0.8201302736260674,denier,undefined,,not aggressive
2013-11-25 15:05:28+00:00,404989218638024704,72.88261,19.072830000000003,Weather Extremes,0.1163937468528747,believer,male,2.1602361,not aggressive
2009-04-15 06:05:56+00:00,1523451276,,,Global stance,0.0626998394727706,neutral,male,,not aggressive
2018-03-26 00:01:20+00:00,978059289758646272,,,Undefined / One Word Hashtags,0.2920163065195084,believer,male,,not aggressive
2010-05-21 01:16:52+00:00,14396514295,,,Importance of Human Intervantion,-0.472263651061058,believer,male,,aggressive
2011-08-30 16:34:20+00:00,108578308987428864,,,Importance of Human Intervantion,-0.1850757002830505,believer,male,,not aggressive
2014-07-08 10:49:33+00:00,486462084939776000,,,Impact of Resource Overconsumption,-0.3308702343702316,neutral,male,,aggressive
2011-03-03 22:28:32+00:00,43437628208594944,,,Weather Extremes,0.0983407830715179,neutral,male,,aggressive
2018-04-23 12:50:46+00:00,988399781180567553,,,Global stance,-0.0311052338643507,neutral,female,,aggressive
2019-05-15 00:59:05+00:00,1128464786646347783,,,Weather Extremes,-0.6667408951706356,believer,female,,not aggressive
2018-12-05 23:10:02+00:00,1070455286043860993,,,Politics,0.1568313723802566,believer,male,,not aggressive
2017-12-12 16:21:37+00:00,940617648760590336,28.1879444,-25.7459374,Importance of Human Intervantion,0.0082565397024154,believer,male,1.6182001,not aggressive
2017-11-22 17:54:26+00:00,933393246507716608,,,Undefined / One Word Hashtags,0.3072175601588355,believer,male,,not aggressive
2016-02-01 20:49:22+00:00,694261279544975360,-76.9382069,39.5162234,Global stance,0.3703576167106628,believer,male,8.249211,not aggressive
2016-09-01 01:48:43+00:00,771162842393378816,,,Impact of Resource Overconsumption,-0.0964725911617279,neutral,female,,aggressive
2018-12-12 02:36:57+00:00,1072681684493991936,-120.9968782,37.639097199999995,Impact of Resource Overconsumption,0.2725467730760574,neutral,female,-4.2236400000000005,aggressive
2019-05-18 20:02:27+00:00,1129839688842223616,,,Impact of Resource Overconsumption,0.2218135672807693,believer,female,,not aggressive
2019-04-21 16:35:50+00:00,1120003218035990528,,,Global stance,0.0057253241539001,neutral,male,,not aggressive
2014-11-29 16:50:07+00:00,538736675594457088,,,Weather Extremes,0.0397208988904952,neutral,male,,not aggressive
2016-01-19 05:24:48+00:00,689317562035736576,90.4126466,23.810651,Importance of Human Intervantion,0.4782769149541855,neutral,male,0.85883874,not aggressive
2017-01-24 05:01:06+00:00,823757497953619968,,,Global stance,0.0286966115236282,believer,female,,not aggressive
2018-09-17 01:43:00+00:00,1041502752000622592,,,Importance of Human Intervantion,0.7237160374164581,believer,female,,aggressive
2018-06-04 16:36:47+00:00,1003676953596047360,,,Seriousness of Gas Emissions,0.4834939107735952,neutral,female,,not aggressive
2017-10-09 09:47:23+00:00,917325613307854848,,,Importance of Human Intervantion,0.7006611741463343,believer,undefined,,not aggressive
2018-05-09 18:16:59+00:00,994280082867924992,-104.9848623,39.7392364,Politics,-0.2462171928087871,believer,male,4.935713,aggressive
2019-05-10 11:12:43+00:00,1126807272166969345,,,Politics,0.4453418552875519,believer,male,,not aggressive
2017-12-20 09:00:10+00:00,943405654684962817,-1.2434093603442158,51.04483545,Weather Extremes,0.7570200799359216,neutral,male,3.7379706,not aggressive
2019-04-30 03:19:23+00:00,1123064274480443392,,,Importance of Human Intervantion,0.7783910018205642,believer,male,,not aggressive
2018-09-05 06:41:36+00:00,1037229239307665408,,,Global stance,0.4876336485147476,believer,male,,not aggressive
2019-04-24 15:30:01+00:00,1121073816375943172,,,Global stance,0.3856447041034698,believer,male,,not aggressive
2018-12-06 21:49:29+00:00,1070797402389573632,,,Politics,0.6118322225093842,believer,male,,aggressive
2015-12-20 18:29:17+00:00,678643349406920704,-118.242766,34.0536909,Politics,-0.5286254906415939,believer,male,-2.3332205000000004,aggressive
2014-07-16 20:32:43+00:00,489507947102228480,,,Importance of Human Intervantion,0.0825515917539596,believer,male,,aggressive
2018-06-01 09:26:44+00:00,1002481561076367360,-71.0,44.0,Global stance,-0.6038624639749527,believer,male,3.1087666,aggressive
2018-08-15 23:00:17+00:00,1029865390220836864,,,Global stance,0.5796441297054291,neutral,male,,not aggressive
2010-07-17 20:28:29+00:00,18789694542,12.4829321,41.8933203,Global stance,-0.3374735414981842,believer,female,4.183912,not aggressive
2015-09-08 09:06:31+00:00,641175773555105792,,,Global stance,-0.3784151285886764,believer,female,,not aggressive
2019-04-22 07:05:36+00:00,1120222103632924673,,,Global stance,0.0057253241539001,neutral,undefined,,not aggressive
2017-12-29 14:46:27+00:00,946754290256932866,-73.0565,41.22232,Ideological Positions on Global Warming,-0.4991091191768646,believer,male,-10.58204,not aggressive
2019-04-19 02:56:10+00:00,1119072166929154048,,,Ideological Positions on Global Warming,-0.1596497337818145,believer,female,,not aggressive
2018-04-30 21:23:20+00:00,991065488707989507,2.3774881999999997,48.8648604,Weather Extremes,-0.561117245388031,believer,male,-3.9166474,not aggressive
2017-12-19 17:44:16+00:00,943175160621912064,-76.71303,39.41038,Politics,-0.2044569996356964,believer,male,6.373406,aggressive
2016-02-23 14:18:20+00:00,702135406599471104,,,Undefined / One Word Hashtags,0.0964930951595306,believer,male,,not aggressive
2017-12-15 16:29:40+00:00,941706834850795520,,,Global stance,0.7755922073125838,believer,male,,not aggressive
2018-06-12 17:29:08+00:00,1006589231295352833,,,Global stance,-0.3542650151173274,believer,male,,not aggressive
2019-05-16 09:17:24+00:00,1128952577327009792,-1.5391039,53.99214910000001,Global stance,0.0781681686639785,neutral,female,4.9769745,not aggressive
2016-03-13 19:39:46+00:00,709101665081667584,-118.24368,34.05223,Importance of Human Intervantion,-0.4553452730178833,neutral,male,-1.8595012,aggressive
2011-03-14 11:24:01+00:00,47256665946464256,153.0507705,-26.5443222,Seriousness of Gas Emissions,0.5679057703971863,denier,male,0.79405355,not aggressive
2019-04-21 15:22:09+00:00,1119984673747161090,,,Global stance,0.0057253241539001,neutral,male,,not aggressive
2018-08-29 15:22:25+00:00,1034823593887035392,111.38333000000002,-7.0666699999999985,Significance of Pollution Awareness Events,-0.5580037037611008,believer,male,-0.025565777,not aggressive
2017-12-19 23:24:35+00:00,943260804064956417,,,Weather Extremes,0.4253426010847091,neutral,male,,not aggressive
2016-07-09 03:00:43+00:00,751612016175886336,,,Donald Trump versus Science,-0.8091884053945542,denier,male,,not aggressive
2017-10-20 19:36:17+00:00,921460077827186688,,,Undefined / One Word Hashtags,0.4597488790750503,believer,male,,not aggressive
2018-07-03 21:26:09+00:00,1014259021568565249,,,Politics,0.1988189960638682,believer,male,,aggressive
2017-06-03 18:31:38+00:00,871071897886244864,,,Donald Trump versus Science,-0.0630048066377639,believer,male,,aggressive
2017-10-30 19:44:19+00:00,925085981547663361,-71.0582912,42.3602534,Impact of Resource Overconsumption,-0.6018799762010575,believer,female,6.894898,aggressive
2009-11-30 21:44:10+00:00,6213618120,,,Weather Extremes,0.1264179129362106,believer,male,,not aggressive
2018-10-25 02:20:23+00:00,1055282898893447172,-76.14742000000001,43.04812,Global stance,-0.5298320089188489,believer,male,7.421403999999999,aggressive
2009-10-29 22:14:36+00:00,5270776707,,,Importance of Human Intervantion,0.4940831154584885,believer,male,,not aggressive
2017-11-04 03:09:16+00:00,926647505747447809,-91.62764,36.62395,Seriousness of Gas Emissions,-0.6244178157806397,believer,female,5.3411436,aggressive
2019-04-19 12:10:42+00:00,1119211717458833408,,,Global stance,-0.2006834558725357,believer,male,,not aggressive
2015-08-02 03:13:00+00:00,627678455287685120,,,Politics,-0.4926367700099945,believer,male,,not aggressive
2018-03-05 01:25:03+00:00,970470213375352832,-111.7617165,34.867959899999995,Impact of Resource Overconsumption,-0.5605905594348908,believer,female,-2.9536366000000003,not aggressive
2017-10-12 11:17:50+00:00,918435536834121728,67.0104,24.8608,Undefined / One Word Hashtags,-0.2669569331169128,believer,male,2.3221722,not aggressive
2015-09-04 15:26:12+00:00,639821771026268160,-123.01142809017156,44.93859358843302,Importance of Human Intervantion,-0.0902578830718994,believer,female,-4.475387,aggressive
2018-10-16 21:47:45+00:00,1052315184373616640,,,Importance of Human Intervantion,-0.5242344951629638,believer,female,,not aggressive
2015-06-09 14:30:31+00:00,608280013876695040,-77.0365427,38.89503679999999,Global stance,0.1244711743354797,believer,male,2.571994,aggressive
2019-01-01 14:06:52+00:00,1080103062809792512,6.776160000000002,51.221720000000005,Global stance,0.1026134530457583,believer,male,7.1318555,not aggressive
2018-05-07 01:46:11+00:00,993305964131508224,,,Donald Trump versus Science,-0.2798871449232101,believer,female,,not aggressive
2019-05-17 20:10:12+00:00,1129479249587519489,,,Politics,-0.4209710159472056,believer,female,,aggressive
2015-10-03 02:51:31+00:00,650141097855811584,,,Donald Trump versus Science,-0.4517024074554443,believer,male,,aggressive
2009-03-22 20:58:22+00:00,1372037112,,,Importance of Human Intervantion,0.752783093047142,neutral,female,,not aggressive
2018-10-20 04:10:42+00:00,1053498720262766592,,,Global stance,-0.217106292104721,believer,male,,not aggressive
2019-05-05 11:01:22+00:00,1124992475863687168,,,Importance of Human Intervantion,-0.4017004195928573,believer,male,,not aggressive
2009-07-24 14:31:35+00:00,2819198367,-81.7942944,26.14219760000001,Importance of Human Intervantion,0.4363338401556015,neutral,female,0.95748913,not aggressive
2018-12-21 23:35:21+00:00,1076259863225868290,,,Politics,-0.1890934175650278,believer,male,,aggressive
2019-04-21 21:35:04+00:00,1120078520665952256,,,Importance of Human Intervantion,0.1223666161298752,believer,male,,not aggressive
2019-04-23 14:15:21+00:00,1120692640935079937,-116.78467,34.687430000000006,Seriousness of Gas Emissions,-0.1064647422896491,believer,female,-0.95980245,not aggressive
2012-03-19 02:55:28+00:00,181574582296264704,,,Seriousness of Gas Emissions,-0.5143370032072067,neutral,male,,not aggressive
2010-09-20 15:58:19+00:00,25037100483,,,Weather Extremes,-0.1898118455171585,believer,male,,not aggressive
2017-10-23 23:34:13+00:00,922607122671652865,,,Politics,-0.5380311150312423,believer,male,,aggressive
2018-09-05 15:31:02+00:00,1037362476663427073,-73.61036419999998,45.4972159,Importance of Human Intervantion,-0.0719197489869543,neutral,male,6.7913770000000016,aggressive
2017-12-21 10:02:33+00:00,943783743319396352,-3.5269108,50.725562,Global stance,0.5028411692380905,believer,male,3.7687175,not aggressive
2017-09-26 09:24:37+00:00,912608838942986241,-112.07404,33.44838,Ideological Positions on Global Warming,-0.0204058621883392,neutral,female,-4.75345,not aggressive
2018-05-02 21:35:20+00:00,991793284832997377,-95.8243956,29.785785299999997,Global stance,0.4948640479282899,believer,male,2.9348173,not aggressive
2018-02-25 18:43:55+00:00,967832548524134401,,,Undefined / One Word Hashtags,0.598833531165123,believer,female,,aggressive
2010-05-11 09:20:26+00:00,13778955887,150.40522373235163,-33.609741050000004,Global stance,-0.4406505196809768,believer,male,1.5519149,not aggressive
2019-04-19 10:50:57+00:00,1119191651552047104,-2.2877425,53.0038078,Politics,0.0045186281204223,neutral,male,5.1385045,not aggressive
2011-03-31 16:17:31+00:00,53491121392857088,,,Seriousness of Gas Emissions,-0.5643997853994369,neutral,male,,not aggressive
2018-01-30 06:02:03+00:00,958218732471451648,-73.9495823,40.6501038,Ideological Positions on Global Warming,-0.7580617116451264,denier,male,1.7913553,aggressive
2019-04-22 13:31:52+00:00,1120319308897320961,-88.52226999999998,34.934250000000006,Global stance,-0.6013186574935914,believer,male,3.5061047,not aggressive
2018-01-18 02:05:43+00:00,953810605072248832,,,Global stance,-0.4722778350114822,believer,male,,aggressive
2018-12-04 01:33:36+00:00,1069766637497118720,,,Donald Trump versus Science,-0.4591080680926641,neutral,female,,not aggressive
2018-02-26 01:53:43+00:00,967940709998247937,-74.0060152,40.7127281,Undefined / One Word Hashtags,0.4523285925388336,believer,male,5.018785,not aggressive
2018-01-13 07:53:34+00:00,952086203943215106,,,Donald Trump versus Science,-0.6634344689289728,denier,male,,aggressive
2019-04-23 00:07:51+00:00,1120479358051913728,,,Weather Extremes,-0.336930166554451,neutral,male,,not aggressive
2018-01-07 17:27:25+00:00,950056292365754368,,,Weather Extremes,-0.5842785582065583,believer,undefined,,aggressive
2014-02-10 14:11:50+00:00,432879584011251712,,,Weather Extremes,-0.3110541735649109,neutral,male,,not aggressive
2019-05-09 00:47:41+00:00,1126287588615229442,-78.89004090000002,33.6956461,Significance of Pollution Awareness Events,-0.4679688215255737,neutral,female,2.6739383,not aggressive
2017-12-30 20:05:53+00:00,947197066501148672,,,Weather Extremes,0.0276213412920634,neutral,undefined,,not aggressive
2018-08-27 17:55:55+00:00,1034137448354390017,,,Donald Trump versus Science,0.5364472310304642,denier,male,,not aggressive
2017-12-15 19:13:56+00:00,941748174292692993,,,Impact of Resource Overconsumption,-0.2337411253690719,neutral,male,,not aggressive
2012-09-27 11:26:15+00:00,251281596823519232,,,Weather Extremes,0.6391014506340027,neutral,male,,not aggressive
2018-04-09 06:47:58+00:00,983235052493389829,,,Importance of Human Intervantion,-0.1180734547853469,believer,male,,aggressive
2016-07-08 11:44:42+00:00,751381491658043392,,,Global stance,0.2474472958803177,believer,female,,not aggressive
2018-04-08 01:11:19+00:00,982787943017402369,,,Global stance,-0.6671181019306183,believer,male,,aggressive
2018-02-16 11:53:22+00:00,964467739267096576,,,Undefined / One Word Hashtags,0.4305339868307113,believer,male,,not aggressive
2019-04-24 16:45:21+00:00,1121092776404369409,-1.5478500000000002,53.79648,Importance of Human Intervantion,-0.0495594836473465,neutral,male,4.9769745,aggressive
2017-10-20 00:57:59+00:00,921178649419591680,,,Undefined / One Word Hashtags,0.4597488790750503,believer,undefined,,not aggressive
2012-11-09 15:00:23+00:00,266918163315306496,-71.0582912,42.3602534,Weather Extremes,0.3281620785474777,believer,female,-1.5150007,aggressive
2009-06-21 03:16:32+00:00,2261108840,,,Global stance,-0.3276095390319824,neutral,female,,not aggressive
2017-09-29 09:01:14+00:00,913690117398781952,,,Undefined / One Word Hashtags,0.615421359761556,neutral,male,,aggressive
2015-01-24 16:48:05+00:00,559029884572676096,,,Politics,-0.5593921084165573,neutral,male,,not aggressive
2019-01-06 20:00:00+00:00,1082003871323570176,-74.0060152,40.7127281,Importance of Human Intervantion,0.4639818519353867,believer,female,1.4386175,aggressive
2019-09-25 13:20:00+00:00,1176848830572191488,,,Importance of Human Intervantion,0.0180533107042312,neutral,female,,not aggressive
2019-05-15 04:13:42+00:00,1128513762800087041,-73.94958000000003,40.6501,Donald Trump versus Science,-0.5526167300701141,believer,male,0.76935184,aggressive
2018-01-09 07:03:44+00:00,950624109666369536,,,Significance of Pollution Awareness Events,-0.4753634675423304,neutral,male,,not aggressive
2019-05-09 14:40:42+00:00,1126497226174472192,,,Significance of Pollution Awareness Events,-0.2939837013244629,neutral,male,,not aggressive
2018-12-19 10:19:26+00:00,1075334785743110144,,,Donald Trump versus Science,-0.4446538373708725,believer,male,,not aggressive
2017-05-26 12:11:22+00:00,868077095662104576,,,Weather Extremes,-0.4230767433404922,denier,female,,not aggressive
2017-06-14 21:40:58+00:00,875105809235136512,,,Donald Trump versus Science,-0.115762428689003,denier,female,,aggressive
2018-11-28 19:22:00+00:00,1067861183959568395,,,Politics,0.466917685508728,believer,male,,not aggressive
2016-01-30 16:37:01+00:00,693472997345140736,,,Politics,-0.1216003063201904,believer,male,,not aggressive
2018-08-31 11:53:53+00:00,1035495890784608257,-84.79965729999998,33.3806716,Weather Extremes,-0.0428064480781554,denier,male,2.5650074000000003,aggressive
2018-10-03 17:05:49+00:00,1047533192276791296,,,Importance of Human Intervantion,-0.1892449404478073,believer,male,,not aggressive
2019-05-15 03:54:42+00:00,1128508979762454528,,,Weather Extremes,-0.6667408951706356,believer,male,,not aggressive
2019-04-30 16:04:01+00:00,1123256703288520706,,,Politics,-0.2159540532112121,believer,female,,not aggressive
2018-08-18 23:36:05+00:00,1030961561920098304,,,Global stance,-0.0864329230785369,believer,female,,not aggressive
2017-12-08 11:46:20+00:00,939098818301349890,,,Seriousness of Gas Emissions,-0.7700446522633234,believer,male,,aggressive
2018-02-06 11:27:26+00:00,960837334039252992,,,Politics,-0.3064579129219055,believer,male,,not aggressive
2018-07-09 19:12:46+00:00,1016399780342312965,,,Weather Extremes,-0.3372767344474792,believer,male,,not aggressive
2018-12-04 18:40:54+00:00,1070025167961841664,-79.38393470000003,43.6534817,Global stance,-0.648586433060964,believer,male,8.552754,not aggressive
2018-01-12 05:57:07+00:00,951694512203714560,,,Global stance,0.5532090067863464,believer,male,,not aggressive
2016-09-28 13:12:17+00:00,781119337071607808,,,Seriousness of Gas Emissions,0.7259829260757992,believer,male,,not aggressive
2017-12-21 21:54:04+00:00,943962803391561729,,,Undefined / One Word Hashtags,0.5207015560431915,believer,male,,aggressive
2009-12-05 23:28:05+00:00,6383173816,,,Donald Trump versus Science,-0.5951124893188476,denier,female,,aggressive
2017-12-06 17:27:47+00:00,938459969241960448,,,Importance of Human Intervantion,0.7367354568719864,believer,male,,not aggressive
2017-10-17 05:55:04+00:00,920166249878904834,144.96331999999995,-37.814,Global stance,-0.4855697751045227,believer,male,6.9628735,not aggressive
2018-09-12 04:12:37+00:00,1039728464390184961,147.2869493,-31.875983500000007,Importance of Human Intervantion,0.0427479989846547,believer,male,-3.6960223,aggressive
2017-11-19 15:13:25+00:00,932265562637520896,,,Importance of Human Intervantion,-0.5410619269371033,believer,male,,not aggressive
2017-12-13 08:00:52+00:00,940854018611572737,,,Importance of Human Intervantion,0.4488996730804443,believer,male,,aggressive
2018-11-27 19:18:02+00:00,1067497797904142336,,,Global stance,0.4937133640050888,believer,male,,not aggressive
2010-01-09 11:29:59+00:00,7554513009,,,Ideological Positions on Global Warming,0.4954477514266968,neutral,male,,not aggressive
2018-02-18 10:26:51+00:00,965170742840254469,,,Importance of Human Intervantion,-0.1328434199094772,believer,male,,not aggressive
2018-10-01 07:40:14+00:00,1046666082193428485,-118.24368,34.05223,Donald Trump versus Science,-0.6575214189529419,denier,male,-3.1268113,aggressive
2018-10-09 13:05:59+00:00,1049647162613731331,-95.9383758,41.2587459,Politics,0.5146106194734573,believer,male,4.851331,aggressive
2018-05-16 23:31:59+00:00,996896069920346112,,,Donald Trump versus Science,-0.0183432632684707,neutral,female,,not aggressive
2015-05-29 22:52:25+00:00,604420055477157888,-83.50018,32.750420000000005,Ideological Positions on Global Warming,-0.1635549182415008,denier,male,0.5378177,aggressive
2018-12-26 23:09:44+00:00,1078065353836490752,,,Global stance,0.0810873210430145,believer,male,,not aggressive
2017-10-20 19:30:58+00:00,921458741341577218,-0.12574,51.50853000000001,Global stance,0.6208941516399384,believer,male,2.3850605,not aggressive
2017-12-14 18:09:23+00:00,941369542273413120,,,Donald Trump versus Science,-0.6937874625444411,believer,male,,not aggressive
2015-06-26 00:33:28+00:00,614229956915298304,,,Weather Extremes,0.6786676632642746,believer,undefined,,not aggressive
2017-12-30 16:04:19+00:00,947136276624543749,,,Weather Extremes,-0.62057765787329,believer,undefined,,not aggressive
2014-01-21 02:39:35+00:00,425457618593673216,72.8773928,19.0759899,Weather Extremes,-0.5307254254817962,believer,female,0.8754506,not aggressive
2018-03-08 14:53:04+00:00,971760721057890310,,,Undefined / One Word Hashtags,0.2887685648202896,believer,male,,not aggressive
2018-01-22 21:45:32+00:00,955557064369205250,,,Undefined / One Word Hashtags,0.1915057737588882,believer,female,,not aggressive
2019-05-13 10:31:57+00:00,1127884174923259911,,,Importance of Human Intervantion,-0.2909626752138138,believer,female,,aggressive
2018-02-13 16:32:39+00:00,963450858041208837,,,Politics,-0.5344141989469529,believer,male,,aggressive
2016-10-27 15:19:11+00:00,791660523741810688,,,Global stance,-0.3640872687101364,believer,male,,aggressive
2015-08-11 17:56:24+00:00,631162262871519232,,,Impact of Resource Overconsumption,0.0618686959028244,believer,male,,not aggressive
2017-10-24 19:14:55+00:00,922904251868897282,-5.2063787999999995,49.9588849,Donald Trump versus Science,-0.5715123890002569,denier,male,0.0,aggressive
2017-10-22 08:20:59+00:00,922014908312641536,-82.5001,28.75054,Impact of Resource Overconsumption,-0.188382146193363,denier,male,3.8504937,not aggressive
2019-09-05 17:49:09+00:00,1169668807088062464,,,Ideological Positions on Global Warming,-0.101318762731552,denier,undefined,,aggressive
2011-02-22 20:04:01+00:00,40139769258319872,,,Donald Trump versus Science,-0.4491561374902725,denier,male,,not aggressive
2019-05-01 11:36:16+00:00,1123551708611739648,,,Global stance,0.3592080037832259,believer,female,,aggressive
2018-04-09 05:29:49+00:00,983215383690862593,,,Undefined / One Word Hashtags,0.0049154013395309,believer,undefined,,aggressive
2017-10-18 05:30:03+00:00,920522340533985280,,,Ideological Positions on Global Warming,-0.3270673453807831,believer,male,,not aggressive
2018-01-09 12:38:18+00:00,950708307047714816,-123.13683,49.17003,Undefined / One Word Hashtags,0.0114818662405014,believer,male,2.638111,not aggressive
2018-10-09 02:57:54+00:00,1049494132232769537,,,Impact of Resource Overconsumption,-0.718704991555214,believer,male,,not aggressive
2018-10-21 19:50:34+00:00,1054097631092400130,144.9631608,-37.81421760000001,Global stance,-0.5393690119187037,denier,male,-2.289052,aggressive
2017-09-22 17:38:01+00:00,911283457342476288,,,Importance of Human Intervantion,0.6161523141622544,believer,male,,not aggressive
2019-04-26 22:49:22+00:00,1121909158389800960,76.96284250000002,11.0018115,Global stance,0.6642583739280701,believer,male,-0.19634818,aggressive
2019-05-16 09:34:59+00:00,1128957004142252032,,,Global stance,0.3357539443254471,believer,female,,not aggressive
2015-12-11 12:23:50+00:00,675289888611246080,,,Importance of Human Intervantion,0.3714996576309204,believer,male,,not aggressive
2015-05-28 06:46:40+00:00,603814628787822592,120.9809674,14.5907332,Global stance,-0.4670151770114898,believer,male,0.7571770999999999,not aggressive
2017-10-21 02:44:30+00:00,921567843589730304,23.78712,61.49911,Significance of Pollution Awareness Events,0.4912060797214508,believer,female,-2.8760805,not aggressive
2018-09-24 03:41:15+00:00,1044069222941257728,106.827183,-6.1753941999999995,Global stance,0.482274731183052,believer,male,0.4672113000000001,not aggressive
2018-03-13 18:46:49+00:00,973631484853673984,,,Importance of Human Intervantion,0.906970726108551,believer,male,,aggressive
2017-12-05 00:16:22+00:00,937838020572655617,-96.89612,32.92651,Weather Extremes,0.02485813498497,believer,female,4.943533,not aggressive
2017-10-07 06:37:44+00:00,916553107013857280,-123.0950506,44.0505054,Politics,0.0684409258153703,believer,male,-0.47918156,aggressive
2016-10-26 20:42:45+00:00,791379563154698240,,,Global stance,0.3527611047029495,believer,male,,not aggressive
2018-11-28 21:00:37+00:00,1067886000356171777,-88.81961000000001,33.45049,Global stance,0.1172737378835678,denier,male,3.0774271,aggressive
2016-04-10 04:31:30+00:00,719019952439558144,,,Importance of Human Intervantion,-0.4869459271430969,neutral,male,,not aggressive
2018-07-10 16:47:46+00:00,1016725678258040833,,,Seriousness of Gas Emissions,-0.5593841364383698,denier,male,,not aggressive
2017-12-14 13:36:39+00:00,941300907978973185,,,Weather Extremes,-0.1483907880002802,believer,male,,aggressive
2018-01-06 14:07:13+00:00,949643522105278464,0.8994650999999999,51.8896903,Global stance,0.4055560032844543,believer,male,-0.49075487,not aggressive
2018-09-12 00:03:30+00:00,1039665771507417089,,,Importance of Human Intervantion,-0.582315226814482,believer,female,,not aggressive
2018-12-08 01:26:46+00:00,1071214471836823552,18.0710935,59.325117199999994,Global stance,-0.363333407497406,believer,male,3.1578026,not aggressive
2016-09-17 13:17:15+00:00,777134321996066816,,,Global stance,-0.0273998882187737,believer,female,,not aggressive
2014-04-21 22:39:46+00:00,458374561075978240,,,Impact of Resource Overconsumption,-0.5152450959205628,neutral,male,,not aggressive
2017-10-16 20:17:34+00:00,920020917861806080,,,Weather Extremes,0.5164110179185868,neutral,female,,not aggressive
2018-01-08 07:32:54+00:00,950269061560020994,,,Weather Extremes,-0.1123302928686142,believer,male,,aggressive
2018-02-11 03:38:30+00:00,962531262501150720,,,Politics,-0.0790903156995773,believer,male,,not aggressive
2018-09-02 16:45:31+00:00,1036294056480006144,67.0104,24.8608,Importance of Human Intervantion,0.2446480616569519,believer,male,2.3001115000000003,not aggressive
2018-12-02 14:03:47+00:00,1069230651948314624,,,Global stance,0.0589735656976699,believer,female,,not aggressive
2009-09-28 02:43:03+00:00,4432989054,,,Global stance,0.1538276998758316,neutral,female,,not aggressive
2018-04-09 00:46:39+00:00,983144121744482304,-80.07282009999999,26.4614625,Weather Extremes,0.4916054457426071,believer,male,2.5924783,not aggressive
2019-04-19 15:41:00+00:00,1119264641916424192,-87.6244212,41.87556160000001,Importance of Human Intervantion,0.0058013677597045,believer,male,6.6171203,aggressive
2016-03-25 06:57:10+00:00,713258405037617152,-118.24368,34.05223,Impact of Resource Overconsumption,0.0025536088466644,believer,male,3.373631,aggressive
2016-06-23 11:42:00+00:00,745944996369539072,-0.1497585054113924,50.84522125,Importance of Human Intervantion,-0.5838545656681061,believer,male,2.5543656,aggressive
2016-10-04 15:52:53+00:00,783334083501760512,-122.3660825,37.5841026,Global stance,0.3079366087913513,believer,female,-1.6252282,not aggressive
2018-08-21 22:50:21+00:00,1032037215759683584,,,Importance of Human Intervantion,-0.1508457055091858,believer,female,,not aggressive
2018-06-05 14:12:42+00:00,1004003081405648896,,,Donald Trump versus Science,-0.3692641898552576,believer,male,,not aggressive
2017-12-11 17:19:01+00:00,940269702240075776,,,Importance of Human Intervantion,-0.1830380537271499,believer,male,,aggressive
2017-11-03 18:15:00+00:00,926513055395209217,,,Politics,-0.5242713146209717,neutral,female,,not aggressive
2017-12-01 20:02:33+00:00,936686979688861701,,,Global stance,0.5405647473096847,believer,male,,not aggressive
2017-12-09 07:59:55+00:00,939404225771053056,-123.11395290000002,49.2608724,Weather Extremes,-0.3621861785650253,believer,male,0.032065194,not aggressive
2019-05-19 01:03:47+00:00,1129915522143756288,,,Politics,-0.5705802429676056,believer,female,,not aggressive
2016-03-28 15:40:15+00:00,714477209193283584,-75.16352619999998,39.9527237,Global stance,0.3462294150829315,believer,male,3.613819,aggressive
2015-08-29 10:28:40+00:00,637572569038651392,,,Undefined / One Word Hashtags,-0.4416804760694504,believer,male,,not aggressive
2016-01-29 11:26:21+00:00,693032430421327872,,,Importance of Human Intervantion,0.4535630196332931,neutral,male,,not aggressive
2015-12-07 14:28:21+00:00,673871673662291968,,,Importance of Human Intervantion,-0.5266459867954254,believer,male,,aggressive
2018-03-09 10:25:46+00:00,972055838197276672,,,Weather Extremes,0.6881314865668614,believer,male,,not aggressive
2018-12-21 23:56:02+00:00,1076265064565522434,,,Importance of Human Intervantion,-0.0067805160045623,believer,female,,aggressive
2018-12-19 07:18:55+00:00,1075289356791963648,,,Weather Extremes,0.6118335125605266,believer,male,,not aggressive
2017-10-14 04:50:09+00:00,919062750126489601,,,Global stance,-0.3501921445131302,believer,male,,not aggressive
2019-04-18 13:15:13+00:00,1118865567027474434,-79.38393470000003,43.6534817,Global stance,0.5836261619091034,believer,male,8.552754,not aggressive
2018-08-26 23:24:09+00:00,1033857661719195648,-81.4639835,27.7567667,Global stance,-0.3783633767843246,believer,female,0.39506483,not aggressive
2018-03-14 00:12:30+00:00,973713442451451904,,,Global stance,0.4407368784666061,believer,female,,aggressive
2015-12-26 06:45:06+00:00,680640462621818880,,,Importance of Human Intervantion,0.4256168752908706,believer,female,,not aggressive
2018-09-11 02:45:06+00:00,1039344049864359936,144.9631608,-37.81421760000001,Importance of Human Intervantion,0.6771461871862411,believer,male,-2.289052,not aggressive
2011-03-10 09:06:46+00:00,45772571467186176,,,Weather Extremes,-0.2816865493774414,neutral,male,,not aggressive
2018-08-21 11:54:55+00:00,1031872273362444288,-79.64438790000001,43.5896231,Global stance,0.4815575629472732,neutral,male,8.552754,not aggressive
2013-07-18 17:47:06+00:00,357919473409331200,-75.690308,45.421105999999995,Weather Extremes,0.6621934493541718,neutral,male,4.4188147,not aggressive
2018-02-21 14:19:25+00:00,966316434723885056,,,Importance of Human Intervantion,0.0842031716823578,believer,male,,not aggressive
2018-01-27 04:20:01+00:00,957105893044256768,,,Ideological Positions on Global Warming,-0.4503219297885895,believer,male,,not aggressive
2018-08-18 11:42:45+00:00,1030782046216568833,,,Politics,0.4301499303102493,believer,male,,not aggressive
2010-07-18 05:46:23+00:00,18819578301,,,Importance of Human Intervantion,-0.4752532649993896,believer,male,,not aggressive
2019-05-06 16:46:54+00:00,1125441819423023111,,,Undefined / One Word Hashtags,0.675965600180626,believer,male,,not aggressive
2018-12-28 01:19:06+00:00,1078460298187755520,,,Ideological Positions on Global Warming,-0.3601853102445603,believer,male,,not aggressive
2017-12-20 21:49:54+00:00,943599364483702784,,,Importance of Human Intervantion,0.0835975023984909,denier,male,,not aggressive
2009-02-05 01:15:00+00:00,1178254950,-118.5610378,34.413819000000004,Weather Extremes,0.1501787464664095,believer,female,0.30794582,aggressive
2015-03-05 16:12:04+00:00,573516336648744960,,,Weather Extremes,0.4833811338186264,denier,undefined,,not aggressive
2015-08-14 17:50:29+00:00,632247937943371776,-71.1056157,42.3750997,Politics,0.1756892720381418,neutral,male,-0.61580586,not aggressive
2018-12-04 14:29:03+00:00,1069961784507973633,,,Donald Trump versus Science,0.3624026965141296,believer,male,,aggressive
2015-12-29 05:09:57+00:00,681703682082131968,,,Global stance,-0.0633134245872497,neutral,female,,aggressive
2018-10-03 17:17:00+00:00,1047536005287485440,6.14569,46.20222,Global stance,0.0935551765832033,neutral,female,1.9854971,not aggressive
2017-11-19 23:42:17+00:00,932393622292414464,,,Impact of Resource Overconsumption,0.2292450417280197,believer,female,,not aggressive
2015-07-24 23:15:54+00:00,624719685989343232,-82.35919331410949,36.29885175,Undefined / One Word Hashtags,0.590109571814537,believer,male,-0.52732444,not aggressive
2015-07-24 13:43:07+00:00,624575540150689792,-71.21454,46.81228,Global stance,-0.7584493815183639,believer,male,-2.127742,not aggressive
2019-05-19 11:28:28+00:00,1130072728063676416,,,Politics,-0.5705802429676056,believer,female,,not aggressive
2018-05-14 14:47:35+00:00,996039327468662785,,,Global stance,-0.6703859956979752,believer,male,,not aggressive
2016-02-26 11:44:24+00:00,703183831059140608,,,Global stance,0.6926602992773057,believer,male,,aggressive
2016-05-21 06:28:42+00:00,733907350592061440,-72.50026079999999,44.5990718,Importance of Human Intervantion,-0.0115506649017333,believer,male,1.4352793,aggressive
2017-10-04 14:34:24+00:00,915585902063292416,,,Ideological Positions on Global Warming,-0.095490093922615,neutral,male,,not aggressive
2011-01-29 17:54:56+00:00,31409974315843584,,,Weather Extremes,0.4976996627092361,neutral,male,,not aggressive
2019-04-24 23:16:14+00:00,1121191143679643648,,,Importance of Human Intervantion,0.3662441207408905,neutral,male,,aggressive
2017-12-29 01:09:22+00:00,946548664746627072,-87.65005000000001,41.85003,Weather Extremes,-0.6499303804397583,neutral,male,-7.8434405,not aggressive
2018-02-10 15:39:00+00:00,962350193936097287,-0.1164306576098892,51.51459135,Global stance,0.7204183876276017,believer,male,-0.57436985,aggressive
2017-12-11 06:18:47+00:00,940103553082826752,,,Importance of Human Intervantion,0.3260985550403595,believer,female,,not aggressive
2018-06-03 22:12:33+00:00,1003399061381222400,,,Donald Trump versus Science,0.4948633760213852,believer,female,,not aggressive
2017-12-21 08:34:24+00:00,943761557149962241,,,Global stance,-0.0882612715244293,believer,male,,not aggressive
2017-12-05 20:49:10+00:00,938148263622004738,-79.38393470000003,43.6534817,Undefined / One Word Hashtags,-0.5662168428486044,believer,female,7.0004525,not aggressive
2017-10-12 04:47:22+00:00,918337272797433857,-83.00070649999998,39.9622601,Politics,-0.4940788488149643,believer,male,4.463434,aggressive
2018-03-18 14:28:16+00:00,975378358224719872,,,Weather Extremes,0.5376429501056671,neutral,male,,not aggressive
2016-08-26 14:39:06+00:00,769182386751930368,11.467181161339116,43.16722539999999,Importance of Human Intervantion,-0.6350827526807785,believer,male,1.9359497,not aggressive
2018-04-08 04:32:50+00:00,982838655780827136,,,Weather Extremes,0.3963092343534742,believer,male,,not aggressive
2019-04-24 13:19:54+00:00,1121041075387289601,,,Importance of Human Intervantion,0.0721273019949595,believer,male,,not aggressive
2015-06-03 16:03:47+00:00,606129157404258304,-77.03636999999998,38.89511,Global stance,0.4404697865247726,believer,male,-4.4957976,not aggressive
2012-08-10 11:20:59+00:00,233885653451030528,,,Weather Extremes,0.2139949482440948,denier,female,,not aggressive
2014-06-14 17:50:02+00:00,477870594621321216,,,Weather Extremes,0.0914993862390518,believer,male,,not aggressive
2017-12-30 14:20:26+00:00,947110133221543937,-97.74306,30.26715,Weather Extremes,-0.6098199287017186,neutral,female,0.20866744,not aggressive
2018-05-18 13:41:18+00:00,997472194757246977,,,Politics,-0.5327809166669846,neutral,male,,aggressive
2015-01-13 22:54:39+00:00,555135866759168000,,,Importance of Human Intervantion,0.0509522569656372,believer,male,,not aggressive
2018-10-17 19:48:01+00:00,1052647439583334401,-74.00596999999998,40.714270000000006,Impact of Resource Overconsumption,-0.64696823442777,believer,male,1.4386175,not aggressive
2019-01-08 01:16:19+00:00,1082445862502952960,,,Global stance,-0.0404841187477112,believer,female,,not aggressive
2018-12-04 04:57:01+00:00,1069817828281384962,,,Importance of Human Intervantion,0.5117182701826095,believer,male,,aggressive
2017-01-30 06:50:08+00:00,825959264736911360,-72.3959849,5.3428474999999995,Seriousness of Gas Emissions,0.056686982512474,believer,male,-0.4763246,not aggressive
2012-09-16 02:25:46+00:00,247159312034709504,,,Weather Extremes,-0.5306119127300051,believer,male,,not aggressive
2014-12-15 14:27:59+00:00,544499114797305856,-97.7436995,30.271128599999997,Weather Extremes,-0.6867733220338821,neutral,male,7.708113000000001,not aggressive
2019-04-17 21:20:27+00:00,1118625294707879936,,,Weather Extremes,-0.746819212770462,believer,male,,not aggressive
2019-08-09 00:11:39+00:00,1159618206115479552,-76.79281280000002,17.97121480000001,Importance of Human Intervantion,0.5222618121862411,believer,male,0.14573535,not aggressive
2010-06-16 17:52:03+00:00,16324196912,,,Importance of Human Intervantion,0.5783222654422124,believer,female,,not aggressive
2018-01-11 11:25:56+00:00,951414870439813121,,,Importance of Human Intervantion,-0.0508106350898742,believer,male,,not aggressive
2018-10-07 19:39:14+00:00,1049021351326097411,-74.00596999999998,40.714270000000006,Global stance,0.634790752363205,believer,male,1.4386175,aggressive
2014-08-19 14:19:01+00:00,501735086719766528,-89.40123000000001,43.07305,Global stance,0.7612607778867087,believer,female,1.1948477,not aggressive
2014-07-07 03:25:40+00:00,485987990322171904,,,Weather Extremes,0.4984660173892975,neutral,male,,not aggressive
2019-05-10 09:24:48+00:00,1126780113675272192,,,Global stance,0.5489386608600617,believer,female,,not aggressive
2018-02-02 11:07:02+00:00,959382648249602048,,,Ideological Positions on Global Warming,-0.0725613301992416,believer,male,,not aggressive
2018-10-08 16:20:07+00:00,1049333627052544003,,,Weather Extremes,-0.2961680685043334,believer,female,,not aggressive
2018-12-12 19:21:54+00:00,1072934588073299968,,,Importance of Human Intervantion,0.0454324002504348,believer,male,,not aggressive
2016-02-25 03:19:34+00:00,702694398140637184,-73.75496799999999,42.6511674,Global stance,-0.4302629679441452,neutral,female,10.193714,aggressive
2019-04-30 13:21:15+00:00,1123215739513724929,,,Importance of Human Intervantion,-0.5727808945178986,believer,female,,not aggressive
2015-07-09 22:41:22+00:00,619275175259938816,,,Weather Extremes,-0.5901082512855531,neutral,female,,not aggressive
2017-10-15 23:11:44+00:00,919702358086602752,,,Global stance,-0.2322351259231567,believer,female,,not aggressive
2019-05-05 17:16:37+00:00,1125086909640912897,,,Undefined / One Word Hashtags,0.463837519288063,believer,female,,not aggressive
2017-11-18 23:25:03+00:00,932026897428635648,,,Undefined / One Word Hashtags,0.4186446517705917,believer,male,,not aggressive
2018-09-15 05:35:02+00:00,1040836367985651713,,,Global stance,-0.6716750502824783,believer,female,,not aggressive
2018-04-13 21:08:03+00:00,984901048413380611,,,Global stance,0.04972140147686,believer,female,,not aggressive
2017-12-14 14:12:37+00:00,941309958607572992,,,Weather Extremes,-0.3891423117269169,neutral,male,,aggressive
2016-01-10 10:41:02+00:00,686135656116965376,-3.19648,55.95206,Seriousness of Gas Emissions,-0.0149885495503743,believer,male,0.735329,not aggressive
2018-12-16 20:25:06+00:00,1074400044432965638,-93.6003837,41.7318715,Importance of Human Intervantion,-0.045272096991539,believer,male,5.253161,not aggressive
2018-11-30 16:50:28+00:00,1068547825196126208,-120.09602,38.982130000000005,Politics,0.390358567237854,believer,male,-3.8062696,not aggressive
2018-11-28 01:40:05+00:00,1067593940897918977,174.7772114,-41.2887953,Global stance,0.6436400029377505,believer,male,-1.9386514,not aggressive
2017-01-29 12:03:36+00:00,825675762057486336,,,Undefined / One Word Hashtags,0.0441052168607712,believer,male,,not aggressive
2009-11-05 01:17:11+00:00,5436619144,-77.0365427,38.89503679999999,Global stance,-0.0523540824651718,neutral,male,-2.3821256,not aggressive
2018-01-06 10:49:03+00:00,949593649838460928,-82.3576323996642,26.9606125,Undefined / One Word Hashtags,0.0449120849370956,denier,male,-6.317067,not aggressive
2011-10-06 11:37:20+00:00,121911916422639616,,,Seriousness of Gas Emissions,0.3847797194199128,believer,male,,not aggressive
2019-05-03 00:06:33+00:00,1124102910906904578,,,Importance of Human Intervantion,-0.3487483252763748,believer,male,,not aggressive
2009-12-13 12:14:29+00:00,6627514957,,,Weather Extremes,-0.0967004300832749,neutral,female,,not aggressive
2015-05-28 18:32:42+00:00,603992306769747968,,,Weather Extremes,-0.4891375958919525,neutral,male,,not aggressive
2015-06-17 14:13:18+00:00,611174786719436800,-71.05977,42.358430000000006,Seriousness of Gas Emissions,-0.0790506527467207,believer,undefined,-0.74010235,not aggressive
2018-09-07 19:36:40+00:00,1038149068717928449,,,Importance of Human Intervantion,-0.7399707416772843,neutral,male,,aggressive
2013-05-14 03:14:05+00:00,334144557056929792,-74.0060152,40.7127281,Weather Extremes,-0.1318330470694436,neutral,female,-6.8158803,not aggressive
2017-12-19 05:10:13+00:00,942985399768625153,36.826061224105075,-1.30316895,Global stance,0.3068325236375515,believer,female,0.4191512,not aggressive
2017-12-14 08:39:48+00:00,941226201141694464,,,Importance of Human Intervantion,0.5511051432847976,believer,female,,not aggressive
2010-10-15 15:56:02+00:00,27454580905,,,Ideological Positions on Global Warming,0.0652671198606491,neutral,female,,not aggressive
2017-11-20 09:18:40+00:00,932538674817810432,151.20731999999995,-33.867850000000004,Importance of Human Intervantion,0.552913701581955,denier,undefined,-0.2589054,aggressive
2018-07-08 04:19:26+00:00,1015812577509535744,-122.4398746,47.24957979999999,Weather Extremes,-0.7561720938205718,believer,male,-2.36505,not aggressive
2016-01-25 07:10:26+00:00,691518474716323840,98.9868056,18.788277800000007,Global stance,-0.6198395435571671,believer,male,-4.928776999999998,not aggressive
2018-07-06 11:14:42+00:00,1015192308482895872,150.32083,-34.612829999999995,Global stance,0.7752340493387646,believer,male,-1.510451,not aggressive
2019-05-02 05:31:55+00:00,1123822403568787457,,,Importance of Human Intervantion,0.4642312675714493,neutral,male,,not aggressive
2018-09-29 11:05:54+00:00,1045993064215588864,,,Politics,-0.2166888278961181,believer,male,,not aggressive
2015-06-28 05:16:41+00:00,615026008153001984,,,Global stance,0.3413426279783248,believer,male,,not aggressive
2016-05-06 08:33:09+00:00,728502850410647552,,,Politics,-0.591401206111908,believer,male,,aggressive
2018-10-17 04:41:38+00:00,1052419338823770114,,,Politics,0.5249511470079422,believer,male,,aggressive
2017-10-23 06:47:05+00:00,922353669080629249,,,Politics,-0.4590572473526001,believer,male,,not aggressive
2018-06-16 12:36:23+00:00,1007965109539532800,,,Undefined / One Word Hashtags,0.4843361973762512,believer,male,,not aggressive
2017-10-22 18:11:00+00:00,922163393397530624,,,Importance of Human Intervantion,0.1094244867563247,believer,female,,not aggressive
2017-10-14 13:12:25+00:00,919189148388409345,,,Weather Extremes,-0.546463081741333,neutral,female,,not aggressive
2016-10-18 09:54:20+00:00,788317278265806848,24.76232000000001,-28.732260000000004,Global stance,-0.6034185889287429,neutral,male,-1.911837,aggressive
2010-12-20 20:46:56+00:00,16957744716189696,,,Weather Extremes,0.4385780657768249,neutral,male,,aggressive
2018-11-27 08:39:05+00:00,1067336999432970240,153.02349909999995,-27.4689682,Politics,-0.6391401412698958,believer,male,-2.4097216,not aggressive
2018-08-14 06:19:56+00:00,1029251253359001600,,,Weather Extremes,0.7151712049722672,neutral,male,,not aggressive
2014-06-27 06:07:40+00:00,482404877880918016,,,Donald Trump versus Science,0.3394097074667613,believer,undefined,,aggressive
2019-04-22 11:01:57+00:00,1120281583133630464,,,Seriousness of Gas Emissions,-0.4265146473646163,neutral,undefined,,not aggressive
2019-05-18 18:30:50+00:00,1129816632417632256,-122.33207000000002,47.60621,Importance of Human Intervantion,0.7592823909521103,believer,male,-2.36505,not aggressive
2009-12-07 23:06:08+00:00,6445033535,,,Seriousness of Gas Emissions,-0.6625016160964966,denier,male,,not aggressive
2017-12-08 13:28:35+00:00,939124550016651265,,,Ideological Positions on Global Warming,-0.3876072019338608,denier,undefined,,aggressive
2018-12-10 17:39:02+00:00,1072183925362036736,13.41053,52.524370000000005,Donald Trump versus Science,-0.4446538373708725,believer,female,8.326253999999999,not aggressive
2017-04-20 14:55:31+00:00,855072440938106880,27.91162000000001,-33.01529,Importance of Human Intervantion,0.5138813701629639,believer,male,-2.312074,not aggressive
2018-12-11 03:36:38+00:00,1072334316657655809,151.2164539,-33.854815699999996,Importance of Human Intervantion,0.7800379756530126,believer,male,-1.3413349,not aggressive
2018-12-12 13:12:42+00:00,1072841673540026370,-3.08333,53.400000000000006,Donald Trump versus Science,-0.7621077899376552,believer,male,5.162253400000001,not aggressive
2010-02-06 03:50:09+00:00,8707943610,-74.00596999999998,40.714270000000006,Weather Extremes,-0.6597226982355118,neutral,female,-1.5108188,aggressive
2015-07-24 10:47:09+00:00,624531257439985664,,,Undefined / One Word Hashtags,0.835803610086441,believer,male,,not aggressive
2015-03-14 15:50:15+00:00,576772336541655040,-81.8543026,41.3661614,Seriousness of Gas Emissions,-0.3495660436153411,believer,male,3.898492,not aggressive
2010-08-20 12:58:40+00:00,21662181944,,,Donald Trump versus Science,-0.5461379640658696,denier,male,,not aggressive
2018-08-16 16:12:31+00:00,1030125160664326145,,,Donald Trump versus Science,-0.6620517225027085,believer,female,,aggressive
2018-09-06 19:34:38+00:00,1037786170476748800,,,Global stance,-0.5082831263303756,believer,female,,not aggressive
2018-05-22 08:59:45+00:00,998850893163282433,,,Politics,0.5165056824684143,believer,female,,not aggressive
2017-10-22 14:16:28+00:00,922104372326207488,,,Importance of Human Intervantion,0.549189810180664,believer,male,,not aggressive
2019-05-17 05:06:50+00:00,1129251911981457408,37.35333,-3.0758300000000003,Global stance,0.4978438148498534,believer,male,0.41176,not aggressive
2018-12-13 02:11:31+00:00,1073037669628866560,-82.902901,42.6741189,Donald Trump versus Science,-0.6723356606245041,believer,female,8.326325,not aggressive
2017-10-23 00:28:42+00:00,922258442605252613,-48.5496098,-27.5973002,Seriousness of Gas Emissions,0.1667174200296402,denier,male,-2.8208487,not aggressive
2019-05-18 23:18:36+00:00,1129889051484524546,-86.00097699999999,50.000678,Importance of Human Intervantion,-0.26465388879776,believer,female,2.9294592999999995,not aggressive
2018-02-12 00:00:39+00:00,962838826145144832,-105.993007,34.5708167,Global stance,-0.1853548417568206,believer,female,-1.664738,aggressive
2015-12-13 02:29:02+00:00,675864980093198336,,,Importance of Human Intervantion,0.4744024093389511,denier,male,,not aggressive
2016-03-19 16:24:38+00:00,711226885846380544,,,Weather Extremes,-0.8165998203992845,believer,male,,not aggressive
2019-05-10 20:53:47+00:00,1126953504436838404,,,Ideological Positions on Global Warming,-0.2412466716527939,believer,male,,aggressive
2017-09-28 20:03:14+00:00,913494327367749633,,,Undefined / One Word Hashtags,0.5490227041006088,believer,male,,not aggressive
2015-12-08 18:21:06+00:00,674292633095794688,-71.8258668,52.4760892,Ideological Positions on Global Warming,-0.0556786069869995,believer,female,5.8917947,not aggressive
2018-10-15 23:34:47+00:00,1051979731430592513,,,Weather Extremes,-0.6048850048303603,believer,male,,aggressive
2016-05-23 20:35:59+00:00,734845353992851456,,,Importance of Human Intervantion,0.6296401500445825,believer,undefined,,not aggressive
2018-09-15 02:52:30+00:00,1040795464176566272,-117.16277279999998,32.7174202,Politics,-0.1159744700193405,believer,male,-1.4400201,aggressive
2018-09-02 23:45:57+00:00,1036399862647058433,,,Seriousness of Gas Emissions,-0.4706638496398926,believer,male,,aggressive
2018-10-09 19:15:14+00:00,1049740084738543621,-80.05329420000002,26.715363999999997,Undefined / One Word Hashtags,0.2661902641773224,believer,female,0.57406646,aggressive
2018-10-17 10:34:14+00:00,1052508077054971904,,,Global stance,-0.4487065374851227,believer,female,,not aggressive
2019-05-16 11:41:41+00:00,1128988891485220864,-0.6609205,51.794035699999995,Weather Extremes,0.8574395519256592,believer,male,4.0638494,not aggressive
2013-02-10 04:08:51+00:00,300456271470030848,-77.86759363,40.79508718,Donald Trump versus Science,-0.3537723307371139,denier,male,-2.6816359,not aggressive
2018-08-20 07:59:43+00:00,1031450693209444353,,,Global stance,0.0948978960514067,believer,female,,not aggressive
2018-09-06 02:20:19+00:00,1037525874906722304,-77.72788309999999,40.9699889,Global stance,0.6168204803228378,believer,female,4.9893813,not aggressive
2019-05-06 12:52:44+00:00,1125382890282291200,144.96331999999995,-37.814,Global stance,-0.0977173596620559,believer,male,-2.289052,not aggressive
2017-09-24 12:24:10+00:00,911929250445488128,67.0104,24.8608,Politics,0.6975893849134445,believer,male,-0.29871133,not aggressive
2014-12-09 12:22:50+00:00,542293289794142208,,,Significance of Pollution Awareness Events,0.4290427962938944,believer,male,,not aggressive
2018-08-31 14:04:52+00:00,1035528852083224577,,,Donald Trump versus Science,-0.181102353922526,believer,male,,not aggressive
2018-04-04 11:07:23+00:00,981488396550967296,-2.0643553197649025,53.7445838,Impact of Resource Overconsumption,-0.1149786642789841,believer,male,0.044289075,not aggressive
2019-05-09 10:23:46+00:00,1126432566322483200,,,Significance of Pollution Awareness Events,-0.4679688215255737,neutral,female,,not aggressive
2015-07-12 03:38:46+00:00,620074794369728512,,,Weather Extremes,-0.3499823309898376,denier,male,,not aggressive
2017-10-06 23:32:10+00:00,916446010196365312,144.95579742728006,-37.735619,Weather Extremes,-0.2901853770017624,believer,male,-0.7980868,not aggressive
2018-09-09 07:38:12+00:00,1038693036664868864,,,Importance of Human Intervantion,-0.111002042889595,believer,male,,not aggressive
2017-12-29 09:56:34+00:00,946681338299604992,-118.242766,34.0536909,Weather Extremes,-0.62057765787329,believer,male,6.464341,not aggressive
2018-03-06 07:37:24+00:00,970926303561076736,,,Weather Extremes,-0.6371593688488006,believer,male,,not aggressive
2018-09-16 00:24:50+00:00,1041120691255496704,,,Impact of Resource Overconsumption,-0.3595309575080871,believer,male,,not aggressive
2017-11-24 07:31:09+00:00,933961168841973760,-117.659405,33.5965685,Ideological Positions on Global Warming,-0.4804500341415405,believer,male,7.607052,not aggressive
2019-05-17 18:23:05+00:00,1129452294465032192,,,Global stance,0.3313158624128862,believer,female,,not aggressive
2018-12-10 23:49:56+00:00,1072277266552537090,-91.6704053,41.975887199999995,Ideological Positions on Global Warming,-0.0759295097351074,denier,male,5.6581306,not aggressive
2018-03-23 23:20:11+00:00,977324155858292736,,,Donald Trump versus Science,0.3379002114375432,believer,male,,not aggressive
2017-11-03 21:21:53+00:00,926560083932262401,,,Politics,-0.3342533101320267,neutral,male,,not aggressive
2017-12-29 03:28:39+00:00,946583718038081536,-116.75119,39.25021,Importance of Human Intervantion,0.6025482332706451,believer,male,9.056503,not aggressive
2018-01-11 19:08:15+00:00,951531216431280133,-104.97446,39.74192,Weather Extremes,-0.5783503505071004,believer,male,3.598343100000001,not aggressive
2016-09-25 13:14:00+00:00,780032606754729984,,,Undefined / One Word Hashtags,0.1253198710354891,neutral,female,,aggressive
2018-03-30 17:04:28+00:00,979766320890867712,,,Global stance,0.4453276842832565,believer,female,,not aggressive
2017-12-06 07:43:46+00:00,938312998149607424,-3.5,52.5,Undefined / One Word Hashtags,-0.0464621296167374,believer,male,3.9441047,not aggressive
2016-05-22 22:19:42+00:00,734509067041800192,,,Politics,-0.3140800443410874,believer,male,,aggressive
2016-05-24 18:14:29+00:00,735172129335959552,,,Global stance,0.2814414361715316,believer,male,,not aggressive
2018-11-27 08:48:28+00:00,1067339359521841152,,,Global stance,-0.3808868616819382,believer,female,,not aggressive
2018-03-18 16:14:03+00:00,975404977551179776,,,Global stance,0.1693269794796452,believer,female,,not aggressive
2018-03-09 13:02:10+00:00,972095196237369344,,,Global stance,0.8095376784324646,believer,male,,not aggressive
2017-11-22 15:36:40+00:00,933358576705331200,,,Undefined / One Word Hashtags,-0.5179110573291779,believer,male,,not aggressive
2011-10-27 06:17:50+00:00,129441657501396992,-119.26061187,34.449426530000004,Seriousness of Gas Emissions,-0.2606116567611694,neutral,male,-0.5570248999999999,not aggressive
2018-04-15 17:43:06+00:00,985574246775775234,28.049722,-26.205,Weather Extremes,0.1647107471227645,neutral,male,0.38302082,not aggressive
2018-03-26 16:43:58+00:00,978311610602344448,,,Donald Trump versus Science,-0.6159027311404546,believer,male,,aggressive
2018-09-13 22:57:40+00:00,1040373978718789632,,,Importance of Human Intervantion,0.0959182769060135,denier,male,,aggressive
2017-12-09 23:54:07+00:00,939644359519162368,,,Impact of Resource Overconsumption,0.0934850105719132,neutral,male,,aggressive
2019-05-06 13:18:02+00:00,1125389256044830720,10.830322099999998,47.981539299999994,Weather Extremes,0.186081056968371,believer,female,5.2625730000000015,not aggressive
2019-05-18 13:49:47+00:00,1129745901872926721,,,Importance of Human Intervantion,0.5243160100777944,believer,female,,not aggressive
2009-08-20 14:34:22+00:00,3428370981,-84.19161000000001,39.758950000000006,Weather Extremes,0.3270117096900939,believer,male,2.3226397,not aggressive
2018-08-16 11:47:31+00:00,1030058468785500160,-70.64827000000001,-33.45694,Global stance,-0.5868684422016144,believer,female,-1.8232708,not aggressive
2019-05-08 20:10:25+00:00,1126217814010941440,,,Global stance,0.4519180208444595,neutral,male,,not aggressive
2018-01-11 15:52:11+00:00,951481874098085888,,,Importance of Human Intervantion,-0.5124752424001693,believer,female,,not aggressive
2014-12-07 22:45:27+00:00,541725203231825920,,,Global stance,-0.5876736571788788,believer,male,,not aggressive
2015-02-28 07:37:00+00:00,571574774092066816,,,Weather Extremes,0.0041529054880142,neutral,undefined,,not aggressive
2018-08-13 22:37:06+00:00,1029134779906646016,,,Politics,-0.6945729977925618,denier,male,,aggressive
2018-01-07 13:53:09+00:00,950002368866906112,,,Impact of Resource Overconsumption,-0.1883211705923081,neutral,male,,not aggressive
2017-11-01 16:41:08+00:00,925764655779385345,,,Importance of Human Intervantion,0.1341311141967773,believer,male,,not aggressive
2018-12-14 16:04:41+00:00,1073609730411651073,,,Global stance,0.4737461069316575,believer,male,,not aggressive
2010-10-03 22:29:58+00:00,26306715588,,,Weather Extremes,-0.4088156381845474,neutral,male,,aggressive
2018-09-14 21:58:02+00:00,1040721361721847808,-77.03636999999998,38.89511,Global stance,0.5508451997995377,believer,male,3.8671534,not aggressive
2016-07-19 15:30:34+00:00,755424602160001024,,,Global stance,0.3413909592628479,believer,male,,not aggressive
2019-04-28 16:35:52+00:00,1122539943161749505,,,Ideological Positions on Global Warming,-0.288988298162547,believer,male,,aggressive
2018-05-07 20:15:57+00:00,993585246200324103,,,Importance of Human Intervantion,0.0335457772016525,neutral,male,,aggressive
2018-12-01 07:02:47+00:00,1068762315800092673,,,Undefined / One Word Hashtags,0.073628273153305,neutral,undefined,,aggressive
2018-08-24 02:41:40+00:00,1032820204680691713,-71.05977,42.358430000000006,Ideological Positions on Global Warming,-0.5416637492895127,believer,female,2.2066703,aggressive
2018-04-20 19:48:47+00:00,987417816197402625,7.750712700000002,48.584613999999995,Global stance,0.421397247338295,neutral,female,8.728143,not aggressive
2018-04-30 19:06:05+00:00,991030949256335360,,,Global stance,-0.5087214967012406,believer,male,,not aggressive
2015-02-07 20:33:38+00:00,564160076206706688,,,Global stance,0.6623169479846954,neutral,female,,not aggressive
2017-06-16 15:54:50+00:00,875743479518941184,-81.37903039999999,28.542110899999997,Global stance,-0.4014696091890335,neutral,female,-0.9654453000000002,aggressive
2018-01-31 08:57:21+00:00,958625236936638464,,,Global stance,-0.0653717080235997,believer,male,,not aggressive
2012-07-25 04:32:54+00:00,227984749250105344,-78.87839220000002,42.8867166,Weather Extremes,-0.7467488136053084,neutral,male,-0.5613431999999999,aggressive
2018-12-26 13:58:58+00:00,1077926750057689088,,,Ideological Positions on Global Warming,-0.3601853102445603,believer,female,,not aggressive
2017-12-15 18:11:56+00:00,941732571372834816,-85.50033,44.25029000000001,Global stance,-0.7170034388780594,believer,female,-4.8881172999999984,not aggressive
2018-02-10 14:35:15+00:00,962334151075618816,,,Politics,-0.135351283454895,believer,female,,aggressive
2011-01-21 02:31:33+00:00,28278494148431872,13.388859900000003,52.5170365,Weather Extremes,-0.04523448741436,neutral,male,-0.77641606,not aggressive
2018-06-19 11:45:41+00:00,1009039512368906240,144.9631608,-37.81421760000001,Importance of Human Intervantion,-0.5250056077003479,denier,male,-2.289052,not aggressive
2015-06-29 13:16:15+00:00,615509084134051840,,,Global stance,-0.412971599754833,neutral,male,,aggressive
2012-10-05 12:36:05+00:00,254198274108571648,114.59075,-3.3198700000000003,Ideological Positions on Global Warming,0.4980781044006347,neutral,female,0.6771351999999999,not aggressive
2017-09-22 22:59:59+00:00,911364481871163392,-75.38513335634171,40.09476245,Weather Extremes,0.4004249017000198,neutral,male,5.4034925000000005,not aggressive
2014-11-19 12:36:25+00:00,535048951075192832,,,Weather Extremes,0.0655018062114715,denier,female,,not aggressive
2010-03-31 09:56:39+00:00,11359093847,,,Weather Extremes,0.0943388010501861,neutral,male,,not aggressive
2018-01-10 17:01:11+00:00,951136851913519106,-122.67621,45.52345,Undefined / One Word Hashtags,0.4418066143989563,neutral,female,2.2317545,not aggressive
2018-01-18 03:24:16+00:00,953830371346599936,-77.03636999999998,38.89511,Politics,-0.7192186878681183,believer,male,-5.0166197,aggressive
2017-12-15 18:00:10+00:00,941729610382827521,-122.67621,45.52345,Politics,-0.4328029006719589,neutral,female,-0.5862632,not aggressive
2015-12-24 21:05:36+00:00,680132240135696384,-122.33207000000002,47.60621,Weather Extremes,-0.3558444747686386,believer,male,-0.63198864,aggressive
2014-12-09 06:57:58+00:00,542211534655459328,106.63,-6.1780599999999986,Weather Extremes,-0.3836288635492325,neutral,female,0.022042718,not aggressive
2014-12-14 07:03:44+00:00,544024924059226112,,,Importance of Human Intervantion,0.2332141384919484,believer,male,,aggressive
2018-11-27 00:12:37+00:00,1067209544974008321,-118.4912273,34.019470399999996,Politics,0.2571140531539917,believer,female,-3.1268113,not aggressive
2018-12-01 15:32:02+00:00,1068890471454388224,,,Global stance,0.6175560901641846,believer,male,,not aggressive
2018-06-07 02:45:40+00:00,1004554960082784266,-91.4984941,44.811349,Importance of Human Intervantion,0.4997132112979889,believer,female,4.6311035,not aggressive
2017-10-16 22:07:30+00:00,920048583088381952,,,Importance of Human Intervantion,0.6292588124036789,believer,undefined,,not aggressive
2018-04-23 00:53:35+00:00,988219298853412864,-74.4041622,40.0757384,Politics,-0.5449435959339142,believer,male,-1.6014177,aggressive
2018-04-13 15:59:36+00:00,984823424748064768,-6.284470454564644,53.360550499999995,Importance of Human Intervantion,0.7810368022918701,believer,male,0.28738114,not aggressive
2018-08-20 20:37:21+00:00,1031641357767532544,,,Importance of Human Intervantion,-0.1508457055091858,believer,male,,not aggressive
2018-05-02 02:02:08+00:00,991498040002465792,,,Politics,-0.756500806236267,believer,female,,aggressive
2015-09-08 17:41:52+00:00,641305466111299584,,,Politics,0.3936454624414444,neutral,male,,not aggressive
2019-05-11 19:19:22+00:00,1127292130471268353,,,Politics,-0.0140848457813262,denier,female,,not aggressive
2018-09-25 17:45:27+00:00,1044644061859074048,-118.755997,36.7014631,Global stance,-0.3083401366710662,believer,male,-1.8408424,not aggressive
2019-06-04 13:58:37+00:00,1135908719986958336,,,Global stance,-0.0094811472177504,denier,male,,aggressive
2017-12-31 03:00:58+00:00,947301526204231680,,,Weather Extremes,0.0276213412920634,neutral,male,,not aggressive
2018-02-09 12:09:50+00:00,961935166267691009,,,Seriousness of Gas Emissions,-0.4932815134525299,believer,female,,not aggressive
2018-07-05 04:36:23+00:00,1014729679545090049,,,Global stance,0.483377143740654,believer,female,,not aggressive
2018-02-07 10:37:39+00:00,961187192184819712,,,Importance of Human Intervantion,0.1647723776578903,believer,male,,aggressive
2017-11-10 22:06:50+00:00,929108110932713473,,,Politics,-0.0870700915336608,believer,male,,aggressive
2018-07-07 22:27:00+00:00,1015723888716763137,,,Seriousness of Gas Emissions,-0.2782293287038803,denier,male,,not aggressive
2015-06-08 14:35:31+00:00,607918884105125888,-77.03636999999998,38.89511,Importance of Human Intervantion,0.0829520604610443,neutral,male,0.77541345,aggressive
2018-01-24 23:05:58+00:00,956302082839142400,,,Importance of Human Intervantion,-0.6308057876110077,believer,male,,not aggressive
2019-05-17 02:19:02+00:00,1129209683301019648,,,Undefined / One Word Hashtags,-0.6515240295171738,believer,male,,aggressive
2018-08-13 19:30:19+00:00,1029087774282895361,,,Global stance,0.0673926491498947,believer,female,,not aggressive
2017-06-08 23:30:17+00:00,872958991969566720,115.8604796,-31.95271210000001,Weather Extremes,-0.0057962620814641,neutral,female,1.3028883999999998,not aggressive
2016-03-19 15:30:15+00:00,711213202462396416,,,Undefined / One Word Hashtags,0.3821033075094223,believer,male,,not aggressive
2018-10-11 08:37:23+00:00,1050304342035746816,,,Importance of Human Intervantion,0.0212230801105499,believer,female,,aggressive
2018-08-21 00:35:19+00:00,1031701245919150082,-77.03636999999998,38.89511,Undefined / One Word Hashtags,0.4567155689001083,believer,male,3.8671534,aggressive
2018-12-13 19:49:05+00:00,1073303815477186561,-56.1913095,-34.905891600000004,Importance of Human Intervantion,0.0409267842769622,believer,female,0.40991306,aggressive
2019-05-15 00:27:30+00:00,1128456839325192192,,,Ideological Positions on Global Warming,-0.4595002830028534,believer,female,,not aggressive
2015-05-25 09:34:04+00:00,602769592344322048,,,Global stance,-0.4202953428030014,neutral,male,,not aggressive
2010-08-14 20:14:09+00:00,21175200896,,,Seriousness of Gas Emissions,-0.5255504518270493,neutral,male,,not aggressive
2016-03-19 19:14:32+00:00,711269645148299264,,,Undefined / One Word Hashtags,-0.3973114371776581,believer,male,,not aggressive
2017-05-12 23:10:35+00:00,863169563684417536,,,Weather Extremes,-0.5517053750276566,neutral,female,,not aggressive
2017-12-29 06:54:58+00:00,946635640031997952,,,Weather Extremes,-0.62057765787329,believer,female,,not aggressive
2016-02-24 02:28:59+00:00,702319280600326144,-77.03636999999998,38.89511,Ideological Positions on Global Warming,-0.3660090301036834,believer,male,4.7393737,aggressive
2018-02-15 16:15:01+00:00,964171197587034112,,,Undefined / One Word Hashtags,0.4890408825159072,believer,male,,aggressive
2014-11-20 01:31:42+00:00,535244060148371456,,,Ideological Positions on Global Warming,0.6343068053007126,neutral,male,,aggressive
2018-09-05 13:37:44+00:00,1037333963440705537,-111.65853,40.23384,Seriousness of Gas Emissions,-0.497550455904007,believer,male,2.5106063,aggressive
2017-11-18 08:54:11+00:00,931807737390002176,13.2439512,-8.827269900000005,Undefined / One Word Hashtags,0.4134829816493121,neutral,female,-0.30902413,not aggressive
2019-04-26 23:48:20+00:00,1121924000165220352,,,Importance of Human Intervantion,-0.4754171381711959,neutral,male,,not aggressive
2015-07-31 16:07:21+00:00,627148553995943936,,,Undefined / One Word Hashtags,0.4918008595705032,believer,female,,not aggressive
2018-12-13 01:57:16+00:00,1073034083687575553,,,Seriousness of Gas Emissions,0.0493190636237462,believer,male,,not aggressive
2011-02-02 04:29:53+00:00,32656929000001536,77.49688,12.88511,Weather Extremes,0.7429580166101456,neutral,male,-0.76351106,not aggressive
2011-11-15 13:19:41+00:00,136433186245840896,,,Undefined / One Word Hashtags,0.8919432462930679,neutral,female,,not aggressive
2018-09-29 04:57:49+00:00,1045900430704857089,72.83023,21.19594,Global stance,0.546222879957912,believer,male,1.6663374,not aggressive
2016-10-14 17:39:39+00:00,786984829111898112,,,Importance of Human Intervantion,-0.4586988193273544,believer,male,,aggressive
2018-06-06 10:04:31+00:00,1004303010590347264,,,Weather Extremes,0.6392935530832835,believer,male,,not aggressive
2018-09-21 14:33:19+00:00,1043146160112844800,-74.4041622,40.0757384,Global stance,0.699225114720518,neutral,male,1.4386175,not aggressive
2019-05-14 04:53:40+00:00,1128161432632156160,,,Global stance,0.4384921044111252,believer,male,,not aggressive
2019-05-14 22:30:36+00:00,1128427418551824386,-88.54678000000001,45.23575,Weather Extremes,0.0043208266735077,believer,male,6.062411,aggressive
2014-08-19 15:33:47+00:00,501753903088553984,,,Ideological Positions on Global Warming,0.0076459760904312,neutral,female,,not aggressive
2018-08-15 21:11:40+00:00,1029838053542699014,,,Seriousness of Gas Emissions,-0.2212261386871338,denier,male,,not aggressive
2018-09-17 21:03:34+00:00,1041794816856797185,,,Global stance,-0.4822770840644836,believer,male,,aggressive
2011-08-22 15:30:28+00:00,105663131082170368,-93.6046655,41.591032299999995,Ideological Positions on Global Warming,-0.1254752541303634,believer,male,0.7285305999999999,not aggressive
2014-09-20 21:15:49+00:00,513436391414714368,,,Significance of Pollution Awareness Events,-0.0663673265218735,neutral,female,,not aggressive
2018-12-19 15:35:16+00:00,1075414267052998656,,,Global stance,0.3777307366782969,believer,female,,aggressive
2017-12-09 03:28:03+00:00,939335809718784002,,,Weather Extremes,-0.6299996971845627,denier,male,,not aggressive
2018-03-22 15:16:53+00:00,976840142211244033,-77.0365427,38.89503679999999,Significance of Pollution Awareness Events,0.4537328877210617,believer,male,-5.798161,not aggressive
2018-04-19 18:54:51+00:00,987041858000957440,-80.14337859999998,26.1223084,Donald Trump versus Science,-0.6886436036984125,believer,male,-1.7194785,aggressive
2012-02-24 05:26:10+00:00,172915197315522560,,,Weather Extremes,-0.6886036048412323,neutral,male,,aggressive
2017-12-29 07:12:24+00:00,946640025701187585,-2.1557561,53.6153659,Ideological Positions on Global Warming,-0.4991091191768646,believer,male,-1.6140245,not aggressive
2014-12-15 09:43:11+00:00,544427439607123968,,,Global stance,-0.264354795217514,believer,male,,aggressive
2018-01-05 23:17:41+00:00,949419663804518402,-70.64827000000001,-33.45694,Ideological Positions on Global Warming,-0.4991091191768646,believer,female,2.0319183,not aggressive
2019-01-04 06:34:26+00:00,1081076371181363200,,,Global stance,0.131453201174736,neutral,male,,not aggressive
2018-01-18 19:01:23+00:00,954066202627923968,,,Seriousness of Gas Emissions,-0.5905089245362716,believer,female,,aggressive
2012-11-03 14:55:44+00:00,264742662345748480,,,Significance of Pollution Awareness Events,0.156696733379364,believer,male,,aggressive
2018-07-05 13:19:54+00:00,1014861429000867841,-98.4951405,29.4246002,Global stance,-0.015730029908816,believer,male,3.0030606,not aggressive
2017-12-08 03:38:40+00:00,938976091905101825,-97.32085,32.725410000000004,Weather Extremes,0.0130544364452362,denier,male,-8.19518,not aggressive
2011-09-29 14:51:40+00:00,119424107493335040,,,Global stance,-0.3785715286493301,believer,female,,aggressive
2018-01-13 06:36:18+00:00,952066758457937920,,,Undefined / One Word Hashtags,0.0692118853330611,believer,male,,not aggressive
2018-08-15 20:17:46+00:00,1029824492460171264,,,Global stance,0.2321760083913803,neutral,male,,not aggressive
2018-05-12 12:30:54+00:00,995280153583349762,-115.1485163,36.1672559,Weather Extremes,0.3698366388320923,believer,male,-1.8976012,not aggressive
2018-06-12 06:59:42+00:00,1006430826085605376,,,Undefined / One Word Hashtags,-0.1205589513540268,believer,female,,not aggressive
2018-11-28 02:43:50+00:00,1067609984177975296,19.073593,50.9098838,Politics,-0.30012754073143,believer,female,6.837323,aggressive
2018-08-28 14:20:31+00:00,1034445630318497797,,,Global stance,-0.3840195370760831,believer,male,,not aggressive
2018-10-04 23:12:55+00:00,1047987962317852677,,,Global stance,0.2787274821476503,believer,male,,not aggressive
2017-12-18 11:31:25+00:00,942718944150020101,,,Politics,-0.4724240660689094,believer,male,,not aggressive
2018-12-31 18:19:12+00:00,1079804176010563584,-8.47061,51.89797,Global stance,-0.4165420711517334,neutral,male,3.8420675,aggressive
2018-08-23 17:33:20+00:00,1032682213551337472,,,Ideological Positions on Global Warming,-0.5416637492895127,believer,male,,aggressive
2017-11-11 05:32:55+00:00,929220370837598208,,,Politics,-0.2727577353874842,believer,male,,not aggressive
2016-04-01 04:49:59+00:00,715763113598054400,,,Impact of Resource Overconsumption,-0.4933429647445678,believer,male,,not aggressive
2018-10-12 09:47:05+00:00,1050684269704749056,,,Global stance,-0.0812599798440933,believer,male,,aggressive
2018-05-04 04:17:19+00:00,992256834592370689,,,Global stance,0.5636275816202163,believer,female,,aggressive
2018-10-08 23:55:02+00:00,1049448111784042496,,,Donald Trump versus Science,-0.2075236099481582,believer,female,,aggressive
2018-09-28 02:44:23+00:00,1045504464759791621,,,Global stance,0.0738160014152526,neutral,male,,aggressive
2017-11-27 04:26:33+00:00,935001876344524801,-80.0629981965219,32.9131295,Weather Extremes,0.0014890760660171,believer,female,-1.4293553,not aggressive
2017-11-13 18:59:22+00:00,930148096889143296,,,Importance of Human Intervantion,0.4884818222045898,believer,female,,not aggressive
2018-10-22 12:24:38+00:00,1054347798618034176,,,Significance of Pollution Awareness Events,0.2189501912434895,believer,male,,not aggressive
2018-05-29 07:10:59+00:00,1001360237608230912,,,Global stance,0.55541760597229,believer,male,,not aggressive
2010-06-09 14:21:17+00:00,15784593198,-123.11189000000002,49.27676,Global stance,-0.4676273317936695,neutral,male,-0.96473294,aggressive
2010-07-22 11:28:48+00:00,19247434121,,,Weather Extremes,-0.2410861031770706,denier,male,,not aggressive
2015-08-14 05:29:26+00:00,632061445774118912,,,Global stance,0.7990801338672637,believer,male,,aggressive
2019-04-20 11:14:25+00:00,1119559944334913536,,,Global stance,0.4409398937236695,believer,female,,not aggressive
2012-07-28 23:32:07+00:00,229358606015942656,-75.22157,40.15455,Weather Extremes,0.8508682558059693,neutral,male,1.535374,not aggressive
2018-05-06 19:49:00+00:00,993216079118962695,-116.20345,43.6135,Weather Extremes,0.5737523144483566,believer,male,6.0007915,not aggressive
2017-12-29 16:22:26+00:00,946778445295448065,,,Weather Extremes,-0.0265618476152419,believer,male,,not aggressive
2019-05-14 04:24:33+00:00,1128154106152083457,,,Weather Extremes,-0.6667408951706356,believer,male,,not aggressive
2018-02-20 14:14:03+00:00,965952693301862400,,,Weather Extremes,0.5409420982122422,neutral,male,,not aggressive
2019-05-18 22:31:40+00:00,1129877239376441344,,,Politics,-0.4209710159472056,believer,undefined,,aggressive
2018-11-26 18:39:11+00:00,1067125631219982336,-118.755997,36.7014631,Global stance,0.425168439745903,neutral,female,-1.8408424,aggressive
2017-11-03 20:21:31+00:00,926544893488631808,,,Donald Trump versus Science,-0.4542881401062012,believer,male,,not aggressive
2019-05-14 16:28:46+00:00,1128336362271387649,-85.71579000000001,37.9884,Weather Extremes,-0.6667408951706356,believer,female,3.9685607,not aggressive
2018-04-23 06:09:34+00:00,988298817782013952,151.20731999999995,-33.867850000000004,Politics,0.0545660853385925,believer,undefined,0.7518056,not aggressive
2018-08-22 19:20:10+00:00,1032346711270871040,-104.8319196,39.729432,Politics,-0.0595607872247695,believer,male,2.7263298,aggressive
2019-05-06 21:08:03+00:00,1125507542711525376,,,Importance of Human Intervantion,0.6032636905431747,believer,male,,not aggressive
2013-04-26 23:34:21+00:00,327928667386818560,,,Seriousness of Gas Emissions,-0.4600947384595871,neutral,male,,aggressive
2018-09-13 05:31:47+00:00,1040110772351913985,,,Importance of Human Intervantion,-0.3706552884260813,believer,female,,not aggressive
2018-12-08 14:52:28+00:00,1071417232159371264,,,Importance of Human Intervantion,0.001241103717775,believer,female,,not aggressive
2018-12-06 04:39:16+00:00,1070538138190311425,,,Seriousness of Gas Emissions,-0.2226477893114089,believer,male,,not aggressive
2018-10-15 14:23:05+00:00,1051840891940470784,,,Importance of Human Intervantion,-0.3463685248851776,believer,male,,not aggressive
2018-04-22 14:21:28+00:00,988060218847186944,-71.53757,43.20814,Global stance,-0.5181310402711232,believer,female,-2.456355,not aggressive
2019-04-18 01:45:07+00:00,1118691897051099136,-82.67926999999997,27.770860000000003,Undefined / One Word Hashtags,-0.299086604976654,believer,female,0.217859,not aggressive
2016-03-13 02:48:08+00:00,708847080802889728,-95.3676974,29.7589382,Politics,0.0285106809616088,believer,male,4.0565915,not aggressive
2019-04-20 01:43:47+00:00,1119416337523073029,-121.89496,37.33939,Global stance,0.4409398937236695,believer,female,-4.2413354000000005,not aggressive
2018-12-30 21:50:53+00:00,1079495062558408704,144.9631608,-37.81421760000001,Undefined / One Word Hashtags,0.3056639061927795,believer,male,-2.289052,aggressive
2018-08-20 20:33:42+00:00,1031640441664536576,-77.03636999999998,38.89511,Global stance,-0.3373983949422836,believer,male,3.8671534,aggressive
2018-11-26 20:32:43+00:00,1067154205251522570,,,Undefined / One Word Hashtags,0.0426754390716552,believer,male,,not aggressive
2019-04-30 02:04:56+00:00,1123045541267398658,,,Global stance,0.4790474474430084,neutral,male,,not aggressive
2016-02-02 12:46:25+00:00,694502131001233408,,,Global stance,-0.0829022526741028,denier,male,,not aggressive
2019-04-19 06:44:40+00:00,1119129669444362240,,,Global stance,0.4409398937236695,believer,female,,not aggressive
2018-11-26 22:14:20+00:00,1067179775104561153,-95.3676974,29.7589382,Global stance,-0.5892542331695556,believer,male,2.4634256000000003,aggressive
2018-12-09 03:38:04+00:00,1071609899711311873,,,Donald Trump versus Science,0.2165302635192871,believer,male,,not aggressive
2018-07-10 19:37:51+00:00,1016768481579192320,,,Global stance,0.0265252917101888,believer,female,,not aggressive
2018-05-27 13:41:44+00:00,1000733798617640960,,,Politics,0.6125113719843052,neutral,female,,not aggressive
2018-12-13 19:17:45+00:00,1073295932567896069,,,Importance of Human Intervantion,0.3163701978445053,believer,female,,not aggressive
2019-04-19 10:59:31+00:00,1119193806371311616,147.0,-42.0,Weather Extremes,-0.6317908736546833,denier,male,-2.0233147,not aggressive
2019-01-02 14:33:27+00:00,1080472141907279879,,,Importance of Human Intervantion,-0.5262211707353592,believer,male,,not aggressive
2014-02-25 19:13:51+00:00,438391407548833792,,,Undefined / One Word Hashtags,-0.5344617681264877,neutral,male,,aggressive
2015-07-11 22:30:19+00:00,619997171383832576,-117.16277279999998,32.7174202,Weather Extremes,0.01765998655955,denier,male,-0.9872559,aggressive
2018-05-23 05:39:13+00:00,999162814257418240,23.7603118,61.49802140000001,Undefined / One Word Hashtags,0.1769679933786392,believer,female,4.7161164000000015,not aggressive
2018-01-25 14:53:17+00:00,956540483395780609,,,Weather Extremes,0.4433946549892426,believer,undefined,,not aggressive
2017-10-20 13:42:30+00:00,921371049014505472,-86.1746933,40.3270127,Politics,0.4637415558099746,believer,female,4.6038755999999985,not aggressive
2018-05-13 01:51:04+00:00,995481520558223360,-95.36327,29.76328,Politics,0.4161247762918472,neutral,female,2.8506079,not aggressive
2018-06-04 19:12:01+00:00,1003716020064825344,-118.24368,34.05223,Seriousness of Gas Emissions,0.4834939107735952,neutral,female,-3.1268113,not aggressive
2019-05-06 05:29:12+00:00,1125271271674130433,-39.31528,-7.21306,Importance of Human Intervantion,-0.4017004195928573,believer,male,-0.3638557,not aggressive
2015-06-08 15:07:49+00:00,607927013408698368,,,Importance of Human Intervantion,-0.1083698817014693,neutral,male,,not aggressive
2017-12-27 11:31:40+00:00,945980496231747584,,,Global stance,0.2946998926639557,believer,female,,aggressive
2017-06-10 01:16:13+00:00,873348040274391040,,,Undefined / One Word Hashtags,-0.739309441971779,believer,male,,not aggressive
2017-11-29 22:40:10+00:00,936001867753984000,-110.92648,32.221740000000004,Global stance,0.0764044661045074,believer,male,5.698074299999999,not aggressive
2015-02-11 05:19:46+00:00,565379646964137984,,,Importance of Human Intervantion,0.005497309565544,believer,male,,not aggressive
2019-01-02 15:10:25+00:00,1080481445641113601,,,Politics,-0.4282524673461914,believer,male,,aggressive
2018-11-28 01:34:24+00:00,1067592513756647424,,,Seriousness of Gas Emissions,-0.5304204007387161,believer,female,,not aggressive
2018-12-10 07:32:17+00:00,1072031230353383424,-73.83652000000001,40.68149,Global stance,0.0069571882486343,denier,male,0.76935184,not aggressive
2017-12-13 03:18:30+00:00,940782956465065985,,,Politics,-0.7421946538925172,neutral,female,,not aggressive
2017-10-26 04:07:07+00:00,923400574095290370,-79.99589,40.44062,Politics,-0.5019394407669704,believer,male,-2.7871513,not aggressive
2018-10-03 11:18:38+00:00,1047445818784010240,,,Importance of Human Intervantion,0.6871483914852142,believer,male,,not aggressive
2019-05-10 17:31:40+00:00,1126902639206133761,,,Global stance,0.270553077507019,believer,female,,not aggressive
2019-05-09 09:08:30+00:00,1126413623465848832,,,Importance of Human Intervantion,-0.0143974331008063,believer,female,,aggressive
2015-06-18 11:42:28+00:00,611499214602813440,,,Global stance,-0.4564327299594879,believer,male,,not aggressive
2018-03-28 15:17:27+00:00,979014611168120832,,,Global stance,0.4458663761615753,believer,male,,not aggressive
2010-03-02 18:40:15+00:00,9885980379,,,Weather Extremes,-0.7623681881109873,believer,male,,aggressive
2013-12-18 21:54:29+00:00,413427070354866176,,,Weather Extremes,0.0738516873836517,believer,male,,not aggressive
2015-08-03 05:14:01+00:00,628071301664653312,,,Importance of Human Intervantion,0.4811051785945892,believer,male,,not aggressive
2018-04-04 00:36:21+00:00,981329590235881473,,,Politics,-0.3768294517278671,believer,male,,not aggressive
2018-11-29 15:01:17+00:00,1068157958498983936,-71.10831999999998,42.36565,Importance of Human Intervantion,-0.2622981642246246,neutral,male,2.2066703,not aggressive
2018-01-15 02:28:43+00:00,952729228390420480,-86.01387000000001,39.95559,Global stance,-0.4850472062826156,believer,female,-5.9359730000000015,aggressive
2019-04-23 21:08:59+00:00,1120796734458720256,151.2164539,-33.854815699999996,Seriousness of Gas Emissions,-0.4486096386671066,denier,male,-1.3413349,aggressive
2017-12-31 03:15:57+00:00,947305295415570432,,,Undefined / One Word Hashtags,-0.3376817004680634,believer,male,,not aggressive
2018-12-11 18:24:33+00:00,1072557765258817537,,,Global stance,0.7575855769872666,believer,male,,not aggressive
2009-09-04 06:08:08+00:00,3751705598,-118.242766,34.0536909,Donald Trump versus Science,0.4917315208355586,believer,male,4.6173160000000015,aggressive
2018-08-29 23:25:43+00:00,1034945221115695104,,,Undefined / One Word Hashtags,0.0071669071912765,believer,female,,aggressive
2018-02-09 00:54:15+00:00,961765152537407488,-71.05977,42.358430000000006,Politics,0.5943469832420349,believer,male,-3.154297,not aggressive
2017-01-29 20:15:40+00:00,825799596144091136,-117.85311000000002,33.78779,Weather Extremes,-0.3922283385753631,believer,female,1.9579175,aggressive
2010-01-02 18:20:17+00:00,7305856765,-73.9495823,40.6501038,Significance of Pollution Awareness Events,0.5411106477499008,believer,female,-1.2716857,aggressive
2018-03-02 12:01:53+00:00,969543311353634816,,,Weather Extremes,0.3992469425439834,neutral,female,,not aggressive
2009-08-27 21:11:37+00:00,3587873036,,,Politics,-0.1657973329782485,believer,female,,aggressive
2018-01-20 13:55:57+00:00,954714115909537793,,,Undefined / One Word Hashtags,-0.0189232528209686,believer,male,,not aggressive
2013-07-29 04:41:41+00:00,361708079584264192,,,Weather Extremes,0.2386015076875686,believer,female,,aggressive
2018-11-29 00:29:47+00:00,1067938639492145157,,,Politics,-0.6539572062969208,believer,male,,not aggressive
2018-07-11 22:01:00+00:00,1017166895345266688,,,Global stance,0.8442389511346817,believer,female,,aggressive
2017-10-21 05:28:54+00:00,921609214409265152,,,Undefined / One Word Hashtags,0.4596105366945267,believer,male,,aggressive
2015-07-29 19:57:35+00:00,626481716987695104,,,Politics,-0.5820193865469524,believer,male,,aggressive
2019-04-23 16:24:51+00:00,1120725228265467905,,,Global stance,-0.0966193996191024,believer,male,,aggressive
2018-01-11 04:33:47+00:00,951311152402845698,,,Importance of Human Intervantion,-0.3795005741596222,believer,male,,aggressive
2011-10-17 00:58:16+00:00,125737355033325568,-106.09752,39.57443000000001,Global stance,0.3884698003530502,believer,male,0.1078586,aggressive
2015-07-21 20:24:39+00:00,623589427575693312,,,Donald Trump versus Science,0.3223053604125976,believer,male,,not aggressive
2018-01-25 17:42:09+00:00,956582978200702977,-85.3094883,35.0457219,Seriousness of Gas Emissions,0.0081816516160964,denier,female,-0.029502984,not aggressive
2019-05-08 14:22:45+00:00,1126130319336386560,,,Global stance,0.4580070078372955,believer,male,,aggressive
2018-02-17 22:17:47+00:00,964987265322598400,,,Global stance,-0.3780988836129506,believer,male,,not aggressive
2019-08-14 13:38:54+00:00,1161633296582946816,,,Global stance,0.0997703143119811,believer,male,,not aggressive
2014-02-03 03:33:32+00:00,430182237208723456,-73.69819000000001,40.825660000000006,Global stance,-0.5866159948587417,believer,male,3.7321134,aggressive
2019-01-02 23:27:36+00:00,1080606566628425729,-75.690308,45.421105999999995,Importance of Human Intervantion,-0.3561300013303756,denier,male,7.119825,not aggressive
2013-03-08 05:43:31+00:00,309902175650340864,,,Weather Extremes,-0.3325563256502151,neutral,male,,not aggressive
2013-11-19 02:31:24+00:00,402625122051190784,,,Weather Extremes,-0.0203480605840682,neutral,male,,not aggressive
2018-06-14 04:34:56+00:00,1007119172680273920,8.0503,50.3836,Global stance,0.5078977759122849,believer,female,7.520127,not aggressive
2015-06-09 11:40:14+00:00,608237163390636032,-78.49776,38.66763,Weather Extremes,0.0946981723546981,neutral,male,2.9474764,not aggressive
2014-01-23 02:21:44+00:00,426177900878905344,139.75945489999998,35.68283870000001,Undefined / One Word Hashtags,0.53877877266407,believer,male,-0.0765033,not aggressive
2018-08-28 22:14:14+00:00,1034564842449920000,,,Importance of Human Intervantion,0.4628932058811188,believer,male,,not aggressive
2015-05-29 17:46:14+00:00,604343002958442496,12.4829321,41.8933203,Global stance,-0.2889022219419479,believer,male,-0.49962762,aggressive
2018-08-17 03:10:20+00:00,1030290706198188034,,,Global stance,-0.042548194527626,believer,female,,not aggressive
2017-09-30 20:17:10+00:00,914222611973906432,,,Undefined / One Word Hashtags,-0.592800766825676,believer,female,,aggressive
2013-05-01 12:05:03+00:00,329567137020641280,,,Weather Extremes,-0.4421874021053314,denier,male,,aggressive
2010-08-31 21:10:43+00:00,22649179579,,,Weather Extremes,0.0178962389945983,believer,male,,not aggressive
2018-03-22 14:31:41+00:00,976828769510948864,,,Global stance,0.6640807308912278,believer,female,,not aggressive
2019-04-22 17:16:45+00:00,1120375902800576512,,,Global stance,-0.1466376582860946,denier,female,,not aggressive
2017-10-14 18:54:27+00:00,919275223937179650,,,Seriousness of Gas Emissions,0.4558053174705216,believer,female,,not aggressive
2016-07-17 01:04:17+00:00,754481817424539648,,,Global stance,-0.524126251602173,believer,male,,aggressive
2018-12-02 06:23:22+00:00,1069114785738846208,,,Global stance,-0.7509902798175812,believer,female,,not aggressive
2017-12-05 19:56:44+00:00,938135065636241413,-117.82598190000002,33.685696899999996,Weather Extremes,0.02485813498497,believer,female,0.2487016,not aggressive
2014-12-15 07:11:39+00:00,544389307566678016,-0.29825,51.39148,Importance of Human Intervantion,-0.3738311280727386,neutral,male,1.1857358,not aggressive
2018-05-25 20:17:03+00:00,1000108505137864709,,,Politics,0.523375808930397,believer,male,,not aggressive
2018-12-18 07:45:50+00:00,1074933745784905728,,,Global stance,0.6551936909198761,believer,male,,not aggressive
2011-11-03 02:24:01+00:00,131919529612804096,,,Seriousness of Gas Emissions,0.4804728031158447,neutral,male,,not aggressive
2018-12-28 23:10:05+00:00,1078790219514695680,-123.3649533,48.4283182,Undefined / One Word Hashtags,0.0969871601234783,denier,male,-1.3402091,not aggressive
2019-05-07 13:22:51+00:00,1125752859390246912,,,Global stance,-0.2923054677789861,believer,female,,aggressive
2015-08-31 09:05:47+00:00,638276486517125120,,,Global stance,-0.0952670188426971,neutral,male,,not aggressive
2015-12-03 21:35:52+00:00,672529709704478720,-123.11395290000002,49.2608724,Global stance,0.8039718234300613,believer,male,5.0910225,aggressive
2017-12-29 20:13:40+00:00,946836639430541312,,,Weather Extremes,-0.0981443375349044,believer,female,,not aggressive
2018-06-14 16:09:08+00:00,1007293871557152768,-122.62561984982072,45.51162635,Importance of Human Intervantion,0.3561272363901138,believer,male,-2.6327186,not aggressive
2012-11-25 17:39:36+00:00,272756435769774080,,,Impact of Resource Overconsumption,-0.5163097997188568,denier,female,,not aggressive
2015-12-12 20:39:13+00:00,675776945431298048,,,Importance of Human Intervantion,0.766652086353302,neutral,female,,aggressive
2012-08-07 20:22:51+00:00,232934853463658496,25.9088474,-24.6581357,Weather Extremes,-0.0844030256668727,believer,female,-7.984613,not aggressive
2017-01-26 00:46:35+00:00,824418220136427520,-99.5042561,34.8720044,Significance of Pollution Awareness Events,-0.4486380106131236,neutral,female,-2.5674288,aggressive
2018-09-24 13:24:18+00:00,1044215954060832770,,,Weather Extremes,0.4932724696874619,believer,male,,not aggressive
2015-08-28 10:50:11+00:00,637215593779757056,,,Undefined / One Word Hashtags,0.6000031845331192,neutral,female,,aggressive
2014-05-21 09:17:40+00:00,469044344276942848,,,Weather Extremes,-0.2177834935744604,believer,female,,not aggressive
2016-03-11 03:17:59+00:00,708129817271504896,,,Significance of Pollution Awareness Events,0.0315214842557907,believer,female,,not aggressive
2017-01-06 05:04:31+00:00,817235375022284800,-0.12574,51.50853000000001,Donald Trump versus Science,0.0636410082817078,believer,male,-1.9989731,not aggressive
2012-12-05 16:31:56+00:00,276363286247772160,,,Weather Extremes,-0.411210894870758,believer,male,,not aggressive
2014-04-28 14:29:33+00:00,460787910347075584,100.4930399,13.7544238,Significance of Pollution Awareness Events,0.0880903132915496,believer,undefined,1.0422148999999998,aggressive
2018-08-18 15:17:35+00:00,1030836111935983616,-122.4199061,37.7790262,Importance of Human Intervantion,0.3750179558992386,neutral,male,-3.5773523000000003,aggressive
2019-04-17 18:23:19+00:00,1118580713845137410,,,Weather Extremes,-0.4667606537977854,believer,male,,not aggressive
2016-05-12 22:43:03+00:00,730891062588391424,,,Donald Trump versus Science,0.1046810872554779,denier,male,,not aggressive
2017-01-25 06:24:35+00:00,824140894827900928,-0.12574,51.50853000000001,Global stance,-0.4674707353115082,believer,male,-2.7098436,not aggressive
2015-02-26 11:04:03+00:00,570902105168465920,,,Donald Trump versus Science,0.1571713950236638,neutral,female,,not aggressive
2018-05-22 01:53:44+00:00,998743683804553216,-122.6741949,45.5202471,Politics,-0.0521739184856414,believer,male,4.9195113,not aggressive
2018-09-12 16:33:58+00:00,1039915028789579777,-81.37924000000001,28.53834,Ideological Positions on Global Warming,-0.397155571436882,believer,female,0.50262123,not aggressive
2017-09-14 22:46:12+00:00,908461908780400640,,,Politics,-0.0483035541296005,believer,female,,aggressive
2019-05-10 16:01:14+00:00,1126879881223135233,,,Seriousness of Gas Emissions,-0.5188147074460984,neutral,male,,not aggressive
2015-09-03 13:52:34+00:00,639435820592689152,,,Global stance,-0.4983328318119049,believer,female,,not aggressive
2014-11-14 16:31:21+00:00,533296135050231808,,,Global stance,-0.2438430713176726,believer,male,,not aggressive
2017-12-21 16:13:29+00:00,943877092835459072,-79.05578000000001,35.9131542,Global stance,-0.0405736863613128,believer,male,3.4468071000000005,aggressive
2017-09-11 00:28:47+00:00,907038174790209536,-81.27311999999998,28.80055,Politics,-0.266305099773407,believer,female,-0.9552421999999998,not aggressive
2019-04-25 10:43:21+00:00,1121364063332683776,,,Importance of Human Intervantion,-0.5705346532583236,believer,female,,not aggressive
2018-02-01 05:31:04+00:00,958935711733944320,-122.6741949,45.5202471,Politics,0.0383714020252227,believer,female,1.6064954,aggressive
2019-05-14 02:12:03+00:00,1128120759899938818,,,Politics,-0.239951829123497,believer,female,,not aggressive
2011-07-11 17:38:29+00:00,90475059738718208,,,Weather Extremes,0.1157586093187332,believer,male,,not aggressive
2018-01-20 03:42:28+00:00,954559725470851072,,,Global stance,-0.1687804723024368,believer,female,,not aggressive
2019-04-17 15:40:09+00:00,1118539655069220865,-2.2891920999999997,53.4877463,Global stance,-0.0013440757989883,neutral,male,5.1385045,not aggressive
2019-04-30 22:44:28+00:00,1123357478287097856,,,Importance of Human Intervantion,-0.3772326558828354,believer,male,,not aggressive
2018-04-16 00:15:13+00:00,985672928929857536,,,Undefined / One Word Hashtags,-0.0115247639020284,believer,male,,not aggressive
2017-02-13 21:46:20+00:00,831258228394594304,,,Global stance,0.8543173682451248,believer,male,,not aggressive
2018-10-20 19:02:12+00:00,1053723073185267713,,,Weather Extremes,0.6191852797746659,neutral,male,,not aggressive
2018-03-26 20:52:05+00:00,978374048899129344,-0.5473085,51.43125850000001,Global stance,0.9468911963939668,believer,female,-0.008619928,not aggressive
2017-12-19 23:02:54+00:00,943255350257561600,-8.47061,51.89797,Politics,-0.4142642998695373,believer,female,2.7893946,aggressive
2009-12-21 16:22:19+00:00,6897676223,,,Seriousness of Gas Emissions,0.5779436248064042,believer,male,,not aggressive
2016-10-07 12:53:09+00:00,784376015590158336,-75.690308,45.421105999999995,Importance of Human Intervantion,-0.3363029676675797,believer,male,6.4791193,not aggressive
2019-05-09 06:27:58+00:00,1126373225141637121,,,Politics,-0.5067379140615463,believer,male,,aggressive
2019-01-26 12:11:41+00:00,1089133774644957184,,,Undefined / One Word Hashtags,0.4793943464756012,neutral,male,,not aggressive
2012-12-04 13:29:05+00:00,275954880340975616,,,Ideological Positions on Global Warming,0.7185883725404739,believer,female,,not aggressive
2018-04-15 11:14:24+00:00,985476430002905088,,,Global stance,0.0108698036193847,believer,male,,aggressive
2018-05-31 18:29:37+00:00,1002255794182807552,-4.75,50.416667,Donald Trump versus Science,0.6680565786123276,believer,undefined,4.210736,aggressive
2018-03-16 15:27:16+00:00,974668430241497088,-122.1047011,38.5134811,Global stance,-0.2403937756776809,believer,male,-3.9513276,aggressive
2011-10-10 21:10:55+00:00,123505816614617088,,,Weather Extremes,-0.2909223484754562,neutral,male,,aggressive
2018-11-27 04:34:39+00:00,1067275487322488833,-82.5001,28.75054,Global stance,-0.4285904616117478,believer,female,0.35680318,aggressive
2018-10-17 21:00:38+00:00,1052665715675688960,-112.0741417,33.4484367,Donald Trump versus Science,-0.5605584691286087,believer,undefined,0.4463354000000001,aggressive
2018-06-11 03:59:29+00:00,1006023086574112768,77.34932051968858,31.81676015,Significance of Pollution Awareness Events,0.4703018069267273,believer,male,1.8688395,not aggressive
2018-07-11 01:12:35+00:00,1016852721075449856,,,Ideological Positions on Global Warming,-0.7130341118017832,believer,male,,not aggressive
2018-08-16 15:13:12+00:00,1030110230380597248,,,Donald Trump versus Science,-0.6620517225027085,believer,male,,aggressive
2017-10-09 23:53:16+00:00,917538483475955712,,,Global stance,-0.3889982402324676,believer,female,,not aggressive
2015-11-09 10:58:26+00:00,663671984665047040,-3.68333,40.400000000000006,Importance of Human Intervantion,-0.4725089212656021,neutral,female,4.193371,not aggressive
2014-06-21 15:37:00+00:00,480373828866957312,,,Weather Extremes,-0.3285998378753662,neutral,male,,aggressive
2018-12-13 10:19:05+00:00,1073160370183987200,-4.6604224,52.0839973,Global stance,0.3967557827949524,believer,male,4.853425,not aggressive
2018-03-02 12:55:51+00:00,969556891977355264,,,Impact of Resource Overconsumption,-0.5505699524879455,neutral,male,,not aggressive
2018-03-02 17:47:48+00:00,969630366423310337,,,Donald Trump versus Science,-0.3369441541910171,denier,male,,not aggressive
2018-11-27 14:33:42+00:00,1067426242524147713,7.122920000000001,50.87894000000001,Politics,-0.7306477500200271,neutral,male,7.0982020000000015,aggressive
2018-12-09 04:23:50+00:00,1071621418977247232,,,Politics,-0.3648713111877441,believer,male,,not aggressive
2019-04-29 07:02:44+00:00,1122758097141846017,-116.78467,34.687430000000006,Weather Extremes,-0.6848167928218841,denier,female,-0.95980245,not aggressive
2010-07-23 23:55:29+00:00,19378263681,-93.26384,44.97997,Ideological Positions on Global Warming,0.0338598516854372,neutral,male,0.77587366,aggressive
2019-05-12 16:37:53+00:00,1127613878702084096,,,Ideological Positions on Global Warming,-0.2194903652906417,believer,male,,not aggressive
2019-05-16 05:14:56+00:00,1128891559695519744,-1.4986284912395451,54.13453275,Undefined / One Word Hashtags,0.5782804198416797,believer,male,4.742335,not aggressive
2018-05-18 16:17:41+00:00,997511551304298496,,,Global stance,-0.5280450449748473,believer,male,,aggressive
2009-05-17 01:28:46+00:00,1821966007,-122.41942000000002,37.774930000000005,Impact of Resource Overconsumption,0.4585059797207514,neutral,female,7.0651813,aggressive
2016-01-22 14:43:49+00:00,690545406003015680,-86.61023,46.03645,Weather Extremes,0.0171657259702682,believer,male,3.7346284,aggressive
2015-12-25 10:27:34+00:00,680334061303365632,,,Weather Extremes,0.2754792984247207,neutral,male,,not aggressive
2018-12-30 00:11:16+00:00,1079168001755308034,,,Global stance,0.1163361993702975,neutral,male,,not aggressive
2018-12-23 12:05:34+00:00,1076811045459685376,-6.2803,55.30074000000001,Seriousness of Gas Emissions,-0.402475968003273,neutral,male,4.3285684999999985,not aggressive
2019-04-29 23:58:11+00:00,1123013641945669639,-85.50033,44.25029000000001,Global stance,0.5746929800430933,believer,male,7.555931599999999,not aggressive
2017-12-01 02:10:34+00:00,936417206216380416,,,Politics,0.1325956861495971,neutral,male,,not aggressive
2018-03-20 23:17:00+00:00,976236193082785792,119.43194,-5.148610000000001,Global stance,0.5090264618396759,believer,female,0.57334477,aggressive
2017-12-30 02:58:15+00:00,946938453840842752,,,Politics,-0.4263324290513992,believer,female,,aggressive
2018-09-28 15:05:25+00:00,1045690949635051525,,,Global stance,-0.643576349290212,believer,female,,not aggressive
2019-05-08 23:38:55+00:00,1126270286221828097,-117.16472,32.715709999999994,Significance of Pollution Awareness Events,-0.4679688215255737,neutral,female,-1.4400201,not aggressive
2017-11-28 02:15:10+00:00,935331199135899648,,,Impact of Resource Overconsumption,0.0864291094621022,believer,male,,not aggressive
2019-04-24 09:06:43+00:00,1120977356615749633,,,Donald Trump versus Science,-0.0742135137319564,believer,female,,aggressive
2015-01-27 01:51:57+00:00,559891529339133952,,,Global stance,0.194527728152275,believer,male,,aggressive
2016-07-19 18:30:06+00:00,755469781713563648,-95.9383758,41.2587459,Importance of Human Intervantion,0.0379075701475143,neutral,female,0.2806699,not aggressive
2019-05-08 05:40:05+00:00,1125998785614811136,,,Weather Extremes,-0.3338745831251144,neutral,undefined,,not aggressive
2018-12-04 07:24:21+00:00,1069854907807731717,8.68417,50.11552,Donald Trump versus Science,-0.0214005483627319,believer,male,7.520127,not aggressive
2016-05-14 18:22:20+00:00,731550225752432640,,,Politics,0.0112816024303436,believer,male,,aggressive
2019-01-03 19:22:52+00:00,1080907362007957505,,,Undefined / One Word Hashtags,-0.0458261381864548,believer,male,,not aggressive
2017-10-30 16:07:30+00:00,925031416328581127,,,Global stance,-0.3330437967538834,believer,male,,not aggressive
2018-12-09 09:39:44+00:00,1071700917349740544,,,Impact of Resource Overconsumption,-0.0048486143350601,neutral,male,,aggressive
2017-11-03 18:23:40+00:00,926515233639813120,-83.50018,32.750420000000005,Seriousness of Gas Emissions,0.3559684514999389,neutral,male,3.6314888,not aggressive
2012-12-02 23:17:22+00:00,275378150819655680,-73.41060539,40.87391902,Weather Extremes,0.1110972693204879,neutral,male,2.0544803,not aggressive
2019-05-15 16:24:02+00:00,1128697557834706945,,,Global stance,0.0867396306037902,believer,female,,not aggressive
2014-10-18 16:21:46+00:00,523509250702979072,,,Donald Trump versus Science,-0.2962591836452484,neutral,male,,not aggressive
2014-05-07 12:07:09+00:00,464013566895325184,-76.61219000000001,39.290380000000006,Importance of Human Intervantion,0.4715738262176513,neutral,male,-1.936868,not aggressive
2017-12-29 18:56:07+00:00,946817119894851586,,,Politics,0.2945123936653137,believer,female,,not aggressive
2017-10-25 02:33:24+00:00,923014600727162880,,,Politics,-0.3293107599020004,believer,female,,aggressive
2016-10-06 15:59:00+00:00,784060396030267392,-79.64438790000001,43.5896231,Global stance,0.7359407275676727,neutral,male,6.355614,aggressive
2018-10-10 13:33:41+00:00,1050016518413545472,,,Importance of Human Intervantion,0.8314197136322657,believer,male,,aggressive
2010-10-11 09:50:19+00:00,27019695146,,,Seriousness of Gas Emissions,-0.4039277443885803,neutral,male,,not aggressive
2014-12-31 14:42:45+00:00,550301035563323392,-122.33207000000002,47.60621,Weather Extremes,-0.4624400478124619,believer,female,-3.9456658,not aggressive
2015-08-10 21:14:19+00:00,630849684073000960,,,Global stance,-0.4698750244140625,denier,female,,not aggressive
2012-07-18 21:18:44+00:00,225701160663805952,,,Weather Extremes,0.0150460539976755,neutral,male,,not aggressive
2015-11-12 23:31:03+00:00,664948550921420800,,,Global stance,-0.0741098995923996,believer,female,,not aggressive
2015-12-14 16:11:41+00:00,676434393515225088,,,Global stance,-0.7668262045860291,believer,male,,not aggressive
2019-05-09 03:50:47+00:00,1126333668727721984,,,Significance of Pollution Awareness Events,-0.4679688215255737,neutral,female,,not aggressive
2019-05-17 19:24:16+00:00,1129467691096367104,,,Politics,-0.4209710159472056,believer,male,,aggressive
2019-05-15 15:14:42+00:00,1128680109236310017,-118.755997,36.7014631,Importance of Human Intervantion,-0.389041030049324,denier,female,-1.8408424,not aggressive
2018-12-01 20:31:39+00:00,1068965874890039296,,,Importance of Human Intervantion,-0.5481343196630478,believer,male,,not aggressive
2009-12-08 09:02:27+00:00,6459036903,,,Donald Trump versus Science,-0.4559737776279449,denier,male,,not aggressive
2019-05-04 23:02:02+00:00,1124811451200409600,,,Importance of Human Intervantion,-0.4017004195928573,believer,male,,not aggressive
2012-03-20 07:13:49+00:00,182001986223345664,,,Weather Extremes,-0.2483005104541778,believer,undefined,,aggressive
2018-01-06 00:14:05+00:00,949433857111150594,-8.47061,51.89797,Global stance,0.4055560032844543,believer,female,-1.6707464,not aggressive
2017-12-27 09:30:50+00:00,945950086772572160,,,Politics,-0.374389499425888,believer,female,,not aggressive
2013-08-29 08:12:03+00:00,372995045667786752,,,Weather Extremes,-0.4319753979206085,denier,male,,not aggressive
2018-11-26 21:41:44+00:00,1067171571951915009,,,Seriousness of Gas Emissions,-0.3201983447313309,neutral,male,,not aggressive
2019-05-18 00:36:33+00:00,1129546277279154176,,,Politics,-0.4209710159472056,believer,female,,aggressive
2018-02-22 20:01:09+00:00,966764821936033793,,,Weather Extremes,0.7151712049722672,neutral,female,,not aggressive
2019-04-24 20:41:12+00:00,1121152128678891521,,,Importance of Human Intervantion,-0.5188416967868805,believer,male,,aggressive
2017-12-05 03:51:17+00:00,937892106051362816,,,Weather Extremes,0.02485813498497,believer,female,,not aggressive
2018-10-18 09:40:30+00:00,1052856942606123016,,,Politics,-0.1825926879644394,believer,male,,not aggressive
2016-11-04 09:38:58+00:00,794474005138960384,-4.2488787000000015,55.8609825,Donald Trump versus Science,0.4881655722856521,neutral,male,-1.3432057,not aggressive
2018-12-12 15:57:15+00:00,1072883084310265857,,,Seriousness of Gas Emissions,-0.1769174041986465,believer,male,,not aggressive
2016-04-05 09:37:52+00:00,717285114649116672,11.24626,43.779250000000005,Importance of Human Intervantion,0.6335488328507453,believer,male,3.9980445,not aggressive
2017-11-11 09:19:48+00:00,929277467847565313,,,Importance of Human Intervantion,0.4158749152898789,believer,female,,not aggressive
2017-10-04 19:04:04+00:00,915653766677958657,-73.9873613,40.7292688,Ideological Positions on Global Warming,-0.3252565580844879,believer,female,0.58944994,not aggressive
2015-09-09 13:51:08+00:00,641609785876553728,-77.0365427,38.89503679999999,Politics,-0.1826960939407348,believer,male,5.7989483,not aggressive
2015-06-06 20:57:08+00:00,607290145625153536,-82.09064000000002,26.976170000000003,Global stance,0.4904999285936355,believer,female,-0.13052016,aggressive
2009-07-27 14:10:38+00:00,2870716917,24.9427473,60.16748810000001,Importance of Human Intervantion,-0.0171305239200592,believer,female,0.24495238,not aggressive
2015-12-28 12:22:31+00:00,681450152821927936,-0.12574,51.50853000000001,Undefined / One Word Hashtags,0.3961883634328842,believer,male,5.9030557,not aggressive
2019-05-15 00:09:58+00:00,1128452423482335235,,,Politics,0.4627654999494552,neutral,male,,not aggressive
2014-01-30 03:35:30+00:00,428733182205521920,-118.24368,34.05223,Weather Extremes,0.0133230681657791,believer,male,1.8801578,not aggressive
2015-03-31 18:30:56+00:00,582973368984596480,,,Politics,-0.6134101450443268,believer,male,,not aggressive
2017-12-09 10:36:51+00:00,939443719249514496,-1.89983,52.48141999999999,Significance of Pollution Awareness Events,0.0743698062260946,believer,male,-4.6120944,not aggressive
2013-03-07 21:31:11+00:00,309778277852127232,,,Impact of Resource Overconsumption,-0.26861692237854,believer,male,,aggressive
2016-11-06 16:08:01+00:00,795296690576257024,,,Global stance,0.4661727110147476,believer,male,,not aggressive
2018-02-23 17:44:32+00:00,967092827917254658,0.5729200000000001,50.85519000000001,Importance of Human Intervantion,0.2539035369634628,believer,male,-4.1275754,not aggressive
2017-10-07 16:02:35+00:00,916695255919005697,-74.08175,4.609710000000001,Importance of Human Intervantion,0.2948352833271027,believer,male,-0.26971,not aggressive
2016-03-03 14:08:48+00:00,705394499204354048,,,Seriousness of Gas Emissions,0.3782347119516796,believer,male,,not aggressive
2018-09-09 18:23:20+00:00,1038855387586473985,,,Global stance,0.8369966757059097,neutral,male,,not aggressive
2018-10-01 22:28:23+00:00,1046889590131310592,,,Politics,0.0025269500255584,believer,female,,aggressive
2009-09-30 11:03:38+00:00,4494601935,,,Weather Extremes,-0.4813876950740813,denier,male,,not aggressive
2017-09-11 15:38:16+00:00,907267054423724032,,,Global stance,0.1000607162714004,believer,male,,not aggressive
2019-05-15 17:34:19+00:00,1128715245906726912,,,Weather Extremes,-0.3350841288328171,believer,male,,aggressive
2018-11-30 18:59:19+00:00,1068580251532312576,-123.11395290000002,49.2608724,Seriousness of Gas Emissions,-0.0040549677292505,believer,female,-1.2338744,aggressive
2018-12-17 17:08:04+00:00,1074712846028718080,,,Global stance,-0.0348322408119837,believer,male,,not aggressive
2013-09-10 21:40:18+00:00,377547104413298688,-77.0365427,38.89503679999999,Weather Extremes,-0.0102263139247894,denier,male,3.5663504999999995,aggressive
2010-02-27 14:26:26+00:00,9730627521,,,Weather Extremes,-0.1258720852136612,believer,male,,not aggressive
2018-10-08 15:28:38+00:00,1049320672416190464,-73.9508532,40.713939,Seriousness of Gas Emissions,-0.3128272980928421,believer,male,0.76935184,not aggressive
2018-04-03 13:37:02+00:00,981163668166492164,,,Weather Extremes,0.5228951092004777,neutral,undefined,,not aggressive
2018-06-19 15:53:19+00:00,1009101831367266304,-74.0060152,40.7127281,Donald Trump versus Science,0.357855275273323,neutral,female,1.4386175,aggressive
2014-08-29 17:42:30+00:00,505410174060744704,,,Weather Extremes,-0.386916722814242,believer,male,,aggressive
2019-07-26 18:35:33+00:00,1154822581524058112,,,Global stance,0.0204218653115359,believer,male,,not aggressive
2018-02-18 12:00:53+00:00,965194404108623873,12.5700724,55.686724299999995,Undefined / One Word Hashtags,0.3916635513305664,neutral,female,1.1913446,not aggressive
2011-06-22 13:18:39+00:00,83524298693804032,,,Weather Extremes,-0.5891760650157929,denier,male,,aggressive
2018-02-28 17:24:44+00:00,968899783313281024,-79.03929190000002,35.6729639,Politics,-0.0803003777980804,neutral,male,0.84592044,aggressive
2010-03-16 18:34:36+00:00,10581871273,,,Weather Extremes,-0.4785755965471268,neutral,male,,aggressive
2017-11-08 19:34:19+00:00,928344953549443072,,,Undefined / One Word Hashtags,-0.3726646155118942,believer,male,,aggressive
2016-10-27 12:43:43+00:00,791621396048805888,,,Weather Extremes,-0.686601215227445,believer,male,,not aggressive
2015-06-18 15:01:05+00:00,611549198329233408,-77.03636999999998,38.89511,Global stance,0.2393757363080978,neutral,female,2.105716,aggressive
2018-09-06 02:13:43+00:00,1037524215228846080,,,Global stance,0.1663521604401724,neutral,male,,not aggressive
2019-04-26 17:47:13+00:00,1121833123543699457,-94.7945882,29.29932800000001,Undefined / One Word Hashtags,0.3246774631977081,believer,male,2.4981654,not aggressive
2018-08-20 12:21:00+00:00,1031516447153958913,144.2825931,-36.7588767,Importance of Human Intervantion,-0.1508457055091858,believer,male,-2.0511649,not aggressive
2014-01-15 10:36:17+00:00,423403255947747328,,,Donald Trump versus Science,0.4531588669061661,denier,female,,not aggressive
2015-06-30 07:48:09+00:00,615788903224610816,,,Importance of Human Intervantion,-0.3811171116113663,believer,female,,not aggressive
2015-03-08 03:57:42+00:00,574418691078635520,,,Weather Extremes,-0.1904902357816696,denier,male,,not aggressive
2017-05-15 00:19:32+00:00,863911690068402176,,,Donald Trump versus Science,0.0067064490477244,believer,male,,not aggressive
2016-06-24 12:42:29+00:00,746322602386296832,,,Seriousness of Gas Emissions,0.100693896677759,denier,male,,not aggressive
2017-10-30 19:17:08+00:00,925079139345891329,-115.1485163,36.1672559,Global stance,0.4040076139883561,believer,male,5.0778723,not aggressive
2018-01-08 06:14:47+00:00,950249403016761344,,,Global stance,-0.6230483785390853,believer,male,,not aggressive
2019-04-20 19:24:36+00:00,1119683302829514752,,,Seriousness of Gas Emissions,0.7163605789422989,believer,male,,not aggressive
2019-05-08 13:53:01+00:00,1126122835972382721,-74.00596999999998,40.714270000000006,Global stance,-0.2032043415466944,neutral,female,1.4386175,aggressive
2019-05-12 14:37:58+00:00,1127583701250920449,-119.13723000000002,46.21125000000001,Importance of Human Intervantion,-0.4409824346939722,believer,male,-2.573799,not aggressive
2019-04-30 20:29:18+00:00,1123323462993375233,-114.0625892,51.0534234,Donald Trump versus Science,0.0924431512832641,denier,male,-2.89827,not aggressive
2014-06-04 09:18:07+00:00,474117887787925504,,,Politics,-0.2064981970071792,neutral,male,,not aggressive
2013-04-03 00:54:51+00:00,319251615859240960,,,Weather Extremes,-0.5535967469215393,neutral,female,,not aggressive
2019-04-19 20:45:56+00:00,1119341380751507456,-2.5966500000000003,51.45523000000001,Politics,-0.4615819991668066,denier,male,4.718789,not aggressive
2018-12-14 04:32:32+00:00,1073435545500639233,-62.2967605,-35.8548453,Global stance,-0.7229992966413498,believer,male,-0.96180296,not aggressive
2019-05-14 02:33:58+00:00,1128126278261968896,,,Weather Extremes,-0.6667408951706356,believer,male,,not aggressive
2017-10-05 02:05:18+00:00,915759770837114881,-80.4363743,33.687438799999995,Global stance,0.5691663497643037,believer,female,2.191995,not aggressive
2017-02-05 15:28:12+00:00,828263967877427200,,,Politics,-0.5137143167257309,neutral,female,,aggressive
2018-07-11 14:36:47+00:00,1017055106074677249,,,Politics,0.4967875033617019,believer,female,,aggressive
2018-06-14 19:34:55+00:00,1007345661694468096,,,Importance of Human Intervantion,0.4408465994119644,believer,male,,aggressive
2018-05-14 16:20:04+00:00,996062598981476352,-4.995410000000001,50.440560000000005,Importance of Human Intervantion,-0.217964236776034,believer,male,0.071087524,not aggressive
2018-10-13 12:46:46+00:00,1051091877095718912,,,Global stance,-0.5320655166387558,believer,male,,not aggressive
2017-12-14 04:45:40+00:00,941167282088275968,,,Weather Extremes,0.3496760691642761,neutral,male,,not aggressive
2017-10-02 21:32:47+00:00,914966417660715008,-111.763275,34.395342,Ideological Positions on Global Warming,0.3769383596181869,believer,undefined,-0.1873789,not aggressive
2019-05-09 23:35:02+00:00,1126631693916368897,,,Global stance,-0.1408493594884872,believer,female,,not aggressive
2017-10-03 13:15:48+00:00,915203732228526080,,,Global stance,-0.4410213381052017,believer,male,,aggressive
2018-02-09 11:33:32+00:00,961926034307387395,,,Importance of Human Intervantion,0.585734640566508,believer,female,,aggressive
2015-12-14 02:08:06+00:00,676222097115521024,,,Weather Extremes,-0.3610206131696701,believer,male,,not aggressive
2018-05-28 06:22:03+00:00,1000985536327241728,-2.23333,53.0,Donald Trump versus Science,0.5117058934450149,believer,female,5.055447,not aggressive
2019-01-02 07:41:27+00:00,1080368457256980480,,,Seriousness of Gas Emissions,-0.508561135673523,denier,male,,aggressive
2016-11-01 23:43:59+00:00,793599498547191808,,,Ideological Positions on Global Warming,-0.3051593844652175,believer,female,,not aggressive
2017-12-05 03:11:00+00:00,937881968120942592,-79.3376825,43.85637070000001,Politics,-0.0647021025419235,neutral,male,7.0004525,not aggressive
2015-02-28 13:31:27+00:00,571663974992896000,,,Ideological Positions on Global Warming,-0.4025980348825455,believer,male,,aggressive
2016-11-25 15:46:48+00:00,802176719926874112,,,Global stance,0.0033137202262878,believer,female,,aggressive
2018-03-16 22:06:19+00:00,974768853388423168,-122.2713563,37.80445570000001,Importance of Human Intervantion,0.71278230073452,believer,female,-2.6442573,not aggressive
2011-07-19 22:41:51+00:00,93450507196170240,,,Weather Extremes,0.5244209189414978,neutral,undefined,,not aggressive
2018-01-25 06:17:45+00:00,956410745000026112,,,Seriousness of Gas Emissions,0.0081816516160964,denier,male,,not aggressive
2019-05-19 11:06:39+00:00,1130067234942885888,,,Politics,-0.5705802429676056,believer,male,,not aggressive
2016-10-15 05:16:56+00:00,787160306476732416,-117.16472,32.715709999999994,Global stance,0.7664266354719798,believer,male,0.27706903,not aggressive
2012-08-07 21:21:02+00:00,232949496491933696,,,Weather Extremes,-0.2302098891973495,believer,male,,not aggressive
2014-02-12 11:27:25+00:00,433562987069472768,,,Seriousness of Gas Emissions,0.2130297456582387,believer,male,,not aggressive
2013-03-29 22:00:18+00:00,317758138491236352,,,Importance of Human Intervantion,0.483414467716217,neutral,female,,aggressive
2017-10-09 06:03:02+00:00,917269151462326272,,,Undefined / One Word Hashtags,0.488761842250824,believer,male,,not aggressive
2017-10-29 05:23:35+00:00,924506980269674496,85.30940000000001,23.34316,Weather Extremes,-0.5404057345231376,neutral,male,-0.28019524,not aggressive
2019-05-01 11:10:23+00:00,1123545192622120960,,,Importance of Human Intervantion,0.6353960822105408,believer,female,,not aggressive
2016-02-23 07:39:18+00:00,702034986053062656,3.39467,6.454070000000001,Politics,-0.4408064782619476,believer,male,2.038717,aggressive
2017-12-25 22:16:52+00:00,945418090237456384,,,Seriousness of Gas Emissions,0.0909666050434112,neutral,male,,aggressive
2012-11-29 10:09:39+00:00,274092752260722688,-0.12574,51.50853000000001,Weather Extremes,0.0291227400302886,neutral,female,-3.4356440000000004,not aggressive
2010-08-11 04:45:13+00:00,20857537571,,,Weather Extremes,-0.4245639592409134,believer,male,,not aggressive
2019-04-28 15:23:09+00:00,1122521640070537216,28.049722,-26.205,Importance of Human Intervantion,-0.0435111063957213,believer,male,0.37632883,not aggressive
2018-01-18 21:02:23+00:00,954096654994624518,,,Seriousness of Gas Emissions,-0.5905089245362716,believer,female,,aggressive
2019-04-24 23:12:24+00:00,1121190182844133376,,,Global stance,-0.2882766761302948,believer,undefined,,not aggressive
2018-03-12 21:39:12+00:00,973312476635901952,,,Importance of Human Intervantion,-0.4753122180700302,believer,male,,not aggressive
2018-10-20 03:41:20+00:00,1053491329181708288,-72.3959849,5.3428474999999995,Politics,0.6440306424856186,neutral,male,0.48661098,not aggressive
2018-12-19 22:20:28+00:00,1075516241102733313,-77.72788309999999,40.9699889,Importance of Human Intervantion,-0.1195562824487686,believer,male,4.9893813,not aggressive
2009-12-06 10:50:27+00:00,6397124360,,,Politics,0.7053120962381363,believer,male,,not aggressive
2018-01-08 12:31:07+00:00,950344110279241728,,,Importance of Human Intervantion,-0.0006954818964004,believer,undefined,,not aggressive
2018-10-16 12:32:02+00:00,1052175334706241537,,,Global stance,-0.1133750303030014,neutral,male,,aggressive
2009-10-13 09:18:35+00:00,4831252963,,,Undefined / One Word Hashtags,0.0620320886373519,neutral,male,,not aggressive
2017-12-29 12:15:46+00:00,946716372054265856,,,Weather Extremes,-0.62057765787329,believer,female,,not aggressive
2011-11-17 01:57:34+00:00,136986305287561216,,,Weather Extremes,0.305967777967453,neutral,undefined,,aggressive
2018-11-27 03:15:12+00:00,1067255490068049920,,,Seriousness of Gas Emissions,-0.5865549613714218,believer,male,,not aggressive
2011-03-01 09:23:30+00:00,42515291812544512,,,Weather Extremes,0.0276509717623392,believer,male,,not aggressive
2018-12-24 09:50:48+00:00,1077139520997466112,,,Global stance,-0.3811401575803756,believer,male,,aggressive
2009-08-11 09:13:19+00:00,3242773337,,,Politics,-0.1657973329782485,believer,female,,aggressive
2019-04-24 21:37:32+00:00,1121166307871866880,-86.11804000000002,39.978370000000005,Importance of Human Intervantion,-0.1324026428302128,believer,female,5.2557597000000005,aggressive
2016-11-25 04:55:02+00:00,802012698603122688,,,Weather Extremes,-0.350876101565361,neutral,female,,not aggressive
2015-12-09 17:21:31+00:00,674640027469660160,-73.9495823,40.6501038,Weather Extremes,0.5637714247465133,neutral,male,2.5607417000000003,not aggressive
2018-12-05 10:59:12+00:00,1070271364442013696,,,Politics,0.2712671971321106,believer,male,,not aggressive
2018-03-12 21:20:05+00:00,973307665244999680,,,Politics,-0.5164811757220162,denier,male,,aggressive
2016-05-12 15:44:38+00:00,730785766503129088,-121.98857,37.54827,Seriousness of Gas Emissions,-0.3834227240800857,believer,male,1.8416177,aggressive
2019-04-23 15:53:52+00:00,1120717433361391617,,,Global stance,0.4612253606319427,believer,undefined,,not aggressive
2017-09-13 22:05:00+00:00,908089154046713856,-82.68813949999999,40.2253569,Global stance,0.0533425211906433,neutral,male,0.51333374,not aggressive
2018-09-11 12:00:50+00:00,1039483905924063233,,,Global stance,-0.2424828462839126,denier,male,,not aggressive
2018-01-08 19:09:40+00:00,950444411208523776,-71.4128343,41.8239891,Significance of Pollution Awareness Events,-0.1519443571567535,neutral,female,-3.971811,not aggressive
2018-03-29 13:22:01+00:00,979347951003856896,-77.03636999999998,38.89511,Global stance,-0.2517065613746643,believer,male,4.241211,not aggressive
2018-01-16 14:07:41+00:00,953267516184252422,,,Politics,0.6528193909883498,neutral,female,,not aggressive
2018-09-17 21:03:22+00:00,1041794764499079168,,,Importance of Human Intervantion,-0.161232038283348,believer,female,,not aggressive
2015-12-14 17:59:14+00:00,676461457404366848,,,Importance of Human Intervantion,-0.3893544673919678,neutral,male,,aggressive
2017-09-23 04:10:23+00:00,911442595871645696,-83.00070649999998,39.9622601,Importance of Human Intervantion,0.3440219697475434,believer,female,6.963547,not aggressive
2015-08-04 14:23:10+00:00,628571886864220160,-110.56104,45.66244,Seriousness of Gas Emissions,-0.4334935647090276,believer,male,1.207018,not aggressive
2015-06-15 23:17:50+00:00,610587046013464576,-119.7026673,34.4221319,Weather Extremes,0.7002702985763549,believer,female,2.0916293,not aggressive
2015-12-12 22:09:00+00:00,675799537718452224,149.12807,-35.283460000000005,Importance of Human Intervantion,-0.4179619549512863,believer,male,-2.5967677000000005,aggressive
2018-03-09 04:29:28+00:00,971966173926506496,-150.00028,64.00028,Seriousness of Gas Emissions,0.0625034868717193,believer,female,6.228449,not aggressive
2018-09-29 13:27:58+00:00,1046028816479510529,-120.50139,44.000130000000006,Politics,-0.7249450639009476,believer,female,-3.733418700000001,aggressive
2019-05-17 21:26:28+00:00,1129498440977854464,-77.0365427,38.89503679999999,Global stance,0.0167586237192153,believer,male,3.8671534,aggressive
2018-01-25 20:47:13+00:00,956629554709368832,,,Donald Trump versus Science,0.2423233303308486,denier,male,,aggressive
2019-04-19 13:42:33+00:00,1119234834856071168,,,Undefined / One Word Hashtags,-0.299086604976654,believer,male,,not aggressive
2013-11-21 02:17:20+00:00,403346359702396928,,,Weather Extremes,-0.2289868363142013,neutral,female,,not aggressive
2017-12-17 08:13:11+00:00,942306668397977600,-123.13683,49.17003,Undefined / One Word Hashtags,0.2768449766874313,believer,male,2.933736,not aggressive
2018-01-13 14:12:05+00:00,952181458583638016,-80.19362000000001,25.7741728,Politics,0.0349908532381057,believer,male,1.800674,aggressive
2019-05-16 21:37:55+00:00,1129138938277519360,-81.37924000000001,28.53834,Undefined / One Word Hashtags,0.6180442025502523,neutral,male,0.50262123,aggressive
2019-01-03 00:57:14+00:00,1080629120185352192,-69.24977000000001,45.50032,Importance of Human Intervantion,0.627197818851471,believer,male,4.771906,not aggressive
2017-12-30 05:53:46+00:00,946982626178592768,,,Weather Extremes,0.6524846525907517,neutral,female,,aggressive
2018-05-10 01:48:48+00:00,994393786070552576,-80.05337,26.71534,Weather Extremes,0.4156148680380412,believer,male,-0.08793569,not aggressive
2011-06-09 17:52:13+00:00,78882102942248960,-122.39168,40.58654000000001,Seriousness of Gas Emissions,-0.3192362677574157,denier,female,-0.6722161999999999,not aggressive
2016-05-29 10:24:13+00:00,736865724199632896,,,Global stance,-0.1204866951465606,believer,female,,aggressive
2014-07-05 11:15:03+00:00,485381336275099648,-122.3300624,47.6038321,Weather Extremes,0.516868870997429,neutral,male,1.042523,aggressive
2014-06-06 11:35:57+00:00,474877351008800768,73.0651511,33.6938118,Global stance,-0.0191582739353179,neutral,male,3.457349,not aggressive
2019-04-18 22:47:56+00:00,1119009694872477699,-3.63343,50.81119,Global stance,0.4409398937236695,believer,undefined,4.24788,not aggressive
2019-05-02 11:07:06+00:00,1123906755820511233,,,Global stance,-0.5039137469461986,believer,female,,not aggressive
2017-10-09 09:33:17+00:00,917322061705494528,,,Significance of Pollution Awareness Events,-0.1419688950538635,believer,male,,not aggressive
2017-12-30 00:54:16+00:00,946907252962754560,-1.89983,52.48141999999999,Weather Extremes,-0.0850937217473984,believer,male,4.0372314,not aggressive
2015-01-28 15:18:31+00:00,560456897635954688,,,Importance of Human Intervantion,-0.5941103329658508,neutral,male,,not aggressive
2009-02-27 18:03:27+00:00,1259016145,-77.03636999999998,38.89511,Donald Trump versus Science,-0.3788982119825151,believer,male,6.3545136,not aggressive
2019-05-14 11:07:10+00:00,1128255425357451264,,,Weather Extremes,-0.6667408951706356,believer,male,,not aggressive
2019-04-30 07:24:22+00:00,1123125925984387072,,,Global stance,0.4415109008550644,believer,female,,not aggressive
2017-10-24 01:08:21+00:00,922630811463114753,,,Global stance,-0.500258669257164,believer,male,,not aggressive
2015-11-02 20:51:01+00:00,661284399317544960,,,Global stance,-0.5356720758914948,neutral,female,,aggressive
2017-12-04 23:06:50+00:00,937820521240162310,,,Weather Extremes,0.02485813498497,believer,female,,not aggressive
2016-01-11 23:39:46+00:00,686694015203459072,-70.26270152000001,43.65380087,Global stance,-0.0049291938543319,believer,male,9.227823,not aggressive
2019-05-16 14:35:34+00:00,1129032649660620800,-3.702560000000001,40.4165,Global stance,0.3357539443254471,believer,male,-0.5473357,not aggressive
2016-08-21 21:43:37+00:00,767477281220681728,,,Seriousness of Gas Emissions,-0.366662595129013,neutral,female,,aggressive
2018-05-10 21:30:43+00:00,994691225939832832,,,Global stance,-0.5188226759831112,believer,male,,aggressive
2018-08-15 06:13:23+00:00,1029611994100453377,,,Global stance,0.165262036927541,believer,male,,not aggressive
2017-11-22 13:19:22+00:00,933324026738507778,,,Global stance,0.4866982969522476,believer,male,,not aggressive
2017-09-25 14:33:22+00:00,912324151490334720,-71.10831999999998,42.36565,Importance of Human Intervantion,0.3363514182090759,believer,male,8.608137,not aggressive
2017-12-01 00:53:01+00:00,936397689373188096,,,Global stance,0.0803021032333374,believer,male,,not aggressive
2008-11-29 01:20:49+00:00,1028774209,,,Weather Extremes,-0.4977936897299506,believer,male,,not aggressive
2015-07-17 00:45:10+00:00,621843047245062144,-123.11934,49.249660000000006,Impact of Resource Overconsumption,0.0490634055614471,believer,male,1.4742848999999998,not aggressive
2019-05-06 21:56:09+00:00,1125519644553555969,,,Politics,-0.2099018077135086,believer,male,,aggressive
2016-04-30 15:56:46+00:00,726440164881498112,,,Importance of Human Intervantion,0.4671024024486541,believer,male,,not aggressive
2018-03-16 02:28:47+00:00,974472518282047488,-112.07404,33.44838,Politics,-0.061824732689424,believer,male,-1.5826721,aggressive
2010-09-08 21:17:27+00:00,23948324659,-80.25599000000001,43.54594,Weather Extremes,0.7424301186641057,believer,male,-0.6497553,not aggressive
2018-03-21 16:19:28+00:00,976493503231471616,,,Donald Trump versus Science,-0.366986909866333,believer,female,,not aggressive
2014-08-19 16:41:11+00:00,501770865525411840,,,Global stance,0.2650688122034073,believer,male,,not aggressive
2016-02-29 05:32:28+00:00,704177392642822144,,,Importance of Human Intervantion,0.9059367589235304,believer,female,,not aggressive
2018-03-20 19:23:22+00:00,976177396809457665,-75.92687000000001,40.33565,Donald Trump versus Science,-0.1259860385417938,believer,female,-4.063294399999998,aggressive
2015-05-31 23:09:01+00:00,605149007325720576,,,Importance of Human Intervantion,-0.3332498735189438,believer,male,,not aggressive
2017-12-15 10:06:23+00:00,941610379385466886,23.78712,61.49911,Undefined / One Word Hashtags,0.4201731830835342,believer,female,4.1704397,not aggressive
2015-10-31 15:32:01+00:00,660479342766518272,-77.0365427,38.89503679999999,Global stance,-0.0306516736745834,believer,female,-2.5955155,not aggressive
2017-02-06 22:46:46+00:00,828736720585699328,-0.18312,51.11303,Global stance,0.4967049956321716,believer,male,-0.7933201,not aggressive
2018-04-07 03:57:37+00:00,982467403668844544,,,Weather Extremes,0.6805165507555008,believer,male,,not aggressive
2019-05-09 11:09:11+00:00,1126443995993915392,,,Importance of Human Intervantion,0.8249606733083724,believer,male,,not aggressive
2018-06-14 13:28:04+00:00,1007253339757797377,,,Global stance,0.0394725650548934,believer,female,,not aggressive
2018-01-10 13:07:54+00:00,951078143225483265,,,Politics,0.0349908532381057,believer,undefined,,aggressive
2018-12-17 00:16:56+00:00,1074458385003638784,,,Politics,0.5150305777788162,believer,male,,aggressive
2017-11-10 23:49:50+00:00,929134034676011008,,,Politics,-0.1242633898735046,believer,male,,aggressive
2018-02-10 14:35:22+00:00,962334181039755264,,,Undefined / One Word Hashtags,0.5606642216444014,believer,male,,not aggressive
2018-04-26 05:35:43+00:00,989377463720423424,,,Politics,0.0469294637441635,believer,female,,not aggressive
2017-10-03 17:28:46+00:00,915267393366249474,,,Global stance,-0.4410213381052017,believer,female,,aggressive
2018-07-13 00:44:50+00:00,1017570514552799232,-122.67621,45.52345,Global stance,0.1702934443553288,believer,female,-2.6327186,aggressive
2017-11-24 23:29:30+00:00,934202344090275846,,,Politics,-0.3927057293891907,believer,female,,not aggressive
2014-12-16 17:31:05+00:00,544907580402049024,,,Global stance,0.4691728976639834,neutral,male,,aggressive
2018-01-11 20:29:14+00:00,951551598219575297,,,Global stance,0.5289206670284271,believer,female,,not aggressive
2018-04-24 15:05:18+00:00,988796025614807040,,,Politics,0.0220969766378402,believer,female,,aggressive
2019-05-09 09:29:02+00:00,1126418793100652545,,,Importance of Human Intervantion,0.4144895225763321,neutral,male,,aggressive
2017-10-25 15:59:01+00:00,923217340841459714,,,Undefined / One Word Hashtags,-0.2117921737194061,believer,male,,aggressive
2018-12-11 20:24:31+00:00,1072587956744085504,-118.24368,34.05223,Global stance,0.4711299270391464,believer,female,-3.1268113,aggressive
2019-05-10 15:08:48+00:00,1126866683392557056,-5.92541,54.59682,Global stance,-0.0071642756223678,believer,male,4.827778,not aggressive
2018-05-06 17:38:45+00:00,993183298653380608,,,Ideological Positions on Global Warming,-0.0812813097715377,believer,male,,not aggressive
2015-07-14 23:11:45+00:00,621094762548981760,-83.12186000000001,41.35033000000001,Donald Trump versus Science,-0.3360914252519607,denier,male,-0.20205405,not aggressive
2016-07-15 09:57:31+00:00,753891233592999936,,,Global stance,-0.0209339732495221,believer,male,,aggressive
2017-09-27 05:33:10+00:00,912912983143194631,,,Global stance,0.4177643358707428,believer,male,,not aggressive
2010-06-05 08:21:03+00:00,15475347939,,,Ideological Positions on Global Warming,0.2603550843318304,believer,female,,not aggressive
2017-11-22 17:49:23+00:00,933391974731800576,,,Importance of Human Intervantion,0.6357429984092713,believer,male,,not aggressive
2017-12-29 15:07:07+00:00,946759490627690497,,,Donald Trump versus Science,-0.0647536605596542,believer,male,,not aggressive
2017-11-21 15:30:51+00:00,932994727884021761,-105.27055,40.01499,Importance of Human Intervantion,0.4315515756607055,neutral,female,5.083332,not aggressive
2018-02-19 22:37:26+00:00,965716986092122113,,,Global stance,0.2241735492944717,believer,male,,aggressive
2018-09-27 19:32:01+00:00,1045395655160713216,,,Donald Trump versus Science,-0.0538674434423446,neutral,undefined,,aggressive
2016-01-17 04:15:05+00:00,688575241954660352,-71.41283,41.82399,Undefined / One Word Hashtags,0.4781392961740494,neutral,male,4.7072964000000015,aggressive
2018-12-16 13:14:07+00:00,1074291581463670784,-106.65113999999998,35.08449,Global stance,0.7023044658899308,believer,female,2.3079138,aggressive
2018-09-30 19:22:43+00:00,1046480480835698690,-95.89084,41.13667,Global stance,0.0198969990015029,believer,male,4.851331,not aggressive
2017-10-14 05:36:34+00:00,919074431191994368,-95.60476,29.727390000000007,Donald Trump versus Science,-0.6296446124792099,believer,female,4.6167073,not aggressive
2017-12-12 00:13:40+00:00,940374054590144512,,,Importance of Human Intervantion,0.1794674897909164,believer,male,,not aggressive
2015-07-31 13:41:37+00:00,627111879001964544,,,Importance of Human Intervantion,0.0936037574739167,denier,female,,not aggressive
2009-01-21 15:44:32+00:00,1136477897,-122.03635,37.36883,Seriousness of Gas Emissions,-0.3475084815451593,believer,male,2.791411,not aggressive
2019-07-12 08:21:53+00:00,1149594717140611200,,,Global stance,0.7772406916379928,believer,male,,not aggressive
2016-07-18 13:14:28+00:00,755027959757627392,,,Global stance,0.7765279814720154,believer,male,,not aggressive
2018-10-23 16:02:52+00:00,1054765107551629312,-79.83713,43.386210000000005,Politics,0.2034823083877563,believer,male,8.552754,aggressive
2018-07-10 19:01:52+00:00,1016759426697424896,,,Importance of Human Intervantion,-0.7467722798109054,believer,male,,aggressive
2018-02-09 01:49:02+00:00,961778937947856896,,,Seriousness of Gas Emissions,0.0018361623525619,neutral,undefined,,not aggressive
2017-12-11 06:15:22+00:00,940102691790794757,-81.30344000000002,31.93827000000001,Global stance,-0.0501226274490356,believer,male,-4.3912797,aggressive
2015-12-15 13:24:12+00:00,676754630534168576,-79.3163,44.133410000000005,Global stance,-0.4654641300439835,denier,male,8.688152,not aggressive
2018-10-19 01:53:39+00:00,1053101842660556800,,,Global stance,-0.4338456392288208,believer,female,,not aggressive
2017-12-20 10:30:48+00:00,943428465516269568,,,Global stance,0.3466957981824875,believer,male,,not aggressive
2014-08-16 15:26:07+00:00,500664812909920256,46.716010399999995,24.638916,Weather Extremes,0.6661104547262192,believer,female,2.2522461,aggressive
2018-08-16 13:37:58+00:00,1030086267415932935,,,Weather Extremes,-0.2573259129683176,believer,female,,not aggressive
2018-12-12 16:28:19+00:00,1072890905114370048,-115.002136,55.001251,Global stance,-0.104750565290451,believer,male,-2.6544755,not aggressive
2018-02-27 12:33:14+00:00,968464038152695808,,,Global stance,-0.8676717497825622,believer,male,,not aggressive
2019-04-25 17:49:39+00:00,1121471347106906114,-73.61036419999998,45.4972159,Politics,-0.4795245357445308,believer,male,6.7913770000000016,not aggressive
2018-09-13 19:40:59+00:00,1040324480076115968,-84.55553,42.73253,Importance of Human Intervantion,0.6287311710596085,believer,male,7.944137,aggressive
2017-12-30 09:19:14+00:00,947034330660032512,,,Weather Extremes,0.0276213412920634,neutral,female,,not aggressive
2017-06-06 08:04:04+00:00,872001128757686272,,,Undefined / One Word Hashtags,0.4422168433666229,believer,female,,aggressive
2018-05-11 01:33:39+00:00,994752362362429440,-77.0365427,38.89503679999999,Politics,0.4161247762918472,neutral,male,3.861794,not aggressive
2017-10-11 03:34:34+00:00,917956565503655936,-116.78467,34.687430000000006,Undefined / One Word Hashtags,0.2796835899353027,denier,female,-1.6720653000000003,not aggressive
2019-01-04 15:33:17+00:00,1081211976787865600,-1.08271,53.95763,Impact of Resource Overconsumption,-0.5687682740370432,believer,male,4.9769745,not aggressive
2018-01-04 21:04:07+00:00,949023662446927874,-71.0582912,42.3602534,Global stance,-0.0973886913061142,believer,male,-3.903239,aggressive
2018-11-30 10:58:06+00:00,1068459149451714560,,,Seriousness of Gas Emissions,-0.6114539237419765,denier,female,,not aggressive
2018-06-02 17:45:54+00:00,1002969570792148992,-75.97799,36.85293,Undefined / One Word Hashtags,0.7098711014032364,neutral,male,3.8682814,not aggressive
2018-12-01 18:06:38+00:00,1068929378824925184,,,Donald Trump versus Science,0.0064067887624104,denier,male,,not aggressive
2018-12-20 21:30:51+00:00,1075866142558879744,,,Importance of Human Intervantion,0.306061726634843,believer,male,,not aggressive
2015-06-17 23:17:47+00:00,611311809895788544,-81.69344459999999,41.5051613,Politics,-0.1061589419841766,believer,male,-0.6967951,not aggressive
2018-06-08 13:41:08+00:00,1005082300495720448,88.36304000000001,22.56263,Importance of Human Intervantion,-0.4218460609912872,believer,male,0.19735934,not aggressive
2016-05-10 09:01:33+00:00,729959549814202368,,,Global stance,-0.0742398764133453,denier,male,,not aggressive
2017-11-14 19:41:40+00:00,930521131638956032,,,Global stance,-0.5923752399206162,believer,male,,not aggressive
2017-06-05 14:10:50+00:00,871731039181316096,,,Impact of Resource Overconsumption,0.4312230199575424,neutral,male,,not aggressive
2018-04-16 20:54:28+00:00,985984793715208193,,,Politics,-0.5292420895576477,believer,male,,aggressive
2016-03-23 23:05:29+00:00,712777315084677120,-117.16277279999998,32.7174202,Global stance,-0.4882972568273544,neutral,male,0.81746596,aggressive
2018-06-28 20:15:32+00:00,1012429310467158016,-75.16379,39.95233,Global stance,0.6602611771821976,believer,male,2.0797734,not aggressive
2017-12-16 13:17:09+00:00,942020777481732097,,,Global stance,0.672509712266922,believer,male,,not aggressive
2016-10-07 06:35:12+00:00,784280902046134272,,,Global stance,-0.5472644052505493,believer,male,,aggressive
2009-06-24 07:20:56+00:00,2307454870,,,Global stance,0.7644647206624349,believer,male,,not aggressive
2018-03-01 11:02:01+00:00,969165857015332864,,,Importance of Human Intervantion,0.4671039581298828,neutral,female,,not aggressive
2018-10-22 07:59:59+00:00,1054281196262305795,-97.2684063,34.9550817,Politics,0.317032565665245,believer,female,4.950118,aggressive
2018-03-08 13:37:06+00:00,971741600261947393,,,Global stance,0.4121490533590317,neutral,female,,not aggressive
2017-12-09 17:15:46+00:00,939544108783296512,,,Global stance,0.579051769375801,believer,male,,not aggressive
2011-06-18 14:55:27+00:00,82099110236258304,,,Ideological Positions on Global Warming,-0.1752324600934982,neutral,undefined,,not aggressive
2015-06-01 18:48:32+00:00,605445843684986880,-2.1666673999999997,51.8333313,Seriousness of Gas Emissions,-0.2560228572845459,believer,male,-2.5205398,not aggressive
2019-05-01 10:04:19+00:00,1123528568338878465,,,Global stance,0.3987727612257004,believer,female,,not aggressive
2017-12-12 08:57:35+00:00,940505901995196416,,,Importance of Human Intervantion,-0.4605489820241928,believer,male,,not aggressive
2010-01-11 12:16:45+00:00,7627506057,,,Global stance,-0.6658851635932922,neutral,female,,not aggressive
2018-09-20 18:45:35+00:00,1042847255458402306,,,Undefined / One Word Hashtags,-0.5013570219278336,believer,male,,not aggressive
2019-04-26 11:56:03+00:00,1121744746349723649,,,Importance of Human Intervantion,0.4550328455686569,believer,male,,not aggressive
2015-12-18 12:06:34+00:00,677822259369758720,-74.00596999999998,40.714270000000006,Importance of Human Intervantion,0.583373086309433,believer,male,7.085226,not aggressive
2015-08-12 05:34:52+00:00,631338039328010240,,,Global stance,-0.6646270286798478,believer,female,,not aggressive
2018-09-25 17:56:11+00:00,1044646761099288576,,,Importance of Human Intervantion,0.5674610728263856,believer,male,,not aggressive
2009-10-28 10:02:11+00:00,5226651074,,,Importance of Human Intervantion,-0.1200298285484314,neutral,female,,not aggressive
2016-07-08 07:12:11+00:00,751312912300511232,,,Weather Extremes,-0.3763006065845489,believer,male,,not aggressive
2018-08-30 16:05:27+00:00,1035196810317496320,-124.83605,48.66628000000001,Global stance,0.7569271520932515,believer,male,-0.9449940999999998,aggressive
2019-08-27 12:47:12+00:00,1166331328108867584,,,Ideological Positions on Global Warming,-0.2522965095281601,neutral,female,,not aggressive
2017-06-18 13:25:49+00:00,876430754263257088,-81.69344459999999,41.5051613,Ideological Positions on Global Warming,0.4694233942985534,denier,female,5.2964587,aggressive
2015-08-23 15:52:49+00:00,635479814913134592,,,Seriousness of Gas Emissions,-0.3824915920257568,neutral,male,,aggressive
2010-11-12 07:14:19+00:00,2982505661595648,,,Significance of Pollution Awareness Events,0.5778406633377076,believer,female,,not aggressive
2019-04-22 05:27:57+00:00,1120197528140435457,,,Weather Extremes,-0.6514157329898892,neutral,male,,aggressive
2014-09-16 10:44:40+00:00,511828003530084352,,,Undefined / One Word Hashtags,-0.0227154940366745,denier,female,,aggressive
2018-03-02 10:05:20+00:00,969513981072244736,,,Undefined / One Word Hashtags,0.3065947595119476,believer,male,,not aggressive
2019-04-27 12:50:32+00:00,1122120847924322304,,,Weather Extremes,-0.2095121149301528,neutral,male,,not aggressive
2017-01-21 20:07:57+00:00,822898550107410432,,,Politics,-0.4777638828754425,denier,male,,aggressive
2019-04-18 15:45:32+00:00,1118903394310209536,36.81667,-1.28333,Significance of Pollution Awareness Events,0.1064836888949076,believer,male,0.45701247,not aggressive
2016-10-13 21:59:14+00:00,786687769368223744,,,Politics,-0.4564949264526367,believer,male,,aggressive
2019-04-30 02:10:06+00:00,1123046841476579328,-66.66558,45.94541,Global stance,0.7044372396230697,believer,female,3.2098653,not aggressive
2015-07-15 19:35:54+00:00,621402832336498688,-3.702560000000001,40.4165,Importance of Human Intervantion,0.6418460716485977,believer,male,5.5077653,not aggressive
2018-08-21 14:25:53+00:00,1031910265233858560,72.99717729999998,33.6684537,Importance of Human Intervantion,0.7326195043087007,believer,male,2.9480171000000004,aggressive
2018-12-04 19:40:58+00:00,1070040283557986304,,,Global stance,-0.162668066072464,believer,male,,not aggressive
2011-01-02 13:52:50+00:00,21564579121205248,,,Ideological Positions on Global Warming,0.0538022781848907,neutral,female,,not aggressive
2018-08-21 11:16:39+00:00,1031862641017462784,,,Importance of Human Intervantion,0.7326195043087007,believer,male,,aggressive
2018-12-21 16:37:00+00:00,1076154581674004480,,,Politics,-0.5748862664222718,denier,female,,not aggressive
2019-04-22 02:01:03+00:00,1120145461388570631,,,Global stance,0.0714776704311371,neutral,undefined,,aggressive
2018-01-31 07:52:52+00:00,958609010214785024,,,Global stance,0.1460604505300522,believer,male,,not aggressive
2017-10-17 16:02:23+00:00,920319086101483520,10.7389701,59.9133301,Importance of Human Intervantion,0.4512467980384826,believer,male,3.8282719,not aggressive
2017-12-08 17:19:13+00:00,939182591160274946,,,Politics,-0.5435346277236938,believer,female,,aggressive
2018-11-28 02:32:30+00:00,1067607134785990656,,,Impact of Resource Overconsumption,-0.5559420795202256,believer,male,,not aggressive
2018-12-31 16:32:58+00:00,1079777444096339968,,,Global stance,-0.1191414711578583,believer,female,,aggressive
2018-07-12 03:27:16+00:00,1017249003484819456,-120.8499,35.36581,Undefined / One Word Hashtags,-0.0781259319782257,believer,female,-3.1192973,not aggressive
2019-05-11 21:44:28+00:00,1127328643921993730,,,Ideological Positions on Global Warming,-0.4963462646961212,believer,male,,not aggressive
2018-09-16 03:18:07+00:00,1041164297651412992,-80.13005000000001,25.790650000000003,Impact of Resource Overconsumption,-0.3595309575080871,believer,female,0.61159164,not aggressive
2018-09-03 06:38:13+00:00,1036503613693145088,67.74283000000001,24.6851,Importance of Human Intervantion,-0.1534073925998476,believer,female,2.3001115000000003,not aggressive
2018-03-16 15:14:58+00:00,974665333557678080,,,Weather Extremes,-0.4052109886169433,neutral,male,,not aggressive
2019-04-25 21:41:16+00:00,1121529635655675904,,,Global stance,0.3713267655849457,neutral,male,,not aggressive
2018-06-05 23:01:26+00:00,1004136141228998663,,,Seriousness of Gas Emissions,-0.3127624506235122,believer,female,,aggressive
2018-12-30 18:55:53+00:00,1079451022039412736,,,Importance of Human Intervantion,-0.0535138503710429,believer,female,,not aggressive
2015-05-16 18:37:52+00:00,599644955309572096,,,Global stance,-0.4142163666811856,believer,female,,not aggressive
2017-12-05 17:53:48+00:00,938104130165510144,,,Weather Extremes,0.02485813498497,believer,female,,not aggressive
2018-01-11 06:10:25+00:00,951335467546562560,,,Weather Extremes,-0.1251419932842254,believer,female,,not aggressive
2015-12-14 16:59:54+00:00,676446526667776000,,,Seriousness of Gas Emissions,0.4700632304271062,believer,male,,aggressive
2019-04-21 21:37:55+00:00,1120079240769286147,,,Politics,-0.4463257041692733,believer,female,,not aggressive
2018-04-05 12:39:21+00:00,981873927986339848,-72.50026079999999,44.5990718,Seriousness of Gas Emissions,0.0245849419572136,believer,male,-5.8092456,not aggressive
2018-05-09 06:02:57+00:00,994095356714594304,-122.54498,37.90604,Politics,-0.1988940613031387,believer,female,1.1507459,not aggressive
2009-12-10 05:48:41+00:00,6523167002,,,Importance of Human Intervantion,0.3715368658304214,believer,male,,not aggressive
2019-01-05 21:46:38+00:00,1081668321521606658,,,Importance of Human Intervantion,0.511389905166626,believer,female,,not aggressive
2019-05-16 00:30:27+00:00,1128819970056474624,-118.24368,34.05223,Weather Extremes,-0.271128774356842,neutral,male,-3.1268113,not aggressive
2019-05-17 21:50:13+00:00,1129504419148525568,,,Politics,-0.4209710159472056,believer,male,,aggressive
2016-09-18 16:01:14+00:00,777537979778609152,,,Importance of Human Intervantion,0.3125940953254699,neutral,undefined,,aggressive
2018-11-29 02:05:54+00:00,1067962826210205696,,,Global stance,0.4737461069316575,believer,male,,not aggressive
2018-02-27 02:50:16+00:00,968317329078661120,-118.755997,36.7014631,Importance of Human Intervantion,-0.0329289406538009,believer,male,-5.674861,aggressive
2019-05-02 15:41:19+00:00,1123975764339318784,,,Politics,-0.4770871996879577,neutral,male,,aggressive
2018-01-31 04:07:25+00:00,958552273344483329,,,Politics,0.3662692329134259,believer,female,,not aggressive
2018-02-26 07:26:26+00:00,968024441606287360,,,Weather Extremes,-0.4220791459083557,believer,male,,not aggressive
2011-02-09 03:15:09+00:00,35174835671801856,,,Ideological Positions on Global Warming,-0.4654329652150471,believer,female,,not aggressive
2017-10-01 13:13:04+00:00,914478268929183744,-65.95739,18.38078,Weather Extremes,-0.2698307057460148,denier,male,-0.64048135,aggressive
2018-01-21 15:23:36+00:00,955098563159166981,12.5,9.33333,Global stance,-0.5607952206611633,believer,male,-0.30510893,not aggressive
2010-07-16 02:40:15+00:00,18651802127,,,Global stance,-0.3964961022138595,neutral,male,,not aggressive
2017-06-24 18:48:55+00:00,878686389696679936,,,Seriousness of Gas Emissions,-0.0437022062540053,believer,female,,aggressive
2018-12-30 08:09:48+00:00,1079288430775943169,,,Importance of Human Intervantion,0.3718901469310124,believer,male,,not aggressive
2014-10-05 12:39:38+00:00,518742306581929984,-1.61396,54.97328,Impact of Resource Overconsumption,0.6018082580566406,neutral,male,-1.5157174,not aggressive
2018-05-01 15:04:38+00:00,991332574894219264,,,Donald Trump versus Science,0.2865670613209406,believer,undefined,,aggressive
2017-12-29 02:19:24+00:00,946566289643982848,,,Weather Extremes,0.5637948481491634,believer,male,,not aggressive
2018-06-11 13:32:49+00:00,1006167372376498177,,,Importance of Human Intervantion,-0.5063035309314727,believer,male,,not aggressive
2017-11-15 14:23:42+00:00,930803498135859201,-87.6244212,41.87556160000001,Weather Extremes,0.2274974478960037,denier,male,1.3460671,not aggressive
2018-03-02 10:35:23+00:00,969521544820068352,,,Donald Trump versus Science,-0.351655962061882,believer,female,,not aggressive
2018-01-17 01:30:26+00:00,953439338313891840,,,Global stance,-0.089238096499443,neutral,male,,not aggressive
2018-03-14 04:06:10+00:00,973772249768620032,36.826061224105075,-1.30316895,Global stance,0.5783264425516129,believer,female,-0.17479855,aggressive
2010-12-02 18:31:32+00:00,10400689842814976,,,Significance of Pollution Awareness Events,-0.3315709919850031,neutral,male,,aggressive
2018-08-20 20:59:01+00:00,1031646811625119744,145.76613,-16.92366,Importance of Human Intervantion,-0.2928740917921066,believer,male,-1.1409782,not aggressive
2018-05-19 09:15:51+00:00,997767780039618563,-2.43333,53.58333,Importance of Human Intervantion,-0.0135815856456756,believer,male,1.6486287,not aggressive
2017-11-19 00:38:18+00:00,932045331491147776,,,Undefined / One Word Hashtags,0.6685980588436127,believer,male,,not aggressive
2019-04-20 04:33:52+00:00,1119459141565575169,,,Global stance,-0.4269696847200392,believer,male,,not aggressive
2009-07-09 15:07:55+00:00,2551362642,,,Global stance,-0.4207866489887237,neutral,female,,not aggressive
2018-12-08 00:33:55+00:00,1071201168184016897,-117.16277279999998,32.7174202,Global stance,0.3812583619356155,believer,male,-1.4400201,not aggressive
2016-04-06 14:09:35+00:00,717715881711812608,,,Global stance,0.3782636301279067,believer,male,,not aggressive
2016-07-03 10:01:47+00:00,749543655518642176,,,Donald Trump versus Science,-0.4996351301670074,believer,female,,aggressive
2017-12-12 03:36:15+00:00,940425037433028609,,,Global stance,-0.0633039822181065,believer,undefined,,not aggressive
2013-04-25 11:50:44+00:00,327389209918844928,,,Weather Extremes,-0.2408737134218216,believer,male,,aggressive
2018-08-29 18:35:06+00:00,1034872083669557248,-119.4959025,49.8879177,Undefined / One Word Hashtags,0.380069762468338,believer,male,-2.0856094,aggressive
2018-12-26 04:23:29+00:00,1077781924721164289,,,Ideological Positions on Global Warming,-0.3601853102445603,believer,male,,not aggressive
2016-12-17 16:15:58+00:00,810156593014853632,,,Weather Extremes,-0.1337293163537979,neutral,male,,not aggressive
2015-07-03 07:39:27+00:00,616873876371447808,,,Importance of Human Intervantion,0.0721714937448501,believer,female,,aggressive
2018-02-08 18:05:10+00:00,961662202326511622,-120.737257,43.9792797,Global stance,0.3107838779687881,believer,female,7.9608035,not aggressive
2018-02-02 15:48:03+00:00,959453369755623424,,,Global stance,0.6793436496257782,neutral,female,,not aggressive
2017-06-03 10:02:16+00:00,870943708790870016,,,Global stance,-0.3549804952303568,believer,male,,not aggressive
2018-01-02 23:45:52+00:00,948339590393364485,,,Donald Trump versus Science,0.7403570103406906,believer,female,,not aggressive
2018-05-11 01:34:02+00:00,994752457078001665,,,Politics,0.4161247762918472,neutral,male,,not aggressive
2018-12-12 13:05:39+00:00,1072839901283082240,,,Significance of Pollution Awareness Events,0.2422440985202789,believer,female,,not aggressive
2017-12-02 10:34:11+00:00,936906331667050496,77.02635000000001,28.4601,Politics,-0.3753795176744461,believer,female,-0.218341,not aggressive
2017-12-10 06:02:37+00:00,939737094817280000,-104.9847,39.73915,Global stance,0.2414984779119492,believer,female,5.5018415,not aggressive
2018-09-12 19:41:03+00:00,1039962111332548608,,,Global stance,0.3599021670341492,believer,male,,not aggressive
2018-08-23 22:26:52+00:00,1032756081548832768,-63.57291000000001,44.6464,Global stance,0.7308926310698192,believer,male,1.5226976,not aggressive
2018-01-28 13:32:27+00:00,957607303347359744,,,Global stance,0.4046571552753448,denier,male,,not aggressive
2018-03-14 06:31:05+00:00,973808717140578304,,,Politics,0.4513310641050339,believer,male,,not aggressive
2015-04-07 18:35:33+00:00,585511245236809728,,,Global stance,0.4627718489646911,believer,female,,aggressive
2015-02-05 22:00:22+00:00,563457129592270848,,,Global stance,0.1221944778680801,believer,male,,aggressive
2016-09-28 14:15:28+00:00,781135238630141952,-82.35919331410949,36.29885175,Undefined / One Word Hashtags,0.5055371850728989,believer,male,1.8412933,not aggressive
2016-10-18 07:43:46+00:00,788284420407103488,,,Global stance,-0.6623463653326034,believer,male,,aggressive
2018-01-27 04:24:24+00:00,957106995575869441,23.78712,61.49911,Undefined / One Word Hashtags,0.0098818971713383,believer,female,7.872406,not aggressive
2016-07-21 22:34:30+00:00,756256063381315584,-117.672,33.60002,Undefined / One Word Hashtags,0.0274989932775497,believer,female,3.6106718,aggressive
2019-04-19 16:17:26+00:00,1119273811986255873,-73.20067,41.24287,Undefined / One Word Hashtags,0.4092972338199615,believer,male,1.6331238,aggressive
2015-05-05 18:48:31+00:00,595661368939929600,7.172467299999999,8.831122800000003,Importance of Human Intervantion,-0.6062818045139313,believer,male,0.3682585,not aggressive
2018-10-03 17:20:09+00:00,1047536796035375104,-117.2716839,32.83259,Seriousness of Gas Emissions,0.077858079512914,believer,female,-1.4400201,not aggressive
2017-12-05 04:56:43+00:00,937908571714478080,,,Politics,-0.3434128813743591,believer,male,,aggressive
2018-12-03 16:34:10+00:00,1069630883987161089,,,Importance of Human Intervantion,0.4266240115404129,believer,male,,aggressive
2017-02-11 00:15:27+00:00,830208591067901952,151.20731999999995,-33.867850000000004,Politics,0.4596819281578064,believer,female,7.911222500000001,not aggressive
2018-04-23 21:38:41+00:00,988532636711763970,,,Importance of Human Intervantion,-0.5385474777698517,believer,male,,not aggressive
2018-03-22 10:09:41+00:00,976762834834022400,,,Global stance,0.3225707468748092,believer,female,,not aggressive
2015-12-22 20:46:02+00:00,679402539121537024,,,Politics,-0.4464047104120254,believer,male,,not aggressive
2018-12-27 19:47:57+00:00,1078376962035511297,,,Seriousness of Gas Emissions,0.0215072184801101,believer,female,,not aggressive
2017-10-23 02:05:23+00:00,922282774379118592,-77.03636999999998,38.89511,Politics,-0.4650865998983383,believer,male,5.198168,not aggressive
2017-09-26 10:48:19+00:00,912629903610273793,-78.87836999999998,42.88645,Importance of Human Intervantion,-0.4554383307695389,believer,female,10.120568,aggressive
2019-05-09 03:29:22+00:00,1126328280850677760,,,Significance of Pollution Awareness Events,-0.4679688215255737,neutral,female,,not aggressive
2018-10-19 11:46:58+00:00,1053251156410019841,,,Global stance,-0.4458369059222085,neutral,female,,not aggressive
2018-11-29 16:20:06+00:00,1068177792984993792,170.58333000000005,-45.73333,Undefined / One Word Hashtags,0.5937249676942825,believer,female,-2.9291432,not aggressive
2016-06-20 14:39:07+00:00,744902405813305344,,,Politics,0.4706860035657882,believer,male,,not aggressive
2018-09-05 07:59:07+00:00,1037248749947576320,0.1235816999999999,52.2034823,Importance of Human Intervantion,0.624099707531929,believer,male,3.5023532,not aggressive
2018-01-03 16:28:12+00:00,948591835617873920,-91.8992837,30.27353230000001,Weather Extremes,-0.2646930549383163,denier,male,-9.866595,not aggressive
2018-10-09 20:58:27+00:00,1049766061292306433,-83.74088,42.27756,Global stance,-0.4030407609462738,believer,female,8.259166,aggressive
2018-09-06 02:48:21+00:00,1037532929856102400,,,Weather Extremes,0.2680227324962616,believer,male,,not aggressive
2018-10-13 18:45:25+00:00,1051182134755508224,,,Importance of Human Intervantion,0.5286067870616913,believer,female,,not aggressive
2018-12-26 16:51:57+00:00,1077970283364007941,,,Ideological Positions on Global Warming,-0.3722881823778152,believer,female,,aggressive
2017-12-29 06:47:20+00:00,946633717916639232,,,Seriousness of Gas Emissions,0.0900852839469909,believer,male,,aggressive
2017-02-09 16:08:43+00:00,829723713323069440,,,Weather Extremes,0.3031990767002105,believer,female,,not aggressive
2017-12-17 19:28:03+00:00,942476504969117696,-84.51474540000002,33.883887,Politics,-0.4698698669672012,denier,female,-2.0378888,aggressive
2019-05-14 14:10:06+00:00,1128301462075977731,-83.38356,42.568909999999995,Politics,0.0398162752389907,believer,male,8.259166,not aggressive
2010-04-21 14:57:33+00:00,12580833279,,,Weather Extremes,-0.2966022199630737,neutral,male,,aggressive
2019-04-17 21:00:02+00:00,1118620154064072704,,,Importance of Human Intervantion,0.1640342177867889,neutral,male,,aggressive
2017-10-16 21:31:00+00:00,920039398863003649,,,Global stance,0.4531414419412613,believer,male,,aggressive
2017-10-17 13:07:36+00:00,920275102565941248,,,Importance of Human Intervantion,-0.5212476491928101,believer,female,,not aggressive
2018-06-19 09:58:10+00:00,1009012457195606018,,,Donald Trump versus Science,-0.4651821257352829,denier,male,,aggressive
2015-06-25 18:33:57+00:00,614139483160727552,-122.41942000000002,37.774930000000005,Donald Trump versus Science,-0.6495673519134522,believer,male,2.571827,not aggressive
2011-06-09 22:17:01+00:00,78948739787653120,,,Weather Extremes,-0.2356764866908391,neutral,female,,not aggressive
2018-05-17 23:00:50+00:00,997250619181219840,,,Politics,0.1687639461517334,believer,male,,not aggressive
2017-06-03 20:44:19+00:00,871105286488064000,,,Importance of Human Intervantion,0.0497182330914905,neutral,male,,not aggressive
2017-02-03 03:08:44+00:00,827353097647300608,-74.29876,40.95232,Ideological Positions on Global Warming,-0.4859090596437454,believer,female,0.37161556,aggressive
2018-02-11 22:53:02+00:00,962821807840534528,,,Seriousness of Gas Emissions,0.3981285840272903,believer,female,,not aggressive
2015-07-02 09:06:55+00:00,616533500666232832,,,Global stance,-0.1175388246774673,believer,male,,not aggressive
2018-12-16 06:00:07+00:00,1074182365738622976,77.5912997,12.9791198,Seriousness of Gas Emissions,-0.6695580169677735,believer,male,0.08719111,not aggressive
2018-10-13 13:22:14+00:00,1051100802545270784,-82.5001,28.75054,Global stance,-0.0286173582077026,believer,female,0.35680318,aggressive
2018-05-10 23:19:01+00:00,994718482129399808,,,Politics,0.4161247762918472,neutral,male,,not aggressive
2015-09-10 08:29:37+00:00,641891260937191424,,,Global stance,-0.2673341995545796,believer,female,,not aggressive
2018-08-28 06:50:14+00:00,1034332311670509570,108.5415225,-7.3695648,Global stance,0.5870012699842453,believer,female,0.040892184,aggressive
2017-12-09 20:18:31+00:00,939590102443061248,,,Global stance,0.3667297837409106,believer,male,,aggressive
2018-03-26 11:04:45+00:00,978226240699105280,,,Global stance,0.2508776413202286,believer,male,,not aggressive
2019-01-05 09:13:17+00:00,1081478733293371392,-77.0365427,38.89503679999999,Seriousness of Gas Emissions,0.5274519140958787,neutral,male,3.8671534,not aggressive
2015-07-08 02:19:43+00:00,618605349734588416,-121.97802,37.77993,Undefined / One Word Hashtags,-0.3847005814313888,believer,male,-1.1957209999999998,not aggressive
2015-12-07 13:00:05+00:00,673849459025960960,,,Importance of Human Intervantion,0.6282216732263565,believer,male,,not aggressive
2018-09-25 08:30:54+00:00,1044504506438832128,77.23149000000002,28.651950000000003,Undefined / One Word Hashtags,0.619778439532386,believer,female,1.4879978,not aggressive
2014-04-27 22:55:09+00:00,460552759465762816,-72.3959849,5.3428474999999995,Weather Extremes,-0.6183069021940232,believer,male,0.44852173,not aggressive
2018-12-20 15:21:45+00:00,1075773254822838272,-79.4163,43.70011,Importance of Human Intervantion,-0.5696315467834473,believer,male,8.552754,aggressive
2017-10-16 17:30:50+00:00,919978956920569856,,,Undefined / One Word Hashtags,0.7600455153942107,believer,female,,aggressive
2019-04-18 08:49:06+00:00,1118798597032685568,,,Global stance,-0.4739851032018662,believer,female,,aggressive
2016-10-30 02:31:43+00:00,792554545549369344,,,Global stance,-0.3882652589559555,denier,male,,aggressive
2018-02-03 02:06:44+00:00,959609065096859653,-89.4337288,40.0796606,Weather Extremes,0.79528113052845,believer,male,-2.322101,not aggressive
2016-05-02 16:55:16+00:00,727179662422609920,-6.329249099999998,54.460823999999995,Global stance,-0.0427575677633285,neutral,male,0.21854469,not aggressive
2016-11-04 13:21:10+00:00,794529923561984000,,,Importance of Human Intervantion,0.5506436375141144,neutral,male,,not aggressive
2009-07-02 21:50:39+00:00,2443893790,,,Undefined / One Word Hashtags,0.4829071164131165,neutral,male,,not aggressive
2019-05-09 03:21:57+00:00,1126326410782572544,-73.96625,40.78343,Significance of Pollution Awareness Events,-0.4679688215255737,neutral,male,0.76935184,not aggressive
2018-09-05 14:39:28+00:00,1037349498819735553,,,Global stance,-0.6654708868265152,believer,female,,aggressive
2017-09-13 08:32:09+00:00,907884592216014848,,,Donald Trump versus Science,-0.1143856321334838,believer,female,,not aggressive
2014-11-19 02:29:09+00:00,534896128417079296,,,Seriousness of Gas Emissions,0.0420530205965042,neutral,male,,aggressive
2018-12-29 12:46:30+00:00,1078995675638042625,,,Undefined / One Word Hashtags,0.6666521628936132,neutral,male,,not aggressive
2018-12-16 14:41:36+00:00,1074313600255320064,-0.7257100000000001,52.39836,Importance of Human Intervantion,-0.0301731291294097,neutral,female,4.336858,aggressive
2017-12-18 16:38:01+00:00,942796103241601025,,,Undefined / One Word Hashtags,0.6608253320296605,neutral,male,,not aggressive
2010-03-04 15:21:22+00:00,9977535421,,,Ideological Positions on Global Warming,-0.3244045078754425,neutral,female,,not aggressive
2011-01-29 01:37:55+00:00,31164101996584960,,,Weather Extremes,-0.1046866852283477,denier,male,,aggressive
2018-02-21 22:49:03+00:00,966444685278420992,-111.50098,34.5003,Global stance,-0.4743612397670745,believer,male,-6.728921400000001,not aggressive
2018-12-26 07:39:14+00:00,1077831184241979393,,,Seriousness of Gas Emissions,-0.341936856508255,believer,male,,not aggressive
2017-04-17 19:19:26+00:00,854051697244741632,,,Global stance,0.0130943655967712,believer,male,,not aggressive
2009-09-04 16:55:23+00:00,3760538583,-116.78467,34.687430000000006,Importance of Human Intervantion,0.2377375652074814,believer,male,3.3072083,aggressive
2018-10-17 19:44:07+00:00,1052646458254643200,-92.50046,38.250310000000006,Politics,0.1167724135398864,believer,male,4.839754599999999,aggressive
2017-11-30 15:43:58+00:00,936259519478468609,,,Global stance,-0.0266469229221344,believer,male,,not aggressive
2018-05-22 00:51:39+00:00,998728058470187009,-123.11934,49.249660000000006,Importance of Human Intervantion,-0.0279302758455276,neutral,male,4.0425997,not aggressive
2017-01-24 14:42:21+00:00,823903773923872768,,,Undefined / One Word Hashtags,0.4747008830308914,believer,female,,not aggressive
2018-09-02 19:05:04+00:00,1036329177081946112,-77.15275729999998,39.084005399999995,Importance of Human Intervantion,0.3495298290729522,neutral,male,3.6181686,aggressive
2018-02-21 18:03:43+00:00,966372879435812866,,,Weather Extremes,-0.5903307149887085,believer,male,,aggressive
2015-02-15 19:55:35+00:00,567049605557141504,151.20731999999995,-33.867850000000004,Donald Trump versus Science,0.0049344539642333,believer,male,1.1823958,not aggressive
2018-01-23 11:16:47+00:00,955761223521447936,-89.4337288,40.0796606,Global stance,-0.4099211359307879,believer,male,9.586068,not aggressive
2017-12-29 17:06:34+00:00,946789550654939137,,,Weather Extremes,-0.5765127791802088,believer,male,,not aggressive
2019-04-21 15:27:17+00:00,1119985967581020160,,,Weather Extremes,-0.6087834883213044,believer,female,,not aggressive
2018-05-03 07:12:04+00:00,991938426931834880,145.0,-37.0,Global stance,0.4644409565925598,believer,male,3.1266582,not aggressive
2016-03-10 21:21:36+00:00,708040129399681024,,,Importance of Human Intervantion,0.0608954867124557,believer,female,,aggressive
2015-07-27 14:12:53+00:00,625670192887009280,,,Global stance,0.0674709250211716,believer,male,,aggressive
2015-05-30 10:22:28+00:00,604593714397249536,,,Global stance,-0.7329645937840144,believer,male,,aggressive
2014-10-24 10:00:54+00:00,525587728206155776,,,Seriousness of Gas Emissions,0.0603906477928161,neutral,male,,not aggressive
2011-11-08 19:17:49+00:00,133986599569592320,,,Weather Extremes,-0.3033128400564193,neutral,male,,aggressive
2014-11-03 04:49:40+00:00,529133283196420096,,,Donald Trump versus Science,-0.193663917350769,believer,male,,not aggressive
2013-07-09 13:41:55+00:00,354596277448744960,,,Weather Extremes,-0.5580853780508042,believer,male,,aggressive
2017-11-04 02:01:06+00:00,926630353644728320,-76.74996999999998,39.00039,Seriousness of Gas Emissions,-0.2082936813354492,neutral,female,2.5600867000000003,not aggressive
2017-12-14 18:12:54+00:00,941370429997973504,,,Undefined / One Word Hashtags,0.6498795946677526,neutral,female,,aggressive
2017-11-15 16:05:13+00:00,930829048489693185,-73.37509176653639,5.76420625,Importance of Human Intervantion,-0.2809723232030868,believer,male,-0.5759637,not aggressive
2015-09-02 06:17:36+00:00,638958938818486272,,,Global stance,0.0235609799623488,believer,male,,not aggressive
2018-09-12 03:48:58+00:00,1039722512626733057,-80.0852695,42.12947120000001,Global stance,0.5581844912767411,believer,male,7.836105,not aggressive
2018-05-17 21:02:00+00:00,997220716658544640,,,Weather Extremes,0.1629581381162007,believer,male,,not aggressive
2018-10-05 21:27:07+00:00,1048323723751841792,-77.72788309999999,40.9699889,Global stance,-0.6351998234351476,believer,male,4.9893813,not aggressive
2017-10-06 22:51:56+00:00,916435887780642816,,,Politics,0.5981328603744508,believer,female,,not aggressive
2014-05-15 11:20:14+00:00,466900860187185152,,,Impact of Resource Overconsumption,0.3991561020851135,neutral,male,,not aggressive
2019-04-30 12:31:02+00:00,1123203101572386817,,,Importance of Human Intervantion,0.674299663901329,believer,male,,not aggressive
2019-05-08 03:31:11+00:00,1125966348356423680,,,Global stance,-0.0881525529232892,neutral,undefined,,not aggressive
2015-11-02 20:18:12+00:00,661276142016442368,,,Politics,0.6386982885360718,believer,male,,not aggressive
2018-10-09 19:11:44+00:00,1049739206078226437,,,Global stance,-0.0434711748925122,believer,male,,aggressive
2015-09-02 20:29:16+00:00,639173264653316096,,,Global stance,0.3962235240856806,believer,male,,not aggressive
2018-04-05 07:38:23+00:00,981798188796477440,,,Donald Trump versus Science,-0.3357713950872421,denier,male,,not aggressive
2018-01-01 01:11:20+00:00,947636324084932610,,,Politics,0.4044470489025116,believer,male,,aggressive
2015-06-04 15:32:50+00:00,606483756707250176,,,Seriousness of Gas Emissions,0.3177045353651047,believer,female,,not aggressive
2017-09-17 08:49:47+00:00,909338583038906368,,,Donald Trump versus Science,0.3601017560005188,neutral,undefined,,aggressive
2017-11-03 16:26:28+00:00,926485739096985600,,,Politics,-0.3695283234119415,believer,male,,not aggressive
2018-11-30 18:30:44+00:00,1068573056417837057,,,Global stance,-0.5936844896403226,believer,male,,not aggressive
2019-07-08 23:29:35+00:00,1148373595866877952,,,Donald Trump versus Science,-0.1779003224531809,believer,male,,not aggressive
2016-01-17 15:28:17+00:00,688744658902581248,,,Weather Extremes,0.019929687722524,neutral,female,,not aggressive
2018-02-15 16:19:14+00:00,964172258758615040,,,Impact of Resource Overconsumption,0.6215116118907928,neutral,male,,aggressive
2015-12-13 04:20:46+00:00,675893098585526272,,,Weather Extremes,0.1480318007230758,neutral,male,,aggressive
2018-03-05 16:11:26+00:00,970693276075548672,,,Undefined / One Word Hashtags,0.4894969165325165,believer,male,,not aggressive
2011-07-23 00:41:22+00:00,94567747022893056,,,Weather Extremes,0.3983038908243179,neutral,male,,not aggressive
2017-11-12 21:53:03+00:00,929829420499644416,-122.6741949,45.5202471,Global stance,0.0566832363605499,believer,female,2.5947552000000003,not aggressive
2009-09-27 02:48:42+00:00,4408321564,-89.29033919999999,31.3271189,Donald Trump versus Science,-0.4004935656547546,denier,female,2.5937243,not aggressive
2015-12-12 18:07:40+00:00,675738803525566464,-76.2466798,36.718370799999995,Weather Extremes,0.3586711595058441,believer,male,9.012015,not aggressive
2019-05-18 21:10:08+00:00,1129856719423791107,,,Ideological Positions on Global Warming,-0.6820429593086242,denier,female,,aggressive
2018-08-26 03:52:03+00:00,1033562695579197441,,,Global stance,-0.6180844383478165,believer,male,,not aggressive
2018-06-16 02:37:41+00:00,1007814441319231490,-83.04664029999998,42.3315509,Global stance,-0.6373004677772522,denier,male,8.259166,not aggressive
2013-03-20 23:08:48+00:00,314513884444762112,,,Seriousness of Gas Emissions,-0.3946060313781103,denier,male,,not aggressive
2014-02-11 19:24:13+00:00,433320585922232320,,,Weather Extremes,-0.658869217324257,neutral,male,,not aggressive
2017-09-29 00:58:25+00:00,913568615387058176,,,Donald Trump versus Science,0.4132859580278396,neutral,female,,not aggressive
2013-05-11 23:28:29+00:00,333363007780438016,,,Weather Extremes,0.0255867208480835,denier,female,,not aggressive
2017-08-19 18:31:18+00:00,898975680238682112,,,Ideological Positions on Global Warming,-0.1448839655160903,denier,female,,not aggressive
2016-08-23 18:48:03+00:00,768157875336347648,-2.23333,53.45,Weather Extremes,0.1765776303291321,believer,female,4.10775,not aggressive
2017-12-29 00:40:58+00:00,946541520177336321,-121.9999606,37.8215929,Weather Extremes,-0.6147843304872512,believer,male,3.46156,aggressive
2014-10-27 22:30:05+00:00,526863432331833344,,,Ideological Positions on Global Warming,0.1490032727479934,denier,male,,aggressive
2015-06-30 09:47:03+00:00,615818824617730048,,,Undefined / One Word Hashtags,0.0783714652061462,believer,male,,aggressive
2018-05-31 08:18:05+00:00,1002101899003383808,-1.61125,53.13543000000001,Undefined / One Word Hashtags,0.5305758565664291,believer,female,4.9769745,not aggressive
2016-09-23 12:59:44+00:00,779304242762752000,-95.36327,29.76328,Weather Extremes,-0.7115713334639867,believer,male,2.8013682,not aggressive
2019-05-14 15:21:00+00:00,1128319308327788545,,,Importance of Human Intervantion,0.5518636018037797,believer,female,,not aggressive
2019-04-18 20:21:31+00:00,1118972851284058113,,,Importance of Human Intervantion,-0.6901771552324295,neutral,male,,aggressive
2017-10-27 05:02:22+00:00,923776865332023296,,,Undefined / One Word Hashtags,0.33290696144104,believer,undefined,,not aggressive
2018-12-29 01:47:29+00:00,1078829828831272961,,,Donald Trump versus Science,-0.6612167228460312,denier,male,,not aggressive
2019-05-19 07:09:55+00:00,1130007659292364801,,,Politics,-0.4209710159472056,believer,female,,aggressive
2019-04-28 20:39:26+00:00,1122601238124748800,,,Global stance,0.420925110578537,believer,male,,not aggressive
2018-03-22 16:11:38+00:00,976853919023419393,-82.5001,28.75054,Politics,-0.5932711435794831,believer,female,-5.0285296,not aggressive
2018-11-29 03:11:01+00:00,1067979213905502208,7.9335,5.051270000000001,Donald Trump versus Science,-0.4137811332464218,believer,female,0.66237783,aggressive
2010-07-15 23:15:54+00:00,18638813236,,,Weather Extremes,-0.2853223085403442,believer,male,,not aggressive
2017-11-27 11:39:03+00:00,935110719929966593,,,Undefined / One Word Hashtags,0.7156824005126953,believer,male,,not aggressive
2019-05-10 10:38:12+00:00,1126798584781783041,,,Importance of Human Intervantion,-0.4850314761161804,believer,male,,aggressive
2015-05-02 13:04:16+00:00,594487569552941056,-77.03636999999998,38.89511,Ideological Positions on Global Warming,-0.032399758696556,believer,female,-1.6805589,aggressive
2017-12-12 15:45:00+00:00,940608433778241536,,,Importance of Human Intervantion,0.4952615201473236,believer,male,,not aggressive
2017-10-31 15:24:49+00:00,925383061935706112,,,Undefined / One Word Hashtags,0.2980399200439453,believer,male,,aggressive
2018-12-11 07:07:50+00:00,1072387464503922689,,,Politics,-0.5737036625862122,believer,male,,not aggressive
2018-12-26 21:33:59+00:00,1078041259455836160,,,Ideological Positions on Global Warming,-0.3584962040185928,believer,male,,aggressive
2018-07-06 11:04:07+00:00,1015189644479225857,-2.7958678599236624,52.65233935,Donald Trump versus Science,-0.6800204198190144,neutral,male,5.2493050000000006,aggressive
2018-11-28 17:21:36+00:00,1067830883653177344,,,Undefined / One Word Hashtags,0.7665642970005672,believer,female,,not aggressive
2018-10-13 00:15:40+00:00,1050902855417307137,,,Global stance,0.4746193639278412,believer,male,,not aggressive
2014-02-11 14:02:24+00:00,433239598714875904,-79.8929486,43.2587686,Seriousness of Gas Emissions,0.050104525232315,neutral,male,-8.406364,not aggressive
2019-04-22 19:36:01+00:00,1120410949322727426,,,Importance of Human Intervantion,-0.0407121445655822,believer,male,,not aggressive
2018-01-07 21:13:45+00:00,950113249441202176,,,Importance of Human Intervantion,-0.54906018242836,believer,male,,aggressive
2018-05-25 14:50:14+00:00,1000026259169001477,,,Ideological Positions on Global Warming,-0.6592693691968918,believer,female,,aggressive
2016-05-05 08:06:47+00:00,728133828779200512,-1.4659,53.38296999999999,Importance of Human Intervantion,-0.0239939677238464,neutral,female,2.3944497000000005,aggressive
2010-04-24 16:04:16+00:00,12770170447,,,Ideological Positions on Global Warming,0.1055339540481567,neutral,female,,not aggressive
2018-12-09 16:27:06+00:00,1071803435799011328,-87.21691000000001,30.42131,Global stance,0.8096941697597504,believer,male,2.077672,not aggressive
2018-04-13 15:50:27+00:00,984821121143881733,-104.82136,38.83388,Undefined / One Word Hashtags,-0.5666886259078979,believer,male,0.20696431,aggressive
2012-06-20 06:56:50+00:00,215337395648860160,4.8936041,52.3727598,Global stance,0.2102101567824681,denier,male,0.28689957,not aggressive
2018-12-11 01:42:48+00:00,1072305668458233856,-84.55553,42.73253,Importance of Human Intervantion,0.0766319245100021,believer,male,7.944137,not aggressive
2018-09-12 08:28:30+00:00,1039792858910224384,,,Importance of Human Intervantion,0.4518997125625611,believer,female,,aggressive
2018-12-23 16:31:32+00:00,1076877980880777216,,,Weather Extremes,0.3883058130741119,neutral,female,,aggressive
2018-09-16 15:02:19+00:00,1041341518517350407,,,Impact of Resource Overconsumption,-0.3595309575080871,believer,male,,not aggressive
2019-05-19 00:50:20+00:00,1129912134509502464,,,Importance of Human Intervantion,-0.26465388879776,believer,female,,not aggressive
2017-12-12 17:29:29+00:00,940634727626756096,-9.1365919,38.70775070000001,Importance of Human Intervantion,0.6805101223945618,believer,female,-1.6088809,not aggressive
2018-10-14 08:44:22+00:00,1051393264081936384,,,Global stance,0.4732836991548538,believer,male,,not aggressive
2019-01-05 20:27:30+00:00,1081648403170226176,153.02349909999995,-27.4689682,Weather Extremes,-0.348801124548912,neutral,male,-2.4097216,not aggressive
2008-12-11 21:28:13+00:00,1052084721,153.5376,-28.5093,Global stance,0.8535765868186951,neutral,male,1.2932764,not aggressive
2009-03-19 14:55:39+00:00,1354694110,,,Global stance,-0.0743948966264724,believer,male,,not aggressive
2015-08-06 14:36:08+00:00,629299923431899136,,,Global stance,0.5928840802669525,believer,male,,not aggressive
2019-04-29 00:59:44+00:00,1122666741874733056,-79.26635999999998,43.75919,Importance of Human Intervantion,-0.5298338275909424,believer,male,8.552754,aggressive
2016-01-22 00:36:20+00:00,690332132858732544,-121.4938951,38.5810606,Donald Trump versus Science,0.5479675114154815,believer,male,3.5425239,not aggressive
2018-04-27 17:35:44+00:00,989921050459811840,,,Politics,0.0242170718431472,believer,male,,aggressive
2018-01-11 12:59:15+00:00,951438356096970752,,,Importance of Human Intervantion,-0.0508106350898742,believer,female,,not aggressive
2014-09-01 19:55:08+00:00,506530717086396416,,,Significance of Pollution Awareness Events,0.4221731549421946,believer,male,,not aggressive
2019-04-25 01:57:01+00:00,1121231606667202560,-77.72788309999999,40.9699889,Importance of Human Intervantion,-0.3168737825870514,believer,female,4.9893813,not aggressive
2019-05-17 14:30:21+00:00,1129393723681513472,12.51133,41.89193,Impact of Resource Overconsumption,0.4749861806631088,neutral,male,3.177592,not aggressive
2018-12-15 18:18:46+00:00,1074005864015691776,,,Importance of Human Intervantion,-0.4303639149665832,believer,male,,not aggressive
2017-11-23 11:32:00+00:00,933659393631145984,,,Undefined / One Word Hashtags,-0.5522213023662568,believer,male,,not aggressive
2018-10-15 12:31:58+00:00,1051812929962676224,-76.610759,39.2908816,Importance of Human Intervantion,-0.4219324886798858,believer,male,2.7447267,not aggressive
2018-07-09 18:14:40+00:00,1016385160386838528,-76.9382069,39.5162234,Global stance,0.5140669814177923,believer,female,2.7447267,not aggressive
2017-11-13 18:59:20+00:00,930148089784086528,31.08583,-29.72528,Weather Extremes,0.369268388737951,neutral,female,3.1683078,not aggressive
2018-05-04 16:57:30+00:00,992448141801672704,-122.0308,36.974120000000006,Politics,-0.1387377079486847,believer,male,0.0,aggressive
2018-04-14 14:24:39+00:00,985161920591343616,5.83896062874823,51.84257485000001,Significance of Pollution Awareness Events,-0.4099745755381054,believer,male,2.8035038,not aggressive
2010-06-11 13:29:59+00:00,15927941362,,,Significance of Pollution Awareness Events,0.2206760516325633,believer,male,,not aggressive
2015-01-30 22:29:15+00:00,561290069034536960,,,Politics,-0.2926846079197797,believer,male,,aggressive
2016-02-04 04:21:40+00:00,695099879283003392,150.29623,-34.656580000000005,Global stance,-0.1397321810722351,believer,female,-1.1895481,aggressive
2011-11-28 20:12:07+00:00,141248024004403200,,,Undefined / One Word Hashtags,0.3906587213277817,believer,male,,aggressive
2018-09-12 12:57:20+00:00,1039860510580125697,-118.755997,36.7014631,Importance of Human Intervantion,0.4518997125625611,believer,female,-1.8408424,aggressive
2018-09-06 17:31:10+00:00,1037755097390899201,,,Global stance,-0.228807925081253,believer,male,,not aggressive
2016-02-21 22:23:59+00:00,701532848558317568,,,Importance of Human Intervantion,0.831103077173233,believer,female,,not aggressive
2015-06-23 21:55:37+00:00,613465458830888960,-70.927048,43.13456400000001,Global stance,0.4124783128499985,believer,female,0.6206702,not aggressive
2014-11-09 10:00:54+00:00,531385937654460416,-1.6131571999999998,54.97384739999999,Impact of Resource Overconsumption,0.5212766609191894,neutral,male,0.24622022,not aggressive
2017-06-02 00:49:21+00:00,870442174441299968,,,Global stance,0.2609190612395604,believer,male,,aggressive
2018-03-05 16:10:11+00:00,970692963520122880,,,Global stance,-0.0733539576768875,believer,male,,not aggressive
2015-12-22 19:02:43+00:00,679376538404577280,-77.03636999999998,38.89511,Importance of Human Intervantion,0.5312887427568436,believer,female,8.6874485,aggressive
2018-02-07 13:35:33+00:00,961231964370907139,-74.0060152,40.7127281,Ideological Positions on Global Warming,0.4044115844249725,believer,male,0.5401104,not aggressive
2015-05-02 19:43:41+00:00,594588087461621760,144.96331999999995,-37.814,Global stance,-0.2445568437814712,believer,female,2.9669902,not aggressive
2017-06-06 06:33:29+00:00,871978333088604160,-118.24368,34.05223,Undefined / One Word Hashtags,0.3569180071353912,believer,male,1.6104518,not aggressive
2017-06-06 19:18:20+00:00,872170814485016576,,,Global stance,-0.2728816988793286,neutral,male,,not aggressive
2019-04-21 17:58:19+00:00,1120023976007426054,-2.5972985,51.45380220000001,Donald Trump versus Science,0.5349081732273101,believer,male,4.718789,aggressive
2018-09-01 00:04:42+00:00,1035679806623375361,,,Global stance,-0.1515959650278092,believer,male,,not aggressive
2018-12-19 22:43:10+00:00,1075521952025100293,,,Undefined / One Word Hashtags,0.0046499338150024,believer,male,,not aggressive
2018-05-09 19:10:43+00:00,994293606822350849,,,Undefined / One Word Hashtags,0.382078753042221,believer,male,,not aggressive
2018-12-15 20:18:14+00:00,1074035926064480256,-111.50098,34.5003,Donald Trump versus Science,-0.6358657590389252,believer,female,0.7367312,not aggressive
2017-12-31 01:47:20+00:00,947282994435362817,23.78712,61.49911,Undefined / One Word Hashtags,-0.106949445605278,believer,female,5.807239,not aggressive
2019-09-30 18:09:31+00:00,1178733629175939072,,,Global stance,-0.6859047358751297,believer,female,,not aggressive
2016-05-17 10:31:17+00:00,732518847471849472,,,Global stance,0.5263253631035487,believer,male,,not aggressive
2019-04-19 11:19:50+00:00,1119198920243122176,,,Importance of Human Intervantion,0.7324849728902181,believer,male,,not aggressive
2017-11-14 04:33:47+00:00,930292656093188102,,,Seriousness of Gas Emissions,-0.3100086013555526,believer,male,,not aggressive
2019-01-07 00:41:20+00:00,1082074673137864704,,,Importance of Human Intervantion,-0.4584873467683792,believer,male,,aggressive
2017-09-26 18:29:35+00:00,912745983016026112,,,Impact of Resource Overconsumption,-0.6624635071516036,believer,male,,aggressive
2018-12-02 17:48:34+00:00,1069287220346044416,-71.05977,42.358430000000006,Donald Trump versus Science,-0.5713506023428657,believer,female,2.2066703,aggressive
2017-12-12 21:14:27+00:00,940691341956255744,,,Importance of Human Intervantion,-0.3070504506111145,neutral,male,,not aggressive
2019-04-19 11:17:17+00:00,1119198275071086592,,,Importance of Human Intervantion,-0.0068718045949935,believer,male,,not aggressive
2018-02-12 01:24:47+00:00,962859997901172736,-122.5697,38.107420000000005,Global stance,-0.4943605488965005,believer,male,-1.1654639999999998,aggressive
2017-11-16 02:57:52+00:00,930993290446622720,,,Politics,-0.0420954128106435,believer,male,,aggressive
2019-05-13 14:03:06+00:00,1127937314364243968,,,Global stance,0.7057409047047297,believer,male,,not aggressive
2017-12-30 14:11:54+00:00,947107984760598532,,,Politics,0.2945123936653137,believer,male,,not aggressive
2016-10-26 18:14:25+00:00,791342231584202752,,,Undefined / One Word Hashtags,0.4045615941286087,believer,male,,aggressive
2017-10-09 20:40:52+00:00,917490067945545728,-77.72788309999999,40.9699889,Donald Trump versus Science,-0.0386263380527496,believer,male,9.846316,not aggressive
2013-08-12 21:31:16+00:00,367035579621314560,-87.8122348,42.0289319,Weather Extremes,0.0420810709476471,neutral,female,-0.9490039,aggressive
2018-04-25 00:13:32+00:00,988933994245971971,,,Global stance,-0.5606198649168015,believer,female,,not aggressive
2019-04-24 22:28:11+00:00,1121179052969164801,,,Global stance,0.9735603917837145,believer,male,,not aggressive
2018-03-07 06:22:17+00:00,971269789753708544,28.043630000000004,-26.20227,Impact of Resource Overconsumption,0.4456612027883529,believer,female,1.1613785,not aggressive
2009-07-13 15:57:22+00:00,2615919493,-77.0365427,38.89503679999999,Importance of Human Intervantion,0.4976815581321716,neutral,male,-1.0376879,not aggressive
2009-12-19 04:24:35+00:00,6819713777,-1.82549,52.68154000000001,Weather Extremes,-0.4618027635812759,denier,male,-6.4161134,aggressive
2018-12-11 18:53:10+00:00,1072564968988532742,,,Global stance,-0.7377105931520462,denier,male,,aggressive
2014-02-03 20:20:27+00:00,430435635699400704,,,Donald Trump versus Science,0.3696177786827087,believer,male,,not aggressive
2019-04-25 04:54:06+00:00,1121276174473289729,-77.0365427,38.89503679999999,Global stance,0.0628829736471176,denier,male,3.8671534,not aggressive
2011-01-23 04:35:38+00:00,29034498691694592,,,Weather Extremes,0.0495834465265274,neutral,female,,not aggressive
2017-12-18 18:19:04+00:00,942821533206036481,,,Global stance,-0.5066225596427917,believer,undefined,,not aggressive
2017-12-29 17:05:35+00:00,946789304508051456,,,Global stance,0.2145205199718475,believer,female,,aggressive
2018-04-18 10:47:56+00:00,986556933464207360,90.4126466,23.810651,Politics,0.6412482276121776,believer,male,-1.3212489,aggressive
2018-12-30 11:43:35+00:00,1079342229372710913,,,Importance of Human Intervantion,0.5831464946269989,believer,male,,not aggressive
2018-05-18 17:02:53+00:00,997522925728288769,18.42322,-33.92584,Significance of Pollution Awareness Events,-0.064489070034027,believer,male,3.9748838,not aggressive
2011-11-29 22:02:30+00:00,141638190271438848,,,Weather Extremes,0.6182304693460464,neutral,male,,not aggressive
2010-04-27 13:19:34+00:00,12944660152,-84.39026439999999,33.7489924,Ideological Positions on Global Warming,-0.6254142601251602,denier,female,-2.9133651,aggressive
2017-10-31 07:14:54+00:00,925259769262297088,-0.3295028,51.063027299999995,Undefined / One Word Hashtags,0.4942431300878525,neutral,male,0.090324394,not aggressive
2015-08-30 09:59:07+00:00,637927517999882240,,,Global stance,-0.0906875282526016,believer,male,,not aggressive
2015-12-24 14:04:33+00:00,680026275918917632,-118.242766,34.0536909,Significance of Pollution Awareness Events,0.2785546779632568,believer,male,-1.6873842,not aggressive
2018-10-09 20:59:35+00:00,1049766345573691394,-112.85156200000002,49.694285,Global stance,-0.4858429282903671,believer,male,-1.2387785,not aggressive
2016-02-21 02:28:22+00:00,701231961591980032,,,Importance of Human Intervantion,-0.430648535490036,believer,male,,not aggressive
2019-05-13 00:26:26+00:00,1127731795049377792,,,Donald Trump versus Science,-0.4966901202338082,denier,male,,aggressive
2013-06-20 05:16:36+00:00,347583740639326208,,,Donald Trump versus Science,0.3691426024357477,neutral,male,,aggressive
2011-09-08 13:30:04+00:00,111793424696487936,,,Weather Extremes,0.5539990405003229,believer,male,,not aggressive
2019-05-11 13:58:12+00:00,1127211304475930624,,,Significance of Pollution Awareness Events,0.0352004599173863,believer,female,,not aggressive
2017-10-14 15:00:42+00:00,919216399167275008,,,Global stance,0.0744877198891206,believer,female,,not aggressive
2017-12-03 21:50:15+00:00,937438859826270208,,,Undefined / One Word Hashtags,0.5257849009513855,believer,male,,not aggressive
2015-09-07 09:17:38+00:00,640816184867340288,,,Importance of Human Intervantion,-0.1770154792717525,neutral,male,,aggressive
2016-07-15 20:07:31+00:00,754044747124137984,-114.08529,51.05011,Importance of Human Intervantion,0.2098800870656967,believer,undefined,-1.8161325,aggressive
2019-01-04 23:37:54+00:00,1081333931004387328,-73.7907554,41.1763139,Importance of Human Intervantion,0.2354200869666205,believer,female,1.6331238,not aggressive
2016-09-05 15:45:20+00:00,772822932724809728,,,Importance of Human Intervantion,0.7309816519975663,believer,female,,not aggressive
2018-12-31 14:35:08+00:00,1079747791445000192,,,Donald Trump versus Science,-0.2828193560872759,neutral,male,,aggressive
2017-11-09 04:22:01+00:00,928477752818327552,,,Global stance,-0.0770569503307342,believer,male,,not aggressive
2019-04-23 20:33:56+00:00,1120787912147124224,,,Global stance,0.3402082622051239,believer,male,,not aggressive
2011-09-20 12:11:44+00:00,116122366035243008,,,Weather Extremes,-0.5172495094060898,believer,male,,not aggressive
2016-05-04 14:00:28+00:00,727860447173595136,,,Undefined / One Word Hashtags,0.0559380799531936,believer,male,,not aggressive
2017-11-13 17:00:12+00:00,930118108060073984,,,Donald Trump versus Science,-0.6820429900010426,denier,male,,aggressive
2018-08-21 03:52:18+00:00,1031750818469490689,,,Importance of Human Intervantion,-0.1508457055091858,believer,female,,not aggressive
2013-12-08 18:03:46+00:00,409745128543518720,,,Seriousness of Gas Emissions,-0.0704216539859771,believer,male,,not aggressive
2009-12-24 00:01:20+00:00,6981227713,,,Importance of Human Intervantion,0.2200611521482467,neutral,male,,not aggressive
2018-09-14 15:22:57+00:00,1040621934525014016,-85.50033,44.25029000000001,Importance of Human Intervantion,0.7770622706413268,believer,female,7.555931599999999,not aggressive
2010-04-13 23:05:07+00:00,12129496645,,,Seriousness of Gas Emissions,-0.3882437186559041,believer,male,,not aggressive
2015-04-16 15:40:03+00:00,588728569704161280,,,Politics,-0.3995934575796127,believer,male,,aggressive
2018-08-22 19:33:58+00:00,1032350183361794048,,,Global stance,-0.3668819249153137,believer,female,,aggressive
2009-11-26 11:48:04+00:00,6079306553,-77.5222912,43.9947094,Weather Extremes,-0.5186998764673869,neutral,female,6.3892193,aggressive
2017-10-26 21:42:02+00:00,923666053955125248,,,Global stance,0.6642814917802811,believer,male,,not aggressive
2017-06-02 10:55:23+00:00,870594689858187264,-73.58781,45.508840000000006,Weather Extremes,-0.5280166719913482,neutral,male,-4.3825946,aggressive
2018-01-21 21:10:03+00:00,955185748105465856,,,Global stance,0.4523177593946457,believer,male,,not aggressive
2015-12-08 11:40:59+00:00,674191941484023808,-0.7071963743362869,52.0240178,Undefined / One Word Hashtags,-0.3570697903633117,believer,male,5.0339046,aggressive
2016-09-20 10:11:54+00:00,778174839660118016,,,Importance of Human Intervantion,0.6637067506551743,believer,male,,not aggressive
2009-10-29 22:58:21+00:00,5271827682,,,Importance of Human Intervantion,0.634526354265213,neutral,female,,aggressive
2018-03-16 05:58:53+00:00,974525390701060097,,,Undefined / One Word Hashtags,0.2140959561559889,believer,male,,not aggressive
2015-09-03 12:30:26+00:00,639415150752219136,,,Global stance,-0.5415800243377685,believer,male,,not aggressive
2015-12-12 00:12:06+00:00,675468131389841408,,,Donald Trump versus Science,-0.5476562818288804,believer,male,,aggressive
2018-05-15 07:15:01+00:00,996287822758842368,,,Donald Trump versus Science,0.3545803564310074,believer,male,,aggressive
2018-02-06 20:22:56+00:00,960972095692959745,,,Undefined / One Word Hashtags,0.4568218141794204,believer,male,,not aggressive
2009-06-27 17:02:12+00:00,2360913010,,,Politics,0.0165346709012984,believer,male,,aggressive
2017-10-16 04:30:03+00:00,919782465585033216,-73.94958000000003,40.6501,Ideological Positions on Global Warming,-0.3935605023860931,believer,female,3.173923,not aggressive
2019-05-16 08:29:00+00:00,1128940398645112832,,,Global stance,0.4267565843076417,believer,male,,not aggressive
2012-02-20 20:39:10+00:00,171695412577714176,-87.6244212,41.87556160000001,Weather Extremes,0.6624573140382767,denier,male,0.8251793,not aggressive
2018-12-18 20:40:17+00:00,1075128642236239874,,,Politics,-0.5746464496850967,believer,male,,aggressive
2018-09-14 12:49:39+00:00,1040583356331819008,,,Global stance,-0.5347542679309845,denier,male,,not aggressive
2019-05-09 12:17:48+00:00,1126461265377931264,,,Global stance,0.1814467468627087,believer,female,,not aggressive
2018-06-04 04:53:44+00:00,1003500026037985280,-76.28522000000001,36.846810000000005,Seriousness of Gas Emissions,0.4834939107735952,neutral,male,4.0572968000000005,not aggressive
2017-02-15 08:27:38+00:00,831782007189471232,,,Undefined / One Word Hashtags,0.1056012958288192,neutral,male,,not aggressive
2018-06-05 17:05:29+00:00,1004046561565925376,,,Politics,0.2412705367671119,believer,female,,aggressive
2018-05-01 15:54:41+00:00,991345170665951234,,,Importance of Human Intervantion,0.0382786656856536,neutral,female,,not aggressive
2017-06-20 23:44:28+00:00,877311217706172416,,,Weather Extremes,0.4312160725831985,neutral,male,,not aggressive
2018-01-23 17:54:36+00:00,955861336235413504,-72.03236600000002,42.3788774,Global stance,-0.621671349978447,believer,female,7.6827397,not aggressive
2018-04-19 14:48:26+00:00,986979841441345536,,,Politics,-0.7733868819236756,believer,female,,aggressive
2019-05-14 19:27:47+00:00,1128381412195934210,-77.72788309999999,40.9699889,Weather Extremes,-0.6667408951706356,believer,female,4.9893813,not aggressive
2017-06-12 03:26:16+00:00,874105543463288832,-118.24368,34.05223,Global stance,0.6173322598457337,neutral,male,-5.703981400000001,not aggressive
2012-11-12 15:10:14+00:00,268007804378435584,,,Ideological Positions on Global Warming,0.5701253071546555,neutral,female,,not aggressive
2018-01-17 14:42:24+00:00,953638639371784192,,,Weather Extremes,-0.2530512535413106,neutral,male,,not aggressive
2018-03-23 12:44:20+00:00,977164140123967488,,,Importance of Human Intervantion,-0.2617990817785263,believer,male,,aggressive
2014-08-03 10:52:58+00:00,495885027402457088,,,Seriousness of Gas Emissions,-0.4530178349256515,believer,male,,not aggressive
2016-05-04 17:59:40+00:00,727920643769917440,-99.5120986,31.8160381,Global stance,0.342560891588529,believer,male,-3.943992,aggressive
2018-02-20 23:50:29+00:00,966097759215300608,,,Undefined / One Word Hashtags,0.486590251326561,believer,male,,not aggressive
2018-06-18 08:08:28+00:00,1008622460751810562,,,Importance of Human Intervantion,-0.4841543173399839,believer,male,,not aggressive
2011-11-14 09:07:40+00:00,136007376456265728,,,Ideological Positions on Global Warming,0.462987412071228,neutral,male,,not aggressive
2014-12-13 00:18:38+00:00,543560590937964544,,,Undefined / One Word Hashtags,0.4445748329162597,believer,male,,not aggressive
2018-09-15 12:35:13+00:00,1040942109790920704,,,Politics,-0.1159744700193405,believer,female,,aggressive
2015-05-10 19:28:11+00:00,597483289935392768,,,Global stance,0.2869282652616501,believer,male,,not aggressive
2014-09-19 05:39:25+00:00,512838349975875584,,,Undefined / One Word Hashtags,-0.3765607327222824,denier,female,,aggressive
2017-10-13 08:01:16+00:00,918748459334885376,2.2474100000000004,41.45004,Seriousness of Gas Emissions,0.5159343847415386,believer,male,2.8627915,not aggressive
2018-11-28 01:33:57+00:00,1067592399172468737,,,Importance of Human Intervantion,0.6082174628973007,believer,male,,not aggressive
2018-05-10 02:34:36+00:00,994405311300689920,-97.7436995,30.271128599999997,Impact of Resource Overconsumption,-0.0946059274726443,believer,female,1.1270086,not aggressive
2018-08-31 16:21:15+00:00,1035563174785888256,,,Donald Trump versus Science,-0.253640035867691,believer,male,,aggressive
2018-12-09 00:31:12+00:00,1071562874366189568,23.78712,61.49911,Importance of Human Intervantion,0.5784785025119782,believer,female,2.2181358,not aggressive
2018-03-02 10:21:37+00:00,969518078009708545,,,Undefined / One Word Hashtags,0.4415937034130096,believer,female,,not aggressive
2010-08-20 18:13:11+00:00,21684617843,-76.61219000000001,39.290380000000006,Weather Extremes,-0.0655240748882293,neutral,male,1.9847507,not aggressive
2017-06-12 21:39:51+00:00,874380752472993792,,,Impact of Resource Overconsumption,0.0858751574516296,believer,male,,aggressive
2010-07-19 22:24:09+00:00,18947531642,,,Weather Extremes,-0.6806854072093963,neutral,male,,not aggressive
2018-10-02 22:17:58+00:00,1047249358759120896,,,Importance of Human Intervantion,0.5761486562013626,believer,male,,not aggressive
2014-11-17 02:03:56+00:00,534165007798247424,,,Seriousness of Gas Emissions,-0.4316504585266113,neutral,female,,not aggressive
2010-03-13 19:17:59+00:00,10434673447,,,Global stance,-0.302361783337593,believer,male,,not aggressive
2017-12-29 14:26:02+00:00,946749154042236928,,,Ideological Positions on Global Warming,-0.4991091191768646,believer,male,,not aggressive
2016-10-21 00:29:07+00:00,789262203539038208,-81.53707,41.473940000000006,Importance of Human Intervantion,0.0541684613856402,believer,male,1.685012,not aggressive
2018-05-22 05:36:19+00:00,998799698239655939,,,Weather Extremes,0.4957493211269378,believer,male,,aggressive
2018-07-07 13:25:49+00:00,1015587693164744705,,,Undefined / One Word Hashtags,0.4696372151374817,believer,male,,not aggressive
2018-12-04 17:05:22+00:00,1070001126676684800,,,Global stance,-0.142366949892044,believer,male,,not aggressive
2018-04-13 21:25:36+00:00,984905465782992896,-79.4163,43.70011,Importance of Human Intervantion,0.3644096629381179,believer,male,-0.124467365,not aggressive
2019-05-13 22:44:35+00:00,1128068551183675392,-74.00596999999998,40.714270000000006,Seriousness of Gas Emissions,0.1026566399812698,believer,female,1.4386175,not aggressive
2017-09-26 10:33:30+00:00,912626174735585281,,,Global stance,0.6002793118476868,believer,male,,not aggressive
2010-05-14 12:19:24+00:00,13973217026,,,Undefined / One Word Hashtags,0.0991901671886443,neutral,female,,not aggressive
2017-10-02 13:13:29+00:00,914840763489505280,,,Ideological Positions on Global Warming,-0.3252565580844879,believer,male,,not aggressive
2019-04-23 16:22:28+00:00,1120724630241775616,5.1680600000000005,52.02833,Importance of Human Intervantion,0.7177593754291535,believer,male,6.431962,not aggressive
2019-04-20 20:41:43+00:00,1119702706950529024,,,Ideological Positions on Global Warming,-0.6496813826560974,denier,male,,not aggressive
2018-11-27 22:41:26+00:00,1067548983143346177,,,Donald Trump versus Science,-0.2117578063964843,believer,female,,not aggressive
2018-11-28 13:04:08+00:00,1067766087750696961,,,Politics,-0.0663811713457107,neutral,female,,aggressive
2018-12-04 12:51:06+00:00,1069937135292219393,,,Ideological Positions on Global Warming,-0.1043112128973007,denier,female,,aggressive
2017-11-20 00:27:35+00:00,932405024789024768,,,Importance of Human Intervantion,-0.1348128801107407,believer,female,,aggressive
2018-12-30 13:50:10+00:00,1079374086684491776,-95.36327,29.76328,Politics,0.2435140415668487,believer,male,2.4634256000000003,aggressive
2018-10-23 17:11:21+00:00,1054782341317619714,,,Weather Extremes,0.1161798106193542,believer,male,,not aggressive
2017-11-09 12:40:26+00:00,928603183978393600,88.6122673,27.329046,Global stance,-0.2751827389001846,believer,male,0.4896994000000001,not aggressive
2018-02-26 14:42:32+00:00,968134189697650690,,,Global stance,-0.3735607743263244,believer,female,,not aggressive
2018-05-09 23:26:30+00:00,994357977074356225,,,Seriousness of Gas Emissions,-0.6554193243026734,believer,female,,not aggressive
2010-08-01 19:32:14+00:00,20082928287,-122.6741949,45.5202471,Seriousness of Gas Emissions,-0.4059784368146549,neutral,male,-1.2385792,not aggressive
2018-10-15 14:19:43+00:00,1051840043147513856,-94.8263281,33.895664700000005,Donald Trump versus Science,-0.5845524416923523,denier,male,4.864908,not aggressive
2018-12-30 22:20:32+00:00,1079502521859756032,-87.6930459,42.0447388,Global stance,-0.1151235252618789,believer,male,6.885569,not aggressive
2018-01-11 21:51:25+00:00,951572278604632065,,,Donald Trump versus Science,-0.4553477828741072,believer,male,,not aggressive
2014-06-09 15:16:20+00:00,476019975300583424,,,Weather Extremes,0.6786676632642746,believer,female,,not aggressive
2018-10-09 15:35:17+00:00,1049684732718415872,,,Weather Extremes,-0.4740715552568436,neutral,female,,aggressive
2017-05-22 17:49:19+00:00,866712590646296576,-121.9905908,37.050096,Undefined / One Word Hashtags,0.5798181469360988,believer,male,4.2428956,aggressive
2019-01-05 08:48:42+00:00,1081472544442667008,,,Weather Extremes,0.5278357680082322,neutral,male,,not aggressive
2011-04-06 15:30:38+00:00,55653646901317632,,,Ideological Positions on Global Warming,0.2280344776153564,neutral,female,,not aggressive
2019-05-18 07:26:04+00:00,1129649337682800640,,,Importance of Human Intervantion,0.7592823909521103,believer,male,,not aggressive
2018-01-24 20:59:20+00:00,956270213225426945,,,Seriousness of Gas Emissions,0.0081816516160964,denier,male,,not aggressive
2018-06-10 19:57:30+00:00,1005901789890310146,-77.0094179,38.8898027,Global stance,-0.2595093071460723,believer,male,3.8671534,not aggressive
2019-05-14 01:37:22+00:00,1128112032731938816,,,Weather Extremes,-0.6667408951706356,believer,male,,not aggressive
2017-12-18 20:12:15+00:00,942850015952801792,-95.36327,29.76328,Politics,-0.6519506041049957,denier,male,3.3085449,aggressive
2018-05-30 22:23:32+00:00,1001952273973510144,,,Global stance,-0.6582174383163453,neutral,female,,aggressive
2019-05-07 08:49:43+00:00,1125684121982910464,,,Undefined / One Word Hashtags,0.4902395904064178,believer,male,,not aggressive
2015-06-28 17:49:07+00:00,615215363807178752,,,Politics,0.3616253733634949,neutral,female,,not aggressive
2018-02-28 11:26:23+00:00,968809601763348480,-70.92701000000001,41.63526,Weather Extremes,-0.3910622184038162,neutral,male,5.337154,not aggressive
2011-08-22 22:21:33+00:00,105766585356140544,,,Donald Trump versus Science,-0.0081056837797164,neutral,male,,not aggressive
2018-11-30 13:51:35+00:00,1068502807467171843,,,Weather Extremes,0.7151712049722672,neutral,female,,not aggressive
2018-10-08 18:26:52+00:00,1049365525283966977,,,Global stance,-0.587368760064154,believer,female,,not aggressive
2019-05-13 22:05:35+00:00,1128058737107845121,,,Weather Extremes,-0.6667408951706356,believer,female,,not aggressive
2018-12-03 20:05:01+00:00,1069683947641159680,,,Global stance,-0.4061597967147827,believer,male,,aggressive
2011-09-04 09:12:57+00:00,110279168054403072,,,Impact of Resource Overconsumption,0.4530292119026184,neutral,female,,aggressive
2018-05-17 21:49:45+00:00,997232731057737728,,,Politics,0.0027946098284287,believer,male,,not aggressive
2018-05-01 01:59:58+00:00,991135107846029313,,,Seriousness of Gas Emissions,0.582789783211188,believer,male,,aggressive
2018-09-27 22:30:42+00:00,1045440620892958720,-123.11189000000002,49.27676,Global stance,0.625588211941719,believer,male,-1.2338744,not aggressive
2017-10-16 17:44:04+00:00,919982288703774721,,,Global stance,-0.055787218913165,believer,male,,aggressive
2017-07-27 21:26:05+00:00,890684743267647488,,,Weather Extremes,0.4295746143102646,believer,male,,not aggressive
2018-04-25 20:02:48+00:00,989233283409080320,,,Global stance,0.6018702045202255,believer,male,,not aggressive
2019-05-09 04:20:10+00:00,1126341061851222017,,,Significance of Pollution Awareness Events,-0.4679688215255737,neutral,female,,not aggressive
2018-02-22 16:25:08+00:00,966710457955487744,-80.19366000000001,25.77427,Undefined / One Word Hashtags,-0.4238863885402679,believer,female,3.9895594,not aggressive
2018-03-13 19:17:39+00:00,973639240864038912,,,Global stance,-0.0237067657947539,believer,male,,not aggressive
2018-09-21 04:36:02+00:00,1042995848794107906,,,Global stance,0.5451066463708878,believer,female,,not aggressive
2018-01-08 18:22:49+00:00,950432622236200961,,,Weather Extremes,-0.1327494642814,believer,female,,not aggressive
2017-11-24 11:41:39+00:00,934024210921467904,,,Weather Extremes,0.3355706691741943,believer,male,,aggressive
2018-07-10 13:44:03+00:00,1016679447720849409,,,Politics,0.1395678721189499,believer,male,,not aggressive
2017-06-12 02:49:00+00:00,874096164471054336,115.8604796,-31.95271210000001,Global stance,-0.3760034574508667,neutral,male,2.3453338,not aggressive
2018-11-26 23:45:32+00:00,1067202726143148034,-99.50754,27.50641,Seriousness of Gas Emissions,-0.5865549613714218,believer,male,2.517216,not aggressive
2019-05-15 20:29:50+00:00,1128759412934373377,,,Importance of Human Intervantion,-0.7264617297410965,believer,female,,not aggressive
2017-12-14 09:17:11+00:00,941235612358774784,,,Global stance,0.7776575217962265,believer,male,,not aggressive
2019-05-02 12:45:34+00:00,1123931537551036417,,,Politics,-0.3496808571100235,believer,female,,not aggressive
2019-01-06 15:48:21+00:00,1081940541200363520,-110.92648,32.221740000000004,Undefined / One Word Hashtags,0.6991209638357163,believer,male,1.3614044,not aggressive
2018-02-09 05:29:01+00:00,961834300512468992,,,Global stance,0.4810591638088226,believer,male,,aggressive
2017-10-08 17:13:04+00:00,917075384889495552,,,Weather Extremes,-0.3906055163860321,believer,female,,not aggressive
2010-02-28 05:48:53+00:00,9764830509,,,Ideological Positions on Global Warming,0.3385801762342453,neutral,female,,not aggressive
2019-05-14 14:08:26+00:00,1128301044323295233,,,Weather Extremes,-0.6667408951706356,believer,female,,not aggressive
2017-12-18 20:48:07+00:00,942859040790421504,,,Importance of Human Intervantion,-0.0717545440196991,believer,female,,not aggressive
2012-07-27 12:16:53+00:00,228826290503954432,,,Global stance,-0.3455787002642949,believer,male,,not aggressive
2019-04-22 15:55:29+00:00,1120355449650331648,,,Global stance,0.0057253241539001,neutral,undefined,,not aggressive
2019-05-17 12:15:32+00:00,1129359797609029633,,,Global stance,0.9354578680435816,believer,female,,not aggressive
2019-01-03 20:49:23+00:00,1080929136712007681,,,Importance of Human Intervantion,-0.6818322877645493,believer,female,,aggressive
2018-02-06 02:14:46+00:00,960698249760989184,-1.15047,52.9536,Undefined / One Word Hashtags,0.2954768249988556,believer,male,-3.6073523,not aggressive
2018-08-13 20:45:14+00:00,1029106626064728064,,,Importance of Human Intervantion,0.4659290586373162,neutral,male,,aggressive
2018-10-17 21:18:31+00:00,1052670212598849537,-97.3375448,37.692236099999995,Global stance,0.4474592787504196,believer,female,3.9182506,not aggressive
2017-11-29 11:26:32+00:00,935832343008378880,-106.65113999999998,35.08449,Undefined / One Word Hashtags,0.5195090264081955,neutral,male,3.3628726,not aggressive
2019-05-18 21:09:47+00:00,1129856632916254848,,,Importance of Human Intervantion,-0.26465388879776,believer,male,,not aggressive
2017-09-13 00:30:50+00:00,907763467112865792,-91.18738,30.4459596,Global stance,0.530958033490181,believer,female,-2.7040482000000003,not aggressive
2016-09-16 19:02:35+00:00,776858841648693248,-123.11934,49.249660000000006,Global stance,-0.1280554098367691,believer,male,0.95492554,not aggressive
2016-10-18 07:49:51+00:00,788285952418537472,-0.11645,51.51398,Importance of Human Intervantion,0.4261387575626373,believer,male,-0.034691215,not aggressive
2015-06-23 05:19:27+00:00,613214764127420416,,,Global stance,-0.5669106753349304,believer,male,,not aggressive
2018-04-24 02:57:54+00:00,988612970174394376,,,Donald Trump versus Science,-0.525237668967247,believer,male,,not aggressive
2019-05-16 18:30:30+00:00,1129091772263440384,,,Global stance,0.3357539443254471,believer,male,,not aggressive
2018-07-09 09:32:25+00:00,1016253732617703429,,,Global stance,-0.4839445650577545,believer,male,,aggressive
2015-06-29 08:18:59+00:00,615434272405491712,174.77557000000002,-41.28664000000001,Global stance,-0.081109509897232,believer,male,1.4634428,aggressive
2018-02-04 11:31:44+00:00,960113641063440384,,,Global stance,-0.5615421245098114,believer,male,,aggressive
2019-04-24 21:40:26+00:00,1121167034761515008,,,Global stance,-0.5587151866197586,denier,male,,not aggressive
2019-05-14 16:31:31+00:00,1128337053081645058,,,Ideological Positions on Global Warming,-0.4595002830028534,believer,male,,not aggressive
2010-05-11 15:36:19+00:00,13794505098,,,Global stance,0.4613638967275619,believer,male,,not aggressive
2010-04-21 21:31:21+00:00,12598948479,,,Weather Extremes,-0.3937466591596603,denier,male,,not aggressive
2017-11-16 00:29:22+00:00,930955919055130624,,,Importance of Human Intervantion,-0.5271169410705566,believer,male,,not aggressive
2016-06-02 00:09:08+00:00,738160484789035008,-84.39026439999999,33.7489924,Seriousness of Gas Emissions,-0.5716860061883926,believer,undefined,2.8937943,not aggressive
2016-01-31 00:01:18+00:00,693584803749298176,,,Seriousness of Gas Emissions,-0.4896616849184036,denier,male,,aggressive
2018-08-15 23:00:28+00:00,1029865436391923713,,,Seriousness of Gas Emissions,0.0402214641809463,believer,male,,aggressive
2018-09-15 19:53:10+00:00,1041052323408236550,,,Impact of Resource Overconsumption,-0.3595309575080871,believer,female,,not aggressive
2010-02-23 23:22:03+00:00,9548076898,,,Weather Extremes,-0.4911961067676544,denier,male,,not aggressive
2019-05-06 12:58:12+00:00,1125384267591086080,,,Importance of Human Intervantion,-0.209466359146436,neutral,female,,not aggressive
2017-11-15 08:49:39+00:00,930719431285772288,,,Global stance,0.5173732836723327,believer,female,,not aggressive
2018-10-08 15:34:27+00:00,1049322138254147584,,,Global stance,0.5881898530483246,believer,male,,not aggressive
2018-12-18 12:15:16+00:00,1075001549162721280,-82.10124789999999,39.3289242,Importance of Human Intervantion,0.2240976970911025,believer,female,6.750133,aggressive
2010-08-12 00:27:17+00:00,20929778811,153.02349909999995,-27.4689682,Undefined / One Word Hashtags,0.1862535408735275,neutral,male,-0.9016831,not aggressive
2008-11-24 16:19:01+00:00,1021059589,18.068710000000003,59.32938000000001,Donald Trump versus Science,-0.6245756752490997,believer,male,-3.0476822999999995,aggressive
2010-01-04 22:24:14+00:00,7381103149,-77.03636999999998,38.89511,Global stance,0.2867024968385696,believer,male,-5.6114225,aggressive
2011-07-31 21:56:40+00:00,97787791169171456,,,Weather Extremes,0.5337554514408112,believer,male,,not aggressive
2009-05-07 04:48:27+00:00,1724378353,,,Global stance,0.0275645540714263,neutral,female,,aggressive
2019-04-20 04:47:00+00:00,1119462446027112448,-100.31847,25.67507,Seriousness of Gas Emissions,0.1261240011453628,neutral,female,2.507641,not aggressive
2015-08-03 19:03:22+00:00,628280011175297024,,,Politics,0.0791726261377334,believer,male,,aggressive
2019-04-19 15:06:27+00:00,1119255948739186688,,,Importance of Human Intervantion,0.7902383033196132,neutral,male,,not aggressive
2015-06-26 15:52:45+00:00,614461305274155008,-122.4199061,37.7790262,Politics,0.2077511282920837,believer,female,2.8542092,not aggressive
2016-06-13 10:00:35+00:00,742295592173502464,,,Seriousness of Gas Emissions,0.0730082259893417,neutral,male,,not aggressive
2019-05-09 18:27:19+00:00,1126554254892785664,6.5666699999999985,53.219170000000005,Politics,0.1489213670730591,neutral,male,6.833805,not aggressive
2018-08-29 00:12:28+00:00,1034594599161884673,144.9631608,-37.81421760000001,Global stance,-0.0364583879709244,believer,male,-2.289052,not aggressive
2016-08-24 22:11:48+00:00,768571537435693056,-87.6244212,41.87556160000001,Global stance,-0.0781345278024673,believer,female,1.4982661,not aggressive
2018-04-29 00:27:42+00:00,990387111898615808,,,Politics,0.2768732765913009,neutral,male,,not aggressive
2018-08-24 14:49:29+00:00,1033003365280698369,-111.8867975,40.7596198,Weather Extremes,-0.3948193440834681,believer,male,2.5106063,not aggressive
2017-11-11 17:04:02+00:00,929394297031548928,,,Donald Trump versus Science,0.2211284741878509,believer,male,,not aggressive
2018-07-08 21:19:26+00:00,1016069272609742849,-79.99589,40.44062,Global stance,-0.6319295288085938,neutral,male,6.6138377,not aggressive
2018-03-21 12:57:34+00:00,976442696456921089,,,Importance of Human Intervantion,0.0911669362306594,believer,male,,aggressive
2016-02-29 05:44:40+00:00,704180463099891712,-0.12574,51.50853000000001,Importance of Human Intervantion,0.7170061666250229,believer,male,-1.8511575,not aggressive
2015-07-06 06:51:16+00:00,617948913417351168,,,Politics,-0.502091047167778,neutral,undefined,,aggressive
2009-12-11 11:01:52+00:00,6563436663,,,Global stance,0.4305641094843547,believer,male,,not aggressive
2016-02-22 15:59:54+00:00,701798578776358912,-73.58781,45.508840000000006,Undefined / One Word Hashtags,0.0993663966655731,believer,male,-2.3359222,aggressive
2019-04-23 09:14:34+00:00,1120616944745496576,,,Global stance,0.2428912309885025,believer,male,,not aggressive
2016-10-17 16:10:37+00:00,788049589005848576,,,Undefined / One Word Hashtags,0.3591521670103073,neutral,male,,not aggressive
2018-12-10 06:20:20+00:00,1072013123731636224,-115.002136,55.001251,Importance of Human Intervantion,-0.4141864163398742,denier,male,-2.6544755,aggressive
2018-01-25 23:25:34+00:00,956669404321759232,-119.25183,39.60797,Ideological Positions on Global Warming,-0.6765791142463684,denier,male,-0.44081405,aggressive
2018-05-11 03:50:40+00:00,994786845153222656,,,Seriousness of Gas Emissions,-0.2216320918162664,believer,male,,not aggressive
2018-12-08 07:06:26+00:00,1071299950150066176,-90.24111656024635,38.6529545,Importance of Human Intervantion,0.2721870137691498,believer,female,4.986916000000001,not aggressive
2018-02-15 13:29:17+00:00,964129490799681536,,,Undefined / One Word Hashtags,0.5377348512411118,believer,male,,not aggressive
2018-03-16 18:00:01+00:00,974706868571590656,,,Importance of Human Intervantion,0.525976225733757,believer,male,,not aggressive
2019-01-02 13:59:51+00:00,1080463685418713088,,,Donald Trump versus Science,-0.2989768693447113,neutral,male,,not aggressive
2016-09-26 19:15:33+00:00,780485982541979648,-117.85311000000002,33.78779,Undefined / One Word Hashtags,0.4287803526163101,believer,male,4.4012970000000005,not aggressive
2010-05-13 23:17:55+00:00,13940653468,,,Donald Trump versus Science,-0.0557113578319549,believer,female,,not aggressive
2015-12-14 16:42:31+00:00,676442152453464064,,,Global stance,0.667670818177859,believer,female,,not aggressive
2015-06-09 13:09:43+00:00,608259681069481984,,,Importance of Human Intervantion,-0.319707731405894,believer,female,,aggressive
2018-02-28 05:39:36+00:00,968722332784189440,,,Impact of Resource Overconsumption,-0.5605905594348908,believer,male,,not aggressive
2016-10-26 14:01:51+00:00,791278672028262400,-73.96791999999998,40.749550000000006,Global stance,0.0300396646499634,believer,male,-4.755249,not aggressive
2018-12-02 03:14:59+00:00,1069067377437016065,-80.13005000000001,25.790650000000003,Global stance,0.4688202931880951,believer,male,0.61159164,not aggressive
2016-10-26 15:04:07+00:00,791294343835418624,-74.4041622,40.0757384,Weather Extremes,-0.4052394126517433,denier,undefined,-5.29334,aggressive
2018-07-12 01:40:34+00:00,1017222151785496576,138.5999312,-34.928180499999996,Significance of Pollution Awareness Events,0.6084552199840546,believer,male,-1.0565948,not aggressive
2015-11-12 12:42:25+00:00,664785318730682368,18.068710000000003,59.32938000000001,Importance of Human Intervantion,0.6020495473861694,believer,male,2.514257,not aggressive
2019-08-26 10:41:26+00:00,1165937290000122112,-85.75941,38.25424,Politics,-0.6451227287769318,believer,female,4.5549335,aggressive
2018-05-10 02:49:09+00:00,994408972932210688,-115.13722,36.17497,Global stance,-0.5171328652381897,believer,male,6.6634449999999985,aggressive
2018-02-22 08:45:24+00:00,966594764551479296,,,Global stance,0.3830283591747284,believer,male,,not aggressive
2019-04-21 09:16:50+00:00,1119892740114931715,,,Global stance,-0.4560580253601074,denier,female,,not aggressive
2018-09-29 14:55:36+00:00,1046050866917232640,,,Politics,-0.2166888278961181,believer,female,,not aggressive
2018-04-07 14:36:06+00:00,982628084011511808,,,Donald Trump versus Science,-0.5673277524471283,neutral,male,,aggressive
2013-10-02 03:06:47+00:00,385239408896913408,-71.0582912,42.3602534,Weather Extremes,-0.1049636177062988,believer,male,3.8148274,aggressive
2018-11-27 23:30:13+00:00,1067561261112721409,4.351697,50.8465573,Global stance,0.2906962784767151,believer,male,6.180492,not aggressive
2015-01-21 00:02:30+00:00,557689659095281664,,,Weather Extremes,0.6786676632642746,believer,undefined,,not aggressive
2018-01-19 08:28:11+00:00,954269240793751552,2.3000000000000003,49.900000000000006,Global stance,0.4996375169277191,believer,female,1.2472493999999998,not aggressive
2018-03-10 19:42:06+00:00,972558231980642304,,,Politics,-0.4376566231250762,neutral,female,,aggressive
2017-12-30 13:17:02+00:00,947094175824187393,,,Weather Extremes,-0.62057765787329,believer,female,,not aggressive
2017-10-17 16:34:06+00:00,920327066175852545,,,Significance of Pollution Awareness Events,-0.3337634769969516,believer,female,,aggressive
2018-01-03 15:31:29+00:00,948577564825718787,-80.19362000000001,25.7741728,Weather Extremes,-0.4453597813844681,denier,female,-2.3766274,not aggressive
2018-12-02 20:00:09+00:00,1069320334946574336,-79.8929486,43.2587686,Seriousness of Gas Emissions,-0.4893118098656336,believer,male,8.552754,not aggressive
2018-04-04 06:37:46+00:00,981420544615747584,,,Weather Extremes,0.7151712049722672,neutral,male,,not aggressive
2013-10-10 14:44:24+00:00,388314075370778624,-122.90931,47.00732000000001,Weather Extremes,0.3857488244083192,denier,male,-2.0926268,not aggressive
2018-07-07 15:39:02+00:00,1015621219897495552,,,Importance of Human Intervantion,-0.0826981216669082,believer,female,,not aggressive
2015-06-24 10:55:52+00:00,613661813524135936,,,Global stance,0.1146988017862493,believer,male,,not aggressive
2018-03-02 00:14:28+00:00,969365283478605824,,,Politics,-0.0190843013048172,believer,female,,aggressive
2018-04-24 05:39:31+00:00,988653645125373953,,,Global stance,0.6115744368791579,believer,male,,not aggressive
2018-04-21 20:41:41+00:00,987793515580133378,,,Undefined / One Word Hashtags,0.57789404288133,believer,male,,not aggressive
2018-12-08 19:27:04+00:00,1071486334626344962,-77.84917,40.848670000000006,Seriousness of Gas Emissions,-0.1287864714622497,believer,male,4.9893813,not aggressive
2017-06-03 01:36:23+00:00,870816399211581440,,,Global stance,-0.681369760632515,believer,female,,not aggressive
2017-12-05 15:24:52+00:00,938066651014160384,-71.05977,42.358430000000006,Weather Extremes,0.02485813498497,believer,female,3.2732477,not aggressive
2018-03-24 22:51:21+00:00,977679289662320640,-61.91385,45.3007,Importance of Human Intervantion,0.3984451364994049,believer,female,0.72843367,not aggressive
2009-12-21 13:03:26+00:00,6892551057,,,Seriousness of Gas Emissions,-0.1010853052139282,believer,female,,not aggressive
2018-04-25 17:32:56+00:00,989195569837965312,,,Global stance,0.0163023471832275,believer,female,,not aggressive
2018-01-23 22:56:48+00:00,955937390052327424,-86.00097699999999,50.000678,Importance of Human Intervantion,0.6250327249563101,believer,male,-1.1889867,aggressive
2019-04-22 08:05:56+00:00,1120237287143542784,,,Global stance,-0.1681120923757553,neutral,male,,not aggressive
2018-01-08 00:09:22+00:00,950157443501346818,,,Significance of Pollution Awareness Events,-0.4753634675423304,neutral,female,,not aggressive
2017-12-29 16:57:02+00:00,946787153576636416,-83.92102609999998,35.960394799999996,Ideological Positions on Global Warming,-0.4991091191768646,believer,male,-3.3954804,not aggressive
2017-02-06 23:19:43+00:00,828745013588668416,-122.3300624,47.6038321,Weather Extremes,-0.4805190886735916,neutral,male,-3.5928402000000004,not aggressive
2018-03-24 21:55:05+00:00,977665128090030081,-122.03218,37.323,Global stance,-0.4631178802172343,believer,female,-2.6961415,aggressive
2017-01-02 09:23:02+00:00,815850879622463488,,,Undefined / One Word Hashtags,0.4285090714693069,believer,male,,aggressive
2018-01-24 07:26:23+00:00,956065630620446720,,,Global stance,0.4031363454580307,believer,male,,not aggressive
2019-01-05 05:08:33+00:00,1081417144246644736,-72.3333801,-39.6419909,Politics,0.1587912501573562,neutral,male,-3.082939,not aggressive
2018-10-02 17:12:48+00:00,1047172560532561921,,,Global stance,0.6307600640058517,believer,female,,not aggressive
2009-11-23 04:42:42+00:00,5967808291,,,Seriousness of Gas Emissions,-0.4428369437217712,neutral,male,,not aggressive
2018-12-12 20:43:48+00:00,1072955198178557965,-0.2236400999999999,51.4920377,Weather Extremes,-0.3695604207515716,neutral,male,4.0638494,not aggressive
2018-04-29 16:43:06+00:00,990632579693936642,,,Global stance,0.3391859049081802,believer,male,,aggressive
2018-12-05 21:59:50+00:00,1070437616120664064,,,Seriousness of Gas Emissions,0.5007266367912292,believer,male,,aggressive
2010-10-05 19:46:28+00:00,26485001968,,,Weather Extremes,-0.3700792948007583,neutral,female,,aggressive
2016-01-18 03:17:41+00:00,688923184788336640,,,Importance of Human Intervantion,-0.3702071469068527,denier,male,,not aggressive
2018-09-17 20:58:25+00:00,1041793519319441410,,,Politics,-0.5387784640073776,believer,female,,not aggressive
2014-11-17 21:34:13+00:00,534459517615243264,,,Politics,-0.4749501645565033,believer,female,,aggressive
2019-04-24 16:50:04+00:00,1121093965585899520,,,Politics,0.0768340975046157,neutral,female,,not aggressive
2019-05-09 13:47:06+00:00,1126483736068087811,-21.9422367,64.14598099999999,Global stance,0.4137284113602205,believer,male,0.66052204,not aggressive
2018-05-21 01:47:29+00:00,998379720923402240,,,Global stance,-0.0098464250564575,believer,male,,aggressive
2015-12-31 12:31:00+00:00,682539450514206720,-77.03636999999998,38.89511,Politics,0.5157353825569153,believer,male,8.732886,not aggressive
2014-05-19 07:09:38+00:00,468287347256459264,,,Weather Extremes,0.6661104547262192,believer,male,,aggressive
2009-07-02 20:01:43+00:00,2442347419,,,Seriousness of Gas Emissions,-0.6158488671064377,believer,female,,not aggressive
2009-12-16 13:00:20+00:00,6729304252,-79.94143129999998,37.270973,Ideological Positions on Global Warming,-0.5261438623428345,neutral,male,1.4006708,not aggressive
2018-10-01 08:47:21+00:00,1046682972416626688,,,Undefined / One Word Hashtags,0.4695216417312622,believer,male,,not aggressive
2016-11-02 08:07:50+00:00,793726295670521856,,,Global stance,-0.4670100510120392,neutral,male,,aggressive
2017-12-26 02:39:33+00:00,945484197527019520,,,Undefined / One Word Hashtags,0.717873516702652,believer,male,,not aggressive
2017-11-08 03:14:21+00:00,928098336061587456,144.9631608,-37.81421760000001,Global stance,-0.2902218441486358,denier,female,-1.0577268999999998,not aggressive
2010-04-14 19:58:50+00:00,12181121286,-86.58594000000002,34.7304,Donald Trump versus Science,0.260512515592575,denier,male,3.4296575,not aggressive
2018-05-07 00:58:42+00:00,993294014420938753,-111.763275,34.395342,Weather Extremes,0.0719139402866363,believer,female,5.913399,not aggressive
2018-06-09 20:59:33+00:00,1005555018915725312,,,Global stance,0.4644635756810506,believer,female,,not aggressive
2019-05-14 16:39:11+00:00,1128338983275118592,,,Weather Extremes,-0.7943704702456793,believer,female,,aggressive
2009-10-24 22:58:56+00:00,5133507781,,,Undefined / One Word Hashtags,-0.0539266689062118,believer,female,,not aggressive
2019-05-11 01:17:56+00:00,1127019976559398912,,,Undefined / One Word Hashtags,0.3937684893608093,believer,male,,not aggressive
2017-09-22 19:19:35+00:00,911309014457356288,,,Importance of Human Intervantion,-0.2484962501525879,believer,female,,not aggressive
2018-12-25 00:58:04+00:00,1077367843002281985,-79.4163,43.70011,Undefined / One Word Hashtags,0.0216783583164215,believer,male,8.552754,not aggressive
2019-04-20 04:54:35+00:00,1119464353563074560,,,Impact of Resource Overconsumption,-0.5228100329637528,neutral,male,,not aggressive
2016-06-23 10:14:44+00:00,745923032238145536,,,Seriousness of Gas Emissions,-0.3226067805846532,denier,female,,aggressive
2010-02-08 20:42:26+00:00,8823783276,-77.0365427,38.89503679999999,Weather Extremes,-0.3074910165309906,denier,female,-6.3136980000000005,not aggressive
2019-05-05 23:21:54+00:00,1125178840295198720,,,Weather Extremes,-0.4484400783538818,neutral,female,,not aggressive
2018-07-03 15:56:57+00:00,1014176175151828993,-86.25027,35.750350000000005,Donald Trump versus Science,-0.19191497964859,believer,male,3.5219426,aggressive
2018-09-04 11:44:30+00:00,1036943082036621312,,,Weather Extremes,0.1811616595029831,believer,male,,not aggressive
2017-12-22 15:57:23+00:00,944235428894294016,90.40744,23.7104,Ideological Positions on Global Warming,0.5332332585811614,believer,male,1.4987278,not aggressive
2019-04-30 05:19:15+00:00,1123094441038893056,,,Importance of Human Intervantion,0.7515404032775334,believer,male,,not aggressive
2016-10-11 21:27:05+00:00,785954900178067456,,,Global stance,-0.3512876922130585,denier,male,,not aggressive
2019-01-07 05:46:54+00:00,1082151570823757824,-122.35,49.08333,Importance of Human Intervantion,-0.4584873467683792,believer,male,-1.5426873,aggressive
2018-08-24 16:06:45+00:00,1033022813215633408,-82.5001,28.75054,Ideological Positions on Global Warming,-0.5416637492895127,believer,male,0.35680318,aggressive
2015-12-09 14:56:33+00:00,674603543798484992,,,Weather Extremes,0.5144367062398365,believer,male,,aggressive
2018-05-04 18:08:43+00:00,992466065639829505,,,Politics,-0.4789907634258269,believer,male,,not aggressive
2017-08-24 19:24:43+00:00,900801060188585984,-94.3821295,38.9107156,Donald Trump versus Science,-0.0641156028270721,denier,male,-4.2314005,not aggressive
2015-01-21 18:51:36+00:00,557973806577225728,,,Politics,-0.562915205001831,believer,male,,aggressive
2017-11-21 16:28:58+00:00,933009350142152705,,,Global stance,0.8488951039075852,believer,male,,aggressive
2017-04-25 18:57:09+00:00,856945193051762688,,,Weather Extremes,-0.0375573550224303,neutral,male,,not aggressive
2018-12-27 16:02:59+00:00,1078320348100083712,,,Global stance,0.249103303694725,believer,male,,aggressive
2018-01-09 11:51:29+00:00,950696526187245568,,,Weather Extremes,-0.7499326571226119,denier,female,,not aggressive
2019-05-12 08:56:34+00:00,1127497782917337088,,,Donald Trump versus Science,-0.2126156438350677,neutral,female,,not aggressive
2018-01-08 20:28:39+00:00,950464285993459712,151.20731999999995,-33.867850000000004,Seriousness of Gas Emissions,-0.5469574519720944,believer,undefined,5.3024898,not aggressive
2017-10-08 20:02:33+00:00,917118036116729856,,,Politics,-0.0849718302488327,believer,male,,aggressive
2018-10-09 20:42:38+00:00,1049762080142712837,-105.27055,40.01499,Global stance,-0.0434711748925122,believer,female,3.0257156000000003,aggressive
2019-04-30 05:17:23+00:00,1123093970039508992,,,Global stance,0.4415109008550644,believer,female,,not aggressive
2016-03-17 10:10:00+00:00,710407832039002112,9.18951,45.464270000000006,Seriousness of Gas Emissions,0.4813295751810073,neutral,male,-0.30238378,not aggressive
2009-09-22 21:17:15+00:00,4298539045,151.2164539,-33.854815699999996,Donald Trump versus Science,-0.5096418738365174,neutral,male,5.802393,aggressive
2018-10-10 01:01:06+00:00,1049827124918530048,,,Global stance,-0.5872954258680344,believer,male,,aggressive
2019-04-26 22:03:55+00:00,1121897720787230722,,,Politics,-0.263499179315567,believer,male,,not aggressive
2018-11-26 20:00:50+00:00,1067146179593551872,,,Global stance,-0.5941627948760986,believer,female,,aggressive
2019-01-07 22:40:02+00:00,1082406533600821249,-71.0582912,42.3602534,Global stance,-0.3320549908161163,believer,male,2.2066703,not aggressive
2018-07-03 15:32:04+00:00,1014169914817634304,-84.87762000000001,38.20042,Weather Extremes,-0.7210844841003418,denier,male,4.9080205,aggressive
2019-01-04 14:26:52+00:00,1081195259416047622,-71.05977,42.358430000000006,Undefined / One Word Hashtags,0.4322567731142044,believer,female,2.2066703,not aggressive
2018-09-25 20:08:06+00:00,1044679962685399040,-123.137414,49.163168,Global stance,-0.2215263573429801,believer,male,-1.2338744,aggressive
2018-06-15 09:57:53+00:00,1007562831385055233,,,Global stance,0.1346478098630905,believer,female,,not aggressive
2018-11-28 20:26:01+00:00,1067877293723459585,,,Global stance,0.2411688771876421,believer,female,,not aggressive
2018-04-06 03:34:04+00:00,982099091990687745,,,Global stance,-0.2788464327335357,believer,male,,aggressive
2017-11-30 08:30:07+00:00,936150336338833408,,,Global stance,0.7037011249628934,neutral,male,,not aggressive
2018-02-26 16:47:26+00:00,968165622424133632,,,Importance of Human Intervantion,0.7590751071214676,believer,male,,not aggressive
2018-12-05 22:30:29+00:00,1070445332037812224,-79.43725,43.87111,Global stance,0.5227488212797377,believer,male,8.552754,not aggressive
2017-02-16 18:50:52+00:00,832301236011548672,,,Importance of Human Intervantion,0.1010544416427612,believer,female,,aggressive
2016-09-02 20:38:12+00:00,771809474428284928,,,Politics,0.2826623367786407,believer,female,,not aggressive
2019-04-18 21:09:41+00:00,1118984972134752256,,,Significance of Pollution Awareness Events,-0.2193814622879028,believer,male,,not aggressive
2018-10-22 23:27:59+00:00,1054514736027574274,-72.74983,44.00034,Global stance,0.3724307268857956,neutral,male,4.959221,not aggressive
2011-10-06 14:28:05+00:00,121954886463127552,,,Politics,0.0116785334110259,believer,female,,aggressive
2018-01-16 16:51:55+00:00,953308847564783616,,,Weather Extremes,-0.3653941318750381,neutral,female,,aggressive
2019-04-19 06:25:42+00:00,1119124897882488833,,,Global stance,0.4409398937236695,believer,female,,not aggressive
2017-12-29 12:36:37+00:00,946721619418009600,,,Ideological Positions on Global Warming,-0.4991091191768646,believer,female,,not aggressive
2018-10-09 15:32:30+00:00,1049684033431453696,,,Importance of Human Intervantion,-0.3603035543918609,believer,male,,not aggressive
2018-09-10 10:48:33+00:00,1039103327387041792,,,Global stance,-0.671104163479805,believer,male,,not aggressive
2017-06-11 21:56:49+00:00,874022634085920768,-72.66648,41.66704,Undefined / One Word Hashtags,-0.2437789629459381,believer,female,3.5549338,aggressive
2017-11-21 05:41:56+00:00,932846518473842688,,,Global stance,0.3997773677110672,believer,male,,not aggressive
2018-01-11 15:26:37+00:00,951475442707550208,,,Global stance,0.1074472486495971,believer,female,,not aggressive
2017-10-24 10:05:37+00:00,922766019835449344,,,Global stance,0.4935851544141769,believer,male,,not aggressive
2010-05-20 23:10:45+00:00,14390937554,,,Weather Extremes,-0.0387095476627349,believer,male,,not aggressive
2015-10-05 15:16:04+00:00,651053248086974464,,,Weather Extremes,0.5857679903507232,believer,male,,not aggressive
2017-10-24 07:42:23+00:00,922729972573319168,,,Global stance,-0.6550655270338058,believer,female,,not aggressive
2018-03-04 20:19:38+00:00,970393351328534528,-72.66648,41.66704,Importance of Human Intervantion,0.034550764131546,believer,male,3.223247,aggressive
2019-04-17 15:06:30+00:00,1118531187109179392,-0.1276474,51.5073219,Undefined / One Word Hashtags,-0.299086604976654,believer,male,4.0638494,not aggressive
2018-01-05 15:45:30+00:00,949305868402724865,-86.8758256,37.4019918,Weather Extremes,-0.8678739981412887,believer,male,-10.267383,aggressive
2017-06-04 15:05:53+00:00,871382504753823744,,,Politics,-0.0191487967967987,neutral,male,,not aggressive
2018-02-19 13:10:49+00:00,965574391160590338,,,Donald Trump versus Science,-0.7520898048639297,denier,female,,aggressive
2018-01-07 20:52:05+00:00,950107798158827520,,,Impact of Resource Overconsumption,-0.1883211705923081,neutral,male,,not aggressive
2017-02-09 02:37:35+00:00,829519583539113984,,,Politics,0.020452857017517,denier,undefined,,not aggressive
2018-05-06 07:04:24+00:00,993023657676103680,,,Importance of Human Intervantion,0.1255928536891936,believer,female,,not aggressive
2018-04-12 06:12:24+00:00,984313265420255235,,,Global stance,-0.1660173971696333,believer,male,,not aggressive
2018-05-04 23:03:45+00:00,992540313758650368,,,Global stance,0.0134751498699187,believer,female,,not aggressive
2011-07-15 12:37:20+00:00,91848824074682368,,,Weather Extremes,-0.557054153251648,neutral,male,,aggressive
2009-12-07 18:59:24+00:00,6438762411,,,Significance of Pollution Awareness Events,0.6405789809465408,believer,male,,aggressive
2009-09-24 00:36:14+00:00,4329546946,,,Global stance,-0.0252522379159927,neutral,male,,aggressive
2019-04-24 11:55:06+00:00,1121019733342654464,,,Global stance,0.3645250946283341,believer,male,,not aggressive
2018-06-30 04:49:16+00:00,1012920982875537408,,,Weather Extremes,-0.0699105257352193,neutral,male,,not aggressive
2018-07-09 10:46:26+00:00,1016272357374083072,-84.39026439999999,33.7489924,Global stance,-0.401525467634201,believer,male,2.5650074000000003,not aggressive
2018-08-19 04:25:30+00:00,1031034398638895104,,,Global stance,-0.3716094345092773,believer,male,,not aggressive
2019-04-21 17:03:39+00:00,1120010219419889664,,,Global stance,0.0057253241539001,neutral,undefined,,not aggressive
2018-01-28 03:39:17+00:00,957458030802669569,,,Politics,-0.0730832020521164,believer,male,,not aggressive
2017-12-26 18:00:33+00:00,945715975525105666,,,Seriousness of Gas Emissions,-0.2767968754927317,believer,male,,not aggressive
2017-11-04 00:54:11+00:00,926613510544650240,-73.83652000000001,40.68149,Seriousness of Gas Emissions,-0.4765690236806869,neutral,female,2.184361,not aggressive
2018-12-16 21:30:37+00:00,1074416533445722117,-77.03636999999998,38.89511,Importance of Human Intervantion,0.3719317053318023,believer,female,3.8671534,aggressive
2017-12-11 03:49:22+00:00,940065949415219204,,,Weather Extremes,0.1558554369245256,believer,female,,aggressive
2016-10-23 15:20:10+00:00,790211218774618112,72.88261,19.072830000000003,Politics,0.0220229476690292,neutral,male,-0.70686954,not aggressive
2011-06-16 11:49:51+00:00,81327625410322432,,,Donald Trump versus Science,0.0464148088932037,neutral,male,,not aggressive
2019-04-26 06:30:01+00:00,1121662699677474817,-4.1140517999999995,56.78611120000001,Undefined / One Word Hashtags,0.2242528033018112,believer,male,4.958697,not aggressive
2017-01-31 10:02:19+00:00,826370013569245184,96.12972,19.745,Global stance,0.4771276712417602,believer,male,2.0992053,not aggressive
2019-05-02 14:10:59+00:00,1123953033371627520,,,Importance of Human Intervantion,0.5650073339621225,believer,male,,not aggressive
2018-12-28 06:39:56+00:00,1078541038992519170,-77.03636999999998,38.89511,Seriousness of Gas Emissions,0.4714573770489011,believer,male,3.8671534,aggressive
2019-01-06 15:06:20+00:00,1081929968358109184,-106.6509851,35.0841034,Global stance,0.5076464373588562,believer,female,2.3079138,not aggressive
2019-01-01 23:14:21+00:00,1080240844790251520,-87.65005000000001,41.85003,Importance of Human Intervantion,-0.5262211707353592,believer,female,6.6171203,not aggressive
2018-04-01 23:33:30+00:00,980588997058600961,147.3281233,-42.8825088,Global stance,-0.3041445941501194,believer,male,0.8297655999999999,not aggressive
2015-06-17 05:35:25+00:00,611044453671940096,-4.2488787000000015,55.8609825,Importance of Human Intervantion,0.0062078684568405,believer,male,0.016788077,aggressive
2018-12-26 01:46:42+00:00,1077742467892441088,-112.07404,33.44838,Ideological Positions on Global Warming,-0.3601853102445603,believer,female,0.4463354000000001,not aggressive
2018-10-11 15:34:15+00:00,1050409250151956481,,,Significance of Pollution Awareness Events,0.294777290948232,denier,female,,not aggressive
2018-12-16 16:04:32+00:00,1074334471703445504,-83.00070649999998,39.9622601,Impact of Resource Overconsumption,-0.3880103081464767,neutral,male,6.601388,aggressive
2018-06-17 12:09:03+00:00,1008320618796728321,-77.03636999999998,38.89511,Seriousness of Gas Emissions,-0.5114159137010574,believer,male,3.8671534,not aggressive
2017-10-23 08:13:19+00:00,922375369906409472,-35.20944,-5.795,Politics,-0.6840823441743851,believer,male,0.21469656,aggressive
2017-10-14 10:33:56+00:00,919149264374321152,-2.0572003,53.40064739999999,Importance of Human Intervantion,0.4135610908269882,believer,male,5.8761363,not aggressive
2016-08-08 15:03:38+00:00,762665579660636160,7.625187899999999,51.9625101,Undefined / One Word Hashtags,0.402696818113327,neutral,male,-0.37580395,not aggressive
2018-12-10 01:44:51+00:00,1071943796961603584,,,Weather Extremes,-0.8264514042139054,believer,female,,not aggressive
2018-08-15 04:33:55+00:00,1029586964125691905,,,Weather Extremes,-0.3120836540304049,denier,female,,not aggressive
2019-05-11 07:35:33+00:00,1127115009430102016,12.56553,55.67594,Global stance,0.4821978956460953,believer,male,6.2846346,not aggressive
2019-05-05 16:17:45+00:00,1125072097800278017,,,Importance of Human Intervantion,-0.4017004195928573,believer,male,,not aggressive
2011-12-08 17:53:04+00:00,144836909804433408,,,Seriousness of Gas Emissions,0.5028323794841767,neutral,female,,not aggressive
2018-12-07 01:56:51+00:00,1070859653695836165,,,Global stance,-0.6661871800899506,believer,male,,not aggressive
2018-05-08 23:20:51+00:00,993994167415062528,144.6780052,-36.5986096,Global stance,0.3833346505641937,believer,female,-0.83076525,not aggressive
2015-04-14 20:28:01+00:00,588076263505399808,,,Global stance,-0.659660090470314,believer,male,,not aggressive
2018-03-30 07:34:13+00:00,979622810820767745,58.9346,33.14614,Importance of Human Intervantion,-0.0766759225845336,believer,female,10.285942,not aggressive
2018-06-15 05:12:25+00:00,1007490990691815429,12.630768610516007,43.9470982,Undefined / One Word Hashtags,0.0491607338190078,believer,male,3.6979413,not aggressive
2019-04-22 18:37:20+00:00,1120396183678144512,,,Seriousness of Gas Emissions,-0.3658270835876465,believer,undefined,,not aggressive
2019-05-09 13:09:51+00:00,1126474361475686400,,,Significance of Pollution Awareness Events,-0.4679688215255737,neutral,male,,not aggressive
2018-12-26 02:01:06+00:00,1077746093310574592,,,Ideological Positions on Global Warming,-0.3601853102445603,believer,female,,not aggressive
2018-06-15 03:27:04+00:00,1007464478718357504,,,Politics,0.5983896270751953,believer,male,,aggressive
2018-01-28 20:51:02+00:00,957717678625579008,,,Donald Trump versus Science,-0.4275608509778976,neutral,male,,not aggressive
2017-12-05 12:09:22+00:00,938017452432220161,,,Politics,0.4380841135978698,neutral,male,,not aggressive
2019-06-22 00:58:30+00:00,1142235378755297152,,,Ideological Positions on Global Warming,-0.4613528866291046,believer,female,,not aggressive
2009-12-11 16:57:42+00:00,6572021921,,,Weather Extremes,0.5605499183019003,neutral,undefined,,not aggressive
2019-06-19 16:18:59+00:00,1141379862382416000,,,Donald Trump versus Science,-0.032210037112236,believer,male,,not aggressive
2018-08-16 16:15:50+00:00,1030125995444133888,-97.1384584,49.8955367,Donald Trump versus Science,-0.3329419006063825,believer,female,3.2291465,not aggressive
2019-05-06 19:22:42+00:00,1125481028246753280,-9.05095,53.272450000000006,Politics,-0.6437886100769044,neutral,male,4.475519,aggressive
2012-09-06 23:46:16+00:00,243857682568708096,-81.4639835,27.7567667,Donald Trump versus Science,0.5880821966356702,denier,female,-0.34606922,not aggressive
2018-12-21 16:02:25+00:00,1076145875439837190,,,Donald Trump versus Science,0.0267786617517471,denier,male,,not aggressive
2017-06-03 23:27:14+00:00,871146286237442048,,,Impact of Resource Overconsumption,-0.6362918562412262,denier,male,,aggressive
2015-11-02 09:56:09+00:00,661119594837446656,,,Donald Trump versus Science,-0.5403700536489486,neutral,male,,not aggressive
2018-12-16 07:34:51+00:00,1074206204035919873,-119.0779359,34.4458248,Weather Extremes,0.7273161809137889,believer,female,-2.6966014,not aggressive
2018-04-17 23:32:26+00:00,986386936586735616,,,Impact of Resource Overconsumption,-0.0239421129226684,believer,male,,aggressive
2018-12-06 05:53:46+00:00,1070556886573842432,-106.65113999999998,35.08449,Seriousness of Gas Emissions,-0.5599073186007413,believer,female,2.3079138,aggressive
2018-01-03 15:37:35+00:00,948579097126596608,,,Undefined / One Word Hashtags,0.516119047999382,neutral,male,,not aggressive
2010-12-12 20:40:23+00:00,14056994042290176,18.42322,-33.92584,Seriousness of Gas Emissions,0.4937288577795028,denier,female,1.7659639,not aggressive
2017-12-15 17:38:57+00:00,941724273420378112,,,Politics,-0.0466767013072967,neutral,male,,aggressive
2019-04-19 07:31:28+00:00,1119141447037362176,,,Importance of Human Intervantion,0.8175081589937211,believer,male,,not aggressive
2017-04-24 05:51:37+00:00,856385116058210304,-120.737257,43.9792797,Seriousness of Gas Emissions,-0.3969056640625,believer,male,-2.3753982,not aggressive
2019-05-06 07:56:51+00:00,1125308429386403840,,,Global stance,0.0158607523361841,neutral,female,,not aggressive
2015-07-03 13:31:15+00:00,616962409505361920,,,Global stance,0.4635353684425354,believer,male,,not aggressive
2016-09-12 21:06:20+00:00,775440433396588544,-105.08442,40.585260000000005,Global stance,-0.3694341636896133,believer,male,1.607247,not aggressive
2018-03-08 18:15:00+00:00,971811535080296449,36.826061224105075,-1.30316895,Global stance,0.3902019673585891,believer,male,0.015162221,not aggressive
2018-06-10 23:25:57+00:00,1005954248012697602,,,Significance of Pollution Awareness Events,-0.4261603653430938,neutral,male,,not aggressive
2017-12-29 09:42:49+00:00,946677879298912256,144.96331999999995,-37.814,Global stance,-0.1902741199016571,neutral,male,2.2714083,aggressive
2017-12-05 06:46:35+00:00,937936218188169216,-122.2728639,37.8708393,Weather Extremes,0.02485813498497,believer,male,1.712627,not aggressive
2016-01-25 13:57:26+00:00,691620900295307264,,,Weather Extremes,-0.4297782331705093,denier,male,,aggressive
2016-07-03 15:39:42+00:00,749628692477861888,91.8825282,25.576044600000007,Global stance,0.7065491472244262,believer,male,-0.11882806,not aggressive
2018-08-20 19:39:09+00:00,1031626711866257411,-66.49989000000001,18.24829,Weather Extremes,0.5210851046323777,believer,male,-0.20723858,not aggressive
2019-05-03 20:59:39+00:00,1124418264400973824,-118.25508,34.142509999999994,Global stance,-0.5415922815561295,neutral,male,-3.1268113,not aggressive
2017-10-23 20:53:01+00:00,922566554058760192,,,Seriousness of Gas Emissions,-0.0185239545106888,believer,male,,aggressive
2017-10-04 00:05:06+00:00,915367137555906560,,,Importance of Human Intervantion,-0.0369670751571655,believer,male,,aggressive
2014-08-30 21:46:55+00:00,505834071058960384,,,Weather Extremes,-0.3733222934484482,denier,male,,not aggressive
2017-11-09 10:26:42+00:00,928569529143365632,4.3487800000000005,50.85045,Seriousness of Gas Emissions,-0.3246861547231674,believer,female,-0.15740804,aggressive
2018-08-15 13:53:04+00:00,1029727677702389760,,,Global stance,-0.4811297917604446,believer,female,,not aggressive
2018-01-28 23:02:28+00:00,957750753308889088,,,Undefined / One Word Hashtags,0.6579091711256239,believer,male,,not aggressive
2009-09-23 16:57:21+00:00,4319715794,-0.1276474,51.5073219,Importance of Human Intervantion,0.4509089440107345,neutral,male,1.6319917,not aggressive
2017-11-15 01:40:05+00:00,930611329164967936,-118.755997,36.7014631,Undefined / One Word Hashtags,0.3844065517187118,believer,male,2.9115074,not aggressive
2018-10-24 17:28:09+00:00,1055148956865331200,,,Global stance,-0.3705123215935447,neutral,male,,not aggressive
2017-10-14 19:24:23+00:00,919282756076498945,,,Global stance,-0.1795643725554148,believer,male,,not aggressive
2018-01-29 19:07:00+00:00,958053886295556096,,,Importance of Human Intervantion,0.0709712437391281,neutral,male,,not aggressive
2010-04-27 03:19:46+00:00,12923303949,,,Impact of Resource Overconsumption,0.1125743465423584,believer,male,,not aggressive
2015-06-08 14:57:29+00:00,607924413342703616,-118.191604,33.7690164,Global stance,0.4617982655763626,neutral,male,2.8657384,aggressive
2018-09-20 02:57:00+00:00,1042608535912280065,-81.93646000000001,40.80517,Politics,-0.4557762357473373,believer,male,7.3587084,not aggressive
2018-03-25 21:19:43+00:00,978018615504011266,,,Ideological Positions on Global Warming,0.4574862867593765,believer,male,,not aggressive
2011-12-13 18:23:46+00:00,146656575396921344,,,Weather Extremes,-0.5067156816959382,neutral,female,,not aggressive
2018-08-20 07:20:41+00:00,1031440869625278465,,,Importance of Human Intervantion,-0.1508457055091858,believer,male,,not aggressive
2019-05-11 12:15:30+00:00,1127185459807948801,1.29834,52.62783,Global stance,0.6846531326293945,believer,male,2.8356333,not aggressive
2015-07-02 11:24:32+00:00,616568132879020032,121.1163072,14.5780161,Ideological Positions on Global Warming,0.4084428812503815,neutral,male,1.2085868999999998,not aggressive
2017-09-29 04:50:22+00:00,913626986219753472,,,Seriousness of Gas Emissions,-0.2642140786170959,neutral,male,,not aggressive
2017-12-15 12:16:07+00:00,941643028695076864,,,Donald Trump versus Science,0.3431889677524567,neutral,female,,not aggressive
2015-07-31 14:25:42+00:00,627122972554231808,,,Seriousness of Gas Emissions,0.6888278719345728,believer,male,,not aggressive
2019-04-18 11:30:51+00:00,1118839301545037829,,,Weather Extremes,-0.4667606537977854,believer,undefined,,not aggressive
2018-11-29 05:14:41+00:00,1068010334840123392,-95.3676974,29.7589382,Donald Trump versus Science,0.4157984656572342,believer,female,2.4634256000000003,not aggressive
2018-02-07 08:43:35+00:00,961158487366602752,,,Politics,-0.1915462814410527,believer,male,,not aggressive
2018-01-22 15:01:16+00:00,955455327104897024,-80.19366000000001,25.77427,Undefined / One Word Hashtags,0.0156355121822068,believer,female,2.9563565,not aggressive
2019-04-22 22:58:06+00:00,1120461805518827520,,,Undefined / One Word Hashtags,0.5296320160627366,believer,female,,not aggressive
2013-09-19 10:48:48+00:00,380644638664949760,,,Undefined / One Word Hashtags,0.6303132858991624,neutral,male,,aggressive
2009-12-11 07:20:15+00:00,6560057537,,,Politics,0.7158607593748305,believer,male,,not aggressive
2017-10-25 03:31:07+00:00,923029126126211072,-77.0365427,38.89503679999999,Global stance,0.096785771575841,neutral,male,1.7725143,aggressive
2016-09-01 06:51:41+00:00,771239084509450240,,,Importance of Human Intervantion,0.2116418360630671,believer,female,,not aggressive
2018-04-15 11:17:13+00:00,985477138232037376,23.7603118,61.49802140000001,Undefined / One Word Hashtags,0.5948555679798126,believer,female,3.1693323,not aggressive
2018-07-11 20:17:13+00:00,1017140777909092352,,,Donald Trump versus Science,0.3581225734233856,denier,male,,not aggressive
2018-03-12 14:28:49+00:00,973204169178996736,,,Global stance,0.1364070477962494,denier,male,,not aggressive
2018-03-18 14:30:44+00:00,975378977178210304,,,Ideological Positions on Global Warming,-0.6493270180055073,denier,female,,not aggressive
2015-09-09 04:10:49+00:00,641463746766901248,144.96331999999995,-37.814,Importance of Human Intervantion,0.34271694419384,believer,male,0.39534375,not aggressive
2017-09-24 01:26:56+00:00,911763852177571840,,,Weather Extremes,-0.6605298830509186,believer,female,,not aggressive
2019-04-25 10:02:54+00:00,1121353885241704448,,,Weather Extremes,-0.6642597694158553,believer,male,,not aggressive
2018-05-23 17:46:39+00:00,999345879202091008,,,Global stance,-0.0303759278535842,neutral,female,,not aggressive
2019-04-23 17:44:04+00:00,1120745167063883777,,,Global stance,-0.4276293953259786,believer,female,,not aggressive
2011-05-03 05:24:25+00:00,65285562306789376,,,Seriousness of Gas Emissions,-0.0309005165656407,believer,male,,not aggressive
2019-04-17 14:31:46+00:00,1118522443528843265,,,Global stance,0.3369884319702784,believer,male,,not aggressive
2012-08-14 06:14:07+00:00,235257977706254336,,,Weather Extremes,0.0622343354701996,neutral,male,,aggressive
2016-07-15 18:17:36+00:00,754017084917506048,,,Global stance,-0.3613671809434891,neutral,female,,aggressive
2017-11-11 15:30:27+00:00,929370746111094785,-74.0060152,40.7127281,Politics,-0.0222533312270135,believer,male,-8.759599,aggressive
2018-09-16 06:32:19+00:00,1041213169769734144,146.95991,-38.0908,Global stance,0.0454222869157791,believer,male,-2.6382732000000004,not aggressive
2018-11-30 04:26:51+00:00,1068360686030344194,-122.33207000000002,47.60621,Importance of Human Intervantion,0.3277410952568054,believer,female,-2.36505,not aggressive
2018-05-10 00:50:47+00:00,994379187031961602,,,Weather Extremes,-0.2585987317721049,believer,male,,not aggressive
2011-02-21 00:01:27+00:00,39474746424963072,,,Weather Extremes,0.4561901550292968,neutral,male,,not aggressive
2018-09-15 20:59:22+00:00,1041068983473119232,,,Impact of Resource Overconsumption,-0.3595309575080871,believer,female,,not aggressive
2019-04-17 14:52:01+00:00,1118527538731606016,-100.06333,51.19581,Importance of Human Intervantion,0.7282395829200744,believer,male,2.1746373,not aggressive
2019-03-20 05:41:58+00:00,1108242256111132800,,,Politics,-0.23447302347819,neutral,female,,not aggressive
2016-03-10 03:29:27+00:00,707770314948796416,-71.05977,42.358430000000006,Importance of Human Intervantion,-0.5599952508687973,believer,male,13.459705,aggressive
2018-09-10 11:01:28+00:00,1039106575863046146,-1.7768935,52.4130189,Importance of Human Intervantion,0.0893922368526458,believer,female,4.8523903,not aggressive
2016-01-14 23:59:07+00:00,687786051318984704,-92.50044,34.750370000000004,Global stance,-0.3910126857757568,believer,female,3.4721622,not aggressive
2017-06-22 10:54:12+00:00,877842149508694016,,,Donald Trump versus Science,-0.163943648221276,neutral,male,,not aggressive
2018-09-04 02:41:58+00:00,1036806549379993601,-90.07507,29.95465,Politics,-0.4599583953619003,believer,female,2.6145358,aggressive
2015-07-31 02:15:02+00:00,626939093289709568,,,Weather Extremes,0.0770832206249237,believer,male,,not aggressive
2018-01-01 10:32:36+00:00,947777573232156672,,,Global stance,0.0351976752281188,believer,female,,not aggressive
2018-03-19 19:10:12+00:00,975811694663479297,,,Weather Extremes,-0.5656538689851761,believer,male,,not aggressive
2018-04-28 08:45:58+00:00,990150117352267776,18.0710935,59.325117199999994,Undefined / One Word Hashtags,0.4919955432415008,believer,female,0.62369984,not aggressive
2017-10-02 01:33:43+00:00,914664659692642305,-120.50139,44.000130000000006,Weather Extremes,-0.8020592437585194,believer,male,-5.4374410000000015,not aggressive
2017-09-22 00:57:43+00:00,911031721323151360,,,Global stance,0.513307987689972,believer,female,,not aggressive
2018-03-16 18:53:53+00:00,974720424062996480,-97.74306,30.26715,Global stance,-0.3518545417308807,believer,female,5.1168575,not aggressive
2018-09-04 20:36:26+00:00,1037076944494448641,,,Weather Extremes,0.1811616595029831,believer,undefined,,not aggressive
2017-12-30 05:03:33+00:00,946969986710589440,,,Politics,0.2945123936653137,believer,male,,not aggressive
2019-01-03 02:01:16+00:00,1080645235875573760,-116.78467,34.687430000000006,Global stance,-0.1027982064247131,believer,male,-0.95980245,not aggressive
2018-01-15 03:19:02+00:00,952741890536882176,153.02349909999995,-27.4689682,Weather Extremes,0.2049683146238327,neutral,male,-2.348691,aggressive
2019-02-26 14:42:26+00:00,1100405735953854464,,,Global stance,-0.6250456696271895,believer,male,,not aggressive
2015-12-19 06:00:11+00:00,678092443204476928,,,Global stance,-0.640779258942604,believer,male,,not aggressive
2014-12-15 23:25:05+00:00,544634279117217792,-121.9494,36.971900000000005,Importance of Human Intervantion,-0.2896306187152863,believer,male,0.8316423000000001,not aggressive
2018-11-28 08:18:48+00:00,1067694284239921153,151.20731999999995,-33.867850000000004,Global stance,-0.1352856785058975,believer,male,-1.3413349,not aggressive
2018-09-11 07:24:28+00:00,1039414354872082432,-62.998650000000005,45.000150000000005,Seriousness of Gas Emissions,0.5099405364751816,believer,male,1.6033738000000002,not aggressive
2019-05-14 00:02:37+00:00,1128088188252295168,,,Weather Extremes,-0.6667408951706356,believer,male,,not aggressive
2019-05-08 12:33:50+00:00,1126102911031873536,,,Global stance,0.2148398710727691,believer,male,,not aggressive
2016-11-04 04:44:40+00:00,794399941854629888,,,Importance of Human Intervantion,-0.4765700995922088,neutral,undefined,,not aggressive
2018-03-23 18:20:35+00:00,977248760832057344,,,Weather Extremes,-0.2069863483667373,believer,male,,not aggressive
2018-07-12 17:15:50+00:00,1017457517817991168,,,Politics,-0.0095549772262573,believer,female,,not aggressive
2016-10-08 00:09:37+00:00,784546253539516416,,,Global stance,0.366549089550972,believer,undefined,,aggressive
2010-09-04 05:30:37+00:00,22952841831,112.75083,-7.24917,Donald Trump versus Science,-0.2117455247640609,neutral,male,1.1001451,aggressive
2015-08-30 11:05:51+00:00,637944313767399424,-77.03636999999998,38.89511,Undefined / One Word Hashtags,-0.4550661628007889,believer,male,1.1593724,not aggressive
2014-12-09 06:10:26+00:00,542199574354755584,,,Global stance,-0.3915403038263321,neutral,male,,not aggressive
2018-05-09 01:13:11+00:00,994022436902404096,-81.37903039999999,28.542110899999997,Impact of Resource Overconsumption,0.3687751621007919,believer,male,-0.3779411,not aggressive
2017-10-16 23:20:11+00:00,920066874154586112,,,Importance of Human Intervantion,0.4960325062274933,believer,female,,not aggressive
2018-06-07 22:17:10+00:00,1004849775886422017,,,Weather Extremes,0.4702772211313247,believer,male,,not aggressive
2015-06-19 16:19:56+00:00,611931427131813888,,,Donald Trump versus Science,0.0209208007574081,believer,male,,not aggressive
2018-04-06 16:32:16+00:00,982294933624078339,,,Politics,0.3630173338890076,believer,male,,not aggressive
2018-02-02 02:21:01+00:00,959250272982913025,,,Undefined / One Word Hashtags,-0.2488520870447159,believer,male,,aggressive
2018-01-31 00:26:36+00:00,958496700926062593,,,Politics,-0.3285984846591949,believer,female,,not aggressive
2018-03-27 04:10:06+00:00,978484278723047425,-77.03636999999998,38.89511,Global stance,0.1246574288606643,believer,female,-6.0975566,not aggressive
2010-07-16 04:49:30+00:00,18660022742,,,Donald Trump versus Science,-0.5706703458309174,neutral,male,,aggressive
2018-01-29 18:40:04+00:00,958047106572447745,-156.38612,20.78785,Undefined / One Word Hashtags,0.4375907943405286,believer,male,0.16706409,aggressive
2018-01-18 11:24:56+00:00,953951334742441985,-75.69811999999997,45.411170000000006,Undefined / One Word Hashtags,-0.2822225838899612,neutral,male,5.8493543,aggressive
2018-04-19 16:18:50+00:00,987002594966065152,,,Significance of Pollution Awareness Events,-0.5091244418938955,believer,male,,not aggressive
2018-06-09 11:51:45+00:00,1005417159395299328,76.63925,12.297910000000002,Weather Extremes,-0.3230003019332886,neutral,male,-0.07658408,not aggressive
2015-07-03 11:30:11+00:00,616931941443571712,,,Politics,0.5375887473106385,believer,female,,not aggressive
2018-09-12 09:13:30+00:00,1039804181635198978,,,Politics,-0.3899628211736679,neutral,female,,not aggressive
2018-12-27 06:09:49+00:00,1078171069951893505,-118.755997,36.7014631,Ideological Positions on Global Warming,-0.3690600991249084,believer,female,-1.8408424,aggressive
2017-11-11 00:39:43+00:00,929146586432790528,-70.64827000000001,-33.45694,Global stance,0.2683098763465881,believer,female,2.5779364,not aggressive
2018-03-09 02:58:04+00:00,971943171159556096,,,Global stance,0.4454940110445022,believer,female,,not aggressive
2018-12-20 05:14:11+00:00,1075620356839403520,,,Undefined / One Word Hashtags,0.4219636470079422,believer,undefined,,not aggressive
2019-05-17 00:42:58+00:00,1129185505021579264,,,Importance of Human Intervantion,0.859131403017044,believer,male,,not aggressive
2017-11-15 17:45:40+00:00,930854327094145025,,,Importance of Human Intervantion,0.4363917112350464,believer,undefined,,not aggressive
2019-05-16 20:46:16+00:00,1129125936274857984,,,Global stance,-0.1387667738199234,believer,male,,not aggressive
2019-04-23 17:31:04+00:00,1120741892898140165,,,Importance of Human Intervantion,0.3980035036802292,neutral,female,,not aggressive
2019-05-04 07:15:49+00:00,1124573327685750784,,,Seriousness of Gas Emissions,-0.2494454452143775,believer,male,,not aggressive
2018-12-27 14:00:32+00:00,1078289530606759937,,,Global stance,0.0730323001384734,neutral,male,,aggressive
2009-08-14 16:14:38+00:00,3310196372,-74.0060152,40.7127281,Politics,0.6305095788478852,neutral,male,-0.37142816,aggressive
2018-04-05 18:59:28+00:00,981969589830643712,,,Seriousness of Gas Emissions,0.0245849419572136,believer,male,,not aggressive
2018-09-08 18:18:39+00:00,1038491823671599105,-74.21542389999999,41.9278705,Undefined / One Word Hashtags,-0.0253235101699828,believer,female,2.5504594,aggressive
2017-10-20 20:53:19+00:00,921479465821020160,,,Importance of Human Intervantion,-0.5850151495695114,believer,male,,aggressive
2019-04-18 02:21:28+00:00,1118701045763514369,-82.71927000000001,28.244180000000004,Global stance,0.5191691739992662,believer,male,0.35680318,not aggressive
2018-12-12 14:16:30+00:00,1072857731109920769,,,Global stance,-0.1008810060364859,neutral,female,,aggressive
2018-04-20 12:12:23+00:00,987302958936272897,-91.18738,30.4459596,Global stance,0.7354762256383897,believer,female,-5.1005173,not aggressive
2015-06-12 17:19:38+00:00,609409738829352960,,,Importance of Human Intervantion,-0.029086947441101,believer,male,,aggressive
2018-10-15 01:48:38+00:00,1051651028792369152,151.71142,-33.01178,Politics,-0.5401050366163254,believer,female,-1.3413349,aggressive
2017-12-30 15:57:46+00:00,947134624467218432,-81.20784,29.58497,Politics,0.2945123936653137,believer,male,-3.5401435,not aggressive
2018-06-10 17:20:39+00:00,1005862319950319617,,,Global stance,0.2228514883580031,believer,male,,not aggressive
2019-05-01 00:22:31+00:00,1123382152203309056,,,Global stance,0.4415109008550644,believer,female,,not aggressive
2009-09-17 16:13:54+00:00,4057126420,-77.03636999999998,38.89511,Importance of Human Intervantion,0.7232198214530945,believer,male,-0.11140811,aggressive
2018-04-04 16:11:25+00:00,981564908704706560,-75.690308,45.421105999999995,Global stance,0.8335848875999451,believer,male,-2.640619,not aggressive
2018-01-31 11:03:09+00:00,958656896935825408,,,Global stance,0.4576780349016189,believer,male,,not aggressive
2011-07-20 12:28:07+00:00,93658440983003136,,,Seriousness of Gas Emissions,-0.3948536549568176,neutral,male,,not aggressive
2019-04-22 15:25:34+00:00,1120347924473491456,,,Global stance,0.4474048465490342,believer,male,,not aggressive
2011-04-03 14:25:23+00:00,54550063879430144,,,Weather Extremes,-0.0947560146093368,denier,male,,not aggressive
2018-10-11 06:10:27+00:00,1050267366062415872,,,Global stance,-0.5320655166387558,believer,male,,not aggressive
2017-12-25 02:37:10+00:00,945121210639073282,-98.32529,26.21591,Seriousness of Gas Emissions,-0.0576831167327033,believer,male,-2.1489573,not aggressive
2018-04-29 07:35:00+00:00,990494644365611009,,,Importance of Human Intervantion,0.4258405864238739,denier,male,,aggressive
2016-09-15 12:40:20+00:00,776400257999601664,,,Global stance,0.1127680629491806,believer,male,,not aggressive
2011-10-03 08:37:28+00:00,120779485997051904,,,Weather Extremes,0.108917623758316,neutral,male,,not aggressive
2018-04-01 04:02:27+00:00,980294292743884800,,,Weather Extremes,0.0822613353967666,neutral,male,,not aggressive
2012-11-20 12:36:55+00:00,270868322575335424,,,Weather Extremes,0.097320597910881,neutral,female,,aggressive
2018-04-22 23:23:06+00:00,988196526714388480,,,Donald Trump versus Science,-0.5810207350492478,believer,female,,not aggressive
2018-05-25 19:01:11+00:00,1000089411407765504,,,Importance of Human Intervantion,0.5232917366107305,believer,male,,aggressive
2017-09-24 16:04:05+00:00,911984592952971270,,,Importance of Human Intervantion,-0.0721054704904556,neutral,female,,aggressive
2018-12-21 01:38:11+00:00,1075928383958253568,,,Politics,-0.5683748633941015,believer,male,,not aggressive
2014-04-28 12:55:04+00:00,460764134192082944,-63.57291000000001,44.6464,Weather Extremes,-0.7214001545190811,denier,female,-1.7080642,not aggressive
2018-10-18 21:02:52+00:00,1053028664789663746,,,Impact of Resource Overconsumption,-0.5509346541404724,believer,male,,aggressive
2018-11-27 21:19:18+00:00,1067528315643285504,,,Weather Extremes,-0.0839579965114593,denier,male,,not aggressive
2019-05-02 17:48:12+00:00,1124007695097442306,,,Importance of Human Intervantion,0.6259064456701279,believer,male,,not aggressive
2019-05-01 00:14:03+00:00,1123380024738869248,,,Global stance,0.4415109008550644,believer,female,,not aggressive
2018-01-25 22:23:59+00:00,956653904158064640,,,Global stance,-0.3934937268495559,denier,male,,aggressive
2019-02-05 03:04:14+00:00,1092619883014246400,,,Weather Extremes,-0.4033147488594055,neutral,undefined,,not aggressive
2017-06-09 11:58:07+00:00,873147191874945024,-0.1276474,51.5073219,Global stance,-0.4283612197637558,believer,male,1.1520128,aggressive
2019-04-24 11:10:06+00:00,1121008408801497088,-0.12574,51.50853000000001,Undefined / One Word Hashtags,0.0574952363967895,believer,female,4.0638494,aggressive
2018-03-21 04:22:45+00:00,976313137459810305,-74.00596999999998,40.714270000000006,Undefined / One Word Hashtags,-0.5326569467544555,believer,male,-5.248126,not aggressive
2017-11-10 02:41:17+00:00,928814792915210240,-8.80705,39.74362,Global stance,0.0414698386476153,believer,male,-0.7045697,not aggressive
2018-01-10 19:47:26+00:00,951178688384598024,-77.03636999999998,38.89511,Seriousness of Gas Emissions,0.4913578450202941,believer,female,0.8065486,not aggressive
2016-01-21 16:00:52+00:00,690202409726054400,,,Undefined / One Word Hashtags,0.4404438138008117,believer,male,,not aggressive
2018-05-21 01:44:09+00:00,998378882037252097,-77.03636999999998,38.89511,Importance of Human Intervantion,0.3268053283214569,believer,male,4.342932,not aggressive
2012-07-14 09:09:54+00:00,224068191373099008,,,Impact of Resource Overconsumption,-0.0844309810876846,neutral,female,,aggressive
2012-11-13 06:58:15+00:00,268246380680736768,,,Ideological Positions on Global Warming,0.4610953743696213,neutral,female,,not aggressive
2019-05-12 10:13:13+00:00,1127517074018824192,,,Ideological Positions on Global Warming,-0.676932981276512,believer,female,,aggressive
2017-09-27 05:59:02+00:00,912919490417053697,,,Undefined / One Word Hashtags,0.4398517906665802,believer,male,,not aggressive
2017-11-26 18:14:56+00:00,934847956015910912,-79.4163,43.70011,Undefined / One Word Hashtags,-0.6408950128078461,believer,male,0.8665905,aggressive
2019-05-14 14:09:54+00:00,1128301414323638400,,,Importance of Human Intervantion,-0.3897312452077866,believer,female,,aggressive
2015-02-07 10:49:38+00:00,564013109669404672,153.02349909999995,-27.4689682,Global stance,-0.613752062122027,neutral,male,-1.3490859,not aggressive
2011-12-08 03:33:09+00:00,144620501984231424,-73.00010999999998,40.8176,Weather Extremes,-0.0059293657541275,believer,male,3.0978887000000004,aggressive
2018-12-10 06:00:00+00:00,1072008006659764224,151.2164539,-33.854815699999996,Global stance,0.2706033018112183,believer,male,-1.3413349,not aggressive
2018-10-24 20:57:24+00:00,1055201616389984257,,,Global stance,-0.4104311305999756,believer,female,,aggressive
2019-01-07 10:18:03+00:00,1082219808425472001,-6.260273199999999,53.3497645,Importance of Human Intervantion,0.1613736938476563,believer,male,4.9471626,not aggressive
2018-11-26 17:53:49+00:00,1067114216107200517,-71.1056157,42.3750997,Politics,-0.4878639902591705,believer,male,2.2066703,not aggressive
2014-07-14 06:15:12+00:00,488567369174757376,-123.11395290000002,49.2608724,Weather Extremes,-0.4558665190696716,believer,male,4.952671499999999,aggressive
2018-05-28 23:05:33+00:00,1001238074087694338,,,Politics,-0.0167947113513946,believer,male,,not aggressive
2015-07-03 09:32:51+00:00,616902413774155776,,,Undefined / One Word Hashtags,0.3859802792072296,believer,female,,not aggressive
2018-12-04 18:26:06+00:00,1070021443105091584,-99.5120986,31.8160381,Ideological Positions on Global Warming,-0.3027373809099197,believer,undefined,5.1491,aggressive
2017-10-19 01:58:22+00:00,920831459891601414,-39.715607299999995,-5.3264702999999995,Importance of Human Intervantion,0.4329615235328674,neutral,male,0.9653787,not aggressive
2018-12-06 21:36:46+00:00,1070794199069483008,,,Global stance,-0.4624513536691665,believer,male,,not aggressive
2018-03-04 15:50:11+00:00,970325543299280896,,,Donald Trump versus Science,0.5052353854417801,believer,female,,not aggressive
2016-09-25 23:19:26+00:00,780184969037611008,,,Politics,-0.5064404278516771,believer,male,,aggressive
2018-01-08 06:57:50+00:00,950260240557092864,-77.03636999999998,38.89511,Global stance,0.0284380614757537,believer,male,-6.25073,not aggressive
2014-07-04 03:43:12+00:00,484905238932226048,,,Weather Extremes,-0.1303271948258082,neutral,male,,not aggressive
2009-07-13 13:35:46+00:00,2613991070,,,Weather Extremes,0.0012585899829864,denier,male,,aggressive
2010-08-10 11:49:13+00:00,20788376311,,,Donald Trump versus Science,-0.4021309328556061,believer,male,,not aggressive
2010-04-28 21:22:10+00:00,13029023604,-88.04175000000001,42.34447,Importance of Human Intervantion,0.5364221832752227,believer,male,-3.7735882000000007,not aggressive
2018-11-27 13:31:24+00:00,1067410564580892672,-82.5001,28.75054,Global stance,-0.5892542331695556,believer,female,0.35680318,aggressive
2017-10-27 02:43:49+00:00,923741997730590720,-73.9641196,40.773701599999995,Global stance,0.4566565740823746,neutral,male,-0.04416814,not aggressive
2018-02-12 16:38:01+00:00,963089821399908359,,,Global stance,-0.374894176920255,neutral,male,,aggressive
2014-01-17 00:23:07+00:00,423973721963896832,,,Global stance,-0.514735011792183,believer,female,,not aggressive
2018-12-04 01:52:13+00:00,1069771324568985600,,,Weather Extremes,0.2171378832022349,believer,female,,not aggressive
2009-12-24 23:43:33+00:00,7015411941,,,Significance of Pollution Awareness Events,0.5693414782524109,believer,female,,aggressive
2017-10-22 00:30:14+00:00,921896442750488576,,,Significance of Pollution Awareness Events,-0.5668398979531395,believer,female,,aggressive
2018-12-01 11:44:12+00:00,1068833138875478017,,,Politics,-0.3576207756996155,believer,male,,not aggressive
2016-12-19 21:07:13+00:00,810954664199892992,,,Weather Extremes,-0.5290842483520508,believer,male,,not aggressive
2012-04-22 19:10:50+00:00,194141229762617344,,,Weather Extremes,0.190186871099472,denier,male,,not aggressive
2011-07-09 18:52:20+00:00,89768865827012608,-118.24368,34.05223,Donald Trump versus Science,-0.3291862956629858,denier,female,1.336508,not aggressive
2018-10-14 09:07:14+00:00,1051399019220623360,,,Politics,-0.4758204072713852,believer,male,,not aggressive
2019-04-19 11:44:00+00:00,1119204999148527616,,,Weather Extremes,-0.4739610424484525,believer,male,,aggressive
2019-05-10 22:28:26+00:00,1126977321590820864,-77.61556,43.15478,Ideological Positions on Global Warming,-0.2412466716527939,believer,male,7.996242999999999,aggressive
2018-08-16 03:42:49+00:00,1029936491898626048,,,Undefined / One Word Hashtags,0.4709817469120025,neutral,female,,not aggressive
2011-01-16 14:42:51+00:00,26650595133751296,,,Weather Extremes,-0.3221078191757202,denier,male,,aggressive
2011-07-03 12:21:08+00:00,87496089518870528,,,Donald Trump versus Science,0.0191523592948913,denier,male,,not aggressive
2018-06-03 16:59:22+00:00,1003320247393193984,,,Global stance,-0.0297857671976089,believer,male,,not aggressive
2018-12-03 06:34:11+00:00,1069479895191842816,174.76349000000002,-36.84853,Impact of Resource Overconsumption,-0.7031566303014756,believer,female,-2.5278165,aggressive
2018-12-18 21:11:19+00:00,1075136448851001349,,,Global stance,0.1324625184822908,denier,male,,not aggressive
2019-02-26 16:53:38+00:00,1100438753536024576,,,Weather Extremes,-0.1069038621187209,believer,female,,not aggressive
2014-08-21 03:10:09+00:00,502291536508633088,,,Weather Extremes,0.6786676632642746,believer,undefined,,not aggressive
2016-04-06 13:02:33+00:00,717699011306594304,,,Global stance,0.4892083054304122,believer,male,,not aggressive
2019-05-09 01:30:13+00:00,1126298294764941315,-73.9569751,40.7415095,Global stance,-0.3989934025526047,believer,male,0.76935184,not aggressive
2016-09-20 20:50:30+00:00,778335551850176512,-73.9495823,40.6501038,Importance of Human Intervantion,0.4432065881967544,believer,female,4.4463806,aggressive
2014-12-12 19:32:48+00:00,543488657538424832,,,Weather Extremes,-0.2574617390394211,neutral,female,,not aggressive
2018-12-31 07:55:27+00:00,1079647204246200320,,,Undefined / One Word Hashtags,0.0368121564388275,neutral,male,,not aggressive
2018-04-03 00:28:38+00:00,980965261162483712,-74.0060152,40.7127281,Global stance,-0.5785323099851608,believer,male,-4.9908220000000005,aggressive
2019-04-21 23:26:25+00:00,1120106542756319232,,,Importance of Human Intervantion,0.1560163719892502,believer,female,,not aggressive
2012-07-29 22:33:40+00:00,229706285191405568,,,Weather Extremes,-0.3392782990694046,denier,male,,not aggressive
2018-05-16 23:09:50+00:00,996890498911485953,-106.1412243,55.532125699999995,Weather Extremes,0.4467132836580276,denier,female,0.6942656,not aggressive
2018-04-20 14:31:55+00:00,987338076673290240,,,Donald Trump versus Science,-0.6886436036984125,believer,female,,aggressive
2017-10-13 11:05:06+00:00,918794718846255104,,,Significance of Pollution Awareness Events,-0.2003413427829742,believer,male,,not aggressive
2010-09-18 14:39:35+00:00,24853183292,,,Ideological Positions on Global Warming,0.4601264710664749,neutral,female,,not aggressive
2018-12-13 14:42:54+00:00,1073226763474518016,,,Importance of Human Intervantion,0.0504160340070724,believer,male,,not aggressive
2018-05-31 13:29:47+00:00,1002180342709608449,,,Global stance,0.2440419711828232,believer,female,,not aggressive
2015-05-07 00:30:21+00:00,596109778839044096,,,Global stance,0.193233318845431,believer,female,,aggressive
2018-09-29 03:40:57+00:00,1045881088067948549,,,Politics,0.4480278755664825,believer,male,,not aggressive
2017-12-29 01:09:45+00:00,946548760502505472,,,Ideological Positions on Global Warming,-0.4991091191768646,believer,undefined,,not aggressive
2018-12-18 10:17:48+00:00,1074971986412167169,,,Global stance,-0.1602409575939178,believer,male,,aggressive
2018-03-27 21:15:03+00:00,978742217287217154,-82.8268265,37.1184318,Weather Extremes,-0.0556389472723007,believer,female,0.24332632,aggressive
2013-09-10 15:46:57+00:00,377458177627160576,,,Weather Extremes,-0.5249775297641754,neutral,female,,not aggressive
2019-05-18 01:33:09+00:00,1129560523815706626,,,Importance of Human Intervantion,-0.6879543401082356,believer,female,,not aggressive
2018-11-26 23:27:36+00:00,1067198212765667329,138.59863,-34.92866,Donald Trump versus Science,-0.6471625306367874,believer,male,-1.0565948,aggressive
2017-11-16 13:23:22+00:00,931150704965771264,,,Importance of Human Intervantion,-0.4967495125293731,believer,male,,not aggressive
2009-09-18 21:40:18+00:00,4088700718,-122.27275000000002,37.87159000000001,Politics,0.544428197089831,believer,male,4.397501,not aggressive
2017-12-19 19:31:54+00:00,943202247181291523,,,Weather Extremes,0.3150266611973444,believer,male,,not aggressive
2019-05-18 15:44:52+00:00,1129774862304591872,115.8604796,-31.95271210000001,Politics,-0.6923061537981035,believer,female,-0.5194188,aggressive
2016-03-07 19:22:14+00:00,706922927057309696,-89.38376129999999,43.074760999999995,Donald Trump versus Science,-0.4091569666624069,neutral,male,8.779292,aggressive
2018-10-22 17:51:40+00:00,1054430096508010503,-98.4951405,29.4246002,Global stance,0.4268571436405182,neutral,male,3.0030606,aggressive
2019-05-19 12:22:14+00:00,1130086256946372608,,,Politics,-0.5705802429676056,believer,male,,not aggressive
2018-09-20 13:52:17+00:00,1042773444084031488,,,Importance of Human Intervantion,-0.2569231521129608,believer,female,,not aggressive
2019-02-19 04:51:07+00:00,1097720211208163200,,,Global stance,-0.7444069829940796,believer,female,,not aggressive
2013-07-25 00:02:20+00:00,360188227795169280,,,Weather Extremes,-0.2426449415922164,denier,male,,aggressive
2017-12-29 11:22:42+00:00,946703014760501249,,,Weather Extremes,-0.62057765787329,believer,male,,not aggressive
2018-03-25 14:51:47+00:00,977920987890143232,-77.46025999999998,37.55376,Undefined / One Word Hashtags,0.4790229852279027,believer,female,-6.069221,not aggressive
2019-04-26 21:48:13+00:00,1121893769207529478,,,Global stance,0.3493570506095886,believer,male,,not aggressive
2017-11-17 16:44:26+00:00,931563691174019072,77.23149000000002,28.651950000000003,Global stance,0.3992453675746917,believer,undefined,-0.23373829,not aggressive
2018-06-11 17:12:06+00:00,1006222555806609408,4.479170000000001,51.9225,Politics,0.3677110552787781,believer,male,5.9523997,not aggressive
2018-02-04 22:32:14+00:00,960279858344611846,23.78712,61.49911,Undefined / One Word Hashtags,0.5597930490970612,believer,female,-4.8375587,not aggressive
2019-05-18 11:12:35+00:00,1129706342535651328,,,Politics,-0.6285825397729874,believer,female,,aggressive
2018-03-01 06:19:51+00:00,969094848467759104,,,Significance of Pollution Awareness Events,0.6713263448476792,believer,male,,not aggressive
2015-08-04 03:57:54+00:00,628414530394189824,,,Global stance,0.628877179980278,believer,male,,not aggressive
2017-10-04 05:54:26+00:00,915455047994982400,,,Importance of Human Intervantion,-0.7688679597059886,believer,male,,aggressive
2019-05-02 22:25:06+00:00,1124077378957922305,-77.03636999999998,38.89511,Global stance,0.3031028752803802,believer,male,3.8671534,aggressive
2018-02-28 02:33:54+00:00,968675596967600129,,,Impact of Resource Overconsumption,-0.5605905594348908,believer,female,,not aggressive
2014-12-08 21:56:00+00:00,542075144798490624,,,Undefined / One Word Hashtags,-0.0503263771533966,believer,male,,not aggressive
2017-09-25 06:59:56+00:00,912210039112318976,,,Undefined / One Word Hashtags,0.6168737278938293,neutral,female,,aggressive
2015-07-27 09:20:34+00:00,625596631283535872,77.23149000000002,28.651950000000003,Importance of Human Intervantion,0.0630297686100005,believer,male,-0.9235887,not aggressive
2009-09-22 14:43:09+00:00,4173211869,,,Importance of Human Intervantion,0.198659454128959,believer,undefined,,aggressive
2018-03-30 15:40:45+00:00,979745251614121989,,,Global stance,-0.1314373348712921,believer,male,,not aggressive
2019-04-30 16:06:34+00:00,1123257341661646849,,,Importance of Human Intervantion,-0.5349147279500961,believer,male,,aggressive
2015-06-18 15:38:18+00:00,611558565371871232,-77.0365427,38.89503679999999,Undefined / One Word Hashtags,0.1768558794566563,believer,male,2.105716,aggressive
2019-05-13 21:30:48+00:00,1128049982756487168,,,Politics,-0.0002245754003525,neutral,male,,not aggressive
2015-01-18 01:55:10+00:00,556630847869452288,,,Importance of Human Intervantion,-0.509643466925621,believer,female,,aggressive
2018-02-14 05:07:05+00:00,963640719201185793,,,Politics,0.039006158709526,believer,female,,aggressive
2018-02-28 11:28:40+00:00,968810175590055936,151.20731999999995,-33.867850000000004,Global stance,-0.1666687464237213,believer,undefined,0.47103623,not aggressive
2017-12-03 10:38:29+00:00,937269802120474624,,,Global stance,0.5076464373588562,believer,male,,not aggressive
2019-05-09 16:39:29+00:00,1126527119113314305,,,Significance of Pollution Awareness Events,-0.4679688215255737,neutral,male,,not aggressive
2019-05-19 05:48:16+00:00,1129987111266840576,,,Politics,-0.5705802429676056,believer,male,,not aggressive
2017-10-24 15:02:09+00:00,922840644216860674,-77.1272,38.902330000000006,Importance of Human Intervantion,-0.386468157172203,neutral,male,5.878736,not aggressive
2018-06-01 01:38:11+00:00,1002363649044992000,,,Importance of Human Intervantion,-0.4406703385439786,believer,male,,aggressive
2019-04-21 00:11:22+00:00,1119755467335569408,-84.38798000000001,33.749,Global stance,0.4409398937236695,believer,female,2.5650074000000003,not aggressive
2016-04-07 15:02:25+00:00,718091564514414592,-77.03636999999998,38.89511,Politics,-0.5452766638755798,believer,undefined,-0.30726725,not aggressive
2015-08-01 12:22:21+00:00,627454317834969088,,,Weather Extremes,0.0712691795110702,believer,male,,not aggressive
2017-10-27 03:42:10+00:00,923756684790718464,-0.6717947564067988,52.79656110000001,Importance of Human Intervantion,-0.587871801106135,neutral,male,0.3388286,not aggressive
2018-08-18 11:55:41+00:00,1030785300287696898,,,Global stance,0.0822524031003316,believer,female,,aggressive
2018-04-10 17:58:31+00:00,983766186470072320,,,Importance of Human Intervantion,-0.4363886462016539,believer,female,,not aggressive
2019-05-13 08:27:09+00:00,1127852770646724609,,,Global stance,0.7239289364814758,believer,male,,not aggressive
2018-02-07 14:59:03+00:00,961252974646325249,-121.7733,38.678520000000006,Global stance,0.1493094430923461,believer,male,5.9331,aggressive
2014-12-09 01:52:23+00:00,542134633560043520,-86.5342881,39.167039599999995,Seriousness of Gas Emissions,-0.1093477852344513,neutral,male,1.8589633,not aggressive
2017-12-29 03:45:45+00:00,946588018428796930,-104.5384589,33.291875,Donald Trump versus Science,-0.6414317534923553,believer,male,2.7444324,aggressive
2015-02-11 20:57:29+00:00,565615629118738432,,,Weather Extremes,0.1424728740930557,believer,male,,not aggressive
2018-08-21 09:04:37+00:00,1031829414609338368,-0.12574,51.50853000000001,Importance of Human Intervantion,-0.1508457055091858,believer,female,4.0638494,not aggressive
2018-12-04 11:03:27+00:00,1069910045394120704,,,Importance of Human Intervantion,-0.1050724267959595,believer,male,,aggressive
2015-03-04 16:39:42+00:00,573160901525680128,,,Global stance,0.0725370347499847,neutral,female,,aggressive
2016-05-24 15:42:24+00:00,735133859679895552,,,Global stance,0.5706865139166514,believer,male,,not aggressive
2018-09-05 16:42:09+00:00,1037380372625911808,,,Importance of Human Intervantion,0.5248942726986748,believer,female,,aggressive
2017-07-16 22:38:46+00:00,886716767426555904,2.3514616000000004,48.8566969,Politics,-0.2265390793561935,believer,male,2.714706,not aggressive
2016-03-04 17:22:26+00:00,705805614669139968,,,Impact of Resource Overconsumption,0.1214999962261744,denier,male,,aggressive
2018-03-19 13:36:40+00:00,975727756926443520,-79.4163,43.70011,Global stance,0.8253517523050309,believer,female,-3.265617,not aggressive
2018-11-28 14:23:56+00:00,1067786170514513920,0.5480144,50.8557256,Undefined / One Word Hashtags,0.5551320619999416,believer,female,3.8679755,not aggressive
2018-12-14 15:11:47+00:00,1073596420068925440,,,Donald Trump versus Science,0.740388780731625,neutral,male,,not aggressive
2015-07-07 11:01:22+00:00,618374241508061184,,,Seriousness of Gas Emissions,0.0948341666698455,believer,female,,aggressive
2014-05-12 11:15:14+00:00,465812440287289344,-81.63261999999997,38.34982,Donald Trump versus Science,-0.3586817535638809,denier,female,4.909621,not aggressive
2018-06-04 05:57:09+00:00,1003515984269987840,,,Seriousness of Gas Emissions,0.4834939107735952,neutral,undefined,,not aggressive
2017-10-19 19:13:15+00:00,921091895685722112,-75.16379,39.95233,Donald Trump versus Science,-0.5023043317079544,believer,male,1.1175157,not aggressive
2017-09-21 23:32:00+00:00,911010152169566208,,,Importance of Human Intervantion,-0.4578390118598938,believer,female,,not aggressive
2017-06-02 10:20:53+00:00,870586007732793344,,,Undefined / One Word Hashtags,0.3614052087068558,believer,male,,aggressive
2016-01-22 14:33:58+00:00,690542929337659392,-82.99879000000001,39.961180000000006,Global stance,0.4578042775392532,believer,male,-4.2013335,not aggressive
2018-02-22 05:35:11+00:00,966546892837421056,,,Importance of Human Intervantion,0.4862653166055679,believer,female,,not aggressive
2018-10-08 09:42:06+00:00,1049233464187183104,,,Seriousness of Gas Emissions,0.0664703042504763,believer,female,,not aggressive
2016-09-08 20:25:47+00:00,773980675070423040,,,Importance of Human Intervantion,0.6907617181301117,believer,male,,not aggressive
2013-11-22 17:41:41+00:00,403941369124638720,,,Impact of Resource Overconsumption,-0.5587939918041229,neutral,male,,not aggressive
2018-03-25 03:25:12+00:00,977748205591937024,,,Global stance,0.5559813079595566,believer,female,,not aggressive
2018-01-27 14:17:21+00:00,957256214412439557,,,Importance of Human Intervantion,-0.3662660983324051,believer,female,,aggressive
2018-11-30 00:48:40+00:00,1068305780070408192,-81.4639835,27.7567667,Global stance,-0.2708392492930094,believer,undefined,0.39506483,not aggressive
2018-10-15 23:39:12+00:00,1051980841583169538,,,Global stance,-0.1861932398796081,believer,female,,not aggressive
2018-11-28 12:02:54+00:00,1067750681434456064,,,Weather Extremes,-0.2967332784891128,believer,undefined,,not aggressive
2015-02-12 02:48:44+00:00,565704023400280064,,,Undefined / One Word Hashtags,0.4863397479057312,denier,male,,aggressive
2018-06-09 19:23:25+00:00,1005530826354905088,,,Importance of Human Intervantion,0.2082922488212585,believer,male,,aggressive
2015-01-30 16:25:17+00:00,561198472586854400,,,Ideological Positions on Global Warming,-0.4399556517601013,denier,female,,not aggressive
2019-05-04 20:57:18+00:00,1124780060001669128,,,Importance of Human Intervantion,-0.4017004195928573,believer,female,,not aggressive
2018-03-10 11:20:59+00:00,972432123050315776,-76.61219000000001,39.290380000000006,Global stance,0.6817661871353785,believer,male,-3.1833994,not aggressive
2016-07-16 21:11:19+00:00,754423188910592000,,,Importance of Human Intervantion,-0.5959403322696686,believer,male,,aggressive
2018-02-24 04:29:06+00:00,967255037889019904,-3.5,52.5,Global stance,0.040874960747632,believer,male,-2.9927983,not aggressive
2017-07-21 02:44:40+00:00,888228201159380992,,,Seriousness of Gas Emissions,0.1103506863196691,believer,undefined,,not aggressive
2018-12-03 10:22:32+00:00,1069537358704336896,,,Undefined / One Word Hashtags,0.4285807311534881,believer,female,,not aggressive
2019-05-07 20:40:11+00:00,1125862917432336385,,,Politics,-0.1048056093692779,denier,male,,aggressive
2018-09-15 23:26:23+00:00,1041105980333932544,,,Politics,0.0592824965715408,believer,female,,not aggressive
2018-12-19 16:44:35+00:00,1075431713113866240,73.04329,33.72148,Global stance,0.1918587398290634,believer,female,2.9139156,not aggressive
2019-04-17 19:08:30+00:00,1118592087107174400,,,Politics,-0.0649975687265396,neutral,male,,not aggressive
2016-03-03 00:24:51+00:00,705187142444707840,14.20283,42.458400000000005,Global stance,0.1160581892251968,believer,male,-0.435159,not aggressive
2019-05-15 00:39:54+00:00,1128459959975534597,-114.0625892,51.0534234,Weather Extremes,0.0043208266735077,believer,male,-2.89827,aggressive
2018-04-30 15:30:15+00:00,990976633904553984,,,Global stance,0.0106080174446105,neutral,male,,not aggressive
2018-12-01 22:31:27+00:00,1068996023941545989,,,Importance of Human Intervantion,-0.5481343196630478,believer,female,,not aggressive
2017-09-14 22:12:13+00:00,908453356946911232,-82.99879000000001,39.961180000000006,Donald Trump versus Science,-0.4463944454669952,believer,female,0.45676085,not aggressive
2019-05-09 17:20:33+00:00,1126537452880039936,,,Significance of Pollution Awareness Events,-0.4679688215255737,neutral,female,,not aggressive
2018-12-04 17:04:20+00:00,1070000864910299138,,,Global stance,0.2504883356527848,believer,female,,not aggressive
2019-01-02 11:16:38+00:00,1080422612755406849,145.0,-20.0,Global stance,-0.609934780550003,believer,male,-3.0444343,not aggressive
2017-02-03 19:06:30+00:00,827594125360771072,,,Importance of Human Intervantion,0.533482647228241,believer,female,,not aggressive
2018-02-14 18:32:08+00:00,963843315710898176,,,Global stance,-0.0499344572544097,believer,male,,not aggressive
2019-05-30 03:11:08+00:00,1133933836146896768,,,Weather Extremes,-0.6365777543147405,believer,undefined,,not aggressive
2019-04-30 06:19:49+00:00,1123109681730334720,,,Importance of Human Intervantion,0.7988199243783951,believer,female,,not aggressive
2019-04-22 07:03:52+00:00,1120221663830822912,,,Global stance,0.0057253241539001,neutral,undefined,,not aggressive
2017-09-26 22:01:09+00:00,912799227822198785,,,Donald Trump versus Science,-0.2058169262170791,believer,male,,aggressive
2018-03-11 18:00:11+00:00,972894972763623425,,,Global stance,0.324454332625735,denier,female,,not aggressive
2017-09-21 01:01:55+00:00,910670393186357248,,,Ideological Positions on Global Warming,-0.4213811720848083,neutral,undefined,,not aggressive
2018-12-26 09:35:29+00:00,1077860442117152768,,,Undefined / One Word Hashtags,0.31407513589859,believer,female,,not aggressive
2012-02-27 08:06:41+00:00,174042755348180992,,,Ideological Positions on Global Warming,0.0850374566078186,neutral,male,,not aggressive
2018-12-29 23:26:26+00:00,1079156720159678466,,,Importance of Human Intervantion,0.4382272643934596,believer,female,,not aggressive
2019-04-25 17:23:46+00:00,1121464833663229953,,,Importance of Human Intervantion,0.4324027502673012,neutral,male,,not aggressive
2018-12-11 15:49:04+00:00,1072518636978495488,-75.69811999999997,45.411170000000006,Global stance,0.4918053895235061,believer,male,7.119825,not aggressive
2017-12-29 05:39:03+00:00,946616531378688000,,,Global stance,-0.1902741199016571,neutral,male,,aggressive
2017-09-28 21:56:21+00:00,913522793429585925,,,Politics,0.1647507158041,denier,female,,not aggressive
2016-08-06 13:35:35+00:00,761918646939680768,51.5264162,25.2856329,Undefined / One Word Hashtags,0.0714326351881027,believer,male,1.6473031000000002,not aggressive
2017-11-30 21:00:32+00:00,936339184213807109,-99.5120986,31.8160381,Importance of Human Intervantion,0.0045301879882812,believer,male,1.0070661,not aggressive
2019-05-09 19:51:30+00:00,1126575441240842240,,,Global stance,-0.2794486308097839,believer,male,,not aggressive
2018-09-15 22:46:36+00:00,1041095969792843777,-81.63261999999997,38.34982,Politics,-0.1159744700193405,believer,male,5.885804,aggressive
2018-12-26 04:35:18+00:00,1077784898767855617,,,Seriousness of Gas Emissions,-0.341936856508255,believer,undefined,,not aggressive
2015-01-27 00:14:17+00:00,559866952219656192,,,Politics,0.0776818245819637,believer,male,,aggressive
2015-08-27 00:34:40+00:00,636698309395116032,-80.66285,41.02423,Importance of Human Intervantion,-0.4402040690183639,believer,female,-2.7843606,not aggressive
2015-05-27 04:50:14+00:00,603422938054971392,,,Weather Extremes,-0.4233778238296509,believer,undefined,,aggressive
2019-05-15 22:34:42+00:00,1128790838878834688,-86.7743531,36.1622296,Politics,-0.4846127925634385,believer,male,4.0080513999999985,not aggressive
2016-10-12 08:51:16+00:00,786127083571478528,,,Undefined / One Word Hashtags,0.83772140147686,believer,male,,not aggressive
2015-09-12 09:17:45+00:00,642628152557109248,,,Undefined / One Word Hashtags,-0.4083456595738729,believer,female,,not aggressive
2019-04-24 23:54:52+00:00,1121200868408184832,,,Global stance,-0.431501230597496,believer,female,,not aggressive
2018-02-18 18:25:42+00:00,965291246704095232,,,Global stance,0.6651841423034668,believer,male,,aggressive
2017-12-20 02:37:54+00:00,943309456712060930,,,Global stance,-0.0216733664274214,believer,female,,not aggressive
2018-10-13 03:08:58+00:00,1050946467949469696,,,Global stance,-0.0286173582077026,believer,male,,aggressive
2018-04-10 13:16:39+00:00,983695253432688640,,,Importance of Human Intervantion,-0.5528202146291733,believer,male,,aggressive
2017-12-25 20:13:25+00:00,945387023250198528,,,Undefined / One Word Hashtags,0.6716422488530477,neutral,male,,not aggressive
2019-04-25 17:10:25+00:00,1121461473744650240,,,Global stance,0.3055119136066148,denier,male,,not aggressive
2015-05-29 05:30:22+00:00,604157813695217664,,,Donald Trump versus Science,-0.2840678897424178,neutral,female,,aggressive
2018-11-28 00:28:07+00:00,1067575832846073856,,,Global stance,0.3578211467436381,believer,female,,not aggressive
2015-06-30 12:02:29+00:00,615852905556344832,,,Weather Extremes,0.3695903096437454,believer,male,,not aggressive
2010-06-30 15:02:48+00:00,17420244089,,,Weather Extremes,0.4769093359947204,neutral,female,,not aggressive
2017-02-10 15:48:31+00:00,830081017226608640,,,Undefined / One Word Hashtags,0.4190932668837633,believer,male,,not aggressive
2017-12-14 14:56:17+00:00,941320948111769600,-3.10501,53.376160000000006,Seriousness of Gas Emissions,-0.3674088203907013,believer,male,-1.0754251,aggressive
2018-04-23 19:34:19+00:00,988501339461206016,,,Global stance,0.1263548273404439,believer,male,,not aggressive
2017-11-17 22:24:34+00:00,931649289201377281,,,Weather Extremes,0.4876800443172455,neutral,female,,not aggressive
2018-05-26 04:18:30+00:00,1000229665221427200,,,Seriousness of Gas Emissions,0.3567447594620965,believer,male,,not aggressive
2016-03-07 21:55:08+00:00,706961407800020992,-94.57857,39.09973,Global stance,-0.5084645943013104,believer,male,11.763864,aggressive
2015-11-02 14:15:01+00:00,661184742663053312,,,Donald Trump versus Science,-0.2505066444396973,believer,male,,aggressive
2018-03-01 10:25:08+00:00,969156577230979072,,,Politics,-0.3851106551408768,believer,male,,aggressive
2017-02-11 21:44:42+00:00,830533042573684736,,,Undefined / One Word Hashtags,-0.0069281607866286,believer,female,,aggressive
2018-02-10 07:36:58+00:00,962228885575360512,-74.00596999999998,40.714270000000006,Global stance,-0.5759287468353907,believer,male,2.6427295,not aggressive
2018-09-30 03:00:52+00:00,1046233387743293440,45.3419183,2.0349312,Importance of Human Intervantion,0.7943719430208207,believer,male,0.7250286,not aggressive
2011-07-19 12:51:23+00:00,93301911968694272,,,Seriousness of Gas Emissions,0.70862269449234,believer,undefined,,not aggressive
2018-11-28 20:41:02+00:00,1067881072497700864,,,Global stance,-0.4924464970827102,believer,female,,aggressive
2018-10-16 12:26:23+00:00,1052173909527842817,-71.1056157,42.3750997,Donald Trump versus Science,-0.0264751613140106,neutral,female,2.2066703,aggressive
2018-02-21 14:18:02+00:00,966316083568414720,,,Global stance,-0.1016703711748123,believer,male,,not aggressive
2018-08-21 15:07:21+00:00,1031920697323540486,-84.46437,33.864830000000005,Importance of Human Intervantion,-0.0467994660139083,believer,female,2.5650074000000003,aggressive
2009-12-13 11:30:22+00:00,6626878909,,,Ideological Positions on Global Warming,-0.0366024663448333,neutral,male,,not aggressive
2019-05-10 15:48:48+00:00,1126876751194406912,,,Politics,-0.0569466640949249,believer,male,,not aggressive
2015-08-02 20:43:24+00:00,627942799749484544,-112.07404,33.44838,Global stance,-0.404294687461853,believer,male,0.44163567,not aggressive
2016-02-29 06:35:29+00:00,704193251625013248,,,Global stance,0.7309028363466263,believer,male,,not aggressive
2018-01-05 18:04:01+00:00,949340723933073410,-9.0,52.83333,Weather Extremes,0.4296838547229766,denier,male,-0.8550026,not aggressive
2019-04-26 02:00:41+00:00,1121594918307131392,,,Global stance,-0.5849881268898646,believer,female,,not aggressive
2018-02-04 09:23:22+00:00,960081337452584960,23.78712,61.49911,Seriousness of Gas Emissions,-0.0164393186569213,believer,female,-4.8375587,not aggressive
2018-04-17 10:32:23+00:00,986190630308237318,-122.17029258409188,37.4265407,Global stance,-0.0122513492902119,neutral,male,-3.6886206,not aggressive
2017-02-16 11:20:09+00:00,832187807846248448,,,Importance of Human Intervantion,0.5401994704723359,believer,male,,not aggressive
2018-11-26 20:13:31+00:00,1067149373568618503,,,Global stance,-0.5230033218947324,believer,female,,not aggressive
2018-09-29 23:44:19+00:00,1046183925368926209,,,Importance of Human Intervantion,0.4399852752685547,believer,female,,not aggressive
2018-11-26 21:04:51+00:00,1067162288417845249,,,Global stance,0.2037974210262298,believer,male,,not aggressive
2019-04-18 10:52:40+00:00,1118829695401897985,,,Global stance,0.4873384684324264,believer,female,,not aggressive
2017-10-12 21:52:35+00:00,918595277681913857,,,Global stance,0.4743581590327349,believer,female,,aggressive
2017-12-06 20:54:40+00:00,938512035427397632,-118.49119,34.019450000000006,Undefined / One Word Hashtags,0.7260374967813492,believer,female,1.8704689,not aggressive
2018-09-26 07:06:21+00:00,1044845615702843392,,,Global stance,-0.5790356457233429,believer,female,,not aggressive
2019-08-03 18:58:53+00:00,1157727556478623488,,,Weather Extremes,0.1268703614234924,believer,male,,not aggressive
2014-08-01 16:36:40+00:00,495246747107856384,-118.49119,34.019450000000006,Weather Extremes,0.0124773539763909,neutral,male,2.7961056,not aggressive
2010-01-29 12:53:17+00:00,8366333529,,,Weather Extremes,0.5818850990866169,believer,male,,not aggressive
2018-04-23 01:59:50+00:00,988235969685065728,80.27847000000001,13.087840000000002,Importance of Human Intervantion,0.866009812426567,believer,female,0.58951306,not aggressive
2012-07-05 16:05:48+00:00,220911362547777536,,,Weather Extremes,0.0429495836734771,neutral,male,,not aggressive
2010-05-12 13:47:35+00:00,13851948948,121.45806,31.222220000000004,Global stance,0.5328595305919648,believer,male,0.28722152,not aggressive
2015-03-04 21:50:21+00:00,573239079158075392,,,Impact of Resource Overconsumption,-0.0862454746723175,believer,male,,aggressive
2018-03-14 02:21:11+00:00,973745829960822784,,,Global stance,0.2626570123672485,believer,female,,aggressive
2018-04-17 18:22:05+00:00,986308833743130625,,,Undefined / One Word Hashtags,0.4636162221431732,neutral,male,,not aggressive
2018-12-04 21:17:13+00:00,1070064504254418944,,,Ideological Positions on Global Warming,-0.1043112128973007,denier,male,,aggressive
2018-11-27 08:49:40+00:00,1067339661612265473,,,Global stance,0.0927354633808136,believer,female,,not aggressive
2017-12-10 17:03:37+00:00,939903440020484098,-73.94958000000003,40.6501,Impact of Resource Overconsumption,-0.296548379945755,believer,male,-2.3559244,not aggressive
2008-12-11 17:04:07+00:00,1051589986,,,Impact of Resource Overconsumption,-0.1053435717582702,denier,male,,aggressive
2015-07-26 18:43:54+00:00,625376009584517120,,,Politics,-0.435616597533226,believer,male,,not aggressive
2018-12-03 16:11:03+00:00,1069625067385077760,-1.3852499932684972,53.98252710000001,Donald Trump versus Science,0.1273651978560856,denier,male,4.9769745,aggressive
2018-07-04 09:04:41+00:00,1014434812797440000,-116.78467,34.687430000000006,Weather Extremes,-0.4928747263669967,believer,male,-0.95980245,not aggressive
2018-11-28 12:48:02+00:00,1067762039341367298,-77.72788309999999,40.9699889,Donald Trump versus Science,-0.4168293045520782,believer,male,4.9893813,not aggressive
2010-04-18 14:34:14+00:00,12400142146,,,Weather Extremes,0.5520992904663086,neutral,male,,not aggressive
2015-04-14 13:20:26+00:00,587968655306043392,72.88261,19.072830000000003,Global stance,-0.073667323565483,believer,male,-2.1780245,not aggressive
2018-07-07 07:42:04+00:00,1015501185451782145,-74.0060152,40.7127281,Impact of Resource Overconsumption,-0.185244876742363,believer,female,1.4386175,not aggressive
2019-04-30 04:04:03+00:00,1123075518155448321,,,Importance of Human Intervantion,0.079906091094017,believer,male,,not aggressive
2018-11-30 14:29:36+00:00,1068512371713474566,,,Global stance,0.4460009982585907,believer,female,,not aggressive
2016-01-25 04:25:02+00:00,691476848832704512,,,Ideological Positions on Global Warming,-0.1730568166017532,neutral,male,,not aggressive
2019-04-20 17:40:30+00:00,1119657103222870016,,,Global stance,-0.0282721827745437,believer,male,,aggressive
2018-12-18 19:13:11+00:00,1075106722551865344,,,Weather Extremes,0.2282450618982315,believer,male,,aggressive
2016-12-22 15:36:38+00:00,811958636004122624,,,Weather Extremes,-0.443269479727745,denier,male,,not aggressive
2018-10-21 19:02:06+00:00,1054085434559598592,-81.37903039999999,28.542110899999997,Weather Extremes,0.6191852797746659,neutral,male,0.50262123,not aggressive
2018-07-10 13:48:03+00:00,1016680450763509760,,,Weather Extremes,-0.507817235994339,believer,male,,not aggressive
2019-05-03 15:29:33+00:00,1124335190761930753,,,Impact of Resource Overconsumption,0.766660806409518,neutral,female,,not aggressive
2014-09-01 18:59:32+00:00,506516726725373952,,,Weather Extremes,0.1418582512855529,denier,female,,not aggressive
2015-04-29 23:00:06+00:00,593550354098229248,-97.51643,35.467560000000006,Importance of Human Intervantion,0.5088730639219283,believer,female,-3.0134952,aggressive
2018-10-20 04:22:00+00:00,1053501562830680064,-90.04898000000001,35.149530000000006,Weather Extremes,0.6191852797746659,neutral,male,4.679258,not aggressive
2017-12-27 15:41:15+00:00,946043305745293312,,,Importance of Human Intervantion,-0.6326771058797837,denier,female,,not aggressive
2018-09-11 09:13:56+00:00,1039441902452568064,,,Global stance,0.5899497348546981,believer,female,,not aggressive
2018-09-09 22:04:00+00:00,1038910922855657473,,,Global stance,-0.5422776233911515,believer,female,,not aggressive
2017-12-27 09:29:20+00:00,945949709604151296,,,Weather Extremes,0.3826986806798291,believer,female,,not aggressive
2014-12-14 10:09:03+00:00,544071564224757760,-75.28379000000001,40.2415,Importance of Human Intervantion,0.5998866725921631,believer,male,1.8867632,not aggressive
2018-01-26 13:45:23+00:00,956885784707125248,-77.03636999999998,38.89511,Weather Extremes,-0.5983362644433976,believer,male,-0.2019699,not aggressive
2011-09-14 21:08:59+00:00,114083243892019200,,,Donald Trump versus Science,-0.3105671356678009,denier,male,,aggressive
2012-11-19 02:21:22+00:00,270351027847438336,,,Weather Extremes,-0.4803068488836288,neutral,female,,aggressive
2018-01-19 01:12:46+00:00,954159667642499072,,,Weather Extremes,-0.0013478432655334,neutral,male,,not aggressive
2015-01-17 11:27:29+00:00,556412489009995776,-115.1485163,36.1672559,Weather Extremes,0.4053916812419891,neutral,male,3.8206012,not aggressive
2010-06-10 16:04:47+00:00,15860281963,,,Global stance,0.7754277777433396,believer,female,,not aggressive
2017-09-13 16:14:14+00:00,908000879126728704,,,Global stance,-0.7827679519653321,believer,male,,aggressive
2013-09-17 10:34:42+00:00,379916314389004288,,,Seriousness of Gas Emissions,-0.2247561116695404,denier,female,,aggressive
2019-05-01 19:32:18+00:00,1123671504317763585,,,Undefined / One Word Hashtags,0.4344868858655294,believer,male,,not aggressive
2015-08-05 00:53:33+00:00,628730525348438016,,,Importance of Human Intervantion,0.7757416050195693,neutral,male,,not aggressive
2016-09-03 10:43:05+00:00,772022095656128512,,,Importance of Human Intervantion,0.4739907647609711,believer,male,,not aggressive
2018-10-14 16:40:29+00:00,1051513082952830976,-123.0950506,44.0505054,Global stance,-0.5350631475448608,neutral,male,-2.8816226,aggressive
2017-11-16 10:20:34+00:00,931104701868736512,,,Importance of Human Intervantion,-0.5265669087886811,believer,female,,not aggressive
2016-02-26 18:01:16+00:00,703278672493551616,,,Importance of Human Intervantion,-0.4212754964828491,denier,male,,aggressive
2011-02-13 20:32:36+00:00,36885472743526400,-75.16352619999998,39.9527237,Weather Extremes,0.0332405055999756,neutral,female,1.0338120000000002,aggressive
2018-05-13 15:38:33+00:00,995689765532983296,,,Global stance,-0.5150696373462678,believer,male,,aggressive
2013-11-17 09:19:37+00:00,402003078175404032,,,Donald Trump versus Science,-0.4708221827030182,neutral,male,,aggressive
2009-07-21 14:16:26+00:00,2758369811,-72.6311006,42.3178989,Donald Trump versus Science,-0.449490591597557,believer,male,-2.1473343,not aggressive
2018-07-06 14:12:26+00:00,1015237037618814976,-2.9733107999999997,53.1845436,Global stance,0.5856249851226807,believer,male,5.1385045,not aggressive
2018-04-22 21:42:56+00:00,988171321321271297,-75.69811999999997,45.411170000000006,Donald Trump versus Science,-0.4668574663877488,believer,male,-1.8989983,not aggressive
2011-04-18 21:50:04+00:00,60097789127954432,,,Weather Extremes,0.070953797841072,denier,male,,not aggressive
2010-12-16 21:28:06+00:00,15518553864146944,,,Weather Extremes,0.6458314785718918,neutral,female,,not aggressive
2018-12-01 15:08:39+00:00,1068884587047206912,,,Global stance,0.6175560901641846,believer,female,,not aggressive
2010-02-13 06:34:28+00:00,9046055005,-118.242766,34.0536909,Donald Trump versus Science,-0.421895641541481,neutral,male,1.724018,not aggressive
2018-03-18 17:32:57+00:00,975424832144748544,,,Politics,0.5034590576171876,believer,male,,not aggressive
2010-04-12 02:23:01+00:00,12023621976,,,Weather Extremes,-0.1590463591575622,denier,male,,not aggressive
2018-02-23 07:22:17+00:00,966936234139488256,,,Importance of Human Intervantion,-0.6042898237466813,believer,male,,not aggressive
2019-04-21 17:29:35+00:00,1120016745392066560,98.9161607,8.061090700000001,Politics,0.0057253241539001,neutral,male,0.29142466,not aggressive
2018-12-03 17:41:03+00:00,1069647715532005377,,,Global stance,0.7674911175727843,believer,male,,not aggressive
2018-11-26 19:24:51+00:00,1067137122098925568,,,Global stance,0.1700573866128921,believer,male,,not aggressive
2014-11-05 19:41:10+00:00,530082414358695936,,,Ideological Positions on Global Warming,0.4453939612150192,neutral,female,,not aggressive
2016-10-11 14:23:05+00:00,785848200418787328,27.975,-26.096111,Global stance,-0.1315295022964477,believer,male,3.2790134,not aggressive
2016-12-16 10:45:22+00:00,809711008092712960,-87.65005000000001,41.85003,Ideological Positions on Global Warming,0.584393050813675,believer,female,-9.538587,not aggressive
2019-04-19 17:42:25+00:00,1119295197970685952,,,Weather Extremes,-0.6216380640268326,believer,female,,not aggressive
2017-11-15 18:10:08+00:00,930860484735193088,-0.12574,51.50853000000001,Importance of Human Intervantion,-0.3729287302494049,believer,male,2.887635,not aggressive
2016-01-28 16:18:11+00:00,692743481677213696,-79.4163,43.70011,Undefined / One Word Hashtags,-0.039699301123619,believer,male,5.4892817,not aggressive
2014-02-17 20:17:02+00:00,435508206517776384,,,Seriousness of Gas Emissions,-0.4982748630285263,believer,male,,not aggressive
2019-04-24 04:04:43+00:00,1120901356234133504,,,Impact of Resource Overconsumption,-0.3803469088077545,believer,male,,aggressive
2018-03-17 02:30:06+00:00,974835234813353984,72.88261,19.072830000000003,Undefined / One Word Hashtags,0.5922231707811355,believer,female,0.9052842,aggressive
2018-12-06 10:50:04+00:00,1070631452373643264,,,Global stance,-0.0361628830432891,neutral,male,,not aggressive
2018-12-04 19:32:51+00:00,1070038238822350856,-4.176690000000001,55.764120000000005,Importance of Human Intervantion,0.4698901176452636,believer,male,4.705326,not aggressive
2018-06-14 10:48:24+00:00,1007213159260852224,36.826061224105075,-1.30316895,Global stance,0.7869282121181488,believer,male,0.45701247,not aggressive
2009-12-02 18:39:53+00:00,6277173370,,,Global stance,-0.2308188673301177,believer,male,,not aggressive
2010-06-11 16:12:05+00:00,15939546589,-77.20756120000001,39.14062670000001,Politics,-0.464668720960617,neutral,male,0.8744908000000001,not aggressive
2015-12-24 20:13:26+00:00,680119108273352704,,,Seriousness of Gas Emissions,-0.3759177625179291,believer,male,,not aggressive
2018-12-20 03:07:19+00:00,1075588429440663552,,,Politics,0.6366864780664444,believer,male,,not aggressive
2016-09-02 12:49:31+00:00,771691523046051840,,,Global stance,0.2725891636371613,believer,female,,not aggressive
2018-07-10 02:11:06+00:00,1016505057309872128,,,Importance of Human Intervantion,-0.5583558669090272,believer,female,,not aggressive
2018-02-28 19:04:42+00:00,968924941512069121,,,Donald Trump versus Science,0.0557969510555267,believer,male,,not aggressive
2015-12-16 20:51:22+00:00,677229551970344960,,,Global stance,0.0506115671555201,denier,female,,not aggressive
2018-08-13 23:57:33+00:00,1029155025606635520,,,Importance of Human Intervantion,-0.6775984174728393,believer,female,,aggressive
2016-11-02 22:06:08+00:00,793937262107095040,-77.02063116905664,39.00864110000001,Importance of Human Intervantion,-0.0596409142017364,believer,male,3.7970436,not aggressive
2018-02-04 21:04:00+00:00,960257654449991680,,,Undefined / One Word Hashtags,0.4782129824161529,believer,male,,not aggressive
2018-12-13 23:04:05+00:00,1073352889094062080,,,Politics,0.016470061969757,believer,male,,not aggressive
2017-02-02 15:58:12+00:00,827184351662178304,-73.33891209999999,42.210372199999995,Global stance,0.5382355661471684,believer,male,3.155413,not aggressive
2018-02-07 21:09:01+00:00,961346080066609152,-81.97484,33.47097,Undefined / One Word Hashtags,0.2778145362615585,believer,male,5.637556,aggressive
2015-08-03 18:18:34+00:00,628268737423020032,,,Politics,0.0101747688922015,neutral,male,,not aggressive
2018-09-16 13:16:51+00:00,1041314974642135040,,,Donald Trump versus Science,-0.5161470119635264,believer,female,,not aggressive
2018-10-11 22:43:18+00:00,1050517223113076736,-87.65005000000001,41.85003,Politics,-0.2391006901423136,believer,male,6.6171203,not aggressive
2017-10-03 11:47:23+00:00,915181483643539461,,,Undefined / One Word Hashtags,0.0515343397855758,believer,female,,not aggressive
2017-01-29 23:00:35+00:00,825841096295141376,,,Importance of Human Intervantion,0.767970079112053,believer,male,,aggressive
2018-05-31 13:33:17+00:00,1002181223064588289,-104.9847,39.73915,Weather Extremes,-0.0978527081065707,neutral,male,2.7263298,not aggressive
2018-11-27 18:36:33+00:00,1067487356461174786,,,Politics,-0.4843488487958908,believer,female,,not aggressive
2018-12-05 16:49:11+00:00,1070359438484094976,,,Seriousness of Gas Emissions,-0.5599073186007413,believer,male,,aggressive
2018-02-25 05:40:24+00:00,967635369729691649,23.78712,61.49911,Undefined / One Word Hashtags,0.0180371850728988,believer,female,-5.49598,not aggressive
2015-02-17 13:58:47+00:00,567684586113867776,,,Donald Trump versus Science,0.0820111598014831,believer,male,,not aggressive
2015-12-15 18:45:52+00:00,676835582803206144,,,Politics,-0.0306977642059326,neutral,male,,aggressive
2018-12-24 04:17:38+00:00,1077055675287719942,,,Politics,-0.4809996485710144,believer,male,,not aggressive
2018-03-16 12:43:50+00:00,974627299785084928,,,Global stance,-0.0632293075323104,neutral,male,,aggressive
2018-01-28 02:52:27+00:00,957446241234731008,,,Global stance,0.616004334084193,believer,male,,aggressive
2017-10-05 10:42:20+00:00,915889889694113793,,,Global stance,-0.6779614681720733,neutral,male,,not aggressive
2018-12-02 19:17:48+00:00,1069309676188258305,-80.03177420000002,36.0466266,Politics,-0.3856275081634521,neutral,female,4.1574773999999985,aggressive
2017-12-29 00:17:45+00:00,946535676492894208,-70.64931849999999,43.1520973,Weather Extremes,0.5473671840190888,neutral,male,-13.658101,not aggressive
2017-11-07 19:35:13+00:00,927982794487291904,-77.03636999999998,38.89511,Politics,0.0474196088790893,believer,male,1.6484593999999997,not aggressive
2017-11-11 23:19:34+00:00,929488802934013952,,,Undefined / One Word Hashtags,-0.4416847678899765,believer,male,,not aggressive
2018-05-25 16:42:08+00:00,1000054420296499200,-74.00596999999998,40.714270000000006,Importance of Human Intervantion,0.629980788564682,believer,male,3.8413734,not aggressive
2017-01-31 07:34:14+00:00,826332749858488320,,,Importance of Human Intervantion,0.0970512645006179,believer,male,,aggressive
2017-12-12 00:59:43+00:00,940385641845673985,,,Undefined / One Word Hashtags,0.3849146068096161,believer,male,,not aggressive
2017-11-14 08:45:22+00:00,930355966595477505,,,Importance of Human Intervantion,0.3815336227416992,believer,male,,not aggressive
2017-11-07 15:20:03+00:00,927918579055517696,-84.6824346,43.6211955,Global stance,0.0383432090759277,believer,male,-2.2101097000000003,not aggressive
2010-01-08 20:10:03+00:00,7530875384,,,Weather Extremes,0.0678685261708718,neutral,male,,not aggressive
2018-10-01 21:49:28+00:00,1046879796624547840,7.0122800000000005,51.456570000000006,Politics,-0.1982248671770095,neutral,male,7.679292999999999,aggressive
2010-06-02 02:40:26+00:00,15222462491,,,Seriousness of Gas Emissions,0.5488524481455486,neutral,male,,aggressive
2018-09-13 21:57:23+00:00,1040358809741520896,,,Importance of Human Intervantion,-0.4889292180538178,believer,male,,aggressive
2017-12-13 08:14:48+00:00,940857522365267970,,,Importance of Human Intervantion,-0.2216104098558425,believer,male,,not aggressive
2017-12-13 18:26:24+00:00,941011437954011137,,,Importance of Human Intervantion,0.5602607209444046,believer,male,,not aggressive
2010-02-16 03:17:15+00:00,9168213006,-82.3984882,34.851354,Weather Extremes,-0.6551411647796631,neutral,male,-6.766596000000002,not aggressive
2017-09-12 20:46:47+00:00,907707084489334784,-90.0701156,29.949932300000008,Global stance,-0.0076995193958282,believer,male,-3.0808957,not aggressive
2012-11-11 19:35:57+00:00,267712287719178240,,,Global stance,-0.4211630523204803,believer,male,,not aggressive
2019-05-15 17:14:26+00:00,1128710241082851333,-99.75067,41.50028,Donald Trump versus Science,0.5091904846191406,neutral,male,3.6662781,not aggressive
2018-11-28 15:57:26+00:00,1067809703554633731,,,Donald Trump versus Science,-0.7483447944402695,believer,female,,aggressive
2018-05-18 13:58:15+00:00,997476461140496386,,,Global stance,0.5743894069346516,believer,male,,not aggressive
2013-10-23 16:26:08+00:00,393050717684269056,,,Donald Trump versus Science,-0.5365430062294007,denier,male,,not aggressive
2018-08-29 04:10:34+00:00,1034654515578978304,,,Weather Extremes,0.4367012496232986,neutral,female,,not aggressive
2015-12-11 14:35:03+00:00,675322910555422720,-73.3578955,41.141485499999995,Importance of Human Intervantion,0.8515494267702102,believer,female,7.9774666,not aggressive
2011-12-09 09:04:29+00:00,145066273691287552,7.0341973,5.489736,Weather Extremes,-0.4087595638751983,denier,male,0.91649467,not aggressive
2015-06-18 23:12:37+00:00,611672895069163520,,,Global stance,-0.3807825446128845,denier,male,,aggressive
2018-04-09 22:59:43+00:00,983479600725422080,,,Global stance,0.2530697613875071,believer,female,,not aggressive
2018-10-03 13:31:43+00:00,1047479310599303168,81.58272052610222,25.440310000000004,Importance of Human Intervantion,0.6095381627559662,believer,female,0.5879837,not aggressive
2013-07-12 01:17:23+00:00,355496074246500352,,,Weather Extremes,-0.3648548607587814,neutral,female,,not aggressive
2017-09-21 21:12:41+00:00,910975092234051584,-80.22393699999999,26.0031465,Global stance,-0.59217357609272,believer,male,1.1441553999999998,aggressive
2017-10-02 05:50:07+00:00,914729185272225792,,,Significance of Pollution Awareness Events,0.1374834563970565,believer,male,,not aggressive
2018-04-15 15:20:11+00:00,985538280245481473,,,Weather Extremes,0.281084605884552,believer,male,,not aggressive
2018-10-10 00:58:15+00:00,1049826409756184576,-75.47127940000001,40.6022059,Politics,0.6110376758234841,believer,male,2.7215743,aggressive
2017-10-03 13:33:01+00:00,915208066353819648,,,Significance of Pollution Awareness Events,-0.1758652928829193,believer,male,,not aggressive
2015-04-25 23:35:45+00:00,592109772607852544,106.827183,-6.1753941999999995,Global stance,0.647032959318161,believer,male,-1.2530555,not aggressive
2017-11-21 21:09:48+00:00,933080025611620353,,,Undefined / One Word Hashtags,0.4891909807920456,believer,female,,not aggressive
2018-06-12 12:30:12+00:00,1006514002242035712,,,Global stance,0.3774351328611374,neutral,male,,not aggressive
2019-05-03 17:41:30+00:00,1124368396974546954,-135.00404,62.99961999999999,Global stance,0.5655131936073303,believer,male,-2.403911,not aggressive
2016-02-26 07:34:47+00:00,703121014067101696,,,Global stance,-0.0309753715991973,believer,male,,not aggressive
2013-10-07 00:36:33+00:00,387013542265618432,,,Weather Extremes,0.2170904344479242,believer,male,,not aggressive
2018-09-06 01:47:09+00:00,1037517526500966401,,,Donald Trump versus Science,0.2887027248555963,denier,male,,not aggressive
2018-04-30 16:40:35+00:00,990994335377354754,,,Importance of Human Intervantion,-0.4061028361320495,believer,male,,aggressive
2018-09-12 15:43:40+00:00,1039902370363269123,,,Politics,-0.3133162707090378,believer,female,,not aggressive
2018-09-15 16:23:53+00:00,1040999656602460162,-73.79763369999999,40.74982429999999,Impact of Resource Overconsumption,-0.3595309575080871,believer,male,0.76935184,not aggressive
2017-11-20 20:58:51+00:00,932714880154583040,-122.5310874,37.9735346,Global stance,0.1244596304178237,believer,male,2.5186133,not aggressive
2018-03-26 12:57:35+00:00,978254637232017408,17.6667415,49.226766,Politics,-0.6320498362064362,neutral,male,-2.1097958,not aggressive
2015-09-01 05:27:04+00:00,638583833001086976,,,Politics,-0.4578948467969894,believer,female,,not aggressive
2019-05-14 03:07:23+00:00,1128134684423200768,-93.6046655,41.591032299999995,Donald Trump versus Science,-0.0477771707534789,denier,female,5.253161,not aggressive
2017-12-18 19:00:57+00:00,942832072254803968,,,Politics,0.0641618585586547,believer,female,,aggressive
2016-05-07 10:35:15+00:00,728895967488053248,-0.1276474,51.5073219,Global stance,0.566153215828809,believer,male,5.224319,not aggressive
2011-09-05 15:08:43+00:00,110731088904716288,,,Ideological Positions on Global Warming,-0.0475048904180526,neutral,undefined,,not aggressive
2018-09-15 04:01:02+00:00,1040812713448890368,,,Weather Extremes,0.7623671051979064,believer,male,,not aggressive
2018-09-11 19:25:12+00:00,1039595732892676097,-122.4199061,37.7790262,Global stance,0.5280988365411758,believer,male,-3.5773523000000003,aggressive
2017-11-15 13:01:30+00:00,930782813426737152,,,Global stance,0.1374331723928451,believer,male,,not aggressive
2019-05-14 13:18:43+00:00,1128288531410034688,,,Weather Extremes,-0.6667408951706356,believer,female,,not aggressive
2013-12-15 10:26:37+00:00,412166797312290816,,,Weather Extremes,-0.0702092498540878,neutral,female,,not aggressive
2018-04-11 19:25:07+00:00,984150370950656000,,,Politics,-0.5561900503794353,neutral,male,,not aggressive
2018-02-23 18:16:35+00:00,967100893710766082,,,Undefined / One Word Hashtags,0.0315036563396453,believer,male,,not aggressive
2018-04-11 02:22:59+00:00,983893142813327360,,,Undefined / One Word Hashtags,0.6905941188732783,believer,male,,not aggressive
2015-12-21 00:03:55+00:00,678727563653439488,,,Global stance,0.5308401611718265,neutral,male,,not aggressive
2019-05-15 00:57:15+00:00,1128464323880390656,-79.4163,43.700109999999995,Seriousness of Gas Emissions,0.0267587614536285,believer,male,8.552754,not aggressive
2009-06-19 10:52:46+00:00,2236505759,-84.28093319999999,30.4380832,Weather Extremes,0.5073622505426407,denier,male,3.1959748,not aggressive
2018-01-28 19:42:21+00:00,957700391529009152,,,Undefined / One Word Hashtags,0.3863802850246429,believer,male,,not aggressive
2019-05-12 14:06:44+00:00,1127575840798257157,10.037037979628854,45.22086405,Seriousness of Gas Emissions,0.1750118783315022,neutral,male,3.29316,not aggressive
2018-05-04 02:32:04+00:00,992230350033043456,138.5999312,-34.928180499999996,Impact of Resource Overconsumption,-0.375125931986173,denier,male,-1.6236728,aggressive
2019-04-17 17:48:59+00:00,1118572073335521280,-97.14704,49.8844,Importance of Human Intervantion,0.1741492064476013,neutral,male,3.2291465,not aggressive
2018-10-08 21:24:35+00:00,1049410250443374593,150.89385,-34.4243941,Seriousness of Gas Emissions,-0.3128272980928421,believer,male,-1.510451,not aggressive
2016-05-21 11:15:49+00:00,733979608232660992,,,Politics,-0.2823194378614425,neutral,male,,not aggressive
2017-06-01 21:52:31+00:00,870397673408524288,,,Importance of Human Intervantion,-0.2715961223363876,believer,female,,aggressive
2018-09-02 01:33:10+00:00,1036064457775108097,,,Significance of Pollution Awareness Events,-0.1819716791391372,believer,male,,not aggressive
2011-06-05 15:36:13+00:00,77398323828498432,-78.4927721,37.1232245,Donald Trump versus Science,-0.2665056318283081,denier,male,1.7545992,aggressive
2010-12-14 15:01:35+00:00,14696508611895296,-77.61556,43.15478,Weather Extremes,0.5966055539131164,neutral,female,-7.319909599999999,not aggressive
2017-12-18 18:30:24+00:00,942824382606512129,-73.83652000000001,40.68149,Politics,-0.2100333998680114,neutral,female,1.3749323999999998,not aggressive
2019-04-27 11:07:48+00:00,1122094993412202496,,,Donald Trump versus Science,0.4945899567524592,believer,male,,aggressive
2015-02-09 03:39:04+00:00,564629526555009024,-122.6744557,45.63069539999999,Politics,-0.309735907459259,neutral,male,4.6533419999999985,not aggressive
2017-12-29 15:28:51+00:00,946764960184569856,,,Weather Extremes,0.5637948481491634,believer,female,,not aggressive
2019-01-02 20:15:14+00:00,1080558154805637120,,,Global stance,-0.1027982064247131,believer,female,,not aggressive
2018-08-25 23:36:10+00:00,1033498298722725889,-1.2649062,52.5310214,Weather Extremes,-0.5355846156358719,neutral,female,4.8523903,not aggressive
2017-11-29 08:17:25+00:00,935784751436201990,,,Politics,0.2199695923328399,believer,female,,not aggressive
2010-07-11 17:35:32+00:00,18286498316,,,Global stance,0.1134067326784133,neutral,male,,aggressive
2013-05-18 00:29:20+00:00,335552647371292672,,,Global stance,0.6930485527276993,neutral,female,,not aggressive
2018-03-01 20:56:05+00:00,969315362041942017,,,Politics,-0.0190843013048172,believer,male,,aggressive
2018-03-28 21:11:03+00:00,979103600025616384,,,Global stance,-0.4501593209028244,neutral,male,,aggressive
2018-10-18 01:43:25+00:00,1052736880352088064,-74.0060152,40.7127281,Politics,-0.4682688625335693,believer,female,1.4386175,aggressive
2017-10-20 08:54:43+00:00,921298625262686210,4.3487800000000005,50.85045,Impact of Resource Overconsumption,-0.4584710194826126,believer,male,3.3726215,not aggressive
2019-05-03 09:23:14+00:00,1124243005597257729,,,Importance of Human Intervantion,0.4471219532012939,believer,male,,not aggressive
2019-04-30 01:58:30+00:00,1123043918889664512,,,Importance of Human Intervantion,-0.5749932467222214,believer,male,,not aggressive
2017-10-07 15:09:06+00:00,916681799560040448,,,Undefined / One Word Hashtags,0.4884349852800369,believer,female,,not aggressive
2018-02-07 22:40:21+00:00,961369067675443200,,,Undefined / One Word Hashtags,0.2007742614269256,believer,male,,not aggressive
2018-01-22 14:55:01+00:00,955453753808867328,-0.1276474,51.5073219,Global stance,0.5972491264343261,believer,male,3.4502308,not aggressive
2018-05-03 14:43:14+00:00,992051964270776320,-95.63495,29.61968,Global stance,-0.7214188610315323,believer,female,3.1040738,not aggressive
2019-05-15 13:20:42+00:00,1128651418036994049,,,Weather Extremes,0.4936487491369247,neutral,female,,not aggressive
2017-12-13 05:32:09+00:00,940816592019042307,88.36304000000001,22.56263,Importance of Human Intervantion,0.5602607209444046,believer,female,2.734466,not aggressive
2017-12-10 11:19:35+00:00,939816862216581120,,,Impact of Resource Overconsumption,-0.1018013089895248,believer,male,,aggressive
2019-04-20 19:10:04+00:00,1119679645929156608,,,Weather Extremes,0.2374920902013778,believer,female,,not aggressive
2018-08-31 15:29:02+00:00,1035550033268170757,2.3488,48.85341,Weather Extremes,0.697184447169304,believer,female,4.0367190000000015,not aggressive
2016-06-20 05:26:46+00:00,744763402459955200,,,Global stance,0.3360085785388946,neutral,male,,not aggressive
2017-10-24 06:13:28+00:00,922707596691345408,,,Global stance,-0.0130294447436477,believer,male,,not aggressive
2019-04-19 15:52:25+00:00,1119267516042235910,-123.11395290000002,49.2608724,Importance of Human Intervantion,-0.409563355742182,believer,male,-1.2338744,not aggressive
2016-12-31 00:32:17+00:00,814992535944720384,-115.13722,36.17497,Weather Extremes,0.1448559244553248,neutral,male,0.5215563,not aggressive
2015-05-28 21:26:20+00:00,604036005776220160,-46.633382399999995,-23.5506507,Importance of Human Intervantion,-0.2749935980796814,believer,male,2.0419073,aggressive
2009-07-14 11:23:45+00:00,2630725471,,,Importance of Human Intervantion,0.2323747008800506,believer,male,,not aggressive
2018-05-08 18:53:31+00:00,993926889629798400,,,Importance of Human Intervantion,-0.4059048469781876,believer,male,,aggressive
2015-06-30 01:17:29+00:00,615690588076126208,-115.13722,36.17497,Global stance,-0.6520056885242462,believer,male,5.5998980000000005,not aggressive
2018-02-07 12:05:19+00:00,961209254161068032,,,Global stance,-0.4695327400684356,believer,male,,aggressive
2019-05-07 09:47:26+00:00,1125698647222628352,,,Significance of Pollution Awareness Events,0.1623951653957366,believer,male,,not aggressive
2017-12-19 16:26:57+00:00,943155704373772288,,,Donald Trump versus Science,-0.2027278586489814,neutral,male,,not aggressive
2016-07-29 04:22:57+00:00,758880468322267136,-82.55402000000001,35.600950000000005,Seriousness of Gas Emissions,0.576570758673639,believer,male,1.6279098,not aggressive
2018-01-24 19:03:50+00:00,956241148539912192,,,Seriousness of Gas Emissions,0.0515188540458679,believer,male,,not aggressive
2017-11-01 12:06:19+00:00,925695498098561025,,,Donald Trump versus Science,-0.4583109468221664,neutral,male,,aggressive
2017-02-01 02:59:04+00:00,826625887374282752,-72.74203990000002,41.7620447,Politics,-0.0633572942760255,neutral,male,1.6610234,aggressive
2017-10-03 05:20:17+00:00,915084065371492352,,,Global stance,-0.4410213381052017,believer,male,,aggressive
2015-07-16 07:15:03+00:00,621578775126392832,,,Seriousness of Gas Emissions,-0.054444059729576,believer,male,,not aggressive
2018-06-12 10:26:58+00:00,1006482989742743553,,,Global stance,-0.5076223760843277,believer,female,,aggressive
2018-02-12 04:38:06+00:00,962908647889149952,,,Weather Extremes,0.4648260940790176,neutral,male,,not aggressive
2019-05-18 01:46:26+00:00,1129563865056985088,,,Politics,-0.4382294775724411,denier,male,,aggressive
2010-10-31 14:21:32+00:00,29280946005,,,Undefined / One Word Hashtags,0.5247821773529053,neutral,female,,not aggressive
2018-06-04 07:56:22+00:00,1003545984209600512,,,Seriousness of Gas Emissions,0.4834939107735952,neutral,male,,not aggressive
2018-11-28 06:50:12+00:00,1067671986371993600,,,Importance of Human Intervantion,0.1202208778858184,believer,male,,aggressive
2015-01-21 22:03:26+00:00,558022082210963456,-82.35919331410949,36.29885175,Politics,0.0259497778177261,neutral,male,6.18518,aggressive
2017-11-04 03:44:24+00:00,926656348829421568,,,Undefined / One Word Hashtags,0.127405908703804,believer,male,,not aggressive
2018-01-28 17:36:08+00:00,957668628559794177,,,Importance of Human Intervantion,0.4291439493894577,denier,female,,aggressive
2018-06-03 13:45:04+00:00,1003271352407687168,,,Importance of Human Intervantion,0.3346764402730124,believer,female,,not aggressive
2018-02-01 09:30:29+00:00,958995963204587520,,,Global stance,0.3351348956346511,believer,male,,not aggressive
2014-01-29 02:25:04+00:00,428353069831561216,,,Weather Extremes,0.5857513974189759,denier,female,,not aggressive
2017-05-18 02:52:03+00:00,865037236676558848,,,Seriousness of Gas Emissions,0.5309249901533126,neutral,male,,not aggressive
2017-12-05 04:02:33+00:00,937894940016807936,,,Weather Extremes,0.02485813498497,believer,undefined,,not aggressive
2012-07-01 14:58:35+00:00,219444898930233344,,,Donald Trump versus Science,0.5123886501312256,neutral,female,,not aggressive
2017-11-03 18:49:53+00:00,926521831648923648,-122.42349000000002,37.77239,Politics,-0.4613511098861694,believer,female,0.5462906999999999,not aggressive
2018-09-20 15:38:00+00:00,1042800048013225984,,,Donald Trump versus Science,0.5479736317157745,believer,male,,aggressive
2019-05-14 14:15:05+00:00,1128302719825920001,,,Donald Trump versus Science,-0.4387142065048218,denier,male,,aggressive
2017-10-24 21:04:17+00:00,922931777928355841,-86.52639,39.16533,Global stance,0.7929616644620896,believer,female,-1.1065834,not aggressive
2014-01-28 05:13:40+00:00,428033110559580160,,,Weather Extremes,0.7722200447320937,neutral,male,,aggressive
2019-04-18 13:20:52+00:00,1118866987571122177,,,Importance of Human Intervantion,0.0293961465358734,believer,female,,not aggressive
2019-04-27 16:02:02+00:00,1122169037981536256,,,Global stance,-0.0805482417890003,believer,undefined,,not aggressive
2019-01-01 20:34:52+00:00,1080200709444759552,-123.3649533,48.4283182,Importance of Human Intervantion,0.1941902800559997,believer,male,-1.3402091,not aggressive
2015-07-16 14:56:05+00:00,621694801608478720,,,Global stance,-0.4574375213861466,believer,female,,not aggressive
2018-01-07 02:23:02+00:00,949828694058655744,,,Weather Extremes,0.4970317895650863,neutral,female,,not aggressive
2018-08-27 22:18:38+00:00,1034203563612758019,-94.1574328,36.0625843,Global stance,0.4891848721265792,believer,female,4.3970942000000015,not aggressive
2018-04-13 21:01:18+00:00,984899349477027843,-80.19362000000001,25.7741728,Significance of Pollution Awareness Events,0.8752367143630981,believer,female,0.74845505,not aggressive
2017-11-08 22:13:11+00:00,928384935811059716,2.3488,48.85341,Politics,0.078038584780693,neutral,female,-3.4480226000000003,aggressive
2019-05-06 11:19:22+00:00,1125359394810736646,-84.19858,34.028929999999995,Politics,0.2936941356182098,believer,male,2.7829454,not aggressive
2019-05-09 16:47:18+00:00,1126529085503619073,,,Significance of Pollution Awareness Events,-0.4679688215255737,neutral,female,,not aggressive
2019-04-22 22:56:03+00:00,1120461291188047872,,,Politics,-0.5134572633266449,believer,male,,not aggressive
2017-10-16 05:04:57+00:00,919791249694982144,-122.0808,37.66882,Weather Extremes,-0.6610048945903777,believer,male,3.3667748,aggressive
2016-10-15 06:37:40+00:00,787180623068749824,150.89345,-34.424,Undefined / One Word Hashtags,-0.0094000101089477,believer,female,-0.4507449000000001,not aggressive
2018-12-03 21:52:34+00:00,1069711013275201536,20.9848115,64.83517359999999,Global stance,-0.5067434291124344,believer,male,2.5154314,not aggressive
2017-10-24 13:42:32+00:00,922820607506550784,,,Importance of Human Intervantion,-0.5903222918272019,believer,female,,not aggressive
2018-09-08 20:26:49+00:00,1038524077890306049,,,Donald Trump versus Science,-0.5561504831473032,believer,male,,not aggressive
2018-12-22 16:46:30+00:00,1076519359416320001,,,Global stance,0.5929164772748947,believer,female,,not aggressive
2018-09-07 11:13:00+00:00,1038022314896441346,,,Global stance,0.0492132551670074,neutral,male,,not aggressive
2017-12-29 14:20:52+00:00,946747852411334656,,,Importance of Human Intervantion,-0.3767780596574148,believer,male,,not aggressive
2015-07-01 11:05:18+00:00,616200904627343360,-117.16472,32.715709999999994,Donald Trump versus Science,-0.215161423980622,believer,male,2.544077,aggressive
2019-04-28 15:41:31+00:00,1122526265498533893,,,Weather Extremes,-0.4346499302705129,believer,male,,aggressive
2018-11-30 17:43:03+00:00,1068561055905968133,-0.5,51.400000000000006,Politics,0.0468798366308212,believer,undefined,4.0638494,not aggressive
2016-12-24 04:23:31+00:00,812514013825249280,,,Weather Extremes,-0.0727386359930038,neutral,female,,not aggressive
2018-03-22 21:15:55+00:00,976930497182957568,-86.80249,33.52066,Global stance,-0.0216646858215331,believer,male,-5.744267,not aggressive
2015-12-11 09:08:00+00:00,675240606025785344,,,Importance of Human Intervantion,0.4786445942315188,neutral,male,,not aggressive
2019-05-18 12:43:02+00:00,1129729104427855872,-75.69811999999997,45.411170000000006,Importance of Human Intervantion,-0.5553486188650132,neutral,female,7.119825,aggressive
2018-01-16 13:55:15+00:00,953264389062385664,,,Importance of Human Intervantion,0.0936822295188903,believer,male,,not aggressive
2014-08-06 21:48:41+00:00,497137209787813888,,,Weather Extremes,0.1207070342540741,neutral,female,,not aggressive
2018-03-05 19:49:13+00:00,970748082190249984,,,Global stance,-0.2247531145572662,believer,male,,not aggressive
2019-05-06 21:06:51+00:00,1125507238532145157,0.0452445,51.5313615,Weather Extremes,0.4838468700374875,denier,male,3.9290957,aggressive
2018-03-27 11:19:07+00:00,978592244662874112,153.02809000000002,-27.46794,Significance of Pollution Awareness Events,0.344908430147171,believer,male,1.1633927,not aggressive
2012-08-07 09:45:12+00:00,232774384098607104,,,Weather Extremes,0.770734656047821,neutral,female,,not aggressive
2018-11-30 05:52:20+00:00,1068382197059600384,-82.35919331410949,36.29885175,Global stance,0.7924188595760436,believer,female,3.8585155,not aggressive
2011-06-30 09:28:11+00:00,86365403147796480,,,Weather Extremes,0.0707043822050094,neutral,male,,aggressive
2018-05-14 14:46:44+00:00,996039111353028610,,,Global stance,0.2352527186393737,neutral,male,,not aggressive
2017-09-22 01:07:28+00:00,911034178279542784,-74.57516000000001,39.47845,Global stance,-0.014393538236618,believer,male,4.4819345,not aggressive
2019-04-30 08:01:09+00:00,1123135185913036801,,,Donald Trump versus Science,-0.2752043938716252,believer,male,,not aggressive
2018-03-08 11:50:43+00:00,971714827780583424,,,Global stance,-0.3951201970815658,believer,male,,not aggressive
2016-05-04 08:48:56+00:00,727782049113735168,92.03996424949702,21.16587175,Undefined / One Word Hashtags,0.477969691157341,neutral,male,-0.8972939,not aggressive
2017-05-05 22:51:36+00:00,860628072911056896,,,Politics,0.2111278818266732,believer,female,,not aggressive
2009-12-20 16:52:36+00:00,6864608962,,,Weather Extremes,-0.5092205565452576,denier,male,,aggressive
2018-06-16 12:01:21+00:00,1007956293632561152,8.276251299999998,50.001231399999995,Seriousness of Gas Emissions,-0.578217021226883,neutral,male,7.520127,not aggressive
2017-10-23 17:19:50+00:00,922512905823801344,,,Global stance,0.616917984342575,believer,male,,aggressive
2019-05-14 05:19:44+00:00,1128167992078979072,,,Importance of Human Intervantion,-0.001364734506607,believer,female,,aggressive
2018-08-15 03:13:40+00:00,1029566768975634432,3.39467,6.454070000000001,Importance of Human Intervantion,0.4743213047583897,believer,female,0.7229293999999999,not aggressive
2017-10-13 07:47:02+00:00,918744876757368832,,,Undefined / One Word Hashtags,0.5716936836481094,denier,female,,aggressive
2017-12-05 03:38:29+00:00,937888884809019398,,,Weather Extremes,0.02485813498497,believer,female,,not aggressive
2017-10-13 04:05:53+00:00,918689220545277952,,,Seriousness of Gas Emissions,0.0380618038654327,believer,male,,aggressive
2016-02-29 10:06:07+00:00,704246261499691008,-0.1276474,51.5073219,Politics,0.7953348130226136,believer,undefined,-1.8511575,not aggressive
2018-06-29 21:55:23+00:00,1012816828492632068,,,Global stance,0.0196474942445755,neutral,female,,not aggressive
2017-12-14 13:18:10+00:00,941296254436376576,,,Politics,0.7591139794429144,believer,female,,not aggressive
2018-10-21 20:48:46+00:00,1054112279371800576,,,Significance of Pollution Awareness Events,0.8418874885638555,believer,male,,not aggressive
2017-11-14 13:05:53+00:00,930421530462445568,,,Global stance,0.4342164099216461,believer,female,,not aggressive
2017-11-03 21:47:34+00:00,926566546649989121,,,Seriousness of Gas Emissions,0.1209842834574835,believer,female,,not aggressive
2018-05-29 13:40:25+00:00,1001458240171970561,,,Global stance,0.4906073212623596,believer,female,,not aggressive
2015-12-15 16:36:42+00:00,676803075596787712,,,Significance of Pollution Awareness Events,-0.0383874212265014,believer,male,,aggressive
2018-03-15 07:33:11+00:00,974186735080009728,2.1774321999999997,41.3828939,Global stance,-0.016228025984764,believer,male,2.8140142000000004,not aggressive
2018-04-27 07:33:35+00:00,989769513569632256,,,Global stance,-0.4438884915590286,believer,male,,not aggressive
2017-12-06 18:53:58+00:00,938481658801590274,,,Global stance,0.4063935130834579,neutral,male,,not aggressive
2019-05-19 02:07:06+00:00,1129931452596932608,,,Importance of Human Intervantion,-0.6579668314297995,believer,male,,not aggressive
2016-02-05 18:28:24+00:00,695675356712452096,,,Seriousness of Gas Emissions,-0.0031961951046278,believer,male,,not aggressive
2018-10-20 18:35:16+00:00,1053716294179053568,,,Significance of Pollution Awareness Events,0.2189501912434895,believer,female,,not aggressive
2016-08-30 09:15:40+00:00,770550544368885760,,,Global stance,-0.4819190949201584,believer,female,,not aggressive
2018-11-27 12:47:42+00:00,1067399564066476035,,,Politics,-0.4843488487958908,believer,male,,not aggressive
2017-09-22 00:03:43+00:00,911018131589521408,-74.00596999999998,40.714270000000006,Politics,0.116955080795288,believer,male,5.0238457,not aggressive
2019-05-05 15:56:49+00:00,1125066830773665794,,,Importance of Human Intervantion,-0.5052388212919235,believer,male,,aggressive
2018-06-11 04:48:55+00:00,1006035527018139648,-76.79358,17.997020000000006,Seriousness of Gas Emissions,0.4124119962692261,believer,male,0.14573535,not aggressive
2015-05-16 09:24:00+00:00,599505570614370304,,,Donald Trump versus Science,-0.649455433011055,believer,male,,aggressive
2017-12-16 15:11:26+00:00,942049537170071553,,,Global stance,0.7203928627490997,believer,male,,not aggressive
2017-12-29 14:08:20+00:00,946744699817283585,,,Undefined / One Word Hashtags,0.592583291888237,believer,male,,not aggressive
2018-02-21 08:02:33+00:00,966221590957617154,28.049722,-26.205,Undefined / One Word Hashtags,0.6672375226736069,believer,male,-0.12890327,not aggressive
2014-11-19 11:49:53+00:00,535037239600746496,,,Weather Extremes,-0.050130755162239,believer,female,,not aggressive
2019-05-03 06:50:52+00:00,1124204660053561344,,,Global stance,0.7966907165780212,believer,male,,not aggressive
2018-11-28 01:39:57+00:00,1067593910673960960,-80.84313,35.22709000000001,Politics,-0.4843488487958908,believer,male,3.5357385000000003,not aggressive
2019-01-01 23:28:13+00:00,1080244333951954945,-117.16472,32.715709999999994,Global stance,0.3910494595766067,neutral,male,-1.4400201,not aggressive
2018-12-12 04:16:08+00:00,1072706643962544128,,,Politics,0.7651681158939998,believer,male,,aggressive
2018-06-01 20:48:59+00:00,1002653258572353536,-82.5001,28.75054,Politics,-0.4897455871105194,believer,female,0.35680318,not aggressive
2018-09-06 06:27:57+00:00,1037588192898236416,24.935450000000003,60.169520000000006,Global stance,0.0035618760715831,believer,female,2.4753299,not aggressive
2018-03-13 17:13:44+00:00,973608056683671552,-84.39026439999999,33.7489924,Undefined / One Word Hashtags,0.4793067425489425,believer,male,-5.318772,not aggressive
2008-12-26 05:15:02+00:00,1078919304,-82.53065000000001,27.336430000000004,Global stance,0.3841374665498733,believer,male,6.04292,not aggressive
2019-04-21 17:01:31+00:00,1120009682981015553,,,Global stance,0.0057253241539001,neutral,female,,not aggressive
2018-04-16 21:03:57+00:00,985987182845353984,,,Global stance,0.4815361612991853,believer,male,,not aggressive
2016-07-25 19:51:56+00:00,757664704198303744,-79.38393470000003,43.6534817,Impact of Resource Overconsumption,0.69991586997509,neutral,male,3.5163121,aggressive
2018-01-28 00:15:27+00:00,957406732581593088,,,Weather Extremes,-0.0925961752176284,neutral,female,,not aggressive
2016-12-02 04:33:24+00:00,804543967593275392,,,Ideological Positions on Global Warming,-0.0130596499919891,believer,female,,not aggressive
2018-09-03 22:12:22+00:00,1036738700770594816,77.5912997,12.9791198,Global stance,0.5764676332235337,neutral,undefined,0.08719111,not aggressive
2019-04-24 23:18:17+00:00,1121191660073963520,8.62118,45.44694000000001,Importance of Human Intervantion,-0.3772326558828354,believer,female,2.2606783,not aggressive
2018-09-16 00:12:48+00:00,1041117664733786112,,,Impact of Resource Overconsumption,-0.3595309575080871,believer,female,,not aggressive
2018-03-06 12:52:11+00:00,971005521263300608,,,Politics,-0.3498689783493678,believer,female,,aggressive
2018-04-12 11:23:22+00:00,984391522744520705,,,Global stance,0.4398384351752021,believer,male,,not aggressive
2019-01-03 20:13:04+00:00,1080919995809316864,-122.71443,38.440470000000005,Global stance,0.1551652626752853,believer,male,-4.0139260000000005,not aggressive
2009-11-23 00:50:24+00:00,5961095482,,,Weather Extremes,0.6227111426046917,believer,male,,aggressive
2019-04-26 14:20:12+00:00,1121781022809452544,,,Importance of Human Intervantion,-0.1980895895957946,believer,undefined,,not aggressive
2018-12-07 23:42:02+00:00,1071188113056161792,,,Importance of Human Intervantion,-0.2033492429971695,believer,male,,not aggressive
2017-10-25 14:10:24+00:00,923190008483405824,-90.24925,38.631620000000005,Importance of Human Intervantion,0.4725614179134368,believer,male,-3.4174910000000005,not aggressive
2018-03-29 22:01:22+00:00,979478651132612608,-97.33754,37.69224000000001,Donald Trump versus Science,-0.4615158251603444,believer,female,-1.5424949,aggressive
2016-11-04 23:04:52+00:00,794676818964074496,,,Politics,-0.4913368225097656,believer,male,,aggressive
2018-10-04 22:33:04+00:00,1047977934974115840,,,Global stance,-0.119830908176634,neutral,male,,aggressive
2015-01-26 21:26:18+00:00,559824678223503360,-71.05977,42.358430000000006,Politics,0.6546432530403137,believer,male,-2.2911866,not aggressive
2019-05-09 02:41:49+00:00,1126316311057801217,,,Global stance,-0.5391092387199402,believer,male,,aggressive
2013-12-04 12:11:39+00:00,408206966788345856,,,Undefined / One Word Hashtags,-0.428647718000412,believer,male,,not aggressive
2014-01-18 14:27:43+00:00,424548662241292288,-86.00097699999999,50.000678,Weather Extremes,-0.0170441244602203,neutral,male,-1.4036889,not aggressive
2018-02-15 00:02:18+00:00,963926406492143616,-122.53109,37.97353,Politics,-0.1024614037752151,believer,female,-0.2724388,aggressive
2017-12-12 00:42:40+00:00,940381352402276352,,,Ideological Positions on Global Warming,-0.670798379778862,believer,female,,aggressive
2017-02-06 19:21:14+00:00,828684999272509440,,,Global stance,0.4802143980026245,believer,male,,not aggressive
2018-08-13 10:52:34+00:00,1028957476878659584,,,Ideological Positions on Global Warming,0.6881302593098746,believer,male,,not aggressive
2018-10-18 07:58:45+00:00,1052831333179744256,151.2164539,-33.854815699999996,Global stance,0.3922231644392013,believer,undefined,-1.3413349,not aggressive
2017-09-24 14:03:35+00:00,911954268126613504,,,Global stance,0.6008777550458908,believer,female,,not aggressive
2017-01-27 14:52:11+00:00,824993409664417792,,,Donald Trump versus Science,-0.263008251786232,believer,male,,aggressive
2017-12-08 15:20:41+00:00,939152762570444802,,,Global stance,-0.4267101500715529,neutral,male,,not aggressive
2019-05-12 10:18:51+00:00,1127518490812977152,,,Politics,0.2364278378592597,neutral,male,,aggressive
2009-09-22 16:25:52+00:00,4175459611,-95.9929113,36.155680499999995,Global stance,-0.4272280888557434,believer,female,-2.2392664,aggressive
2019-04-24 15:09:05+00:00,1121068550104309760,-75.16379,39.95233,Global stance,-0.0409832268953323,neutral,male,2.0797734,not aggressive
2018-09-13 14:51:04+00:00,1040251522859376640,-89.38376129999999,43.074760999999995,Weather Extremes,0.4368729674816131,believer,male,5.341228,not aggressive
2019-01-02 22:10:11+00:00,1080587083431829505,,,Seriousness of Gas Emissions,0.4480815082788467,believer,male,,not aggressive
2018-04-13 16:01:54+00:00,984824005575303168,2.3514616000000004,48.8566969,Importance of Human Intervantion,0.079859587279233,believer,male,2.4865506,aggressive
2010-10-25 16:23:14+00:00,28705883345,,,Weather Extremes,0.1508262903690338,believer,male,,aggressive
2018-01-04 18:18:38+00:00,948982015742955520,,,Global stance,-0.3600920438766479,believer,male,,not aggressive
2016-11-21 02:54:19+00:00,800532765921906688,,,Weather Extremes,0.4532513320446014,neutral,male,,not aggressive
2017-06-01 20:59:11+00:00,870384253690761216,,,Weather Extremes,0.7021589769193104,believer,male,,aggressive
2017-12-06 04:01:43+00:00,938257116992696321,-122.3300624,47.6038321,Weather Extremes,0.02485813498497,believer,male,1.4501992,not aggressive
2018-06-13 01:05:50+00:00,1006704160409079814,-74.0060152,40.7127281,Importance of Human Intervantion,0.2489085976600647,neutral,male,1.4386175,not aggressive
2016-09-05 06:15:58+00:00,772679647012216832,,,Importance of Human Intervantion,0.5787042814016342,neutral,male,,not aggressive
2017-10-16 16:42:19+00:00,919966749495349248,,,Global stance,0.2679803177754083,believer,male,,not aggressive
2017-10-05 22:55:28+00:00,916074387878629378,,,Undefined / One Word Hashtags,0.2027041303396224,believer,male,,not aggressive
2015-12-21 22:53:06+00:00,679072128294068224,-75.02542559999998,39.486277699999995,Global stance,0.0045791479825973,believer,female,3.6718793,aggressive
2018-09-16 00:41:58+00:00,1041125003842994177,,,Impact of Resource Overconsumption,-0.3595309575080871,believer,male,,not aggressive
2017-11-11 06:22:47+00:00,929232920425873408,151.2164539,-33.854815699999996,Weather Extremes,-0.0342129481315612,believer,male,-1.0295478,not aggressive
2018-02-07 22:30:38+00:00,961366623339909120,-99.5120986,31.8160381,Weather Extremes,-0.6232171584129332,neutral,male,-5.2847447,aggressive
2017-06-14 17:08:10+00:00,875037158251405312,,,Undefined / One Word Hashtags,-0.3770093768835068,neutral,male,,aggressive
2018-01-15 00:57:41+00:00,952706318082523137,77.00270014657752,28.42826235,Importance of Human Intervantion,-0.3243880689144134,believer,male,0.96514356,not aggressive
2015-07-22 22:19:34+00:00,623980733678260224,-0.1276474,51.5073219,Ideological Positions on Global Warming,-0.0121443156957626,neutral,male,-0.3142824,not aggressive
2018-03-23 14:19:58+00:00,977188206142742528,-82.35919331410949,36.29885175,Global stance,-0.1984933400630951,neutral,male,-6.204513,aggressive
2018-12-08 23:07:21+00:00,1071541770675077120,,,Global stance,0.2947424212694168,believer,female,,aggressive
2019-05-05 13:22:27+00:00,1125027983725613056,,,Importance of Human Intervantion,-0.4017004195928573,believer,undefined,,not aggressive
2018-12-12 11:29:00+00:00,1072815577738162176,,,Importance of Human Intervantion,0.4006961286067962,believer,male,,not aggressive
2018-12-17 13:32:14+00:00,1074658531582697474,-113.46871000000002,53.550140000000006,Importance of Human Intervantion,0.1108048868656158,believer,male,-4.0203366,aggressive
2016-01-25 02:29:04+00:00,691447663817023488,,,Weather Extremes,-0.5541537762006123,neutral,male,,not aggressive
2011-06-04 17:49:31+00:00,77069485042966528,74.31418289999999,31.5656822,Weather Extremes,0.1323754115343094,neutral,male,0.63303477,not aggressive
2018-02-02 18:48:07+00:00,959498683401359360,-76.49661,42.440630000000006,Importance of Human Intervantion,0.4626417607069015,believer,male,1.8329735,not aggressive
2018-07-06 01:38:03+00:00,1015047190170005504,,,Importance of Human Intervantion,0.6247470884799957,believer,male,,not aggressive
2015-08-03 08:00:47+00:00,628113269786546176,-1.3852499932684972,53.98252710000001,Weather Extremes,0.01852348446846,believer,male,1.6126373,not aggressive
2018-03-06 22:37:23+00:00,971152792520806400,,,Ideological Positions on Global Warming,-0.0758859981775283,believer,male,,not aggressive
2018-09-27 12:28:20+00:00,1045289031075057664,,,Importance of Human Intervantion,0.4999686691045761,believer,male,,not aggressive
2009-07-09 21:14:24+00:00,2556848507,-85.1551411,37.5726028,Weather Extremes,-0.632348794746399,believer,female,-0.8476004,aggressive
2018-12-09 16:45:15+00:00,1071808001974198273,,,Importance of Human Intervantion,-0.0476491023778915,believer,female,,aggressive
2019-04-28 18:56:32+00:00,1122575340339990528,,,Global stance,0.4415109008550644,believer,male,,not aggressive
2018-12-25 23:22:21+00:00,1077706142032236544,-84.92442000000001,35.60867000000001,Ideological Positions on Global Warming,-0.3601853102445603,believer,female,3.3003879,not aggressive
2016-02-21 23:04:30+00:00,701543044286382080,,,Global stance,0.0754436958789825,believer,male,,aggressive
2017-11-11 17:50:57+00:00,929406102961303552,,,Importance of Human Intervantion,0.4618091486692428,believer,male,,not aggressive
2018-04-09 14:05:49+00:00,983345241020358657,,,Importance of Human Intervantion,-0.5528202146291733,believer,female,,aggressive
2016-01-27 20:22:44+00:00,692442637413040128,,,Undefined / One Word Hashtags,0.6282444333553314,believer,male,,not aggressive
2016-01-12 15:29:22+00:00,686932990719582208,,,Impact of Resource Overconsumption,-0.523558972137315,believer,male,,not aggressive
2017-12-10 06:08:27+00:00,939738561707773953,,,Importance of Human Intervantion,0.1141872846603393,believer,male,,not aggressive
2018-09-25 17:57:36+00:00,1044647118684729346,-77.0365427,38.89503679999999,Impact of Resource Overconsumption,-0.0605682961940765,believer,female,3.8671534,aggressive
2014-12-11 20:43:39+00:00,543144100569305088,,,Undefined / One Word Hashtags,0.0804420262575149,believer,male,,not aggressive
2018-04-13 13:24:51+00:00,984784480710914048,,,Undefined / One Word Hashtags,-0.5666886259078979,believer,female,,aggressive
2018-12-27 13:00:00+00:00,1078274298031337473,,,Significance of Pollution Awareness Events,-0.2069368798494338,believer,male,,not aggressive
2019-05-02 15:53:24+00:00,1123978805754966017,,,Importance of Human Intervantion,-0.6093962204217911,believer,male,,not aggressive
2009-11-12 21:05:38+00:00,5659619226,,,Importance of Human Intervantion,-0.4958998709917069,believer,female,,not aggressive
2015-12-24 00:05:03+00:00,679815008986001408,,,Weather Extremes,-0.389235130405426,neutral,female,,not aggressive
2018-06-15 20:29:25+00:00,1007721762036092933,-76.5324943,3.4517922999999997,Importance of Human Intervantion,-0.4881257785797119,believer,male,-0.0035865456,aggressive
2016-09-22 07:59:01+00:00,778866175593816064,36.81667,-1.28333,Global stance,-0.0277938088178635,believer,male,-0.08438821,not aggressive
2018-01-10 15:38:34+00:00,951116061595840512,,,Undefined / One Word Hashtags,0.07876817882061,believer,male,,not aggressive
2018-04-20 14:16:14+00:00,987334129510428672,-77.03636999999998,38.89511,Global stance,0.4644264817237854,believer,undefined,-5.458998,aggressive
2015-07-21 17:53:42+00:00,623551437100945408,-122.27275000000002,37.87159000000001,Importance of Human Intervantion,-0.1430100925922393,neutral,male,1.8001139,aggressive
2009-12-17 21:42:33+00:00,6775359925,,,Weather Extremes,-0.3038808661937713,denier,male,,aggressive
2015-09-11 19:52:44+00:00,642425560635863040,,,Importance of Human Intervantion,-0.654760665512085,believer,male,,not aggressive
2015-11-12 16:52:31+00:00,664848258896826368,72.88261,19.072830000000003,Politics,-0.4262143075466156,neutral,male,2.22337,not aggressive
2016-10-18 12:50:00+00:00,788361488046002176,,,Importance of Human Intervantion,-0.5877517558495203,believer,male,,not aggressive
2011-11-30 00:12:12+00:00,141670828042498048,-105.607716,38.725177599999995,Significance of Pollution Awareness Events,-0.1719714805603027,believer,male,4.567049,aggressive
2015-06-18 06:46:01+00:00,611424612325412864,,,Global stance,-0.0281665514945983,neutral,male,,not aggressive
2017-10-11 19:16:18+00:00,918193558498283520,67.0104,24.8608,Global stance,-0.0348043603181839,believer,male,2.5414302,not aggressive
2017-10-14 10:07:18+00:00,919142564334395392,151.2164539,-33.854815699999996,Importance of Human Intervantion,0.0545450598001479,believer,male,0.41031018,not aggressive
2018-08-24 21:30:52+00:00,1033104378465538048,-75.66604000000001,44.83341,Global stance,-0.4807834396759669,neutral,male,6.951041,not aggressive
2010-02-09 00:19:34+00:00,8831674685,,,Ideological Positions on Global Warming,-0.3683086241245269,neutral,male,,not aggressive
2018-06-30 17:37:00+00:00,1013114190679150595,-115.002136,55.001251,Global stance,0.4927683532555897,believer,female,-2.6544755,not aggressive
2018-08-19 14:06:15+00:00,1031180547505049600,,,Seriousness of Gas Emissions,0.0402214641809463,believer,male,,aggressive
2018-12-04 17:06:12+00:00,1070001333682368513,,,Importance of Human Intervantion,0.4781384944915772,believer,male,,not aggressive
2015-06-28 05:43:00+00:00,615032631470739456,,,Global stance,-0.4166760578957471,neutral,male,,aggressive
2018-04-19 07:39:46+00:00,986871967801225216,,,Undefined / One Word Hashtags,-0.616529284175237,believer,male,,not aggressive
2017-09-25 13:20:29+00:00,912305810331492352,,,Global stance,-0.006759410381317,believer,female,,aggressive
2017-09-13 03:47:15+00:00,907812894842142720,144.1067555,-38.4620894,Weather Extremes,-0.4129126667976379,believer,male,-0.29302332,not aggressive
2014-07-14 20:28:32+00:00,488782117027860480,,,Donald Trump versus Science,-0.4071835925687443,denier,male,,aggressive
2017-11-17 00:10:08+00:00,931313466379522048,-75.69811999999997,45.411170000000006,Global stance,-0.4516128897666931,believer,female,-3.350026,not aggressive
2018-10-04 20:58:35+00:00,1047954156286365697,,,Importance of Human Intervantion,-0.7101804584980012,believer,female,,aggressive
2018-04-03 12:30:12+00:00,981146848894373888,,,Politics,-0.136455217719078,believer,female,,aggressive
2016-01-03 16:52:23+00:00,683692391442677760,-122.4199061,37.7790262,Donald Trump versus Science,-0.2180733409404754,believer,male,0.7913294,aggressive
2017-05-16 14:42:45+00:00,864491313369980928,-77.03636999999998,38.89511,Global stance,-0.2196704591936535,believer,male,-0.837973,aggressive
2017-10-31 08:57:56+00:00,925285699959521281,,,Global stance,0.3718507373332977,neutral,male,,not aggressive
2009-12-04 03:17:57+00:00,6325342166,,,Donald Trump versus Science,-0.5155935298681259,denier,male,,not aggressive
2013-03-05 15:24:35+00:00,308961242343677952,-87.8003438,42.1816919,Weather Extremes,0.0643392205238342,neutral,male,-2.2355497000000004,not aggressive
2017-12-05 07:46:49+00:00,937951376805646337,,,Weather Extremes,0.02485813498497,believer,male,,not aggressive
2018-01-24 08:00:46+00:00,956074282450325505,,,Undefined / One Word Hashtags,-0.063796774204572,believer,male,,not aggressive
2018-09-14 20:55:26+00:00,1040705605961482242,,,Impact of Resource Overconsumption,-0.3595309575080871,believer,female,,not aggressive
2017-09-22 17:43:19+00:00,911284790413938688,-2.3221100000000003,51.22834,Undefined / One Word Hashtags,0.7048353433847429,neutral,female,-1.6200294,aggressive
2015-12-09 20:19:42+00:00,674684867154747392,-75.546589,39.7459468,Undefined / One Word Hashtags,-0.0889033384243647,believer,male,1.7885607,not aggressive
2018-04-01 15:45:27+00:00,980471212441817089,,,Politics,-0.2911413322925568,believer,male,,aggressive
2018-08-30 02:51:44+00:00,1034997066483806209,-93.29824,37.21533,Importance of Human Intervantion,0.1925437996149063,neutral,male,4.429039,aggressive
2017-12-29 04:04:27+00:00,946592725738037248,-116.78467,34.687430000000006,Ideological Positions on Global Warming,-0.4991091191768646,believer,female,4.7553983,not aggressive
2018-04-26 13:24:28+00:00,989495427216048129,,,Global stance,0.3161710801362991,believer,male,,not aggressive
2018-02-05 00:32:45+00:00,960310189512474624,-74.1090083,4.6300697999999985,Weather Extremes,-0.3903503239154816,believer,male,0.8912402,aggressive
2018-09-16 02:40:02+00:00,1041154717034795009,144.2825931,-36.7588767,Global stance,0.0047138046503067,believer,male,-2.0511649,aggressive
2014-09-24 06:25:49+00:00,514661968117264384,,,Weather Extremes,0.3456825923204422,denier,male,,not aggressive
2018-07-09 21:57:18+00:00,1016441189489434624,,,Global stance,0.5216272928476333,believer,male,,not aggressive
2018-03-26 16:30:54+00:00,978308322372784129,,,Undefined / One Word Hashtags,-0.0465462042331696,believer,female,,not aggressive
2018-09-29 08:37:53+00:00,1045955813968351232,,,Politics,-0.2166888278961181,believer,male,,not aggressive
2017-12-16 02:31:50+00:00,941858378523054080,-79.89522509999998,40.861020499999995,Politics,-0.419437825679779,believer,male,-2.8563197,not aggressive
2013-06-18 11:08:00+00:00,346947398783885312,,,Ideological Positions on Global Warming,-0.3602232669353485,denier,male,,aggressive
2019-05-03 11:27:14+00:00,1124274211579748352,-82.35919331410949,36.29885175,Politics,-0.4588634253501892,believer,male,3.8585155,aggressive
2013-05-07 13:18:16+00:00,331759891897278464,,,Global stance,-0.114038048005104,believer,male,,not aggressive
2017-09-14 17:25:04+00:00,908381095904911360,,,Significance of Pollution Awareness Events,0.4590417839288712,believer,male,,not aggressive
2017-09-28 19:40:39+00:00,913488646606655493,-73.9495823,40.6501038,Politics,0.2832129404306411,believer,male,6.049175,aggressive
2018-09-26 08:42:59+00:00,1044869934021586944,,,Global stance,-0.0630597005367279,believer,male,,not aggressive
2017-02-08 04:26:04+00:00,829184497769869312,,,Politics,0.2840880690336227,denier,male,,aggressive
2015-12-17 17:30:12+00:00,677541315152711680,-93.26384,44.97997,Importance of Human Intervantion,-0.5343209604501724,believer,male,5.391394,not aggressive
2018-06-05 07:44:10+00:00,1003905303849598976,,,Politics,-0.4524981568257014,denier,undefined,,not aggressive
2016-02-29 14:49:40+00:00,704317619298574336,,,Donald Trump versus Science,-0.5275925159931183,believer,male,,aggressive
2016-07-26 21:40:54+00:00,758054514964520960,,,Seriousness of Gas Emissions,0.4901798218488693,neutral,male,,not aggressive
2018-12-04 12:45:21+00:00,1069935690115371008,,,Global stance,-0.142366949892044,believer,female,,not aggressive
2019-04-21 03:37:44+00:00,1119807401975136256,,,Importance of Human Intervantion,-0.2788008490880331,believer,male,,aggressive
2017-09-25 14:43:48+00:00,912326778403901440,,,Importance of Human Intervantion,0.3363514182090759,believer,female,,not aggressive
2017-11-18 04:58:55+00:00,931748532104687616,-90.24111656024635,38.6529545,Global stance,-0.1843003223896026,believer,female,5.1378355,not aggressive
2019-05-09 09:04:02+00:00,1126412498771562496,1.29227,52.62860600000001,Global stance,0.1731908299684524,believer,male,2.8356333,aggressive
2019-04-21 23:04:01+00:00,1120100907251748864,-77.0365427,38.89503679999999,Global stance,0.3845505766527993,believer,male,3.8671534,not aggressive
2017-09-22 17:55:17+00:00,911287801416765440,,,Seriousness of Gas Emissions,-0.0990697559161619,believer,female,,not aggressive
2017-12-21 01:00:00+00:00,943647207101796353,,,Global stance,0.6091947529792786,believer,male,,not aggressive
2018-06-16 10:27:22+00:00,1007932639418961921,,,Seriousness of Gas Emissions,-0.558155912121137,denier,undefined,,aggressive
2018-10-10 23:59:16+00:00,1050173953128484865,,,Global stance,-0.0730178027868271,denier,male,,not aggressive
2010-04-09 12:38:01+00:00,11878237283,,,Global stance,-0.3434299805987965,neutral,male,,not aggressive
2016-09-01 00:06:01+00:00,771136994617466880,,,Seriousness of Gas Emissions,0.0385227878808975,believer,male,,not aggressive
2019-05-09 15:04:42+00:00,1126503267196751872,,,Significance of Pollution Awareness Events,-0.4679688215255737,neutral,undefined,,not aggressive
2019-05-07 04:26:55+00:00,1125617987824836609,,,Importance of Human Intervantion,0.5551085352977118,believer,female,,not aggressive
2011-10-07 20:14:03+00:00,122404341624741888,-72.7342163,41.6500201,Donald Trump versus Science,-0.2144636616945266,neutral,female,-2.4029453,not aggressive
2015-02-18 03:44:49+00:00,567892464557768704,,,Weather Extremes,-0.331933383178711,neutral,female,,not aggressive
2016-05-04 20:35:29+00:00,727959859363196928,,,Global stance,0.4910262447357177,believer,male,,not aggressive
2011-12-24 21:50:54+00:00,150694965167661056,,,Ideological Positions on Global Warming,-0.036674774315622,believer,female,,not aggressive
2019-05-01 10:33:32+00:00,1123535920177741826,-77.03636999999998,38.89511,Global stance,-0.4882408942222595,neutral,male,3.8671534,not aggressive
2018-07-02 17:46:19+00:00,1013841309193424896,-81.4639835,27.7567667,Importance of Human Intervantion,0.7108079642534256,believer,male,0.39506483,not aggressive
2010-04-06 13:24:20+00:00,11697921426,,,Weather Extremes,-0.4079060595273971,neutral,female,,not aggressive
2018-03-28 22:28:49+00:00,979123169796780032,,,Weather Extremes,0.8965538513766395,believer,male,,not aggressive
2015-09-01 14:01:45+00:00,638713356409548800,,,Politics,-0.0669730464935302,believer,male,,not aggressive
2019-03-10 02:38:28+00:00,1104572198172483584,,,Significance of Pollution Awareness Events,-0.3714563932683732,believer,male,,not aggressive
2017-11-14 16:19:31+00:00,930470256967069701,,,Global stance,0.4965384970426559,neutral,male,,not aggressive
2016-02-19 01:59:29+00:00,700499917987446784,,,Importance of Human Intervantion,0.5789781229257583,believer,female,,aggressive
2019-04-22 21:38:44+00:00,1120441834591924224,,,Global stance,-0.6222326509680066,believer,undefined,,not aggressive
2019-04-23 04:03:01+00:00,1120538543095451648,-72.18703000000002,42.48759,Importance of Human Intervantion,0.2954568483193716,believer,male,2.7417371,not aggressive
2015-12-28 21:40:33+00:00,681590586734964736,-76.46799,42.453680000000006,Global stance,-0.5181686409235,believer,female,5.8730493,not aggressive
2009-11-13 18:35:32+00:00,5687048991,,,Global stance,0.5563925488233566,neutral,male,,not aggressive
2018-10-10 13:17:29+00:00,1050012443949248516,,,Global stance,-0.0170871699593283,believer,male,,not aggressive
2010-07-04 17:23:10+00:00,17733833733,,,Global stance,0.5776959826231003,believer,male,,aggressive
2019-04-29 20:30:10+00:00,1122961294712197120,,,Importance of Human Intervantion,0.1961514504432678,believer,male,,not aggressive
2016-01-18 18:25:03+00:00,689151532101693440,,,Importance of Human Intervantion,0.6779947413444519,believer,female,,not aggressive
2015-03-07 22:26:42+00:00,574335392222048256,,,Impact of Resource Overconsumption,-0.4867327958345413,neutral,male,,aggressive
2017-10-11 07:11:05+00:00,918011054856081408,,,Importance of Human Intervantion,-0.6629224905967712,believer,male,,not aggressive
2018-08-27 06:57:16+00:00,1033971691104489472,,,Importance of Human Intervantion,0.7032763891220093,believer,female,,not aggressive
2015-07-20 23:23:05+00:00,623271940611010560,-74.00596999999998,40.714270000000006,Global stance,0.1090630273024241,believer,female,4.459685,not aggressive
2009-12-25 13:48:27+00:00,7032409996,,,Seriousness of Gas Emissions,-0.3997842828114827,believer,male,,not aggressive
2014-01-23 18:00:26+00:00,426414134889291776,-81.03481000000001,34.000710000000005,Global stance,-0.4178331047296524,neutral,male,-6.508566,not aggressive
2016-03-03 03:55:19+00:00,705240110216818688,,,Global stance,0.4044460505247116,believer,male,,not aggressive
2019-05-03 03:19:38+00:00,1124151500945494016,151.2164539,-33.854815699999996,Politics,0.4870771318674087,believer,male,-1.3413349,not aggressive
2017-09-24 04:02:41+00:00,911803045305974790,,,Weather Extremes,-0.6605298830509186,believer,male,,not aggressive
2019-01-02 20:08:52+00:00,1080556552585568256,,,Politics,-0.5229208002567292,believer,female,,aggressive
2019-05-02 19:04:06+00:00,1124026797316820992,,,Ideological Positions on Global Warming,-0.5255128768725829,believer,male,,aggressive
2018-09-12 04:02:50+00:00,1039726000135843840,,,Undefined / One Word Hashtags,-0.0210416496276855,believer,female,,not aggressive
2017-01-28 17:02:43+00:00,825388649730732032,-80.31269,43.3601,Global stance,0.645642635178566,neutral,male,4.4970207,aggressive
2018-08-24 13:31:33+00:00,1032983754451681280,,,Ideological Positions on Global Warming,-0.5416637492895127,believer,male,,aggressive
2019-05-08 19:48:26+00:00,1126212281543663617,23.7283052,37.9839412,Significance of Pollution Awareness Events,-0.4679688215255737,neutral,female,1.2720073,not aggressive
2016-08-27 18:32:09+00:00,769603424350601216,,,Global stance,0.3748203665018081,neutral,female,,aggressive
2018-01-24 20:31:02+00:00,956263093625081859,,,Seriousness of Gas Emissions,0.0081816516160964,denier,male,,not aggressive
2016-07-27 04:17:30+00:00,758154320256770048,-95.36327,29.76328,Weather Extremes,-0.6113282444953919,neutral,female,-1.298142,aggressive
2009-10-30 14:48:01+00:00,5288807777,,,Politics,0.0142677724361419,neutral,male,,aggressive
2018-04-18 07:25:15+00:00,986505925824565248,,,Donald Trump versus Science,-0.0496808986902237,denier,female,,not aggressive
2017-09-21 13:19:01+00:00,910855890332471296,,,Impact of Resource Overconsumption,-0.2163835850477218,denier,male,,aggressive
2017-12-05 03:16:22+00:00,937883315310391296,,,Weather Extremes,0.02485813498497,believer,male,,not aggressive
2017-11-03 17:25:00+00:00,926500469463187457,,,Weather Extremes,0.484838081407547,believer,male,,not aggressive
2010-07-19 02:45:16+00:00,18883378981,,,Weather Extremes,-0.5964219343264897,denier,female,,not aggressive
2018-08-21 01:43:33+00:00,1031718417324298246,-79.88294,43.51681000000001,Importance of Human Intervantion,0.7326195043087007,believer,male,8.552754,aggressive
2018-12-12 21:29:12+00:00,1072966623852548096,-118.0796195,33.869019699999996,Politics,-0.4261667728424072,neutral,male,-2.132015,not aggressive
2015-09-02 14:13:32+00:00,639078711313219584,,,Global stance,0.1607655650377273,believer,male,,not aggressive
2015-04-03 13:14:27+00:00,583980886422609920,,,Global stance,0.5127537954807282,believer,male,,not aggressive
2016-01-19 18:58:42+00:00,689522385792450560,,,Weather Extremes,0.6852181563854217,neutral,undefined,,not aggressive
2017-06-02 00:49:36+00:00,870442238219886592,,,Politics,-0.6723422584215799,neutral,male,,not aggressive
2018-12-26 03:48:44+00:00,1077773178678771712,,,Seriousness of Gas Emissions,-0.341936856508255,believer,male,,not aggressive
2018-12-04 12:26:25+00:00,1069930923297292289,,,Impact of Resource Overconsumption,-0.6502131617307664,denier,male,,not aggressive
2018-08-20 17:56:45+00:00,1031600942477500417,,,Importance of Human Intervantion,-0.1508457055091858,believer,male,,not aggressive
2019-04-26 18:08:00+00:00,1121838352083369985,,,Global stance,0.6621528244863857,believer,female,,not aggressive
2017-10-15 03:21:06+00:00,919402725602942976,,,Politics,-0.6696998549699783,believer,male,,not aggressive
2017-10-26 04:16:52+00:00,923403029587611649,,,Importance of Human Intervantion,0.1048452407121658,neutral,male,,not aggressive
2018-11-29 14:22:27+00:00,1068148184252391429,,,Global stance,-0.3090638985315959,believer,female,,aggressive
2015-04-02 20:46:22+00:00,583732227449757696,,,Importance of Human Intervantion,-0.7813868637800216,neutral,male,,aggressive
2018-01-16 09:58:16+00:00,953204747150004224,,,Undefined / One Word Hashtags,0.5374585851430893,believer,male,,not aggressive
2019-05-19 07:04:25+00:00,1130006278317563906,,,Importance of Human Intervantion,-0.1115574101924895,denier,male,,aggressive
2018-10-08 22:37:24+00:00,1049428576397856769,,,Donald Trump versus Science,-0.6629626733541488,believer,female,,aggressive
2018-09-07 10:57:11+00:00,1038018338171977733,,,Global stance,-0.1079794863939285,believer,male,,not aggressive
2016-02-23 10:55:02+00:00,702084244395454464,,,Global stance,0.1125248968601227,neutral,male,,aggressive
2019-05-09 09:38:49+00:00,1126421253215203329,,,Importance of Human Intervantion,-0.0342106577740775,believer,female,,aggressive
2018-12-26 23:14:56+00:00,1078066662543372289,-79.03929190000002,35.6729639,Seriousness of Gas Emissions,-0.341936856508255,believer,female,3.674081,not aggressive
2015-07-31 15:32:47+00:00,627139853491134464,,,Global stance,0.4392210852384567,believer,female,,not aggressive
2016-05-17 05:12:23+00:00,732438594963537920,-124.1392815,43.0635936,Seriousness of Gas Emissions,-0.4439529810905456,believer,male,1.9565057,not aggressive
2017-12-16 23:50:23+00:00,942180134815260672,,,Global stance,0.5823944072246552,believer,male,,not aggressive
2017-12-29 02:46:10+00:00,946573023854940161,,,Weather Extremes,-0.62057765787329,believer,female,,not aggressive
2018-04-13 01:03:03+00:00,984597801312116736,,,Undefined / One Word Hashtags,0.3364168198347091,believer,female,,not aggressive
2016-03-31 01:51:15+00:00,715355746393673728,,,Importance of Human Intervantion,-0.5094407221078872,believer,male,,aggressive
2018-04-02 18:00:05+00:00,980867478724206593,,,Politics,-0.3488612107753753,believer,male,,not aggressive
2019-04-25 23:06:39+00:00,1121551120571215872,,,Global stance,0.4165324717760086,believer,male,,not aggressive
2015-08-25 19:31:13+00:00,636259555568168960,,,Global stance,-0.3555858555165204,believer,male,,not aggressive
2019-05-15 10:27:49+00:00,1128607913960968192,,,Impact of Resource Overconsumption,0.1334524869441986,believer,male,,not aggressive
2018-07-11 03:28:04+00:00,1016886815784099840,-85.50033,44.25029000000001,Donald Trump versus Science,-0.6103800858736039,denier,male,7.555931599999999,not aggressive
2015-03-08 11:38:39+00:00,574534691753181184,-71.0582912,42.3602534,Global stance,-0.4439823959827423,neutral,female,-3.5408297,not aggressive
2019-05-15 00:16:20+00:00,1128454027019214848,,,Politics,-0.6153149694601696,believer,female,,not aggressive
2018-02-03 19:38:24+00:00,959873727260430341,-75.31047000000001,39.74761,Global stance,-0.5254244466384251,believer,male,-4.974836,not aggressive
2017-12-29 18:27:19+00:00,946809875451072514,-94.76912,36.59369,Importance of Human Intervantion,-0.4080998529434204,believer,male,-3.4855027,not aggressive
2019-05-17 08:02:02+00:00,1129296000751931392,,,Importance of Human Intervantion,-0.4955101816018422,believer,female,,aggressive
2016-01-11 22:34:17+00:00,686677536969867264,,,Politics,-0.6235939756155015,neutral,male,,not aggressive
2018-06-11 03:33:46+00:00,1006016614414848000,,,Importance of Human Intervantion,-0.2833429339726766,believer,male,,aggressive
2018-05-18 20:54:54+00:00,997581313698824192,,,Weather Extremes,0.7151712049722672,neutral,female,,not aggressive
2017-12-09 23:11:17+00:00,939633580208279553,,,Weather Extremes,-0.6913668764193852,believer,male,,aggressive
2017-11-27 23:36:06+00:00,935291170103496704,,,Global stance,0.7597799181699753,believer,female,,not aggressive
2018-03-13 13:31:33+00:00,973552145466384384,-114.08529,51.05011,Politics,-0.7444262553453446,believer,male,-0.013421342,not aggressive
2015-11-15 17:53:23+00:00,665950738519072768,,,Weather Extremes,0.3840618762731552,believer,female,,not aggressive
2018-04-17 02:15:24+00:00,986065562378760192,,,Undefined / One Word Hashtags,0.654659760928154,neutral,female,,not aggressive
2017-11-18 07:15:42+00:00,931782952832212992,-97.06689207443657,36.16877925,Global stance,0.4549809545278549,believer,male,6.0704775,not aggressive
2009-03-01 16:35:10+00:00,1265795385,-118.24368,34.05223,Weather Extremes,-0.638083105134964,believer,male,4.417881,aggressive
2019-04-22 10:04:51+00:00,1120267211963281408,,,Global stance,0.4300116300582886,believer,male,,aggressive
2018-10-05 12:24:18+00:00,1048187118806355968,,,Importance of Human Intervantion,0.6334459666967392,believer,male,,not aggressive
2018-01-24 19:23:14+00:00,956246030428798976,,,Global stance,0.4735165889978409,believer,male,,not aggressive
2018-02-24 09:35:55+00:00,967332249342562304,-4.2488787000000015,55.8609825,Weather Extremes,0.7151712049722672,neutral,male,-2.073951,not aggressive
2013-03-28 12:46:59+00:00,317256505575493632,,,Weather Extremes,0.0393632367690404,believer,male,,not aggressive
2019-04-29 03:26:20+00:00,1122703637585768448,,,Importance of Human Intervantion,0.2046660480260849,neutral,male,,aggressive
2018-09-01 23:28:31+00:00,1036033088449650688,-80.25599000000001,43.54594,Global stance,0.0794454167366028,believer,male,8.494465,aggressive
2017-10-01 06:02:31+00:00,914369917142671360,,,Global stance,0.4567850039164225,believer,male,,not aggressive
2017-06-07 14:44:30+00:00,872464286630543360,74.35070999999998,31.558000000000007,Global stance,0.002440866780281,believer,male,-2.3677638,not aggressive
2019-05-18 13:20:06+00:00,1129738430693433344,,,Significance of Pollution Awareness Events,0.4118073284626007,believer,female,,not aggressive
2018-12-31 01:54:02+00:00,1079556250784985094,-95.99277,36.15398,Donald Trump versus Science,-0.3954642564058304,believer,male,4.146135299999999,not aggressive
2019-04-24 12:06:44+00:00,1121022661444931585,,,Importance of Human Intervantion,0.2886565218448639,believer,male,,not aggressive
2009-10-25 19:44:30+00:00,5154014361,,,Donald Trump versus Science,0.7448076659282049,denier,male,,aggressive
2017-10-23 19:20:38+00:00,922543306604548096,,,Politics,0.4051871161937713,believer,male,,aggressive
2018-10-05 15:37:50+00:00,1048235825778118656,,,Global stance,0.7376645917415618,believer,male,,not aggressive
2017-10-19 07:34:01+00:00,920915927285235712,10.7389701,59.9133301,Politics,0.3914919316768646,neutral,male,-1.5072812,not aggressive
2011-05-04 22:20:21+00:00,65903618150236160,,,Ideological Positions on Global Warming,-0.5204430337190628,believer,male,,not aggressive
2018-10-08 15:30:25+00:00,1049321122057998337,,,Seriousness of Gas Emissions,-0.3128272980928421,believer,male,,not aggressive
2017-11-19 23:24:47+00:00,932389218491527169,-82.68813949999999,40.2253569,Global stance,0.5894907504638037,believer,male,0.90083325,not aggressive
2013-07-15 09:32:28+00:00,356707827290615808,,,Ideological Positions on Global Warming,-0.516092639708519,believer,female,,not aggressive
2019-05-19 13:12:38+00:00,1130098940764872704,-79.99589,40.44062,Weather Extremes,-0.8082970115900039,believer,male,6.6138377,aggressive
2009-10-07 14:48:36+00:00,4683621080,,,Importance of Human Intervantion,0.0664127618074417,neutral,male,,aggressive
2019-05-10 20:20:44+00:00,1126945184812535809,,,Importance of Human Intervantion,0.5871111313025157,believer,female,,not aggressive
2018-04-14 10:46:18+00:00,985106970448314368,,,Global stance,0.0898014033230868,believer,female,,not aggressive
2015-06-04 21:41:32+00:00,606576543897296896,,,Global stance,-0.433585197854042,believer,male,,not aggressive
2019-05-13 23:31:20+00:00,1128080314880933888,-84.38798000000001,33.749,Weather Extremes,-0.6667408951706356,believer,female,2.5650074000000003,not aggressive
2018-12-09 14:09:20+00:00,1071768762318233606,,,Importance of Human Intervantion,-0.6380689751386642,believer,male,,not aggressive
2018-01-30 21:52:22+00:00,958457889852657664,,,Global stance,0.6172106484550418,believer,female,,not aggressive
2018-11-28 15:21:08+00:00,1067800565508276227,,,Donald Trump versus Science,-0.4614931754112243,believer,female,,not aggressive
2018-04-15 17:24:39+00:00,985569603010129920,,,Donald Trump versus Science,-0.3276516134262085,denier,male,,not aggressive
2015-07-10 02:49:37+00:00,619337653456994304,,,Undefined / One Word Hashtags,0.1960114392280578,believer,male,,not aggressive
2018-09-17 20:20:23+00:00,1041783950031638528,,,Global stance,0.5421048006293749,believer,male,,not aggressive
2017-05-30 19:57:04+00:00,869643844819845120,,,Weather Extremes,0.06602839782238,denier,female,,aggressive
2018-06-06 02:22:43+00:00,1004186796849336320,,,Weather Extremes,0.0189704147338867,believer,female,,not aggressive
2017-09-12 01:43:36+00:00,907419388902625280,,,Impact of Resource Overconsumption,-0.0398365878396564,believer,male,,not aggressive
2018-06-30 13:35:31+00:00,1013053418666102786,,,Weather Extremes,0.375565413737297,believer,male,,not aggressive
2018-05-28 07:28:02+00:00,1001002140263952384,8.516720000000001,12.00012,Seriousness of Gas Emissions,-0.8005285989999771,believer,male,-0.10062775,not aggressive
2018-01-04 02:46:02+00:00,948747319071080448,-87.6244212,41.87556160000001,Weather Extremes,-0.4607525624831518,denier,male,-8.998323,not aggressive
2018-01-19 22:35:25+00:00,954482455737597952,-121.4944,38.581570000000006,Politics,0.4225626587867737,believer,male,0.0476515,not aggressive
2017-12-29 03:53:36+00:00,946589995204272128,-78.87839220000002,42.8867166,Donald Trump versus Science,0.7403570103406906,believer,female,-10.607477,not aggressive
2018-08-28 02:34:09+00:00,1034267864163864577,,,Undefined / One Word Hashtags,0.6959937989950179,neutral,male,,not aggressive
2018-07-07 15:46:01+00:00,1015622976215977984,,,Importance of Human Intervantion,-0.0826981216669082,believer,female,,not aggressive
2015-02-05 07:27:14+00:00,563237394720522240,,,Weather Extremes,-0.4843957424163818,neutral,male,,not aggressive
2017-12-29 21:55:10+00:00,946862182100283397,-87.6244212,41.87556160000001,Politics,0.2945123936653137,believer,female,-7.8434405,not aggressive
2018-10-09 16:59:26+00:00,1049705911663570944,,,Global stance,-0.3346156166358427,believer,female,,aggressive
2018-10-10 03:05:25+00:00,1049858412929044480,,,Global stance,-0.514557748222351,believer,male,,not aggressive
2011-07-12 05:19:10+00:00,90651390355062784,,,Weather Extremes,0.8312961559295654,neutral,female,,not aggressive
2018-06-01 16:02:43+00:00,1002581214300135425,,,Global stance,0.4470400368213653,neutral,female,,not aggressive
2015-12-18 09:01:05+00:00,677775582273265664,-105.0811573,39.8005505,Global stance,0.2070477808237075,believer,male,-1.8152075,not aggressive
2018-07-08 01:53:02+00:00,1015775735133491202,-71.05977,42.358430000000006,Politics,-0.4053468257188797,believer,male,2.2066703,aggressive
2019-05-14 17:04:28+00:00,1128345345388314624,,,Importance of Human Intervantion,0.6522689670324325,believer,male,,not aggressive
2019-05-06 19:14:55+00:00,1125479068747452417,,,Importance of Human Intervantion,-0.3072199954032898,believer,male,,not aggressive
2010-10-05 07:27:15+00:00,26436450868,,,Weather Extremes,-0.5075811669111252,neutral,male,,not aggressive
2018-05-13 17:12:13+00:00,995713336695246849,,,Undefined / One Word Hashtags,0.275747999548912,neutral,undefined,,not aggressive
2017-12-05 14:18:07+00:00,938049852960923649,-78.89004090000002,33.6956461,Weather Extremes,0.02485813498497,believer,male,5.259404,not aggressive
2018-12-20 17:57:24+00:00,1075812425281224710,,,Significance of Pollution Awareness Events,-0.3464681299306729,believer,male,,not aggressive
2018-08-25 20:09:49+00:00,1033446369040715776,,,Ideological Positions on Global Warming,0.1912972551822662,believer,male,,not aggressive
2017-09-25 17:55:15+00:00,912374957929324545,,,Global stance,0.3935008285760879,believer,male,,not aggressive
2019-05-05 11:39:05+00:00,1125001970354311169,,,Global stance,0.2876817861210216,believer,male,,not aggressive
2009-06-14 14:26:10+00:00,2165358169,,,Importance of Human Intervantion,0.274404321718216,neutral,male,,not aggressive
2019-04-19 13:02:09+00:00,1119224665216552961,,,Global stance,0.4409398937236695,believer,female,,not aggressive
2018-01-04 15:32:52+00:00,948940300046733312,,,Weather Extremes,0.0106596627907319,neutral,male,,not aggressive
2015-09-06 05:44:59+00:00,640400279129714688,,,Politics,0.4094776224374771,believer,male,,aggressive
2018-01-01 00:36:18+00:00,947627506978324480,-89.38376129999999,43.074760999999995,Global stance,0.0541207790374755,believer,female,-12.929872,not aggressive
2018-03-23 11:37:32+00:00,977147330297319425,11.133577,46.192907,Impact of Resource Overconsumption,0.491201713681221,neutral,male,-2.7785943,aggressive
2018-09-26 09:20:02+00:00,1044879257325965312,,,Donald Trump versus Science,0.4773040860891342,believer,female,,not aggressive
2018-08-18 02:01:20+00:00,1030635728399556609,144.98556293885338,-37.88096,Importance of Human Intervantion,-0.4096243149757385,believer,male,-2.289052,not aggressive
2017-01-22 17:28:47+00:00,823220880805400576,,,Politics,0.1210999179840087,neutral,female,,aggressive
2018-04-21 11:41:03+00:00,987657461174857729,,,Global stance,0.4152010063648224,believer,female,,aggressive
2016-09-16 09:28:52+00:00,776714458416558080,,,Seriousness of Gas Emissions,-0.4631268894672394,believer,male,,not aggressive
2018-02-02 15:55:38+00:00,959455275940900865,,,Global stance,-0.2897263880252838,believer,female,,not aggressive
2018-07-06 13:09:41+00:00,1015221245959290880,,,Importance of Human Intervantion,-0.4004834294319153,believer,female,,aggressive
2018-08-29 18:04:52+00:00,1034864476070146048,,,Global stance,-0.5280869683027267,believer,female,,aggressive
2018-04-08 22:38:28+00:00,983111863947804672,115.8604796,-31.95271210000001,Global stance,-0.5122108913024266,believer,male,-1.9064579,aggressive
2014-09-19 18:30:33+00:00,513032412239257600,,,Ideological Positions on Global Warming,-0.2221282322883606,denier,female,,aggressive
2014-11-04 00:22:58+00:00,529428553905864704,,,Weather Extremes,0.5541283997774125,neutral,male,,not aggressive
2017-12-05 15:46:10+00:00,938072011091468288,,,Weather Extremes,0.02485813498497,believer,male,,not aggressive
2019-05-11 01:31:00+00:00,1127023265283751936,-93.2654692,44.9772995,Donald Trump versus Science,0.6754387006759642,believer,male,3.9098063,not aggressive
2009-01-06 15:26:44+00:00,1099631914,,,Politics,-0.2745337180534999,believer,male,,not aggressive
2017-10-11 01:21:29+00:00,917923075282255873,,,Importance of Human Intervantion,0.146674832868576,believer,male,,aggressive
2017-09-21 22:37:54+00:00,910996538255691776,,,Importance of Human Intervantion,-0.5667561863025029,believer,male,,not aggressive
2015-11-01 22:30:33+00:00,660947060997271552,-118.242766,34.0536909,Undefined / One Word Hashtags,0.4459027200937271,neutral,male,5.4822693,aggressive
2018-06-03 23:32:54+00:00,1003419282108239873,,,Seriousness of Gas Emissions,0.4834939107735952,neutral,female,,not aggressive
2019-01-03 02:11:09+00:00,1080647724549226496,,,Weather Extremes,0.4345398873567581,neutral,male,,aggressive
2018-01-11 23:44:49+00:00,951600818792345600,,,Seriousness of Gas Emissions,0.2997240561757769,neutral,female,,not aggressive
2017-01-25 05:07:10+00:00,824121410838794240,139.77969000000002,35.552260000000004,Global stance,-0.0669373931169509,believer,male,-1.3452816,not aggressive
2018-09-29 08:04:57+00:00,1045947525977571329,-1.2434093603442158,51.04483545,Global stance,0.4271923452615738,believer,male,4.346396,not aggressive
2013-03-13 02:01:13+00:00,311658172752490496,,,Ideological Positions on Global Warming,0.1601302067995071,neutral,male,,not aggressive
2018-01-20 15:26:28+00:00,954736895820316674,,,Seriousness of Gas Emissions,0.4081977571487427,neutral,male,,not aggressive
2009-09-21 18:29:14+00:00,4152182851,,,Importance of Human Intervantion,-0.0265507670966061,believer,male,,not aggressive
2019-04-18 17:39:23+00:00,1118932045642776576,,,Politics,-0.2661378980654257,neutral,male,,not aggressive
2018-01-27 18:37:15+00:00,957321622498750464,,,Weather Extremes,-0.4605570061922073,believer,female,,not aggressive
2018-04-22 15:14:14+00:00,988073500811415552,,,Politics,-0.6327551316976547,believer,female,,aggressive
2019-05-16 15:28:11+00:00,1129045888289136641,-75.39505000000001,39.8328,Global stance,0.3859613292238929,believer,male,2.0797734,not aggressive
2018-01-26 16:55:58+00:00,956933744568492032,-82.23621545220522,27.9484265,Importance of Human Intervantion,0.0125573396682739,believer,male,1.2166775,aggressive
2018-07-11 00:55:03+00:00,1016848309338738689,-77.72788309999999,40.9699889,Politics,0.7561162132263184,believer,male,4.9893813,not aggressive
2019-05-16 05:19:40+00:00,1128892753402839041,51.42444,25.29194,Seriousness of Gas Emissions,0.0589957351922989,denier,male,2.7307696,not aggressive
2012-11-29 08:15:37+00:00,274064056606928896,-2.92124325,55.966562790000005,Weather Extremes,0.2859636744976043,believer,male,-4.133356,aggressive
2019-05-14 03:08:51+00:00,1128135054004301824,-71.65539919999999,43.484913299999995,Weather Extremes,-0.6667408951706356,believer,female,3.1087666,not aggressive
2017-10-30 23:17:59+00:00,925139750608166912,,,Donald Trump versus Science,0.4502562582492828,believer,male,,not aggressive
2009-12-07 04:21:31+00:00,6421107356,,,Global stance,-0.6498156052589417,believer,female,,aggressive
2017-10-09 09:37:10+00:00,917323038361780224,,,Seriousness of Gas Emissions,0.5181548436880112,believer,male,,not aggressive
2016-07-28 09:59:46+00:00,758602844110983168,-122.3300624,47.6038321,Politics,-0.3834120035171508,believer,undefined,3.4994347,aggressive
2015-06-18 15:47:16+00:00,611560821936664576,-95.36327,29.76328,Impact of Resource Overconsumption,-0.2743789071321487,believer,male,-0.81804293,aggressive
2016-12-27 18:52:05+00:00,813819760525869056,,,Global stance,-0.7813789015531539,believer,male,,not aggressive
2019-05-15 13:20:03+00:00,1128651257562923008,,,Politics,0.4550211131572723,neutral,male,,not aggressive
2016-01-15 12:36:25+00:00,687976629805514752,,,Global stance,0.5787530530452728,believer,male,,not aggressive
2015-12-24 14:22:28+00:00,680030786259660800,,,Undefined / One Word Hashtags,-0.4308029888497459,believer,male,,not aggressive
2019-04-23 17:34:25+00:00,1120742737060356098,,,Weather Extremes,-0.7275413024663926,denier,male,,not aggressive
2018-02-10 12:10:33+00:00,962297735901794304,,,Impact of Resource Overconsumption,0.0182254578113555,believer,female,,aggressive
2015-12-16 22:29:38+00:00,677254282664534016,28.94966,41.01384,Global stance,0.2703569321155548,believer,female,0.31142583,not aggressive
2018-02-10 04:21:01+00:00,962179574174920704,,,Impact of Resource Overconsumption,-0.6119282327572504,believer,male,,not aggressive
2018-04-12 04:30:16+00:00,984287561299316736,,,Importance of Human Intervantion,-0.7638794226964315,believer,female,,aggressive
2018-09-24 03:04:27+00:00,1044059961309839360,147.2869493,-31.875983500000007,Importance of Human Intervantion,0.0861572124719619,believer,male,-3.6960223,not aggressive
2018-04-14 08:02:16+00:00,985065689110204416,,,Global stance,-0.5810976605892182,neutral,male,,aggressive
2018-03-08 09:19:38+00:00,971676808859893760,77.20900569999999,28.613895399999997,Undefined / One Word Hashtags,0.1643032181739807,believer,male,2.1943455000000003,not aggressive
2017-06-08 16:48:15+00:00,872857819493666816,-73.96625,40.78343,Global stance,-0.1153225290298461,believer,female,-4.482782,aggressive
2018-05-11 01:37:37+00:00,994753360191356928,,,Importance of Human Intervantion,0.5930445899248125,believer,female,,aggressive
2017-06-07 23:53:06+00:00,872602348509696000,-79.38393470000003,43.6534817,Weather Extremes,0.012984078669548,believer,male,-2.7016277,aggressive
2018-12-30 01:36:34+00:00,1079189470547664897,,,Politics,-0.5318519268512726,denier,male,,not aggressive
2018-08-22 10:52:18+00:00,1032218900161802240,-76.00436429999998,43.02978870000001,Weather Extremes,-0.6255426664113998,believer,male,7.421403999999999,not aggressive
2017-10-06 23:17:06+00:00,916442220592615424,,,Politics,0.5981328603744508,believer,female,,not aggressive
2019-05-15 08:27:17+00:00,1128577579764584448,4.29861,52.07667000000001,Global stance,0.4792900892236016,believer,undefined,5.00875,not aggressive
2017-12-29 21:49:00+00:00,946860628269989894,,,Donald Trump versus Science,0.7403570103406906,believer,female,,not aggressive
2018-06-04 13:12:48+00:00,1003625617391259648,-65.95739,18.38078,Seriousness of Gas Emissions,0.4834939107735952,neutral,female,-0.16419917,not aggressive
2019-04-30 02:55:15+00:00,1123058203430916096,,,Importance of Human Intervantion,0.6739033591349919,believer,male,,not aggressive
2017-11-30 03:26:10+00:00,936073845299171328,,,Undefined / One Word Hashtags,-0.4624963700771332,believer,male,,not aggressive
2010-04-28 15:02:09+00:00,13011138866,,,Ideological Positions on Global Warming,-0.2529298378944397,neutral,male,,aggressive
2019-04-21 09:56:10+00:00,1119902637476831233,,,Importance of Human Intervantion,-0.4917572076082229,believer,male,,not aggressive
2018-03-22 15:21:13+00:00,976841234810580992,,,Politics,-0.1293036400556564,neutral,female,,aggressive
2015-12-14 12:00:03+00:00,676371069234753536,,,Weather Extremes,0.0538967455387115,denier,male,,not aggressive
2018-06-02 21:04:36+00:00,1003019576089677824,,,Global stance,0.4589983989477157,neutral,male,,not aggressive
2017-11-03 09:29:20+00:00,926380767034437632,,,Undefined / One Word Hashtags,-0.0500386645793914,believer,female,,aggressive
2017-06-05 03:24:06+00:00,871568282733731840,,,Undefined / One Word Hashtags,0.4684838205575943,neutral,female,,not aggressive
2018-02-13 21:26:50+00:00,963524893047476224,,,Donald Trump versus Science,-0.5849876438776653,believer,male,,aggressive
2018-10-18 18:22:07+00:00,1052988211969105921,,,Politics,-0.5521529933214187,believer,male,,not aggressive
2018-01-26 20:53:18+00:00,956993471511965696,-73.46929,41.07871,Global stance,0.6115581124544145,believer,male,-1.0749996000000002,aggressive
2019-05-01 10:37:15+00:00,1123536854374948864,-75.690308,45.421105999999995,Global stance,-0.5111290843963623,believer,female,7.119825,aggressive
2018-03-21 18:05:16+00:00,976520129465999362,,,Global stance,0.0591477728287379,believer,male,,not aggressive
2018-12-31 18:25:56+00:00,1079805870618353664,,,Global stance,-0.0447916605472564,believer,female,,not aggressive
2019-04-24 18:01:18+00:00,1121111891835797506,-5.622170000000001,57.83241999999999,Importance of Human Intervantion,0.6662352206230163,believer,male,4.625117,not aggressive
2009-12-06 06:25:46+00:00,6393244896,-75.59937000000001,38.360670000000006,Undefined / One Word Hashtags,-0.1434655904769897,neutral,male,-3.3458588,not aggressive
2009-09-04 14:38:14+00:00,3757875120,-84.51439,39.12711,Global stance,0.8704702834844589,believer,female,-0.6246549,aggressive
2015-08-02 18:56:19+00:00,627915851216326656,,,Politics,-0.7297764073053996,believer,male,,aggressive
2018-02-04 13:53:23+00:00,960149286796320768,,,Donald Trump versus Science,0.1977543562412261,neutral,female,,not aggressive
2018-04-19 12:12:11+00:00,986940522584567808,-96.3071042,30.5955289,Global stance,0.4045106470584869,neutral,female,-1.1838727,not aggressive
2018-01-24 03:19:52+00:00,956003589750534144,,,Donald Trump versus Science,-0.5379112126111985,believer,female,,not aggressive
2016-01-27 12:34:00+00:00,692324677088342016,,,Impact of Resource Overconsumption,-0.1673874418258666,neutral,male,,not aggressive
2018-12-23 06:33:16+00:00,1076727422521729024,,,Weather Extremes,0.2586878110408783,neutral,male,,not aggressive
2018-01-29 21:21:42+00:00,958087784333393920,-106.65113999999998,35.08449,Politics,0.073837786912918,neutral,female,2.1626015,not aggressive
2019-05-18 22:41:41+00:00,1129879760501432329,-80.49278149999998,43.451291,Seriousness of Gas Emissions,0.5058237921476364,believer,male,8.494465,not aggressive
2018-08-20 19:38:47+00:00,1031626620568711168,,,Importance of Human Intervantion,-0.1508457055091858,believer,male,,not aggressive
2018-04-30 07:05:53+00:00,990849704106881024,,,Undefined / One Word Hashtags,0.5845549752553304,neutral,male,,aggressive
2017-11-15 02:42:38+00:00,930627070123704320,,,Ideological Positions on Global Warming,-0.5501651676177979,denier,female,,not aggressive
2016-06-29 09:13:31+00:00,748081956747808768,,,Global stance,-0.5693635741551717,believer,male,,not aggressive
2014-12-20 16:00:51+00:00,546334423965523968,,,Weather Extremes,0.4788457396268845,denier,male,,not aggressive
2019-05-15 03:43:36+00:00,1128506187031486465,,,Donald Trump versus Science,-0.5359418788512548,believer,male,,aggressive
2017-12-14 08:00:34+00:00,941216329675272192,16.372504199999998,48.2083537,Global stance,0.4122870873689651,believer,male,2.5617547000000003,not aggressive
2018-03-31 21:48:38+00:00,980200219445952512,-84.47771999999998,37.98869000000001,Global stance,0.5139880595684052,believer,male,-2.7017330000000004,aggressive
2018-02-07 22:46:14+00:00,961370547186733056,,,Undefined / One Word Hashtags,0.4090996116399765,believer,male,,not aggressive
2019-05-14 12:57:25+00:00,1128283172997869570,,,Weather Extremes,-0.6667408951706356,believer,male,,not aggressive
2018-08-15 13:58:37+00:00,1029729075458392065,-1.2649062,52.5310214,Importance of Human Intervantion,0.3750179558992386,neutral,male,4.8523903,aggressive
2017-12-30 17:30:18+00:00,947157914204213250,,,Politics,0.2945123936653137,believer,male,,not aggressive
2009-07-08 13:30:11+00:00,2532181826,-75.2598859,43.0042365,Weather Extremes,0.6915420498109999,neutral,male,-3.8073063,not aggressive
2016-09-14 17:27:39+00:00,776110175346388992,,,Importance of Human Intervantion,0.0880579858541489,neutral,male,,aggressive
2010-08-10 06:30:28+00:00,20773739392,,,Weather Extremes,-0.2972706863880157,neutral,male,,not aggressive
2018-10-14 07:27:57+00:00,1051374030471610368,,,Importance of Human Intervantion,0.5286067870616913,believer,male,,not aggressive
2019-05-03 09:41:31+00:00,1124247606404603905,144.9631608,-37.81421760000001,Importance of Human Intervantion,0.4597094443798065,believer,male,-2.289052,aggressive
2016-05-27 17:24:29+00:00,736246709567795200,,,Politics,-0.2995868071749096,believer,male,,aggressive
2015-04-03 02:56:06+00:00,583825273453420544,-84.87762000000001,38.20042,Global stance,0.4119579941034317,believer,male,4.3498405999999985,not aggressive
2017-11-10 17:28:52+00:00,929038159110864897,-87.6244212,41.87556160000001,Importance of Human Intervantion,0.7177901723384857,believer,male,-6.970313000000001,not aggressive
2015-04-02 11:59:16+00:00,583599578747949056,,,Global stance,-0.5751602084742652,believer,male,,aggressive
2009-10-16 20:07:18+00:00,4924665074,,,Importance of Human Intervantion,-0.4306600838899612,believer,male,,not aggressive
2016-03-08 16:13:02+00:00,707237699472777216,-0.12574,51.50853000000001,Seriousness of Gas Emissions,0.4039545906225841,believer,male,-2.2589622000000005,not aggressive
2015-07-14 17:32:04+00:00,621009277562552320,-77.615214,43.157284999999995,Impact of Resource Overconsumption,0.4732018734455108,neutral,female,1.0711813,not aggressive
2015-03-31 21:32:18+00:00,583019009290964992,-79.4163,43.70011,Importance of Human Intervantion,-0.0477996170520782,neutral,female,-2.7148204,not aggressive
2015-06-05 10:52:56+00:00,606775708627648512,,,Weather Extremes,0.74780459040006,believer,male,,not aggressive
2016-10-06 09:34:06+00:00,783963535047069696,,,Politics,0.0475896149873733,believer,male,,aggressive
2018-10-22 04:30:17+00:00,1054228423709622272,-116.78467,34.687430000000006,Significance of Pollution Awareness Events,0.2189501912434895,believer,male,-0.95980245,not aggressive
2014-07-20 16:15:29+00:00,490892760753635328,,,Weather Extremes,0.4967382645050684,believer,male,,not aggressive
2018-04-02 20:50:17+00:00,980910313301307392,-71.0582912,42.3602534,Importance of Human Intervantion,0.6978368438720703,believer,male,-1.5926813,aggressive
2018-09-03 04:39:23+00:00,1036473709043826689,,,Importance of Human Intervantion,0.2645868857622147,believer,male,,not aggressive
2018-03-14 14:45:33+00:00,973933156234543104,,,Global stance,0.7481823664665221,believer,female,,not aggressive
2018-05-17 12:48:38+00:00,997096556284198912,,,Global stance,-0.3865667939186096,believer,male,,not aggressive
2018-11-29 21:51:25+00:00,1068261174444199937,,,Politics,0.5190355562898847,believer,male,,not aggressive
2017-10-31 18:37:34+00:00,925431571200475137,-118.755997,36.7014631,Politics,0.4719205498695373,believer,male,1.4509201,aggressive
2015-01-21 02:54:33+00:00,557732955624587264,-71.0582912,42.3602534,Ideological Positions on Global Warming,-0.5930655010223389,believer,male,0.022599466,not aggressive
2019-05-18 11:16:04+00:00,1129707216624398336,-0.1276474,51.5073219,Weather Extremes,-0.2341111476898193,believer,male,4.0638494,not aggressive
2014-04-23 05:00:40+00:00,458832806269833216,-97.74306,30.26715,Significance of Pollution Awareness Events,-0.605022319316864,believer,female,1.8094392,not aggressive
2015-12-15 20:02:03+00:00,676854755637911552,,,Importance of Human Intervantion,0.3479620965957641,believer,female,,aggressive
2018-12-02 17:10:38+00:00,1069277676249071616,,,Importance of Human Intervantion,0.4545548322677613,believer,male,,not aggressive
2017-11-23 21:37:08+00:00,933811678445158400,-111.838904,40.5664878,Weather Extremes,0.3355706691741943,believer,female,9.2888,aggressive
2019-09-03 16:57:39+00:00,1168931070936604672,,,Global stance,-0.4922887831926346,neutral,male,,aggressive
2017-12-31 13:41:37+00:00,947462752498483201,,,Donald Trump versus Science,0.7307515018701554,neutral,male,,not aggressive
2008-08-30 12:54:45+00:00,903930288,-72.92815999999998,41.308150000000005,Seriousness of Gas Emissions,-0.5207896333932877,believer,male,1.0483576,aggressive
2009-10-01 10:53:58+00:00,4521985623,,,Global stance,-0.4032184845209122,believer,male,,not aggressive
2017-09-12 23:36:17+00:00,907749736567922688,,,Global stance,0.0833734539270401,neutral,male,,not aggressive
2018-03-30 01:23:55+00:00,979529621002649600,,,Global stance,-0.6654159796476364,believer,male,,not aggressive
2015-12-19 04:35:05+00:00,678071027100811264,,,Politics,-0.3228205353339513,believer,male,,aggressive
2019-04-24 09:57:32+00:00,1120990148257206275,,,Global stance,0.0057253241539001,neutral,undefined,,not aggressive
2018-01-29 02:00:24+00:00,957795532864450561,,,Importance of Human Intervantion,0.0709712437391281,neutral,male,,not aggressive
2017-12-30 03:23:32+00:00,946944816369119232,-118.755997,36.7014631,Donald Trump versus Science,-0.4321719229221344,believer,male,4.29379,not aggressive
2018-12-14 15:29:38+00:00,1073600912076218368,,,Undefined / One Word Hashtags,-0.0036741644144058,believer,male,,not aggressive
2009-11-21 01:32:28+00:00,5906854116,,,Donald Trump versus Science,-0.4974979479789734,denier,male,,aggressive
2019-04-17 16:07:47+00:00,1118546607505592320,-111.50098,34.5003,Donald Trump versus Science,-0.6848176163832347,believer,female,0.7367312,not aggressive
2017-12-29 01:02:14+00:00,946546869739671553,,,Weather Extremes,-0.7406083164718416,believer,male,,not aggressive
2018-10-18 12:56:12+00:00,1052906188742901762,,,Weather Extremes,-0.4143640194892883,neutral,male,,not aggressive
2018-05-20 01:32:26+00:00,998013547073417216,,,Undefined / One Word Hashtags,0.4795529844045639,believer,male,,not aggressive
2017-12-08 20:31:10+00:00,939230898666557441,-71.0582912,42.3602534,Politics,0.4915391355752945,neutral,male,0.57547337,not aggressive
2017-12-29 02:40:25+00:00,946571578690633734,,,Weather Extremes,-0.2560176885843277,believer,male,,not aggressive
2018-11-30 21:43:36+00:00,1068621595088949250,-105.96027,32.899530000000006,Importance of Human Intervantion,-0.0309340284629301,believer,male,3.6485572,aggressive
2015-12-18 16:05:18+00:00,677882337305206784,,,Importance of Human Intervantion,0.152604147529602,believer,male,,not aggressive
2018-12-11 19:01:59+00:00,1072567186177359872,-82.5001,28.75054,Global stance,0.4652265757322311,believer,female,0.35680318,not aggressive
2009-11-23 17:04:37+00:00,5981484425,-79.4163,43.70011,Seriousness of Gas Emissions,-0.6677046458959579,neutral,female,3.7241511,aggressive
2018-12-11 18:17:00+00:00,1072555868078698498,-83.74088,42.27756,Global stance,0.4262419965532091,believer,male,8.259166,aggressive
2016-05-09 09:41:03+00:00,729607102101082112,,,Global stance,0.5172369641542435,believer,male,,aggressive
2017-06-04 17:05:26+00:00,871412593101066240,,,Donald Trump versus Science,-0.5160016785383225,believer,male,,aggressive
2017-12-29 16:41:44+00:00,946783302912020485,-80.84308270000002,35.22720860000001,Politics,0.0239849686622619,neutral,female,-5.7648787000000015,not aggressive
2010-03-29 05:21:05+00:00,11234181969,,,Weather Extremes,-0.0037475068092346,believer,female,,aggressive
2018-12-06 16:50:26+00:00,1070722141790920704,-77.03636999999998,38.89511,Global stance,-0.3258622823476791,believer,male,3.8671534,aggressive
2017-10-28 19:55:28+00:00,924364009377320962,,,Global stance,0.3821470737457275,believer,female,,not aggressive
2015-08-06 12:08:13+00:00,629262699071938560,-72.66648,41.66704,Importance of Human Intervantion,0.4848540651321411,believer,female,-1.362451,not aggressive
2018-03-14 15:26:00+00:00,973943333566349312,,,Politics,0.147728333902359,believer,male,,not aggressive
2015-06-09 21:03:52+00:00,608379006442946560,-122.41942000000002,37.774930000000005,Global stance,0.2081913332223892,believer,male,3.354197,not aggressive
2018-08-29 00:38:31+00:00,1034601154737389568,,,Importance of Human Intervantion,0.0736691873311996,believer,female,,not aggressive
2018-07-04 10:18:23+00:00,1014453358826909696,144.3598269,-38.1492813,Seriousness of Gas Emissions,-0.2730860484600067,believer,male,-2.387042,aggressive
2019-05-12 14:44:13+00:00,1127585275977261056,,,Weather Extremes,0.072489741897583,believer,undefined,,not aggressive
2019-04-30 00:50:45+00:00,1123026870163759104,-111.763275,34.395342,Importance of Human Intervantion,0.5591058346509933,believer,female,0.7367312,not aggressive
2018-01-07 00:13:59+00:00,949796220184223744,,,Impact of Resource Overconsumption,-0.1883211705923081,neutral,female,,not aggressive
2018-07-02 22:49:50+00:00,1013917695027351560,,,Weather Extremes,0.0490429498434066,believer,female,,not aggressive
2009-07-02 06:21:48+00:00,2433342284,,,Ideological Positions on Global Warming,-0.6395674443244934,believer,male,,aggressive
2017-12-16 03:11:35+00:00,941868378226135040,-76.91996999999998,40.239810000000006,Politics,-0.414540022611618,neutral,male,-4.7647862000000005,not aggressive
2016-10-06 00:43:16+00:00,783829943738363904,147.32941000000002,-42.879360000000005,Importance of Human Intervantion,-0.2822254730701447,believer,male,2.1532977000000004,not aggressive
2018-04-02 15:41:50+00:00,980832688046133249,,,Global stance,0.0214182068586349,neutral,female,,not aggressive
2018-08-20 19:18:35+00:00,1031621537655185408,,,Politics,-0.4652286450215749,believer,female,,aggressive
2015-07-17 20:25:12+00:00,622140013531254784,,,Significance of Pollution Awareness Events,0.9061154033184052,believer,female,,not aggressive
2018-09-24 10:44:37+00:00,1044175766962008065,,,Importance of Human Intervantion,0.8320022295951842,believer,female,,not aggressive
2017-12-29 05:20:10+00:00,946611782633840640,,,Weather Extremes,-0.62057765787329,believer,male,,not aggressive
2017-12-05 05:05:43+00:00,937910837808979969,,,Weather Extremes,0.02485813498497,believer,male,,not aggressive
2018-09-14 11:31:53+00:00,1040563783817748480,-77.03636999999998,38.89511,Importance of Human Intervantion,0.6599278614441553,believer,male,3.8671534,not aggressive
2015-12-12 18:41:43+00:00,675747373193281536,,,Importance of Human Intervantion,0.6397885211467743,believer,male,,not aggressive
2019-05-15 06:13:55+00:00,1128544015844962306,,,Global stance,0.6661147375822067,believer,female,,not aggressive
2019-05-07 21:39:56+00:00,1125877952028323849,,,Weather Extremes,-0.1311439275741577,believer,male,,not aggressive
2018-12-12 05:42:33+00:00,1072728392787771392,,,Politics,-0.4667796427994063,believer,female,,aggressive
2017-06-13 02:49:41+00:00,874458726924640256,,,Weather Extremes,-0.369327649474144,believer,male,,not aggressive
2018-04-10 14:21:25+00:00,983711553064226816,,,Global stance,0.5493398308753967,believer,male,,not aggressive
2016-05-30 22:02:23+00:00,737403809308147712,,,Undefined / One Word Hashtags,-0.4709192245960236,believer,male,,aggressive
2018-08-16 02:46:52+00:00,1029922409191796736,,,Ideological Positions on Global Warming,0.3893458212852478,believer,male,,not aggressive
2018-12-14 16:02:09+00:00,1073609096270536706,,,Impact of Resource Overconsumption,0.0699696787834167,denier,female,,not aggressive
2009-12-20 07:23:54+00:00,6854579171,,,Global stance,0.4874274998426437,believer,male,,not aggressive
2016-10-05 03:20:45+00:00,783507189394706432,-77.0365427,38.89503679999999,Politics,-0.10674973487854,believer,male,1.2639667,aggressive
2018-08-20 14:37:24+00:00,1031550775170924544,73.85535,18.51957,Weather Extremes,0.4761068080478244,believer,male,2.0920753,not aggressive
2019-05-10 12:08:57+00:00,1126821423530614787,,,Weather Extremes,0.2023748601606913,neutral,male,,not aggressive
2018-04-25 14:33:32+00:00,989150420646924288,-74.08175,4.609710000000001,Politics,0.5678317091782888,neutral,female,-0.1892087,aggressive
2018-02-12 02:31:14+00:00,962876723732865024,,,Importance of Human Intervantion,-0.2281961014270782,believer,male,,not aggressive
2017-10-10 23:41:07+00:00,917897815564718083,-65.95739,18.38078,Global stance,-0.6645352637290954,neutral,male,-1.2559193000000002,aggressive
2018-09-13 04:45:13+00:00,1040099053630107648,,,Importance of Human Intervantion,-0.3550423095226288,believer,male,,not aggressive
2014-04-20 08:22:17+00:00,457796382363897856,,,Seriousness of Gas Emissions,0.2017654063463211,believer,female,,not aggressive
2010-05-29 19:07:45+00:00,14992945867,,,Importance of Human Intervantion,-0.0448136389255523,believer,undefined,,not aggressive
2018-09-16 03:46:29+00:00,1041171439913623552,,,Impact of Resource Overconsumption,-0.3595309575080871,believer,male,,not aggressive
2018-02-07 16:41:49+00:00,961278838339719168,,,Importance of Human Intervantion,0.4207147013425827,believer,male,,not aggressive
2018-05-31 18:13:26+00:00,1002251722968969216,-73.83207840000001,40.938154399999995,Politics,-0.1117543279886245,believer,male,0.76935184,aggressive
2017-06-03 22:02:14+00:00,871124895123558400,,,Importance of Human Intervantion,-0.0882895353317261,believer,male,,aggressive
2017-12-22 19:58:29+00:00,944296099753447425,,,Seriousness of Gas Emissions,0.2334676949501037,believer,male,,not aggressive
2018-09-19 01:11:31+00:00,1042219604230242304,,,Politics,-0.0531142789840698,believer,female,,not aggressive
2018-07-10 22:15:06+00:00,1016808054870937600,,,Undefined / One Word Hashtags,-0.1807896789073944,believer,female,,not aggressive
2012-02-21 20:54:53+00:00,172061752123596800,-115.13722,36.17497,Weather Extremes,-0.4105940470695495,neutral,female,-1.3242322,not aggressive
2018-10-12 09:13:31+00:00,1050675822166589440,,,Global stance,0.6225268575085534,believer,female,,not aggressive
2018-03-13 09:20:05+00:00,973488858951274496,,,Importance of Human Intervantion,0.4322550147771835,neutral,male,,not aggressive
2019-04-27 11:07:06+00:00,1122094815611629568,,,Politics,0.7609055822849273,neutral,female,,not aggressive
2018-12-22 02:17:13+00:00,1076300598142627840,115.8604796,-31.95271210000001,Politics,-0.3173043665409088,neutral,male,-0.5194188,not aggressive
2009-09-29 21:33:23+00:00,4480526206,-77.02192000000001,38.885110000000005,Global stance,-0.4301636517047882,believer,male,-0.91592807,not aggressive
2019-05-15 06:12:13+00:00,1128543587648536578,,,Importance of Human Intervantion,0.2377028530597686,believer,female,,not aggressive
2013-09-05 22:53:35+00:00,375753606395207680,,,Donald Trump versus Science,-0.4457622542540232,believer,male,,not aggressive
2016-02-20 01:15:57+00:00,700851349018304512,,,Impact of Resource Overconsumption,-0.6876855288550967,believer,male,,not aggressive
2018-12-21 23:11:38+00:00,1076253891237421056,7.682489200000002,45.06775510000001,Global stance,0.3970436835289002,believer,male,1.7153949,not aggressive
2015-11-11 17:13:41+00:00,664491197172314112,-0.1276474,51.5073219,Importance of Human Intervantion,-0.1358950734138488,neutral,female,5.5952973,not aggressive
2018-06-28 20:04:00+00:00,1012426410336636928,-1.2578499,51.7520131,Undefined / One Word Hashtags,0.5539720952510834,believer,male,4.346396,not aggressive
2016-05-24 12:45:00+00:00,735089215260622848,25.026380000000003,60.40368000000001,Donald Trump versus Science,0.5319131404161453,believer,undefined,5.396646,not aggressive
2017-07-29 16:57:32+00:00,891341937742970880,,,Weather Extremes,-0.3279444311618805,believer,female,,not aggressive
2012-11-12 18:58:48+00:00,268065324887310336,,,Weather Extremes,0.5040904398202897,neutral,female,,not aggressive
2019-05-14 20:23:38+00:00,1128395465370652672,,,Weather Extremes,-0.6667408951706356,believer,male,,not aggressive
2017-12-29 17:13:37+00:00,946791328519675905,-117.16277279999998,32.7174202,Ideological Positions on Global Warming,-0.4991091191768646,believer,male,4.5365367,not aggressive
2009-06-24 13:34:30+00:00,2310276137,-81.23304,42.98339,Global stance,0.3132398707469304,neutral,female,3.1662982000000004,aggressive
2014-01-30 14:49:55+00:00,428902905458860032,,,Seriousness of Gas Emissions,0.606412870197585,believer,male,,not aggressive
2015-08-01 22:53:38+00:00,627613184304762880,-2.5972985,51.45380220000001,Global stance,-0.5275149708986282,believer,male,-2.0964632,aggressive
2015-11-09 15:45:22+00:00,663744195056828416,,,Global stance,-0.0358490829229354,believer,female,,not aggressive
2018-10-14 18:02:42+00:00,1051533771550294016,,,Importance of Human Intervantion,0.5286067870616913,believer,undefined,,not aggressive
2016-10-30 05:53:00+00:00,792605201387573248,126.9784,37.566,Global stance,-0.5775133135795594,believer,female,-2.2794747,aggressive
2015-12-30 07:15:02+00:00,682097548044185600,,,Global stance,0.5230014594078064,believer,male,,not aggressive
2016-07-19 03:07:51+00:00,755237690740727808,-74.00596999999998,40.714270000000006,Importance of Human Intervantion,-0.5331702818870544,neutral,female,1.0988057,not aggressive
2018-06-04 19:02:34+00:00,1003713640699256833,,,Seriousness of Gas Emissions,0.4834939107735952,neutral,female,,not aggressive
2018-04-20 19:48:28+00:00,987417738749534208,-111.6518229,35.19875220000001,Global stance,0.6570875352144241,neutral,female,-4.2014656,not aggressive
2009-07-01 10:08:02+00:00,2418180534,,,Weather Extremes,0.1564425590515136,neutral,male,,not aggressive
2014-04-26 10:05:43+00:00,459996739701714944,,,Weather Extremes,0.4282829185326894,believer,female,,not aggressive
2012-11-12 14:47:41+00:00,268002128046473216,,,Global stance,-0.2029628266572952,believer,male,,aggressive
2018-12-07 09:04:59+00:00,1070967395358072833,,,Donald Trump versus Science,0.4308819302661078,believer,male,,not aggressive
2019-01-07 18:51:14+00:00,1082348954862473216,,,Politics,0.1074736982107162,believer,female,,aggressive
2019-04-29 18:10:11+00:00,1122926062994972672,,,Politics,-0.0344408462762832,believer,female,,not aggressive
2018-09-26 11:02:45+00:00,1044905108616577024,,,Undefined / One Word Hashtags,0.4135933478673299,denier,female,,not aggressive
2018-05-24 06:11:48+00:00,999533404533112833,,,Global stance,0.2136639424085616,believer,female,,not aggressive
2018-09-16 02:44:21+00:00,1041155801816211456,-86.80249,33.52066,Impact of Resource Overconsumption,-0.3595309575080871,believer,undefined,2.4777238,not aggressive
2017-11-16 09:44:15+00:00,931095561943601153,,,Global stance,0.5538293012033809,believer,male,,not aggressive
2019-05-14 01:08:06+00:00,1128104668134035456,,,Weather Extremes,-0.6667408951706356,believer,female,,not aggressive
2018-04-10 04:30:18+00:00,983562793730240514,-79.4163,43.70011,Impact of Resource Overconsumption,-0.6692048789978027,believer,female,-5.636413,aggressive
2018-09-08 16:36:40+00:00,1038466157311877120,,,Weather Extremes,0.5282308449745179,neutral,male,,not aggressive
2015-12-21 07:37:08+00:00,678841617940406272,,,Undefined / One Word Hashtags,0.3367059081792831,neutral,undefined,,not aggressive
2017-11-09 09:53:28+00:00,928561164459675649,51.53096000000001,25.28545,Global stance,0.5392308817538348,believer,male,2.0323386,aggressive
2017-12-29 18:59:31+00:00,946817979471327232,,,Politics,-0.7755497667074204,believer,female,,aggressive
2016-10-12 10:28:19+00:00,786151504382078976,-71.4128343,41.8239891,Importance of Human Intervantion,-0.4424059552431106,believer,female,-0.78474444,not aggressive
2018-10-09 01:40:03+00:00,1049474539674116097,,,Undefined / One Word Hashtags,0.5985360195477804,neutral,undefined,,not aggressive
2018-05-21 00:34:07+00:00,998361257437679616,,,Global stance,-0.292285245821211,believer,male,,not aggressive
2018-09-01 20:23:33+00:00,1035986538352521216,,,Global stance,0.5283959424495697,believer,female,,not aggressive
2018-11-30 07:03:06+00:00,1068400006573563904,,,Politics,-0.0415211468935012,believer,male,,not aggressive
2018-12-11 10:11:26+00:00,1072433671158796288,,,Importance of Human Intervantion,-0.801019172445933,believer,male,,not aggressive
2018-12-18 14:43:04+00:00,1075038744061861888,7.573270000000001,47.55839,Global stance,0.0382649600505828,denier,male,3.849373,not aggressive
2015-06-06 03:21:43+00:00,607024541978664960,,,Weather Extremes,-0.6687710877849942,believer,male,,not aggressive
2018-09-19 22:08:36+00:00,1042535958489391104,151.20731999999995,-33.867850000000004,Global stance,0.1297198632955551,believer,male,-1.3413349,aggressive
2018-04-28 07:55:02+00:00,990137298334367744,,,Donald Trump versus Science,-0.3052582785367965,denier,male,,aggressive
2018-01-22 05:47:19+00:00,955315924524941312,-114.1337,51.15943000000001,Importance of Human Intervantion,0.681577492761612,believer,male,6.892693,not aggressive
2018-08-15 21:17:01+00:00,1029839399721361416,-0.0045417,51.4820845,Importance of Human Intervantion,0.3750179558992386,neutral,male,4.0638494,aggressive
2018-04-21 11:57:40+00:00,987661645567668225,,,Donald Trump versus Science,0.6607912786960602,believer,male,,aggressive
2018-08-20 20:36:05+00:00,1031641039222841344,,,Donald Trump versus Science,0.5154380661725998,denier,undefined,,not aggressive
2018-12-29 03:11:39+00:00,1078851008107896832,,,Politics,0.3949002264261245,believer,male,,not aggressive
2018-11-30 09:25:12+00:00,1068435768983474176,,,Importance of Human Intervantion,0.5497913400332133,believer,female,,not aggressive
2018-12-15 12:50:11+00:00,1073923173815607296,,,Importance of Human Intervantion,0.6984191376091942,believer,male,,not aggressive
2018-02-22 17:17:42+00:00,966723686672683008,,,Politics,-0.3422509862184524,believer,male,,not aggressive
2018-07-10 06:46:48+00:00,1016574440199446529,,,Global stance,-0.564020724606514,believer,female,,not aggressive
2018-05-01 22:09:49+00:00,991439574923661312,,,Global stance,0.4407368784666061,believer,female,,aggressive
2018-01-05 23:22:44+00:00,949420933072261125,-98.4951405,29.4246002,Ideological Positions on Global Warming,-0.4615764319896698,believer,female,-2.2509801,aggressive
2013-02-13 00:18:40+00:00,301485505298694144,,,Seriousness of Gas Emissions,-0.5490715771436692,neutral,male,,not aggressive
2019-05-08 06:14:55+00:00,1126007554985869312,,,Seriousness of Gas Emissions,-0.1632841495990753,believer,female,,aggressive
2014-01-16 12:57:57+00:00,423801298111057920,,,Donald Trump versus Science,-0.527566956448555,denier,male,,not aggressive
2009-06-17 18:43:56+00:00,2210557158,,,Weather Extremes,0.7093876185178757,neutral,female,,not aggressive
2019-04-23 11:31:16+00:00,1120651346598944769,,,Global stance,-0.1558652328491211,believer,male,,not aggressive
2017-11-05 20:56:18+00:00,927278421406822400,,,Weather Extremes,0.5434880426645278,believer,female,,not aggressive
2015-06-05 02:12:55+00:00,606644840957374464,,,Global stance,0.706091517384847,believer,male,,aggressive
2019-05-03 00:32:54+00:00,1124109543477252097,-77.0365427,38.89503679999999,Politics,-0.443264439702034,neutral,female,3.8671534,not aggressive
2015-09-13 23:19:15+00:00,643202308017229824,-134.41971999999998,58.30194,Importance of Human Intervantion,-0.4426634598493576,denier,undefined,-0.9146103,aggressive
2018-02-20 15:08:11+00:00,965966318527754240,,,Importance of Human Intervantion,0.3900697979211807,believer,male,,not aggressive
2018-04-16 20:28:54+00:00,985978361246871553,,,Global stance,-0.0122513492902119,neutral,male,,not aggressive
2015-12-29 07:58:31+00:00,681746100454297600,,,Undefined / One Word Hashtags,0.4844611138105392,neutral,male,,not aggressive
2015-06-24 16:00:05+00:00,613738372603977728,,,Global stance,0.3618316300868988,believer,male,,not aggressive
2016-03-19 15:39:58+00:00,711215644729933824,,,Seriousness of Gas Emissions,-0.2773781180381774,believer,female,,not aggressive
2017-05-13 06:45:04+00:00,863283939762462720,,,Weather Extremes,0.4706568832635879,believer,male,,not aggressive
2016-07-10 18:54:04+00:00,752214321468469248,,,Undefined / One Word Hashtags,0.3899494477510452,believer,male,,aggressive
2018-09-28 18:43:44+00:00,1045745893801177088,,,Politics,-0.2166888278961181,believer,male,,not aggressive
2015-03-04 08:40:24+00:00,573040283362844672,,,Weather Extremes,-0.2313389420032501,believer,male,,not aggressive
2017-09-23 13:46:33+00:00,911587593350815744,89.63367290000002,27.4713546,Importance of Human Intervantion,0.6507473549842834,believer,male,2.0981112,aggressive
2018-12-03 14:48:52+00:00,1069604384202469378,,,Donald Trump versus Science,-0.2776756409247716,denier,male,,aggressive
2019-04-22 22:05:30+00:00,1120448568278552576,-122.3300624,47.6038321,Global stance,0.3647245076417923,believer,male,-2.36505,not aggressive
2017-06-09 14:05:05+00:00,873179142186967040,-114.08529,51.05011,Global stance,-0.2728956341743469,believer,female,0.3818288,not aggressive
2010-09-03 11:47:43+00:00,22880091853,,,Global stance,-0.4143866598606109,neutral,female,,not aggressive
2017-11-15 15:31:04+00:00,930820452943089664,,,Global stance,0.89067517015934,believer,female,,not aggressive
2013-09-17 17:15:48+00:00,380017253175291904,-122.4199061,37.7790262,Global stance,-0.1329621818780899,believer,male,-0.6053797,not aggressive
2013-07-30 17:19:54+00:00,362261281912270848,,,Weather Extremes,0.1002506281375885,believer,male,,not aggressive
2018-03-27 14:33:41+00:00,978641211773865984,-92.1251218,46.77293220000001,Global stance,-0.469088200767835,believer,female,0.9255478,not aggressive
2018-12-01 13:01:10+00:00,1068852504748793862,,,Seriousness of Gas Emissions,0.0408046439727147,believer,male,,not aggressive
2018-06-29 00:16:40+00:00,1012489995540545538,,,Undefined / One Word Hashtags,-0.2756216972589492,believer,male,,aggressive
2018-06-18 17:32:20+00:00,1008764363073732608,-122.41942000000002,37.774930000000005,Global stance,-0.471496063876152,believer,female,-3.5773523000000003,not aggressive
2018-11-30 21:43:00+00:00,1068621442508615682,13.6337254,46.7379164,Global stance,0.0108386427164078,believer,male,5.4393544,not aggressive
2018-10-15 17:45:23+00:00,1051891800615657478,,,Importance of Human Intervantion,0.139454739165306,believer,undefined,,not aggressive
2009-11-11 19:17:51+00:00,5626814216,,,Global stance,0.0438500441312789,believer,female,,not aggressive
2018-03-11 14:33:02+00:00,972842839234113536,,,Global stance,0.4257585717873139,believer,male,,not aggressive
2017-10-30 14:31:08+00:00,925007164556574720,,,Significance of Pollution Awareness Events,0.3844866454601288,believer,male,,not aggressive
2016-07-23 17:58:02+00:00,756911261376454656,68.2101509,27.5564798,Undefined / One Word Hashtags,0.0153322368860244,believer,male,0.28499803,not aggressive
2018-04-19 21:11:02+00:00,987076127498866689,,,Donald Trump versus Science,-0.6886436036984125,believer,female,,aggressive
2018-03-01 18:09:15+00:00,969273376706572290,,,Weather Extremes,0.53738460732566,denier,undefined,,aggressive
2019-01-03 16:43:19+00:00,1080867210623541249,-122.1047011,38.5134811,Importance of Human Intervantion,-0.24182179915905,believer,male,-4.0139260000000005,aggressive
2018-08-28 01:22:56+00:00,1034249941445529600,-97.7436995,30.271128599999997,Donald Trump versus Science,-0.5804539183855056,believer,female,3.514946,not aggressive
2018-09-12 01:09:08+00:00,1039682285996580864,,,Donald Trump versus Science,0.469781145453453,believer,female,,not aggressive
2017-08-25 19:15:17+00:00,901161074455490560,,,Seriousness of Gas Emissions,0.0050151531429001,neutral,male,,aggressive
2015-12-30 16:14:07+00:00,682233209262862336,,,Donald Trump versus Science,0.813787230488989,believer,female,,not aggressive
2018-02-04 00:30:32+00:00,959947242462416896,,,Importance of Human Intervantion,0.4204047184467315,believer,female,,not aggressive
2017-12-21 20:17:06+00:00,943938400394113024,-84.51439,39.12711,Politics,-0.3794387131929397,believer,female,3.7433658,aggressive
2017-12-29 19:42:21+00:00,946828755573420032,,,Ideological Positions on Global Warming,-0.4991091191768646,believer,female,,not aggressive
2019-04-30 19:33:04+00:00,1123309311772377216,,,Donald Trump versus Science,-0.8150516337156296,neutral,undefined,,not aggressive
2018-04-16 17:27:19+00:00,985932665605054464,-90.00041,44.50024000000001,Importance of Human Intervantion,-0.5287049921035766,believer,female,-11.1653185,not aggressive
2015-04-12 19:24:12+00:00,587335426655961088,,,Politics,-0.2282807251453399,believer,undefined,,aggressive
2018-09-13 18:14:07+00:00,1040302620005490688,,,Ideological Positions on Global Warming,0.6303835807236757,believer,male,,not aggressive
2018-01-31 01:02:40+00:00,958505777198637057,,,Donald Trump versus Science,-0.3518736114104589,believer,female,,aggressive
2019-02-25 14:59:23+00:00,1100047613708115968,,,Importance of Human Intervantion,0.0241354256868362,believer,female,,not aggressive
2018-12-07 23:38:58+00:00,1071187340457074688,,,Politics,-0.3648713111877441,believer,female,,not aggressive
2018-03-03 10:39:36+00:00,969884992028409856,,,Significance of Pollution Awareness Events,0.6721742011547088,believer,female,,not aggressive
2019-04-11 22:30:02+00:00,1116468477450178560,,,Global stance,-0.138762926030159,believer,male,,aggressive
2013-03-27 13:57:01+00:00,316911738610135040,,,Weather Extremes,-0.4057081674098968,denier,male,,aggressive
2018-10-08 15:31:51+00:00,1049321482185322496,,,Global stance,0.0422543436288833,believer,female,,not aggressive
2018-03-15 14:21:46+00:00,974289557796646914,,,Ideological Positions on Global Warming,-0.6956080779790879,neutral,male,,not aggressive
2018-12-12 19:09:50+00:00,1072931551027978240,,,Undefined / One Word Hashtags,0.5874097030401231,believer,male,,not aggressive
2018-09-11 17:04:15+00:00,1039560264612495361,,,Global stance,-0.4167375611782074,believer,male,,not aggressive
2013-02-26 01:15:56+00:00,306210960580952064,-79.99589,40.44062,Weather Extremes,0.2756504531860351,neutral,male,0.3662509,aggressive
2016-01-15 11:33:54+00:00,687960899945164800,-1.58333,53.7,Global stance,0.2503886520862579,believer,male,-1.4813992,not aggressive
2015-05-08 10:59:27+00:00,596630487537426432,-3.702560000000001,40.4165,Global stance,0.3216445976495742,believer,female,3.601878,aggressive
2017-12-10 04:01:31+00:00,939706619931144192,,,Politics,-0.3747243732213974,denier,female,,not aggressive
2016-03-26 09:46:58+00:00,713663524728356864,-0.12574,51.50853000000001,Global stance,0.0279522803544998,believer,male,2.2637386000000004,aggressive
2018-08-20 01:29:57+00:00,1031352604436123649,,,Global stance,-0.3957686547517776,believer,female,,not aggressive
2018-10-17 10:59:03+00:00,1052514319970291712,,,Undefined / One Word Hashtags,0.3498155623674392,believer,male,,not aggressive
2019-01-03 17:16:42+00:00,1080875612863107072,,,Importance of Human Intervantion,0.594857266610319,believer,male,,not aggressive
2016-02-24 21:46:13+00:00,702610508453556224,,,Importance of Human Intervantion,0.0768794059753417,believer,undefined,,not aggressive
2017-01-03 12:59:01+00:00,816267624162217984,,,Undefined / One Word Hashtags,0.1948318630456924,denier,male,,aggressive
2018-10-10 21:28:57+00:00,1050136125996707840,-77.3411,38.96872000000001,Undefined / One Word Hashtags,0.8183694888830184,believer,female,3.8671534,not aggressive
2016-09-21 01:12:03+00:00,778401370936217600,,,Politics,-0.2873302114486694,believer,male,,not aggressive
2013-05-11 21:58:56+00:00,333340474494554112,,,Weather Extremes,0.5565854297944477,neutral,male,,aggressive
2018-03-05 00:59:52+00:00,970463874439942145,-79.03929190000002,35.6729639,Global stance,0.838493149638176,believer,female,-2.7238555,aggressive
2018-01-01 14:04:05+00:00,947830794847911936,35.69306,33.56528,Undefined / One Word Hashtags,-0.1339297354221344,believer,male,0.25876054,aggressive
2018-12-27 03:29:12+00:00,1078130652166410245,,,Importance of Human Intervantion,0.6154725342750549,believer,male,,not aggressive
2013-03-19 19:00:10+00:00,314088929613737984,,,Donald Trump versus Science,-0.6252730581045152,believer,male,,not aggressive
2018-07-08 14:01:21+00:00,1015959023651344384,,,Donald Trump versus Science,0.2588135123491287,neutral,male,,not aggressive
2018-10-11 21:23:17+00:00,1050497088411164672,-116.4952976978508,33.77217945,Donald Trump versus Science,-0.2536305932998657,believer,male,-0.87193966,aggressive
2015-01-22 02:58:03+00:00,558096223258050560,,,Seriousness of Gas Emissions,0.5079565912008286,believer,male,,not aggressive
2018-11-27 12:44:44+00:00,1067398818650619904,,,Undefined / One Word Hashtags,0.0426754390716552,believer,female,,not aggressive
2019-04-20 19:51:53+00:00,1119690168611561472,-2.0,54.0,Importance of Human Intervantion,-0.4442233356714248,believer,female,5.1385045,not aggressive
2018-12-12 23:08:09+00:00,1072991525263630337,-71.0022705,42.25287720000001,Importance of Human Intervantion,0.7151086737155914,believer,male,2.2066703,not aggressive
2018-01-05 03:45:53+00:00,949124770972434432,,,Weather Extremes,-0.6153569866895676,neutral,male,,aggressive
2017-12-03 14:24:40+00:00,937326726052376578,,,Importance of Human Intervantion,-0.3675014812469482,believer,female,,not aggressive
2019-01-07 18:26:54+00:00,1082342830180159490,,,Politics,0.0996690660238266,believer,male,,aggressive
2014-11-25 10:05:04+00:00,537185191497068544,,,Undefined / One Word Hashtags,0.5935249475002289,believer,male,,aggressive
2017-11-14 17:47:07+00:00,930492303642365953,35.21961,31.781990000000008,Global stance,0.5907419632196427,believer,male,1.9851348,not aggressive
2019-04-27 17:56:05+00:00,1122197741264703488,-114.08529,51.05011,Donald Trump versus Science,0.4372351318597793,believer,male,-2.89827,not aggressive
2018-11-28 13:16:19+00:00,1067769154604695552,,,Importance of Human Intervantion,-0.209918871808052,denier,female,,not aggressive
2015-05-27 14:57:35+00:00,603575786105348096,,,Politics,-0.0301799383980887,believer,male,,not aggressive
2011-12-13 09:11:45+00:00,146517654818144256,,,Weather Extremes,0.5197687360525132,neutral,male,,not aggressive
2017-12-31 22:17:47+00:00,947592650256986114,,,Politics,-0.342331701350212,neutral,female,,not aggressive
2015-06-06 04:45:07+00:00,607045529990660096,,,Importance of Human Intervantion,0.4624723166227341,believer,undefined,,aggressive
2018-12-04 15:41:00+00:00,1069979893205794818,-74.0060152,40.7127281,Global stance,-0.142366949892044,believer,male,1.4386175,not aggressive
2018-05-17 02:06:27+00:00,996934942536937472,-74.00596999999998,40.714270000000006,Significance of Pollution Awareness Events,0.0763443757187236,believer,male,0.6992571,not aggressive
2018-12-26 03:29:36+00:00,1077768363294642176,-123.2620435,44.5645659,Ideological Positions on Global Warming,-0.3601853102445603,believer,male,-2.8816226,not aggressive
2009-11-06 14:50:22+00:00,5479997050,,,Seriousness of Gas Emissions,0.301048545050621,believer,female,,aggressive
2018-12-06 23:44:30+00:00,1070826344118804480,,,Weather Extremes,-0.3834801797628402,denier,female,,not aggressive
2018-01-01 06:08:06+00:00,947711008117837824,-118.0602,52.99629,Weather Extremes,-0.5145529569864273,denier,male,-9.980619,not aggressive
2015-06-17 16:26:37+00:00,611208335304429568,,,Global stance,0.2186179182767868,believer,male,,aggressive
2018-04-10 23:41:36+00:00,983852529665519619,,,Importance of Human Intervantion,0.4923346489667892,believer,female,,not aggressive
2017-11-10 04:03:31+00:00,928835486285692928,,,Global stance,-0.4589656293392181,believer,male,,aggressive
2017-11-15 04:29:32+00:00,930653971114536960,,,Undefined / One Word Hashtags,0.291728064417839,believer,male,,not aggressive
2016-04-29 08:11:02+00:00,725960572211200000,-71.10561000000001,42.3751,Weather Extremes,-0.3287719232559204,believer,male,-2.1792278,not aggressive
2018-09-16 03:26:30+00:00,1041166410871975936,-79.03929190000002,35.6729639,Impact of Resource Overconsumption,-0.3595309575080871,believer,undefined,3.674081,not aggressive
2018-12-13 21:12:26+00:00,1073324793636814849,,,Global stance,0.5670219352245331,believer,female,,aggressive
2017-11-09 23:35:19+00:00,928767990123831296,,,Importance of Human Intervantion,-0.6841790311336517,neutral,female,,not aggressive
2018-02-19 01:22:42+00:00,965396190106996736,-83.14993220000002,42.658366099999995,Weather Extremes,0.6639132247845332,believer,male,6.427626,not aggressive
2018-06-02 01:39:16+00:00,1002726309347364864,-76.30551000000001,40.03788,Politics,-0.4897455871105194,believer,female,4.0297575,not aggressive
2018-12-17 22:32:25+00:00,1074794472532205568,-121.74052,38.54491,Global stance,0.0877186010281245,believer,male,-4.007341,not aggressive
2017-12-29 01:57:51+00:00,946560865335169025,,,Weather Extremes,-0.2751974738836289,neutral,undefined,,not aggressive
2017-11-20 22:07:03+00:00,932732044110716928,-87.07987000000001,20.6274,Undefined / One Word Hashtags,0.4694525748491287,neutral,female,-1.2872643,aggressive
2017-12-29 20:54:53+00:00,946847009612460032,,,Weather Extremes,-0.62057765787329,believer,female,,not aggressive
2018-12-01 14:46:04+00:00,1068878903760973824,-123.0950506,44.0505054,Donald Trump versus Science,-0.3455535206079483,neutral,male,-2.8816226,not aggressive
2017-10-31 17:19:01+00:00,925411800845254656,,,Weather Extremes,-0.0549914901018142,neutral,undefined,,not aggressive
2019-05-08 18:04:21+00:00,1126186087104303110,-75.2590721,39.9184461,Importance of Human Intervantion,-0.4317693561315536,believer,female,2.0797734,not aggressive
2015-07-22 00:36:28+00:00,623652799453265920,,,Global stance,-0.0580899494734677,neutral,female,,not aggressive
2018-06-11 03:16:05+00:00,1006012163410964480,,,Undefined / One Word Hashtags,0.4998705357313156,believer,male,,not aggressive
2017-06-26 12:59:26+00:00,879323215134425088,-86.7743531,36.1622296,Weather Extremes,0.1688750871499379,denier,male,-3.8088818,not aggressive
2018-09-08 11:28:09+00:00,1038388518857392130,,,Donald Trump versus Science,-0.6998653504133224,believer,female,,aggressive
2010-11-23 14:45:54+00:00,7082416086712320,,,Donald Trump versus Science,-0.2285860733032226,neutral,female,,not aggressive
2014-09-15 08:52:10+00:00,511437305144684544,,,Donald Trump versus Science,-0.3605359226783117,believer,male,,aggressive
2019-05-19 14:00:39+00:00,1130111024189890560,-0.1276474,51.5073219,Importance of Human Intervantion,0.2452482161998749,believer,male,4.0638494,not aggressive
2017-11-30 11:32:06+00:00,936196131448590337,,,Global stance,0.0312668380657831,believer,female,,aggressive
2018-06-06 21:13:00+00:00,1004471240386543616,-80.2683838,25.721490000000003,Undefined / One Word Hashtags,0.5274947084188462,believer,female,0.61159164,not aggressive
2018-05-31 19:46:52+00:00,1002275237994491904,,,Global stance,0.540555355854468,neutral,male,,not aggressive
2015-08-11 13:10:08+00:00,631090223045193728,,,Donald Trump versus Science,-0.6019977255105973,neutral,male,,aggressive
2018-01-09 23:40:53+00:00,950875052324483072,,,Impact of Resource Overconsumption,-0.3167678296566009,neutral,male,,not aggressive
2018-03-21 10:55:29+00:00,976411972123082752,-156.38612,20.78785,Global stance,0.496581420302391,believer,male,-0.076204106,not aggressive
2013-06-28 17:29:48+00:00,350667361080188928,-0.1276474,51.5073219,Seriousness of Gas Emissions,-0.0316520132780075,believer,male,-0.2796243,not aggressive
2018-12-13 18:40:42+00:00,1073286606818287618,-104.92509795844671,42.765181,Importance of Human Intervantion,-0.6340235169887543,neutral,male,3.7651644,not aggressive
2014-02-20 17:14:17+00:00,436549381387345920,-82.68813949999999,40.2253569,Weather Extremes,0.6551109629392624,neutral,male,3.8824034,not aggressive
2017-11-03 03:40:38+00:00,926293013437059072,-116.200886,43.6166163,Donald Trump versus Science,0.4372288137674331,believer,male,0.16344555,not aggressive
2018-11-27 01:29:25+00:00,1067228872083689472,,,Importance of Human Intervantion,0.144091085489591,believer,female,,not aggressive
2018-08-31 15:01:07+00:00,1035543007301382144,-91.6438784,47.0760854,Global stance,0.109333649277687,believer,male,4.2987957,not aggressive
2011-01-17 23:47:14+00:00,27149979076263936,,,Weather Extremes,-0.7025698165178299,believer,male,,aggressive
2015-05-29 17:46:04+00:00,604342961887793152,-122.1545229,37.4429964,Undefined / One Word Hashtags,0.3388089686632156,neutral,male,-0.7540685,aggressive
2018-12-07 04:10:13+00:00,1070893217636380672,,,Importance of Human Intervantion,-0.255530399274826,believer,undefined,,aggressive
2016-03-02 10:03:21+00:00,704970341685321728,,,Global stance,-0.4428704380989074,neutral,male,,not aggressive
2009-08-10 03:04:28+00:00,3219080003,,,Global stance,0.0238148719072341,neutral,male,,not aggressive
2018-04-06 01:54:47+00:00,982074103808000001,,,Importance of Human Intervantion,-0.1062310910145441,neutral,male,,aggressive
2018-12-15 19:43:55+00:00,1074027292517634050,,,Impact of Resource Overconsumption,-0.8451781044483184,believer,male,,aggressive
2009-05-13 15:07:58+00:00,1785104959,-93.26384,44.97997,Weather Extremes,0.0689392666578293,neutral,female,2.4496965,not aggressive
2019-07-08 15:11:11+00:00,1148248169391775616,-99.5120986,31.8160381,Importance of Human Intervantion,-0.1364536941051483,believer,male,5.1491,not aggressive
2018-01-30 07:09:40+00:00,958235751589834752,0.0833329999999999,52.333333,Importance of Human Intervantion,-0.8317150656938553,denier,male,0.004033044,not aggressive
2017-06-03 18:32:22+00:00,871072081789808640,,,Politics,-0.6376484896659851,denier,male,,not aggressive
2018-04-26 00:42:38+00:00,989303705525727233,,,Global stance,-0.3321195244789123,neutral,male,,aggressive
2018-02-09 14:23:29+00:00,961968801150578688,12.51133,41.89193,Global stance,0.2507119674595919,believer,male,0.055682436,not aggressive
2018-01-09 19:53:09+00:00,950817741480628225,,,Global stance,0.6885240773439407,believer,male,,not aggressive
2019-05-01 01:07:53+00:00,1123393571250327552,,,Importance of Human Intervantion,0.0131203234195709,neutral,female,,aggressive
2017-10-04 21:28:34+00:00,915690130878418945,,,Global stance,0.7962931906700134,believer,female,,not aggressive
2019-01-01 21:25:27+00:00,1080213437815406592,,,Politics,-0.4283509377241134,believer,male,,aggressive
2013-05-28 02:19:49+00:00,339204333558190080,,,Weather Extremes,-0.5425413171291351,neutral,female,,not aggressive
2018-12-05 21:41:48+00:00,1070433078437384193,,,Global stance,-0.1997518585125605,believer,male,,aggressive
2014-08-16 16:37:03+00:00,500682661774761984,,,Ideological Positions on Global Warming,0.4258487190246582,neutral,male,,not aggressive
2011-10-28 16:48:58+00:00,129962875803533312,,,Weather Extremes,-0.4709068465948105,believer,male,,not aggressive
2017-10-15 16:50:05+00:00,919606314636017667,-122.3300624,47.6038321,Seriousness of Gas Emissions,-0.2285094752788543,denier,male,-0.26771522,aggressive
2018-12-27 01:37:14+00:00,1078102472546168832,,,Politics,-0.1251455060879389,believer,male,,aggressive
2016-02-29 06:02:10+00:00,704184867970416640,,,Importance of Human Intervantion,0.657171446108818,believer,male,,not aggressive
2019-05-14 16:27:03+00:00,1128335927623995395,-95.8244,29.78579,Importance of Human Intervantion,0.0108871746778488,believer,male,2.4634256000000003,not aggressive
2019-04-29 19:56:37+00:00,1122952848923344906,,,Global stance,-0.4257813922166824,believer,female,,aggressive
2016-09-30 05:11:38+00:00,781723154565570560,-90.69985,38.81061,Weather Extremes,0.0315456892490386,neutral,female,-0.54592127,aggressive
2015-07-23 08:18:01+00:00,624131337646178304,,,Donald Trump versus Science,-0.4513886307239532,denier,male,,not aggressive
2018-06-06 17:09:30+00:00,1004409963207372801,,,Weather Extremes,-0.4873470593929291,neutral,female,,not aggressive
2018-07-12 06:32:18+00:00,1017295565997010944,,,Seriousness of Gas Emissions,-0.1032623837232589,believer,male,,not aggressive
2019-04-19 22:31:25+00:00,1119367926941913089,,,Importance of Human Intervantion,0.0831724431037903,denier,male,,not aggressive
2010-04-13 19:34:11+00:00,12120440626,-5.9302760999999995,54.5964411,Weather Extremes,-0.3592094306707382,neutral,male,1.0072584999999998,not aggressive
2016-04-10 18:32:44+00:00,719231659422298112,,,Impact of Resource Overconsumption,-0.0077367424964904,believer,male,,not aggressive
2018-12-01 22:14:51+00:00,1068991846624292864,,,Importance of Human Intervantion,-0.5481343196630478,believer,male,,not aggressive
2017-12-30 15:57:47+00:00,947134630251192322,,,Politics,-0.4263324290513992,believer,male,,aggressive
2016-07-19 13:58:19+00:00,755401386947469312,-77.0365427,38.89503679999999,Global stance,0.1048628238201141,believer,male,1.0502337,not aggressive
2018-06-11 01:59:19+00:00,1005992846879412224,,,Global stance,0.3030365679740905,denier,male,,aggressive
2019-04-23 17:57:59+00:00,1120748667621847043,,,Global stance,-0.5455767392873764,believer,male,,not aggressive
2017-12-29 15:32:50+00:00,946765963084664833,,,Weather Extremes,-0.190774434463183,believer,female,,not aggressive
2018-05-19 20:13:24+00:00,997933261799047168,,,Donald Trump versus Science,-0.2401917395114899,believer,female,,not aggressive
2018-12-17 22:22:58+00:00,1074792092105228288,,,Importance of Human Intervantion,-0.028220522403717,neutral,male,,not aggressive
2019-05-04 03:03:24+00:00,1124509803865300993,149.1012676,-35.2975906,Importance of Human Intervantion,0.4597094443798065,believer,undefined,-1.941661,aggressive
2018-01-08 02:09:54+00:00,950187778108805120,-77.03636999999998,38.89511,Undefined / One Word Hashtags,0.4780901968479156,believer,male,-6.25073,aggressive
2015-12-28 17:58:38+00:00,681534737593204736,,,Donald Trump versus Science,-0.6284850069046021,denier,undefined,,aggressive
2015-11-02 23:08:21+00:00,661318961305284608,,,Donald Trump versus Science,-0.4406601339578628,believer,female,,not aggressive
2018-12-31 16:52:55+00:00,1079782464925650944,,,Global stance,0.2029682393005916,neutral,male,,aggressive
2018-01-03 05:28:44+00:00,948425876714213377,,,Weather Extremes,-0.7282609713315964,believer,male,,not aggressive
2017-10-19 21:36:32+00:00,921127952892473344,,,Weather Extremes,-0.6817349863529205,neutral,female,,aggressive
2018-07-10 01:50:26+00:00,1016499860265164800,,,Importance of Human Intervantion,0.4051814377307892,neutral,male,,not aggressive
2016-01-22 12:51:07+00:00,690517044026994688,,,Undefined / One Word Hashtags,0.6267738805770874,believer,female,,aggressive
2017-01-31 19:06:31+00:00,826506967694798848,,,Weather Extremes,0.9560976236343384,believer,female,,not aggressive
2018-02-10 00:13:49+00:00,962117362672693249,-71.47453,44.41895,Politics,-0.135351283454895,believer,male,0.73554564,aggressive
2017-11-16 01:16:19+00:00,930967735089139712,-82.70399,27.466980000000003,Ideological Positions on Global Warming,-0.4150433578570684,believer,female,-0.5963794,aggressive
2018-12-09 13:17:57+00:00,1071755834999361536,,,Global stance,0.4015307289123536,believer,male,,not aggressive
2019-05-10 15:16:35+00:00,1126868644892332032,,,Politics,0.5102683849493662,believer,male,,aggressive
2016-10-20 02:26:29+00:00,788929349315461120,,,Donald Trump versus Science,-0.1402985877752304,believer,male,,not aggressive
2019-05-13 19:19:19+00:00,1128016892151652352,,,Politics,-0.0668848156929016,denier,undefined,,not aggressive
2018-12-08 20:46:16+00:00,1071506269532377088,,,Global stance,0.0340179943376117,believer,male,,aggressive
2019-04-27 15:11:13+00:00,1122156250970710016,,,Global stance,-0.2144912118196488,believer,male,,not aggressive
2018-10-21 22:04:28+00:00,1054131327912566784,-75.6723751,4.536307,Significance of Pollution Awareness Events,0.2189501912434895,believer,male,0.16727863,not aggressive
2019-04-22 08:10:20+00:00,1120238393982480385,,,Global stance,0.0057253241539001,neutral,undefined,,not aggressive
2018-09-24 02:59:13+00:00,1044058645783179264,,,Significance of Pollution Awareness Events,-0.4371113866567611,believer,male,,aggressive
2018-12-30 18:16:33+00:00,1079441123809153024,,,Politics,0.4335086941719055,believer,female,,not aggressive
2017-12-06 03:27:18+00:00,938248455969038336,,,Global stance,0.4475187391042709,believer,male,,not aggressive
2018-12-01 02:38:06+00:00,1068695705378856961,,,Donald Trump versus Science,-0.3673092012166977,denier,female,,not aggressive
2015-12-15 03:20:36+00:00,676602733261099008,,,Politics,-0.2796190738677978,denier,male,,not aggressive
2018-02-05 16:32:57+00:00,960551833105240065,-76.70136000000001,39.73788,Seriousness of Gas Emissions,0.4656161559479577,believer,male,-0.11874039,not aggressive
2017-09-27 14:06:30+00:00,913042165038796801,,,Undefined / One Word Hashtags,0.4754748493432998,believer,female,,aggressive
2017-10-26 23:35:15+00:00,923694542879997952,-75.37023049999999,40.21543610000001,Importance of Human Intervantion,0.4985225019216537,neutral,female,0.6569695,not aggressive
2015-06-13 17:48:04+00:00,609779280151752704,,,Global stance,0.4043854475021362,believer,male,,not aggressive
2018-04-21 11:05:26+00:00,987648498739757057,,,Politics,0.4756584167480469,believer,female,,aggressive
2017-09-12 06:55:41+00:00,907497929971298304,,,Undefined / One Word Hashtags,0.0026404708623886,neutral,male,,not aggressive
2013-05-20 22:21:35+00:00,336607665109229568,-119.7026673,34.4221319,Undefined / One Word Hashtags,0.2583211895942688,believer,male,2.9158082000000003,aggressive
2017-12-30 07:43:16+00:00,947010179542892545,-82.5540161,35.60094979999999,Weather Extremes,0.0276213412920634,neutral,female,-2.026665,not aggressive
2017-11-12 20:01:09+00:00,929801258554212352,,,Seriousness of Gas Emissions,-0.1030248154878616,believer,male,,aggressive
2017-12-29 02:46:24+00:00,946573084286480384,,,Global stance,-0.0585490415573119,believer,male,,not aggressive
2017-12-29 07:48:38+00:00,946649145699422209,,,Weather Extremes,-0.62057765787329,believer,male,,not aggressive
2017-12-23 19:28:20+00:00,944650903235235842,-76.45495000000001,41.0037,Weather Extremes,0.0609755779743194,neutral,female,4.5463004,not aggressive
2015-03-07 09:58:59+00:00,574147220867448832,,,Global stance,-0.1603800372838973,believer,male,,aggressive
2018-01-05 01:37:19+00:00,949092416048508928,,,Global stance,-0.4208494408369064,believer,male,,not aggressive
2018-09-05 12:13:54+00:00,1037312866888699904,,,Global stance,0.0047347372690836,believer,female,,not aggressive
2018-02-01 17:52:30+00:00,959122301013909505,2.3514616000000004,48.8566969,Seriousness of Gas Emissions,-0.6640706034262975,believer,male,0.14083114,aggressive
2018-07-10 19:14:09+00:00,1016762518574952448,,,Importance of Human Intervantion,-0.1744852786064148,believer,male,,not aggressive
2018-05-20 09:35:42+00:00,998135165091303424,,,Undefined / One Word Hashtags,0.533309280872345,neutral,male,,aggressive
2016-09-14 15:10:17+00:00,776075604219297792,22.9352716,40.6403167,Undefined / One Word Hashtags,0.3153259241580963,believer,female,0.9742279,not aggressive
2017-06-03 15:42:33+00:00,871029344214417408,,,Importance of Human Intervantion,0.0966298413804083,believer,female,,aggressive
2012-02-29 02:18:20+00:00,174679868351594496,-83.71418000000001,42.273171999999995,Seriousness of Gas Emissions,-0.0209247206211089,neutral,male,3.8603919,not aggressive
2017-10-30 18:15:58+00:00,925063745369452544,,,Donald Trump versus Science,-0.5503221422433853,believer,male,,aggressive
2018-02-24 19:40:57+00:00,967484513952714752,,,Undefined / One Word Hashtags,0.3997796028852463,believer,male,,not aggressive
2018-03-19 01:03:55+00:00,975538321060515840,,,Importance of Human Intervantion,0.227789532342824,neutral,male,,not aggressive
2013-09-20 17:16:36+00:00,381104621378613248,,,Weather Extremes,0.4242053470849991,neutral,female,,not aggressive
2018-03-29 21:46:01+00:00,979474784487555072,151.7801,-32.92953,Global stance,0.2425941155910491,believer,male,2.5230849,not aggressive
2017-11-16 17:24:53+00:00,931211484172050432,,,Importance of Human Intervantion,0.6457722864151001,neutral,female,,not aggressive
2015-01-19 18:26:27+00:00,557242701180317696,,,Seriousness of Gas Emissions,-0.1963003237485885,believer,undefined,,aggressive
2018-08-20 17:32:54+00:00,1031594938688000001,,,Importance of Human Intervantion,-0.1508457055091858,believer,male,,not aggressive
2015-11-10 23:46:58+00:00,664227780448624640,,,Global stance,-0.4534417390823364,believer,male,,not aggressive
2016-07-21 20:13:16+00:00,756220519251226624,,,Global stance,0.4432020336389541,neutral,male,,aggressive
2010-03-23 21:08:25+00:00,10943903691,,,Donald Trump versus Science,-0.4473867003679275,neutral,undefined,,aggressive
2019-05-09 02:45:48+00:00,1126317312850649088,,,Significance of Pollution Awareness Events,-0.4679688215255737,neutral,female,,not aggressive
2018-06-08 02:33:12+00:00,1004914208289550336,,,Global stance,0.2486191218614578,believer,male,,not aggressive
2016-10-14 06:31:38+00:00,786816716965687296,138.5999312,-34.928180499999996,Donald Trump versus Science,-0.6482534459431966,believer,male,0.11268555,aggressive
2017-11-14 22:14:55+00:00,930559697534443520,,,Donald Trump versus Science,-0.7542908848047256,believer,male,,not aggressive
2018-01-11 00:34:27+00:00,951250918758109184,,,Donald Trump versus Science,-0.3414631651560466,believer,undefined,,not aggressive
2009-05-17 18:39:44+00:00,1827891148,,,Weather Extremes,-0.5304606717983882,neutral,female,,not aggressive
2010-04-01 11:31:10+00:00,11419500343,,,Weather Extremes,-0.055607804274559,believer,male,,not aggressive
2017-10-24 09:44:58+00:00,922760822178439168,,,Importance of Human Intervantion,-0.1150272488594055,neutral,male,,aggressive
2014-07-01 23:14:22+00:00,484112808087257088,,,Weather Extremes,-0.5256978243112564,neutral,male,,aggressive
2017-09-28 14:30:49+00:00,913410671118737408,,,Significance of Pollution Awareness Events,0.2511454249858856,believer,undefined,,aggressive
2019-04-17 17:05:51+00:00,1118561221706272768,,,Weather Extremes,-0.4667606537977854,believer,undefined,,not aggressive
2015-06-19 11:18:47+00:00,611855640240197632,,,Global stance,0.074535087776184,neutral,male,,aggressive
2018-12-06 12:21:06+00:00,1070654363524390912,,,Importance of Human Intervantion,0.5060223552465439,believer,female,,not aggressive
2018-12-04 22:15:33+00:00,1070079184188399616,-74.00596999999998,40.714270000000006,Global stance,0.0564244587659835,believer,male,1.4386175,aggressive
2018-11-28 20:51:28+00:00,1067883699402883074,-82.42206,35.28012000000001,Politics,-0.0663811713457107,neutral,male,3.3289766000000003,aggressive
2018-01-16 20:43:24+00:00,953367100298539008,-112.0741417,33.4484367,Ideological Positions on Global Warming,-0.5630402831633886,believer,female,4.076944,not aggressive
2016-09-10 17:48:42+00:00,774665917565431808,,,Significance of Pollution Awareness Events,-0.4385190938472748,believer,male,,not aggressive
2019-04-19 14:31:09+00:00,1119247065979035648,,,Importance of Human Intervantion,0.4702524359464645,believer,female,,aggressive
2018-12-22 07:00:46+00:00,1076371951898177538,,,Global stance,-0.0920706242322921,believer,female,,not aggressive
2014-12-07 21:50:09+00:00,541711285629374464,,,Global stance,-0.1714831243038177,believer,male,,not aggressive
2019-01-07 18:08:03+00:00,1082338087743770624,,,Significance of Pollution Awareness Events,0.6141831804275513,believer,male,,not aggressive
2018-11-27 16:30:02+00:00,1067455515956006912,,,Global stance,-0.3551431281176481,believer,male,,aggressive
2018-11-29 14:24:50+00:00,1068148786650857474,,,Importance of Human Intervantion,-0.2463480228197006,believer,female,,aggressive
2018-04-04 12:46:43+00:00,981513394695139328,,,Undefined / One Word Hashtags,0.2283520523548126,believer,male,,not aggressive
2019-01-03 13:54:45+00:00,1080824790037000192,-0.12574,51.50853000000001,Politics,-0.267779104701678,believer,male,4.0638494,not aggressive
2019-05-03 04:04:47+00:00,1124162865013841920,-124.88667,49.71083,Importance of Human Intervantion,0.0579403132200241,believer,female,-0.99786913,not aggressive
2019-05-01 00:49:03+00:00,1123388832030892033,-84.38798000000001,33.749,Politics,-0.2670064162254333,believer,male,2.5650074000000003,aggressive
2015-06-29 13:10:59+00:00,615507758176186368,,,Importance of Human Intervantion,0.0610188248634338,believer,male,,not aggressive
2019-05-14 04:03:21+00:00,1128148768468217856,,,Politics,-0.239951829123497,believer,female,,not aggressive
2018-06-04 09:41:55+00:00,1003572546590175232,-74.0060152,40.7127281,Global stance,-0.631607843542099,believer,male,1.4386175,not aggressive
2018-01-17 11:07:26+00:00,953584543428202496,-0.1276474,51.5073219,Importance of Human Intervantion,0.8550326777564154,believer,male,0.456378,not aggressive
2016-05-31 19:53:07+00:00,737733666843955200,,,Seriousness of Gas Emissions,0.5009472186803818,believer,female,,not aggressive
2019-05-09 13:46:50+00:00,1126483670427230208,2.3514616000000004,48.8566969,Significance of Pollution Awareness Events,-0.4679688215255737,neutral,male,4.0367190000000015,not aggressive
2018-09-27 02:56:04+00:00,1045145015532564480,,,Weather Extremes,0.5189713984251022,neutral,female,,aggressive
2019-05-10 20:12:31+00:00,1126943118593601538,,,Significance of Pollution Awareness Events,-0.4679688215255737,neutral,male,,not aggressive
2018-12-27 19:36:39+00:00,1078374115717853184,,,Ideological Positions on Global Warming,-0.3601853102445603,believer,male,,not aggressive
2018-12-21 11:15:21+00:00,1076073635033608192,-96.80667,32.783060000000006,Importance of Human Intervantion,0.3077175587415695,believer,male,4.333686,not aggressive
2016-11-01 03:41:03+00:00,793296770575073280,,,Global stance,0.3897750464200973,believer,female,,aggressive
2015-01-22 20:37:28+00:00,558362835068010496,,,Seriousness of Gas Emissions,-0.0674486889123916,believer,female,,not aggressive
2018-02-07 12:16:14+00:00,961212000771620864,,,Global stance,-0.7181066761493684,believer,male,,not aggressive
2017-06-14 15:33:08+00:00,875013241574916096,-61.225162899999994,13.154848800000003,Undefined / One Word Hashtags,0.5250277282476425,believer,male,0.0,not aggressive
2011-03-21 03:20:34+00:00,49671715059531776,,,Weather Extremes,0.1570782010316848,neutral,female,,aggressive
2016-02-17 04:32:15+00:00,699813585992683520,-74.07764,40.72816,Weather Extremes,0.0535113181114196,neutral,male,3.9404805,aggressive
2018-09-14 20:50:20+00:00,1040704321011167232,2.3488,48.85341,Importance of Human Intervantion,-0.0123856063840153,believer,female,4.0367190000000015,not aggressive
2017-10-07 23:36:51+00:00,916809578188173312,,,Importance of Human Intervantion,0.0166908740997314,believer,male,,aggressive
2018-01-29 10:41:32+00:00,957926681582305280,,,Importance of Human Intervantion,0.0709712437391281,neutral,female,,not aggressive
2018-04-30 21:03:03+00:00,991060383522836480,,,Weather Extremes,-0.5362523049116135,denier,female,,not aggressive
2018-03-06 23:55:58+00:00,971172567779291137,,,Importance of Human Intervantion,0.0169515642881393,believer,male,,not aggressive
2014-12-04 16:40:18+00:00,540546146184478720,-122.4199061,37.7790262,Donald Trump versus Science,-0.5002897210121154,denier,female,5.3490734,not aggressive
2018-01-09 16:08:42+00:00,950761255068893185,,,Global stance,0.0233267139434814,believer,male,,not aggressive
2018-09-12 14:06:12+00:00,1039877845026258945,,,Importance of Human Intervantion,0.4518997125625611,believer,male,,aggressive
2017-10-29 06:43:55+00:00,924527196861067264,,,Global stance,0.4575502346515655,believer,female,,not aggressive
2013-09-05 12:03:25+00:00,375589986353299456,,,Significance of Pollution Awareness Events,0.202252496099472,believer,female,,not aggressive
2018-08-14 12:59:35+00:00,1029351829589643264,,,Global stance,-0.3406707495450973,believer,male,,aggressive
2019-07-04 10:00:41+00:00,1146720478050078848,6.6327025,46.5218269,Global stance,0.84292071890831,believer,male,1.9854971,not aggressive
2018-11-29 04:49:11+00:00,1068003917458493446,18.42322,-33.92584,Importance of Human Intervantion,-0.3411267697811126,believer,male,-0.9134031,not aggressive
2018-07-07 00:34:34+00:00,1015393601277358080,-80.35033,27.293930000000003,Seriousness of Gas Emissions,-0.5397247455120087,denier,male,0.61226565,not aggressive
2015-06-25 01:13:08+00:00,613877552336113664,,,Importance of Human Intervantion,0.1915160242080689,neutral,male,,aggressive
2019-05-09 12:50:41+00:00,1126469538357268480,,,Importance of Human Intervantion,-0.682715853525653,believer,male,,not aggressive
2018-03-13 18:59:36+00:00,973634699187781633,,,Importance of Human Intervantion,0.906970726108551,believer,male,,aggressive
2017-06-05 09:41:17+00:00,871663205210361856,,,Ideological Positions on Global Warming,-0.584178663635254,believer,male,,aggressive
2017-12-12 11:09:30+00:00,940539099965833216,,,Seriousness of Gas Emissions,0.030180498957634,neutral,undefined,,not aggressive
2015-02-13 01:22:03+00:00,566044599945138176,,,Weather Extremes,-0.0348642766475677,neutral,female,,not aggressive
2017-12-29 02:26:38+00:00,946568108709466112,,,Weather Extremes,-0.62057765787329,believer,female,,not aggressive
2018-07-05 04:25:53+00:00,1014727041051123712,149.1012676,-35.2975906,Global stance,-0.2801764596223831,believer,male,-1.941661,not aggressive
2016-12-23 02:00:58+00:00,812115753835053056,,,Importance of Human Intervantion,0.6980346213817596,believer,male,,aggressive
2018-02-01 04:25:44+00:00,958919268661374978,-78.8688833,38.4493315,Politics,-0.4573441296815872,believer,male,1.7586441000000002,not aggressive
2018-01-28 18:03:16+00:00,957675459059355650,-4.1140517999999995,56.78611120000001,Global stance,-0.3463394014290401,believer,male,4.4963512,not aggressive
2018-03-23 15:39:33+00:00,977208236796506112,,,Weather Extremes,-0.1353807758569717,believer,female,,not aggressive
2012-07-18 14:30:20+00:00,225598383291777024,,,Weather Extremes,-0.2428752718687057,neutral,male,,aggressive
2015-06-07 12:32:07+00:00,607525443034562560,,,Importance of Human Intervantion,-0.1602207104815377,believer,male,,not aggressive
2013-08-12 00:28:26+00:00,366717778687832064,,,Ideological Positions on Global Warming,0.1012958198308945,neutral,male,,not aggressive
2019-01-03 13:26:12+00:00,1080817606238588928,,,Weather Extremes,-0.1547083550691604,neutral,male,,aggressive
2019-05-15 15:46:17+00:00,1128688055697727493,,,Global stance,-7.923263973659556e-05,believer,male,,not aggressive
2018-03-18 22:59:46+00:00,975507077807427584,-90.07507,29.95465,Global stance,0.17695403119723,believer,male,5.0050154,not aggressive
2014-05-24 00:06:14+00:00,469992734996979712,,,Ideological Positions on Global Warming,-0.4420022669315338,neutral,female,,aggressive
2015-08-28 23:50:09+00:00,637411881519439872,,,Importance of Human Intervantion,0.4772511273622513,believer,male,,aggressive
2018-12-17 17:29:11+00:00,1074718161608589312,-74.0060152,40.7127281,Importance of Human Intervantion,0.5290180883646012,believer,female,1.4386175,not aggressive
2015-11-02 19:53:26+00:00,661269906915262464,-78.87836999999998,42.88645,Undefined / One Word Hashtags,0.0685046342286196,believer,male,3.5154016,not aggressive
2018-05-09 20:14:08+00:00,994309564467175424,18.068710000000003,59.32938000000001,Importance of Human Intervantion,0.8076254145860673,believer,male,4.9307795,not aggressive
2016-02-20 19:36:35+00:00,701128330880360448,,,Weather Extremes,-0.5682084142684938,believer,male,,not aggressive
2017-09-25 22:07:51+00:00,912438526775578624,,,Politics,-0.7050556475639344,believer,male,,aggressive
2018-12-14 12:13:19+00:00,1073551504894816256,-79.79198000000002,36.07264,Global stance,0.2174999176740646,believer,undefined,4.210583,not aggressive
2009-11-15 21:38:53+00:00,5746539822,115.772453,33.8579594,Donald Trump versus Science,0.1410064659357071,neutral,female,-9.147291,not aggressive
2019-05-18 13:40:21+00:00,1129743529092276233,,,Politics,-0.4209710159472056,believer,male,,aggressive
2019-05-09 08:38:49+00:00,1126406154165207043,,,Significance of Pollution Awareness Events,-0.4679688215255737,neutral,male,,not aggressive
2013-02-17 06:50:40+00:00,303033708930273280,,,Weather Extremes,-0.5405828028440475,denier,female,,not aggressive
2018-06-04 11:21:28+00:00,1003597599675478017,,,Seriousness of Gas Emissions,0.4834939107735952,neutral,female,,not aggressive
2018-09-14 08:44:23+00:00,1040521632291401728,-80.14338000000002,26.12231,Global stance,-0.1962049508094787,believer,male,0.57406646,aggressive
2018-06-07 02:46:39+00:00,1004555207332597760,151.20731999999995,-33.867850000000004,Global stance,-0.5147520671367646,believer,male,-1.3413349,not aggressive
2018-12-07 04:55:43+00:00,1070904664822996992,,,Impact of Resource Overconsumption,0.1241662924051284,believer,female,,aggressive
2018-02-15 04:07:32+00:00,963988119904284672,,,Donald Trump versus Science,-0.5166773475408554,denier,male,,aggressive
2015-03-05 14:00:30+00:00,573483227492519936,,,Importance of Human Intervantion,0.1557550385713577,believer,male,,not aggressive
2019-05-09 14:13:22+00:00,1126490348023246849,,,Undefined / One Word Hashtags,-0.2598369290669759,believer,male,,not aggressive
2018-10-04 15:15:00+00:00,1047867690688372738,-106.81754,39.1911,Politics,0.2163807019392649,neutral,female,2.9456174,not aggressive
2019-04-27 17:22:33+00:00,1122189300735578112,,,Importance of Human Intervantion,-0.3961687585353851,believer,male,,not aggressive
2018-09-27 20:03:21+00:00,1045403541680967681,,,Importance of Human Intervantion,-0.5476748102664948,believer,male,,not aggressive
2017-12-18 18:22:52+00:00,942822489452896256,,,Global stance,-0.0940535427808761,believer,male,,aggressive
2019-05-02 13:21:47+00:00,1123940649978535938,153.4145987,-28.002373100000007,Global stance,0.2501861601352692,believer,undefined,-2.2599993,aggressive
2009-08-31 18:17:16+00:00,3670597213,,,Politics,0.54651957654953,believer,male,,not aggressive
2018-12-19 07:28:58+00:00,1075291886557020160,,,Weather Extremes,-0.0018610698461532,neutral,male,,not aggressive
2010-11-06 08:41:21+00:00,830083203858432,,,Seriousness of Gas Emissions,0.4032980355501175,believer,male,,not aggressive
2019-04-22 13:45:06+00:00,1120322639141036032,,,Global stance,0.0057253241539001,neutral,undefined,,not aggressive
2018-06-14 03:22:34+00:00,1007100958395027458,-95.8244,29.78579,Importance of Human Intervantion,-0.7247899018628257,believer,male,2.4634256000000003,aggressive
2018-12-03 19:37:47+00:00,1069677095394017280,,,Global stance,-0.2403438359737396,believer,female,,not aggressive
2018-02-01 20:56:23+00:00,959168574005923840,-74.00596999999998,40.714270000000006,Undefined / One Word Hashtags,-0.6054416676044464,believer,male,1.7766626,not aggressive
2017-10-04 21:15:06+00:00,915686740043628544,-80.51639,43.4668,Global stance,0.0494485063986344,believer,undefined,6.4854,not aggressive
2018-02-11 22:47:16+00:00,962820358159126529,,,Politics,0.3619281351566314,believer,male,,not aggressive
2017-12-19 22:49:51+00:00,943252065115131904,,,Importance of Human Intervantion,-0.3895280261083083,believer,male,,aggressive
2017-06-02 22:10:18+00:00,870764536990748672,-82.51960369999999,40.06811920000001,Importance of Human Intervantion,-0.0543552274068196,believer,male,-0.34264225,aggressive
2018-02-14 07:24:57+00:00,963675415289221120,,,Seriousness of Gas Emissions,0.0056973363399505,neutral,male,,aggressive
2019-04-17 19:32:08+00:00,1118598035108519938,-3.5269108,50.725562,Global stance,0.3398167285680771,believer,male,4.24788,not aggressive
2017-10-03 00:17:34+00:00,915007884479496193,,,Significance of Pollution Awareness Events,-0.3018109822829564,believer,female,,not aggressive
2015-02-11 04:35:09+00:00,565368416350244864,,,Global stance,-0.1800258062283198,believer,female,,not aggressive
2015-03-05 23:14:40+00:00,573622686645014528,-115.13722,36.17497,Weather Extremes,0.114322605729103,believer,undefined,-2.1835310000000003,not aggressive
2016-05-18 03:18:28+00:00,732772312378925056,,,Undefined / One Word Hashtags,0.3946047723293304,believer,male,,not aggressive
2015-05-01 15:36:40+00:00,594163537213161472,,,Weather Extremes,-0.4965230043172835,neutral,male,,not aggressive
2017-10-27 16:05:19+00:00,923943704976658434,-0.12574,51.50853000000001,Global stance,0.4184966385364532,believer,male,0.622291,not aggressive
2017-11-08 21:08:11+00:00,928368575223615491,,,Undefined / One Word Hashtags,0.056294709444046,believer,female,,not aggressive
2018-01-16 12:05:10+00:00,953236685315362816,,,Importance of Human Intervantion,-0.1371741136312484,believer,male,,not aggressive
2017-06-11 01:49:10+00:00,873718720396496896,,,Importance of Human Intervantion,0.385701835155487,neutral,male,,aggressive
2018-11-30 05:30:47+00:00,1068376774675959808,-74.0060152,40.7127281,Importance of Human Intervantion,-0.5286413409471512,believer,female,1.4386175,aggressive
2016-02-23 06:05:32+00:00,702011387237703680,,,Impact of Resource Overconsumption,-0.1025273080587387,believer,male,,aggressive
2019-04-23 07:20:34+00:00,1120588257614598144,,,Importance of Human Intervantion,-0.1048008449077606,believer,female,,not aggressive
2019-05-09 02:43:45+00:00,1126316798167736320,-78.4927721,37.1232245,Significance of Pollution Awareness Events,-0.4679688215255737,neutral,female,4.3136897,not aggressive
2018-10-24 20:53:20+00:00,1055200590630768640,,,Importance of Human Intervantion,-0.0262117236852645,believer,female,,not aggressive
2019-05-09 06:36:29+00:00,1126375367906856961,,,Significance of Pollution Awareness Events,-0.4679688215255737,neutral,male,,not aggressive
2018-04-20 16:35:50+00:00,987369258727411719,,,Politics,-0.5308086979866028,believer,male,,aggressive
2017-11-24 10:57:41+00:00,934013146758549511,,,Significance of Pollution Awareness Events,-0.7174574347257614,believer,male,,not aggressive
2011-10-11 17:46:55+00:00,123816863691051008,,,Weather Extremes,-0.4859396365404129,denier,male,,not aggressive
2019-05-15 23:01:24+00:00,1128797559630123008,151.2164539,-33.854815699999996,Politics,0.5461230041422025,believer,male,-1.3413349,not aggressive
2018-05-03 23:39:07+00:00,992186824465379328,,,Weather Extremes,-0.6476364061151232,believer,female,,not aggressive
2015-06-19 02:30:54+00:00,611722796738199552,,,Politics,0.3894450813531875,believer,male,,aggressive
2018-01-08 00:34:54+00:00,950163869246410752,,,Impact of Resource Overconsumption,-0.1883211705923081,neutral,male,,not aggressive
2016-05-24 20:07:38+00:00,735200606378283008,,,Global stance,-0.5363163255214691,neutral,male,,aggressive
2018-02-03 01:44:54+00:00,959603570730467333,-92.01984,30.224090000000007,Global stance,0.60010287733078,believer,male,-1.8030912,not aggressive
2018-08-19 22:56:52+00:00,1031314082840817664,-123.11934,49.249660000000006,Importance of Human Intervantion,-0.4930213324069977,believer,female,-1.2338744,not aggressive
2018-08-30 23:02:32+00:00,1035301774675116033,,,Importance of Human Intervantion,0.1925437996149063,neutral,male,,aggressive
2016-10-13 15:28:56+00:00,786589545676607488,,,Importance of Human Intervantion,-0.2790598124265671,believer,female,,not aggressive
2018-09-15 00:32:54+00:00,1040760331650256896,,,Importance of Human Intervantion,-0.0990869879722595,believer,female,,not aggressive
2016-03-10 18:41:42+00:00,707999892166336512,-116.0833144,34.8253019,Importance of Human Intervantion,0.5978079617023468,believer,male,3.8554792,not aggressive
2018-03-16 15:06:57+00:00,974663316147712001,,,Importance of Human Intervantion,-0.1585124608039856,believer,male,,aggressive
2018-06-30 06:11:19+00:00,1012941632138764289,174.76318030000004,-36.852095,Global stance,0.3662787085612615,believer,male,-2.5278165,not aggressive
2015-09-11 20:48:35+00:00,642439616885358592,,,Importance of Human Intervantion,0.0104758881409963,neutral,undefined,,not aggressive
2018-10-13 00:23:36+00:00,1050904852249772032,,,Global stance,0.4746193639278412,believer,undefined,,not aggressive
2018-02-12 05:13:19+00:00,962917509870448641,,,Importance of Human Intervantion,-0.0039168010473251,believer,female,,not aggressive
2015-09-09 23:56:03+00:00,641762019171921920,,,Global stance,0.5738221208333969,neutral,female,,not aggressive
2015-09-05 09:27:36+00:00,640093915236818944,,,Global stance,0.4554863721132278,believer,male,,aggressive
2018-09-09 11:20:06+00:00,1038748880098062337,,,Undefined / One Word Hashtags,-0.5908396531820297,believer,male,,aggressive
2010-04-06 22:20:55+00:00,11721778286,,,Impact of Resource Overconsumption,-0.0406128615140914,believer,male,,not aggressive
2018-12-17 13:27:31+00:00,1074657344565346304,,,Politics,-0.0461806888394885,believer,female,,aggressive
2019-04-19 18:50:01+00:00,1119312212395352064,,,Global stance,-0.7052433184703191,believer,female,,aggressive
2016-04-01 10:31:57+00:00,715849174445592576,,,Ideological Positions on Global Warming,-0.0648991456031799,believer,male,,not aggressive
2017-09-22 02:07:48+00:00,911049359281684481,,,Global stance,-0.2253313061952591,believer,male,,aggressive
2015-08-05 20:25:35+00:00,629025476963512320,,,Undefined / One Word Hashtags,-0.0051651905298233,believer,male,,not aggressive
2016-10-31 11:10:43+00:00,793047543601070080,,,Impact of Resource Overconsumption,0.4720588455677032,believer,male,,aggressive
2018-12-28 06:20:27+00:00,1078536133485592578,,,Global stance,0.1089540636777877,believer,male,,not aggressive
2019-04-24 09:20:42+00:00,1120980878484754432,,,Importance of Human Intervantion,0.5895582277536392,believer,female,,aggressive
2017-12-29 07:47:32+00:00,946648866191036416,-77.03636999999998,38.89511,Weather Extremes,-0.62057765787329,believer,male,-7.944766499999999,not aggressive
2011-10-18 21:47:30+00:00,126414123612385280,-79.4163,43.70011,Global stance,-0.4884680791854858,denier,male,0.52433014,not aggressive
2018-02-02 05:44:49+00:00,959301561997410304,,,Undefined / One Word Hashtags,0.5947168667316437,believer,male,,not aggressive
2017-10-15 20:20:52+00:00,919659359910719488,,,Global stance,-0.4983781061172485,believer,male,,not aggressive
2018-10-21 21:50:14+00:00,1054127745964429312,,,Significance of Pollution Awareness Events,0.2189501912434895,believer,female,,not aggressive
2019-05-02 16:02:14+00:00,1123981028861857793,33.224816860928684,0.5465468000000001,Importance of Human Intervantion,-0.5881451578855514,believer,male,0.16802391,not aggressive
2018-03-20 23:47:02+00:00,976243750509928449,,,Undefined / One Word Hashtags,-0.0644938561677932,believer,male,,not aggressive
2017-11-03 19:27:44+00:00,926531356854816768,,,Politics,-0.0098705481529236,neutral,male,,not aggressive
2018-09-13 16:27:48+00:00,1040275867207983106,-90.00041,44.50024000000001,Weather Extremes,-0.6084557264566421,denier,male,4.781091,aggressive
2018-10-21 17:38:51+00:00,1054064485248458752,,,Significance of Pollution Awareness Events,0.2189501912434895,believer,male,,not aggressive
2018-12-02 16:44:15+00:00,1069271033511858176,-74.00596999999998,40.714270000000006,Importance of Human Intervantion,-0.5481343196630478,believer,male,1.4386175,not aggressive
2018-12-31 06:08:24+00:00,1079620266714640384,-86.00097699999999,50.000678,Global stance,0.2029682393005916,neutral,female,2.9294592999999995,aggressive
2010-04-14 23:12:41+00:00,12189619369,,,Weather Extremes,-0.5154013266245524,neutral,female,,not aggressive
2018-11-30 21:01:05+00:00,1068610894014353408,,,Politics,-0.161379696893692,believer,male,,not aggressive
2018-12-26 05:34:06+00:00,1077799693638234112,-120.8323487,35.3107214,Ideological Positions on Global Warming,-0.3601853102445603,believer,male,-3.1192973,not aggressive
2019-05-04 23:09:46+00:00,1124813395600060416,,,Importance of Human Intervantion,-0.4017004195928573,believer,male,,not aggressive
2015-12-10 23:03:50+00:00,675088563520819200,,,Ideological Positions on Global Warming,-0.4949864745140075,believer,male,,aggressive
2018-01-23 12:09:22+00:00,955774456697380864,100.4930399,13.7544238,Global stance,-0.1468246325492858,believer,male,2.1505554,not aggressive
2018-06-07 20:08:10+00:00,1004817312522776576,-65.95739,18.38078,Importance of Human Intervantion,-0.0044180899858474,believer,female,-0.16419917,not aggressive
2018-10-15 19:24:27+00:00,1051916731164311553,-83.2784851,30.8327022,Weather Extremes,0.2439490820407867,neutral,male,1.4947231,not aggressive
2018-12-04 04:39:46+00:00,1069813486836838400,,,Importance of Human Intervantion,-0.3212841212034225,neutral,male,,not aggressive
2016-05-13 19:53:01+00:00,731210662291066880,,,Undefined / One Word Hashtags,0.5928593954563142,believer,male,,not aggressive
2017-10-05 13:24:01+00:00,915930577043419136,1.0466830312565236,52.24100135000001,Undefined / One Word Hashtags,0.5961369662436572,believer,male,0.531231,not aggressive
2019-05-09 04:26:42+00:00,1126342708723732482,,,Significance of Pollution Awareness Events,-0.4679688215255737,neutral,male,,not aggressive
2018-09-11 00:00:47+00:00,1039302700435947521,-57.947388,48.95317000000001,Importance of Human Intervantion,-0.6328498769998551,believer,male,-1.2624168,not aggressive
2016-10-26 18:05:25+00:00,791339969155653632,,,Undefined / One Word Hashtags,0.4868825376033783,believer,undefined,,aggressive
2017-10-10 21:06:23+00:00,917858875054817281,-112.81856,49.69999000000001,Importance of Human Intervantion,0.3940333153963089,neutral,male,1.2206382,not aggressive
2018-06-05 15:04:56+00:00,1004016226723614720,-2.23333,53.45,Global stance,-0.4998311264117557,believer,male,5.1385045,aggressive
2017-09-23 15:12:41+00:00,911609268654284802,,,Global stance,-0.5556202650070191,believer,male,,not aggressive
2018-05-19 08:39:44+00:00,997758693260263424,4.889690000000001,52.374030000000005,Global stance,0.3331834354400634,believer,female,-1.7021883999999998,not aggressive
2010-12-20 11:05:23+00:00,16811393382612992,,,Weather Extremes,0.3759634609460831,neutral,male,,aggressive
2009-06-10 13:45:42+00:00,2103237473,,,Politics,0.1471977548360824,believer,female,,not aggressive
2015-07-20 18:53:28+00:00,623204091099873280,,,Donald Trump versus Science,-0.3395583182573318,believer,male,,aggressive
2009-12-29 23:54:11+00:00,7176503171,,,Weather Extremes,0.6666654933452606,denier,female,,not aggressive
2016-09-18 08:53:58+00:00,777430452097413120,,,Global stance,0.2885295867443085,denier,male,,aggressive
2010-07-16 09:08:11+00:00,18672121327,,,Importance of Human Intervantion,0.2018379702806472,believer,undefined,,not aggressive
2019-05-15 15:30:44+00:00,1128684142009303040,,,Global stance,-0.1063303670008977,believer,female,,not aggressive
2018-06-02 17:55:09+00:00,1002971896474980352,,,Global stance,-0.3071088194847107,believer,female,,aggressive
2015-10-04 21:10:05+00:00,650779948274225152,,,Global stance,0.1479245316267014,believer,male,,not aggressive
2014-11-10 15:16:41+00:00,531827792581632000,,,Seriousness of Gas Emissions,-0.6084709244077856,believer,male,,not aggressive
2018-04-05 08:00:40+00:00,981803793418465280,28.1156582,-26.103102099999997,Global stance,0.0010098218917846,neutral,male,-0.3952479,not aggressive
2009-03-28 00:55:39+00:00,1404586979,-73.94958000000003,40.6501,Ideological Positions on Global Warming,-0.3392950137138367,believer,female,2.8620143,aggressive
2019-05-15 09:22:37+00:00,1128591503926931456,-3.9459248,51.6195955,Seriousness of Gas Emissions,-0.2440618285497029,believer,female,4.78142,aggressive
2018-03-18 15:05:34+00:00,975387744586223616,,,Global stance,0.1693269794796452,believer,male,,not aggressive
2014-09-07 04:09:47+00:00,508467140564111360,,,Weather Extremes,0.6786676632642746,believer,male,,not aggressive
2015-07-16 17:05:32+00:00,621727375722614784,,,Ideological Positions on Global Warming,-0.7842757519483565,believer,male,,aggressive
2019-04-17 16:23:34+00:00,1118550580236967936,,,Global stance,0.5131522088657726,believer,female,,not aggressive
2019-04-30 10:59:04+00:00,1123179960116625409,-2.1972661,53.548475499999995,Politics,-0.1683131704807281,neutral,male,5.1385045,not aggressive
2015-11-02 05:04:35+00:00,661046221172293632,,,Donald Trump versus Science,-0.3480232458353043,denier,male,,not aggressive
2019-05-19 05:03:31+00:00,1129975851607572483,,,Impact of Resource Overconsumption,-0.6882254980643591,believer,female,,aggressive
2018-12-02 01:52:04+00:00,1069046509025382400,,,Importance of Human Intervantion,-0.2183297620773315,denier,female,,aggressive
2017-09-21 23:21:10+00:00,911007426027053057,-122.6741949,45.5202471,Importance of Human Intervantion,-0.0839931216955185,believer,male,-4.935053,not aggressive
2018-09-26 09:22:13+00:00,1044879806008107008,23.7603118,61.49802140000001,Undefined / One Word Hashtags,-0.213772291970253,believer,female,2.2181358,not aggressive
2018-08-21 03:06:51+00:00,1031739380702961664,-117.5664449,33.875294499999995,Global stance,0.7499151708949696,believer,male,-1.7124993999999998,not aggressive
2015-12-18 17:12:22+00:00,677899215456985088,,,Politics,0.1631876446962356,neutral,male,,aggressive
2015-01-29 19:10:06+00:00,560877565980995584,0.0520158,51.68021760000001,Weather Extremes,-0.2573480469942093,neutral,male,-0.91822225,not aggressive
2016-03-15 16:22:09+00:00,709776712108736512,,,Undefined / One Word Hashtags,0.5058980462225999,believer,female,,not aggressive
2018-06-29 12:16:01+00:00,1012671025300074496,-76.79281280000002,17.97121480000001,Global stance,0.6413249633312226,believer,female,0.14573535,aggressive
2016-05-12 23:47:07+00:00,730907184373059584,-83.55521,41.66394,Global stance,-0.4964768280982971,believer,male,3.5508122,not aggressive
2018-12-03 08:32:52+00:00,1069509763560558592,,,Global stance,-0.0561533224344253,believer,male,,not aggressive
2018-10-13 10:14:07+00:00,1051053459770920960,,,Importance of Human Intervantion,0.5286067870616913,believer,female,,not aggressive
2019-04-18 16:42:37+00:00,1118917761072283648,,,Global stance,0.3575479924678802,believer,male,,not aggressive
2018-02-10 10:41:23+00:00,962275297042358272,,,Undefined / One Word Hashtags,0.2832081168889999,believer,male,,not aggressive
2018-04-18 16:54:25+00:00,986649161436086273,,,Politics,-0.492488518357277,believer,male,,aggressive
2018-12-15 17:30:17+00:00,1073993663192150016,,,Donald Trump versus Science,-0.6358657590389252,believer,female,,not aggressive
2015-01-09 18:12:03+00:00,553615198427164672,7.573270000000001,47.55839,Importance of Human Intervantion,0.087521955370903,believer,male,7.016916,not aggressive
2018-10-08 02:32:12+00:00,1049125275340918784,-122.41942000000002,37.774930000000005,Global stance,0.2316956608533859,believer,female,-3.5773523000000003,not aggressive
2018-08-21 00:46:29+00:00,1031704054869708800,,,Importance of Human Intervantion,-0.1508457055091858,believer,female,,not aggressive
2010-02-18 02:45:53+00:00,9264539337,,,Weather Extremes,0.0772439690113067,neutral,female,,not aggressive
2016-07-08 14:41:59+00:00,751426108961202176,,,Global stance,0.4886996746063232,believer,female,,aggressive
2014-11-04 00:02:48+00:00,529423480924540928,,,Weather Extremes,0.0734782765388488,believer,female,,not aggressive
2018-05-02 16:09:21+00:00,991711248768229377,,,Global stance,0.9039356153964996,believer,male,,not aggressive
2018-01-26 18:13:36+00:00,956953283494535173,-117.785366,33.542697499999996,Global stance,-0.0732690325975418,believer,male,-1.0939256000000002,not aggressive
2018-11-27 18:29:22+00:00,1067485549655658496,,,Importance of Human Intervantion,-0.209918871808052,denier,female,,not aggressive
2019-05-13 20:50:13+00:00,1128039768946819072,,,Politics,-0.0710345804691314,neutral,male,,aggressive
2018-10-08 21:33:01+00:00,1049412373990260736,,,Importance of Human Intervantion,0.2321369096517563,believer,female,,not aggressive
2018-01-13 18:48:48+00:00,952251097124691968,,,Donald Trump versus Science,-0.3219633688211441,denier,female,,not aggressive
2009-07-10 00:11:19+00:00,2559340299,,,Global stance,0.6152448765118917,believer,male,,not aggressive
2016-08-23 01:55:16+00:00,767902998584492032,-93.2654692,44.9772995,Donald Trump versus Science,-0.0968861969470977,neutral,male,2.0340927,not aggressive
2018-12-28 22:19:45+00:00,1078777552808931328,-70.6551556,42.6317794,Ideological Positions on Global Warming,-0.3618771468162536,denier,male,1.9335812,not aggressive
2010-02-27 23:25:39+00:00,9750486668,,,Weather Extremes,-0.3849831575711568,believer,male,,not aggressive
2019-09-04 19:57:32+00:00,1169338727954604032,-78.4927721,37.1232245,Global stance,0.7512265856085402,believer,undefined,4.3136897,not aggressive
2019-04-24 18:45:08+00:00,1121122921349615616,-78.9421751,43.87982,Donald Trump versus Science,0.0757187326431274,denier,male,8.496367999999999,not aggressive
2019-04-30 01:40:52+00:00,1123039484465958912,144.9631608,-37.81421760000001,Global stance,-0.5910189729690551,believer,undefined,-2.289052,not aggressive
2012-11-27 13:05:11+00:00,273412153715867648,,,Donald Trump versus Science,0.3396628004269166,believer,male,,not aggressive
2014-12-09 06:17:47+00:00,542201422549639168,,,Importance of Human Intervantion,-0.7459809093872707,neutral,male,,not aggressive
2018-09-11 13:04:11+00:00,1039499849471807488,,,Significance of Pollution Awareness Events,-0.3691732734441757,believer,male,,aggressive
2019-04-26 09:30:53+00:00,1121708216528900097,,,Global stance,0.3205701771259308,believer,male,,not aggressive
2017-12-04 23:14:23+00:00,937822418680385538,-72.3959849,5.3428474999999995,Weather Extremes,-0.58746577501297,believer,male,0.8091845999999999,not aggressive
2018-05-18 12:12:23+00:00,997449818271375360,,,Weather Extremes,0.1900289880752563,believer,male,,not aggressive
2016-10-09 02:24:41+00:00,784942632044679168,77.5912997,12.9791198,Donald Trump versus Science,0.3357123136520386,believer,male,1.2308894,not aggressive
2018-06-02 17:27:26+00:00,1002964924144865281,-122.13413,38.01937,Importance of Human Intervantion,0.4827335126399994,believer,female,-4.0139260000000005,not aggressive
2018-03-06 16:44:23+00:00,971063956747046912,,,Politics,0.2591628342628478,neutral,female,,not aggressive
2018-06-18 21:25:42+00:00,1008823089101266944,-95.36327,29.76328,Donald Trump versus Science,-0.5960870280981064,believer,male,2.4634256000000003,aggressive
2015-12-07 15:41:30+00:00,673890082298941440,,,Undefined / One Word Hashtags,0.2297918530055454,believer,male,,not aggressive
2018-12-12 11:10:40+00:00,1072810964129595392,,,Importance of Human Intervantion,0.2408247055451075,neutral,male,,not aggressive
2018-10-12 02:16:56+00:00,1050570986104516608,-105.607716,38.725177599999995,Global stance,-0.4872884793281555,believer,male,2.5435072999999995,aggressive
2018-02-02 15:47:05+00:00,959453125311688710,-87.65005000000001,41.85003,Global stance,-0.5707106311798096,believer,male,-5.0771627,aggressive
2017-11-12 08:36:58+00:00,929629076826001408,-94.6113288,45.98965870000001,Global stance,0.2510452287348834,believer,female,-1.6219472,not aggressive
2015-09-02 14:01:18+00:00,639075632614371328,,,Global stance,-0.706624829117457,believer,male,,aggressive
2018-01-14 04:39:56+00:00,952399860342276098,,,Importance of Human Intervantion,-0.0969385418176651,neutral,male,,not aggressive
2015-06-28 07:42:07+00:00,615062605690982400,,,Global stance,-0.4532351493835449,believer,male,,not aggressive
2017-04-25 15:17:45+00:00,856889977682223104,-80.84308270000002,35.22720860000001,Significance of Pollution Awareness Events,0.6876768495639165,neutral,male,-2.2105422000000003,not aggressive
2011-11-05 09:29:12+00:00,132751307764281344,-2.2891920999999997,53.4877463,Weather Extremes,0.1460356976032257,denier,female,1.1497271999999998,not aggressive
2017-10-22 22:26:18+00:00,922227642652381186,-82.68813949999999,40.2253569,Politics,-0.6840823441743851,believer,female,6.473602,aggressive
2015-08-28 14:35:04+00:00,637272187330785280,13.388859900000003,52.5170365,Global stance,-0.6561028465509415,believer,female,-0.591633,not aggressive
2014-11-10 05:46:00+00:00,531684175406202880,,,Weather Extremes,-0.4979783858299255,denier,male,,not aggressive
2018-10-09 14:36:11+00:00,1049669859209035776,,,Politics,0.6110376758234841,believer,male,,aggressive
2017-12-08 02:39:20+00:00,938961161982226434,-1.4948722,53.3941211,Global stance,-0.0798833890438079,believer,male,-3.421037,aggressive
2018-12-03 19:22:53+00:00,1069673344893501440,,,Importance of Human Intervantion,0.3061594227552414,believer,male,,not aggressive
2018-04-29 20:25:14+00:00,990688481830633472,,,Undefined / One Word Hashtags,0.5962522338151932,believer,male,,not aggressive
2015-12-11 08:10:02+00:00,675226018899185664,,,Significance of Pollution Awareness Events,0.9133614946842192,believer,male,,not aggressive
