Id,Label,party,tweet_count,times_mentioned
nca_uk,nca_uk,Unknown,0,2
danfrancis02,danfrancis02,Unknown,0,2
dawnbutlerbrent,dawnbutlerbrent,Labour,2,2
justinmadders,justinmadders,Labour,2,0
lborosport,lborosport,Unknown,0,2
@craigwhoy1⁩,@craigwhoy1⁩,Unknown,0,1
@noramulready,@noramulready,Unknown,0,1
@richardbertinet,@richardbertinet,Unknown,0,1
ishousecroft,ishousecroft,Unknown,0,2
@outwithfestival,@outwithfestival,Unknown,0,1
@alynsmith,@alynsmith,Unknown,0,1
@thescotsman,@thescotsman,Unknown,0,1
darrenmclean_uk,darrenmclean_uk,Unknown,0,2
@ben_greenstone!,@ben_greenstone!,Unknown,0,1
evie1evie,evie1evie,Unknown,0,2
navalservicefps,navalservicefps,Unknown,0,2
@crawleynews24,@crawleynews24,Unknown,0,1
@stephentwigg,@stephentwigg,Unknown,0,1
@valariekaur,@valariekaur,Unknown,0,1
theboltonnews,theboltonnews,Unknown,0,2
@twitter,@twitter,Unknown,0,1
@educannotwait,@educannotwait,Unknown,0,1
gmbyoungnwi,gmbyoungnwi,Unknown,0,2
@jacob_rees_mogg,@jacob_rees_mogg,Unknown,0,2
@wembleystadium,@wembleystadium,Unknown,0,1
@piperpaul280172,@piperpaul280172,Unknown,0,1
bremaininspain,bremaininspain,Unknown,0,2
tlrailuk,tlrailuk,Unknown,0,2
@benmlake,@benmlake,Unknown,0,5
@badboysbakery,@badboysbakery,Unknown,0,1
@nealerichmond,@nealerichmond,Unknown,0,1
michaelsheen,michaelsheen,Unknown,0,2
poppylegion,poppylegion,Unknown,0,2
@derbyshirefrs,@derbyshirefrs,Unknown,0,1
@snpkelvin.,@snpkelvin.,Unknown,0,1
@saleyhaahsan,@saleyhaahsan,Unknown,0,1
r0b5m1th,r0b5m1th,Unknown,0,2
hibernianfc,hibernianfc,Unknown,0,2
@matthewdorrance⁩,@matthewdorrance⁩,Unknown,0,1
@mrharrycole,@mrharrycole,Unknown,0,1
@pigeonmagazine,@pigeonmagazine,Unknown,0,1
@bbcr4today?,@bbcr4today?,Unknown,0,1
keithhunter50,keithhunter50,Unknown,0,2
hamishadourian,hamishadourian,Unknown,0,2
chandlersfe,chandlersfe,Unknown,0,2
hollylynch5,hollylynch5,Labour,1,4
@bernmorley84,@bernmorley84,Unknown,0,1
mssocietyuk,mssocietyuk,Unknown,0,2
@sodemaction,@sodemaction,Unknown,0,1
@cllrwendy,@cllrwendy,Unknown,0,1
@keeleymp,@keeleymp,Unknown,0,4
@colin_j_clark,@colin_j_clark,Unknown,0,1
lynbrownmp,lynbrownmp,Labour,2,0
shsorguk,shsorguk,Unknown,0,2
@newtownsappg⁩,@newtownsappg⁩,Unknown,0,1
chrispincher,chrispincher,Unknown,0,2
@sofmcveigh,@sofmcveigh,Unknown,0,1
ststephenspap,ststephenspap,Unknown,0,2
@scotnational,@scotnational,Unknown,0,2
thecommonspace,thecommonspace,Unknown,0,2
beis,beis,Unknown,0,5
bethmiller91,bethmiller91,Unknown,0,2
@resfoundation⁩,@resfoundation⁩,Unknown,0,1
@damienegan,@damienegan,Unknown,0,1
@peoplesmomentum,@peoplesmomentum,Unknown,0,2
@ric_cole,@ric_cole,Unknown,0,1
something_phil,something_phil,Unknown,0,2
stephenmorganmp,stephenmorganmp,Labour,4,2
@briangr59263249,@briangr59263249,Unknown,0,1
peoplesmomentum,peoplesmomentum,Unknown,0,4
@greendaisy11,@greendaisy11,Unknown,0,1
@tomtugendhat:,@tomtugendhat:,Unknown,0,1
@peoplesvote_uk,@peoplesvote_uk,Unknown,0,2
jrfbolton,jrfbolton,Unknown,0,2
metpoliceuk,metpoliceuk,Unknown,0,4
@policechiefs,@policechiefs,Unknown,0,1
@scotlandsky,@scotlandsky,Unknown,0,1
@trussliz,@trussliz,Unknown,0,4
@gpspecials,@gpspecials,Unknown,0,1
@jazz_o72,@jazz_o72,Unknown,0,1
resurgentsheep,resurgentsheep,Unknown,0,2
@bobyflop,@bobyflop,Unknown,0,1
@jgurling,@jgurling,Unknown,0,1
coastalhousing,coastalhousing,Unknown,0,2
madeleinemoon,madeleinemoon,Labour,2,0
bbcradioscot,bbcradioscot,Unknown,0,4
akalamusic,akalamusic,Unknown,0,2
@rhsp27,@rhsp27,Unknown,0,1
@baminternationl,@baminternationl,Unknown,0,1
@bhamuniunison's,@bhamuniunison's,Unknown,0,1
conormcginn,conormcginn,Labour,1,0
hairybikers,hairybikers,Unknown,0,2
@vertexpharma,@vertexpharma,Unknown,0,2
mohammadasif_1,mohammadasif_1,Unknown,0,2
mit_reap,mit_reap,Unknown,0,2
@kingsschoolwlv,@kingsschoolwlv,Unknown,0,2
rchtwecare,rchtwecare,Unknown,0,2
@telepolitics,@telepolitics,Unknown,0,1
lucympowell,lucympowell,Labour (Co-op),1,4
@childofalba,@childofalba,Unknown,0,1
@kevinbrennanmp,@kevinbrennanmp,Unknown,0,2
creative_dton,creative_dton,Unknown,0,2
@victorialive,@victorialive,Unknown,0,1
rencouncilsnp,rencouncilsnp,Unknown,0,2
unitenwpolitics,unitenwpolitics,Unknown,0,2
bestforbritain,bestforbritain,Unknown,0,8
@stockportnhs,@stockportnhs,Unknown,0,1
bobyflop,bobyflop,Unknown,0,2
mersey_care,mersey_care,Unknown,0,2
@educationgovuk,@educationgovuk,Unknown,0,1
ric_cole,ric_cole,Unknown,0,2
@teamsaj,@teamsaj,Unknown,0,2
@drg_nhs,@drg_nhs,Unknown,0,1
@sarahwollaston,@sarahwollaston,Unknown,0,1
@drrosena,@drrosena,Unknown,0,1
fsb_scotland,fsb_scotland,Unknown,0,2
bucks_herald,bucks_herald,Unknown,0,2
@longbeach54620,@longbeach54620,Unknown,0,1
twitter,twitter,Unknown,0,2
badboysbakery,badboysbakery,Unknown,0,2
publicstandards,publicstandards,Unknown,0,2
@dundeeunitedfc,@dundeeunitedfc,Unknown,0,1
@jrclarkbf800,@jrclarkbf800,Unknown,0,1
@bactauk,@bactauk,Unknown,0,1
@labour4europe,@labour4europe,Unknown,0,1
davidtcdavies,davidtcdavies,Unknown,0,2
ianclucas,ianclucas,Unknown,0,2
@elinceredigion,@elinceredigion,Unknown,0,1
glasgowcityfc,glasgowcityfc,Unknown,0,2
@siangwenfelin,@siangwenfelin,Unknown,0,2
kwasikwarteng,kwasikwarteng,Unknown,0,6
@borisjohnson,@borisjohnson,Unknown,0,57
feorlean,feorlean,Unknown,0,2
francescrook,francescrook,Unknown,0,2
@sandras_smith,@sandras_smith,Unknown,0,1
mudchute,mudchute,Unknown,0,2
yourcroydon,yourcroydon,Unknown,0,2
@fiona_stewart,@fiona_stewart,Unknown,0,1
@dominicraab,@dominicraab,Unknown,0,2
@angelasmithmp,@angelasmithmp,Unknown,0,2
cissova,cissova,Unknown,0,2
bvt_lightmoor,bvt_lightmoor,Unknown,0,2
votes_17,votes_17,Unknown,0,2
siangwenfelin,siangwenfelin,Unknown,0,4
@andymcdonaldmp’s,@andymcdonaldmp’s,Unknown,0,1
@gavinwilliamson,@gavinwilliamson,Unknown,0,1
@chartwellnt,@chartwellnt,Unknown,0,1
@harborne_jayne,@harborne_jayne,Unknown,0,1
tony_devenish,tony_devenish,Unknown,0,2
gethingw,gethingw,Unknown,0,2
@jonbryanpoker,@jonbryanpoker,Unknown,0,1
jimmyrdee,jimmyrdee,Unknown,0,2
rianne_thompson,rianne_thompson,Unknown,0,2
@tonypddd,@tonypddd,Unknown,0,1
viralkmh,viralkmh,Unknown,0,2
@sybhealthcare,@sybhealthcare,Unknown,0,1
@cllrmhill,@cllrmhill,Unknown,0,1
lincolnshirecc,lincolnshirecc,Unknown,0,2
doddmed,doddmed,Unknown,0,2
michellethomson,michellethomson,Unknown,0,2
@joplattmp,@joplattmp,Unknown,0,1
@visitwales,@visitwales,Unknown,0,1
@thecut,@thecut,Unknown,0,1
@mndcampaigns,@mndcampaigns,Unknown,0,1
@sandra4646,@sandra4646,Unknown,0,1
danjarvismp,danjarvismp,Labour,5,2
@clothworkersfdn,@clothworkersfdn,Unknown,0,1
@snpgryffe,@snpgryffe,Unknown,0,1
bbcpanorama,bbcpanorama,Unknown,0,2
rspbbexleygroup,rspbbexleygroup,Unknown,0,2
tobyperkinsmp,tobyperkinsmp,Labour,1,0
@fussydolphin,@fussydolphin,Unknown,0,1
@janetevanskcfc,@janetevanskcfc,Unknown,0,1
addeys300,addeys300,Unknown,0,2
@dunnejonathan,@dunnejonathan,Unknown,0,1
dohoodle,dohoodle,Unknown,0,2
@harbornelabour,@harbornelabour,Unknown,0,1
bexley,bexley,Unknown,0,4
@mehardware,@mehardware,Unknown,0,1
@communityld,@communityld,Unknown,0,1
@scnathan,@scnathan,Unknown,0,1
halfon4harlowmp,halfon4harlowmp,Conservative,5,4
@zimmer_donna,@zimmer_donna,Unknown,0,1
@yesmaryhill,@yesmaryhill,Unknown,0,1
labourhometeam,labourhometeam,Unknown,0,2
patmcgorry,patmcgorry,Unknown,0,2
@trusselltrust,@trusselltrust,Unknown,0,1
petenorth303,petenorth303,Unknown,0,2
steviecairns,steviecairns,Unknown,0,2
@beltrew,@beltrew,Unknown,0,1
@philiphammonduk,@philiphammonduk,Unknown,0,1
davidedrew,davidedrew,Unknown,0,4
pointeastleigh,pointeastleigh,Unknown,0,2
mackiejonathan,mackiejonathan,Unknown,0,2
edvaizey,edvaizey,Conservative,5,4
can_jam,can_jam,Unknown,0,2
jessicamordenmp,jessicamordenmp,Labour,2,2
tomtugendhat,tomtugendhat,Conservative,9,4
@dhscgovuk,@dhscgovuk,Unknown,0,1
@rmbcpress,@rmbcpress,Unknown,0,1
@salford_mayor,@salford_mayor,Unknown,0,1
@british_airways,@british_airways,Unknown,0,1
@bestforbritain,@bestforbritain,Unknown,0,4
scnathan,scnathan,Unknown,0,2
baileysshakes,baileysshakes,Unknown,0,2
bhamcitycouncil,bhamcitycouncil,Unknown,0,2
@rlong_bailey,@rlong_bailey,Unknown,0,2
@hackneyabbott,@hackneyabbott,Unknown,0,1
redditchrachel,redditchrachel,Conservative,3,2
mehardware,mehardware,Unknown,0,2
@chandlersfe,@chandlersfe,Unknown,0,1
damienegan,damienegan,Unknown,0,2
@ngreen4libdems,@ngreen4libdems,Unknown,0,1
@emilyapple,@emilyapple,Unknown,0,1
manushrafatjah,manushrafatjah,Unknown,0,2
thesundaymirror,thesundaymirror,Unknown,0,2
britgeosurvey,britgeosurvey,Unknown,0,2
rogerhelmermep,rogerhelmermep,Unknown,0,2
@kwasikwarteng,@kwasikwarteng,Unknown,0,3
jakimclaren,jakimclaren,Unknown,0,2
hginnett,hginnett,Unknown,0,2
edinburghfest,edinburghfest,Unknown,0,2
@jenlloyd001,@jenlloyd001,Unknown,0,1
@bexley.gov.uk,@bexley.gov.uk,Unknown,0,1
@yescymru,@yescymru,Unknown,0,2
@northerncarter,@northerncarter,Unknown,0,1
@ukparliament,@ukparliament,Unknown,0,1
latikambourke,latikambourke,Unknown,0,2
@helengrantmp,@helengrantmp,Unknown,0,1
@gutoaberconwy,@gutoaberconwy,Unknown,0,1
@nimkoali,@nimkoali,Unknown,0,1
geraldine_mck,geraldine_mck,Unknown,0,2
rthondavehanson,rthondavehanson,Labour,1,0
dsmitheconomics,dsmitheconomics,Unknown,0,2
ryanshorthouse,ryanshorthouse,Unknown,0,2
theresecoffey,theresecoffey,Conservative,6,0
@jmac_wir,@jmac_wir,Unknown,0,1
@andrealeadsom,@andrealeadsom,Unknown,0,7
angelarayner,angelarayner,Labour,6,14
mimsdavies,mimsdavies,Conservative,6,0
@jamieglackin1,@jamieglackin1,Unknown,0,1
@suekilcoyne,@suekilcoyne,Unknown,0,1
@jostevenslabour!,@jostevenslabour!,Unknown,0,1
no10,no10,Unknown,0,2
@jackdromeymp,@jackdromeymp,Unknown,0,1
@tomwatsonesq,@tomwatsonesq,Unknown,0,1
mndcampaigns,mndcampaigns,Unknown,0,2
vertexpharma,vertexpharma,Unknown,0,4
granadareports,granadareports,Unknown,0,2
@suenowers1,@suenowers1,Unknown,0,1
@kellytolhurst,@kellytolhurst,Unknown,0,2
peoplesassyscot,peoplesassyscot,Unknown,0,2
@defragovuk⁩,@defragovuk⁩,Unknown,0,1
@douglas4moray,@douglas4moray,Unknown,0,1
@navpmishra,@navpmishra,Unknown,0,1
homeoffice,homeoffice,Unknown,0,4
@gethingw,@gethingw,Unknown,0,1
georgiaruth,georgiaruth,Unknown,0,2
@parliament.uk,@parliament.uk,Unknown,0,7
cllrmhill,cllrmhill,Unknown,0,2
@peternorthdevon.,@peternorthdevon.,Unknown,0,1
@bwncathband,@bwncathband,Unknown,0,1
@bloodinquiry,@bloodinquiry,Unknown,0,1
@cj_dinenage,@cj_dinenage,Unknown,0,1
convivir,convivir,Unknown,0,2
@ballotboxscot,@ballotboxscot,Unknown,0,1
ashfordcca,ashfordcca,Unknown,0,2
@greghands.com,@greghands.com,Unknown,0,1
@akalamusic!,@akalamusic!,Unknown,0,1
@tony_devenish,@tony_devenish,Unknown,0,1
lisawil66103501,lisawil66103501,Unknown,0,2
breconlabour,breconlabour,Unknown,0,2
brexitometerhq,brexitometerhq,Unknown,0,2
@ouh_horton,@ouh_horton,Unknown,0,1
@5050parliament,@5050parliament,Unknown,0,1
philwilsonxmp,philwilsonxmp,Labour,1,0
@hsjnews,@hsjnews,Unknown,0,1
conorburnsuk,conorburnsuk,Conservative,1,0
libdems,libdems,Unknown,0,27
@paulscunny,@paulscunny,Unknown,0,1
@pennymordaunt,@pennymordaunt,Unknown,0,1
sodemaction,sodemaction,Unknown,0,2
stevedouble,stevedouble,Conservative,1,0
@mudchute,@mudchute,Unknown,0,1
@artsciencedoc,@artsciencedoc,Unknown,0,1
ukhomeoffice,ukhomeoffice,Unknown,0,4
robertcourts,robertcourts,Unknown,0,2
@tynecastlepark_,@tynecastlepark_,Unknown,0,1
@creative_dton,@creative_dton,Unknown,0,1
@johndoc10002801,@johndoc10002801,Unknown,0,1
@ianduncanhmg,@ianduncanhmg,Unknown,0,1
madeye611,madeye611,Unknown,0,2
stockportmbc,stockportmbc,Unknown,0,2
@labourrotherham,@labourrotherham,Unknown,0,1
imran_hussainmp,imran_hussainmp,Labour,1,2
ca_timb,ca_timb,Unknown,0,2
harborne_jayne,harborne_jayne,Unknown,0,2
@scott_arthur,@scott_arthur,Unknown,0,1
ian_goldin,ian_goldin,Unknown,0,2
@damiangreen,@damiangreen,Unknown,0,1
thetribunechd,thetribunechd,Unknown,0,2
@ayestotheright,@ayestotheright,Unknown,0,1
ukparliament,ukparliament,Unknown,0,2
@lisamulherin,@lisamulherin,Unknown,0,1
keithmorrisaber,keithmorrisaber,Unknown,0,2
hteltham,hteltham,Unknown,0,2
@borisjohnson's,@borisjohnson's,Unknown,0,1
hugoswire,hugoswire,Conservative,2,0
ptcnews,ptcnews,Unknown,0,2
@anniemurray,@anniemurray,Unknown,0,1
ruthcadbury,ruthcadbury,Labour,3,6
@creat1ve_m1nds,@creat1ve_m1nds,Unknown,0,1
@danielzeichner,@danielzeichner,Unknown,0,1
unitetoremain,unitetoremain,Unknown,0,6
simoncoveney,simoncoveney,Unknown,0,2
@borisjohnson⁩,@borisjohnson⁩,Unknown,0,3
@gmbyoungnwi⁩,@gmbyoungnwi⁩,Unknown,0,1
@preetkgillmp⁩,@preetkgillmp⁩,Unknown,0,1
ofocbrexit,ofocbrexit,Unknown,0,2
suewood60,suewood60,Unknown,0,2
jamespomfret,jamespomfret,Unknown,0,2
@clairebyrnelive,@clairebyrnelive,Unknown,0,1
@ojcoombe,@ojcoombe,Unknown,0,1
jennymcharles,jennymcharles,Unknown,0,2
mrjkilcoyne,mrjkilcoyne,Unknown,0,2
@chelmscitycons,@chelmscitycons,Unknown,0,1
bond71590,bond71590,Unknown,0,2
_esp_2012,_esp_2012,Unknown,0,2
albabe1969,albabe1969,Unknown,0,2
amberrudduk,amberrudduk,Conservative,1,0
daysoutnow,daysoutnow,Unknown,0,2
@andy_gouldson,@andy_gouldson,Unknown,0,1
@niajeffreys,@niajeffreys,Unknown,0,1
@emjay1968,@emjay1968,Unknown,0,1
@mickwhelanaslef,@mickwhelanaslef,Unknown,0,1
dupleader,dupleader,Unknown,0,2
preetkgillmp,preetkgillmp,Labour (Co-op),8,8
sandbach,sandbach,Conservative,3,2
chionwurah,chionwurah,Labour,4,2
@jamesrbuk,@jamesrbuk,Unknown,0,1
garnethill_drg,garnethill_drg,Unknown,0,2
@louhaigh,@louhaigh,Unknown,0,7
polprofsteve,polprofsteve,Unknown,0,2
duzza180,duzza180,Unknown,0,2
cheshirefire,cheshirefire,Unknown,0,2
britsochaem,britsochaem,Unknown,0,2
bnorval48,bnorval48,Unknown,0,2
gdh1961,gdh1961,Unknown,0,2
@proftomkins,@proftomkins,Unknown,0,1
helenhayes_,helenhayes_,Labour,1,2
@patrik_h:,@patrik_h:,Unknown,0,1
yvettecoopermp,yvettecoopermp,Unknown,0,2
@charlotteaugst,@charlotteaugst,Unknown,0,1
northumbriapol,northumbriapol,Unknown,0,2
@gregclarkmp,@gregclarkmp,Unknown,0,1
hk_watch,hk_watch,Unknown,0,2
mickwhelanaslef,mickwhelanaslef,Unknown,0,2
oneandonlymr0,oneandonlymr0,Unknown,0,2
tredegarcouncil,tredegarcouncil,Unknown,0,2
derbyshirefrs,derbyshirefrs,Unknown,0,2
@doddsjane,@doddsjane,Unknown,0,1
tris_stock,tris_stock,Unknown,0,2
@adrianmasters84,@adrianmasters84,Unknown,0,1
@pauljsweeney,@pauljsweeney,Unknown,0,4
momentumbristol,momentumbristol,Unknown,0,2
@theclinkcharity,@theclinkcharity,Unknown,0,1
bbcnews,bbcnews,Unknown,0,8
henryfraser0,henryfraser0,Unknown,0,2
@solihullupdates,@solihullupdates,Unknown,0,1
martinchelt,martinchelt,Unknown,0,2
@jacindaardern,@jacindaardern,Unknown,0,2
@yankeebravo,@yankeebravo,Unknown,0,1
cornwall4eu,cornwall4eu,Unknown,0,2
emmahardymp,emmahardymp,Labour,2,2
michaelcaines,michaelcaines,Unknown,0,2
@northumbriapol,@northumbriapol,Unknown,0,1
@brexitometerhq,@brexitometerhq,Unknown,0,1
@bbcgaryr⁩,@bbcgaryr⁩,Unknown,0,1
@amberruddhr,@amberruddhr,Unknown,0,2
@jamesacaster,@jamesacaster,Unknown,0,1
walesforeurope,walesforeurope,Unknown,0,10
lonelyplanet,lonelyplanet,Unknown,0,2
@greateryarmouth,@greateryarmouth,Unknown,0,1
@lovewavertree.,@lovewavertree.,Unknown,0,1
boltonfoodfest,boltonfoodfest,Unknown,0,2
@jewishlabour,@jewishlabour,Unknown,0,2
victorialive,victorialive,Unknown,0,2
@duncanrigscndry,@duncanrigscndry,Unknown,0,1
defragovuk,defragovuk,Unknown,0,4
andrewbowiemp,andrewbowiemp,Unknown,0,4
@jennymcharles,@jennymcharles,Unknown,0,1
tonyjolagoodman,tonyjolagoodman,Unknown,0,2
wesstreeting,wesstreeting,Labour,8,4
kingstonhospnhs,kingstonhospnhs,Unknown,0,2
@felicitybuchan,@felicitybuchan,Unknown,0,1
canalrivertrust,canalrivertrust,Unknown,0,4
@wyfrscaldteam,@wyfrscaldteam,Unknown,0,1
cllrtomdavies,cllrtomdavies,Unknown,0,2
yorkracecourse,yorkracecourse,Unknown,0,2
marleybennett,marleybennett,Unknown,0,2
@heritagefunduk,@heritagefunduk,Unknown,0,1
@commonsforeign,@commonsforeign,Unknown,0,1
@jamiefonzarelli,@jamiefonzarelli,Unknown,0,1
lotuscars,lotuscars,Unknown,0,2
manchesterfire,manchesterfire,Unknown,0,2
calumrkerr,calumrkerr,Unknown,0,2
leavehq,leavehq,Unknown,0,2
northernassist,northernassist,Unknown,0,2
felicitybuchan,felicitybuchan,Unknown,0,2
royalmail,royalmail,Unknown,0,2
@labfreemvmt,@labfreemvmt,Unknown,0,1
greateranglia,greateranglia,Unknown,0,2
salfordunison,salfordunison,Unknown,0,2
@jackbuck123,@jackbuck123,Unknown,0,1
@labour_history,@labour_history,Unknown,0,1
gmb_union,gmb_union,Unknown,0,4
@the_bounce_back,@the_bounce_back,Unknown,0,1
drg_nhs,drg_nhs,Unknown,0,2
hanseizuremum,hanseizuremum,Unknown,0,2
the_work_room,the_work_room,Unknown,0,2
grenfellunited,grenfellunited,Unknown,0,2
@lgbtlabourwales,@lgbtlabourwales,Unknown,0,2
@dr_philippaw,@dr_philippaw,Unknown,0,4
@eleanor_smithmp,@eleanor_smithmp,Unknown,0,1
@blaenaugwentmp,@blaenaugwentmp,Unknown,0,1
suewilson91,suewilson91,Unknown,0,2
drlisacameronmp,drlisacameronmp,Scottish National Party,1,0
@cyngorgwynedd,@cyngorgwynedd,Unknown,0,1
@lukehall,@lukehall,Unknown,0,1
accandyprophet,accandyprophet,Unknown,0,2
@halfon4harlowmp,@halfon4harlowmp,Unknown,0,2
@scotcivictrust,@scotcivictrust,Unknown,0,1
owenjones84,owenjones84,Unknown,0,8
@natsheep,@natsheep,Unknown,0,1
@keithhunter50,@keithhunter50,Unknown,0,1
@jonathanelford,@jonathanelford,Unknown,0,1
@sheila_bell,@sheila_bell,Unknown,0,1
@greenjamies,@greenjamies,Unknown,0,1
@welshlabour,@welshlabour,Unknown,0,6
@dannystone1,@dannystone1,Unknown,0,1
@marinahyde,@marinahyde,Unknown,0,1
sthompson_jp,sthompson_jp,Unknown,0,2
hef4caerphilly,hef4caerphilly,Unknown,0,2
pauljsweeney,pauljsweeney,Labour (Co-op),26,8
jamesacaster,jamesacaster,Unknown,0,2
@labourrichard's,@labourrichard's,Unknown,0,1
carabao_cup,carabao_cup,Unknown,0,2
@bayonetmediauk,@bayonetmediauk,Unknown,0,1
@david_conn,@david_conn,Unknown,0,1
beccyryan,beccyryan,Unknown,0,2
ageuksandwell,ageuksandwell,Unknown,0,2
@paulwheelhouse,@paulwheelhouse,Unknown,0,1
@scotsyounglab,@scotsyounglab,Unknown,0,1
@bobbypratapmh,@bobbypratapmh,Unknown,0,1
eleanor_smith55,eleanor_smith55,Labour,4,0
@paulscullymp,@paulscullymp,Unknown,0,1
ben_greenstone,ben_greenstone,Unknown,0,2
richardburgon,richardburgon,Unknown,0,2
@dunadan9,@dunadan9,Unknown,0,1
jawadsohrab,jawadsohrab,Unknown,0,2
@vickyfoxcroft,@vickyfoxcroft,Unknown,0,2
@schooltruth,@schooltruth,Unknown,0,1
@davidpnolan,@davidpnolan,Unknown,0,1
edbookfest,edbookfest,Unknown,0,2
@ageukbirmingham,@ageukbirmingham,Unknown,0,1
sikhsforsikhs,sikhsforsikhs,Unknown,0,2
michael4mdnp,michael4mdnp,Conservative,2,2
delythjewellam,delythjewellam,Unknown,0,2
@rochestercathed,@rochestercathed,Unknown,0,1
appgsextrade,appgsextrade,Unknown,0,2
northantspolice,northantspolice,Unknown,0,2
@menteryplu.,@menteryplu.,Unknown,0,1
labour4europe,labour4europe,Unknown,0,2
@carolinevoaden,@carolinevoaden,Unknown,0,1
@unholytom1980,@unholytom1980,Unknown,0,1
@douglasdaniel,@douglasdaniel,Unknown,0,1
margarethodge,margarethodge,Unknown,0,2
greggawallace,greggawallace,Unknown,0,2
@broadcastscot,@broadcastscot,Unknown,0,1
@greghands,@greghands,Unknown,0,3
georgie_patto,georgie_patto,Unknown,0,2
amberruddhr,amberruddhr,Unknown,0,4
@rothtowncentre,@rothtowncentre,Unknown,0,1
@sidwick4dorset,@sidwick4dorset,Unknown,0,1
joanryanenfield,joanryanenfield,Labour,2,0
lifelonglearning,lifelonglearning,Unknown,0,2
ameinuusa,ameinuusa,Unknown,0,2
@kkaaazz14,@kkaaazz14,Unknown,0,1
@camlambert2000,@camlambert2000,Unknown,0,1
neildotobrien,neildotobrien,Conservative,1,0
electcalculus,electcalculus,Unknown,0,2
@carriesymonds,@carriesymonds,Unknown,0,1
rmtunion,rmtunion,Unknown,0,4
@carolynharris24,@carolynharris24,Unknown,0,8
@janeygodley,@janeygodley,Unknown,0,2
@dan_scorer,@dan_scorer,Unknown,0,1
@forchange_now,@forchange_now,Unknown,0,3
jrclarkbf800,jrclarkbf800,Unknown,0,2
@samcoatessky,@samcoatessky,Unknown,0,1
@claireh_nn,@claireh_nn,Unknown,0,1
@rencouncilsnp,@rencouncilsnp,Unknown,0,1
mafevema,mafevema,Unknown,0,2
independent,independent,Unknown,0,6
claireh_nn,claireh_nn,Unknown,0,2
togetherhousing,togetherhousing,Unknown,0,2
@darrenmclean_uk,@darrenmclean_uk,Unknown,0,1
@peoplesvote_uk⁩,@peoplesvote_uk⁩,Unknown,0,1
aledllanbedrog,aledllanbedrog,Unknown,0,2
anniemurray,anniemurray,Unknown,0,2
@campbellclaret,@campbellclaret,Unknown,0,2
@upasnakakroo,@upasnakakroo,Unknown,0,1
@jsheappey,@jsheappey,Unknown,0,1
universitiesuk,universitiesuk,Unknown,0,2
christia_allard,christia_allard,Unknown,0,2
motogp,motogp,Unknown,0,2
sthelenscouncil,sthelenscouncil,Unknown,0,2
@weggis66,@weggis66,Unknown,0,2
joplattmp,joplattmp,Unknown,0,2
@wesstreeting,@wesstreeting,Unknown,0,2
@thetimes,@thetimes,Unknown,0,1
swanseaonline10,swanseaonline10,Unknown,0,2
tomwatsonesq,tomwatsonesq,Unknown,0,2
sheriffnottm,sheriffnottm,Unknown,0,2
@john_fusionpr,@john_fusionpr,Unknown,0,1
@bexleybirding,@bexleybirding,Unknown,0,1
lungtheatre,lungtheatre,Unknown,0,2
@docrobperry,@docrobperry,Unknown,0,1
llanwernenglish,llanwernenglish,Unknown,0,2
@dsmitheconomics,@dsmitheconomics,Unknown,0,1
@hirst4essexpfcc,@hirst4essexpfcc,Unknown,0,2
@paulmaccagmb,@paulmaccagmb,Unknown,0,1
worldskills,worldskills,Unknown,0,4
@iandaypix,@iandaypix,Unknown,0,3
@martinclifford1,@martinclifford1,Unknown,0,1
sharonhodgsonmp,sharonhodgsonmp,Labour,4,6
emilyapple,emilyapple,Unknown,0,2
british_airways,british_airways,Unknown,0,2
@jbrokenshire,@jbrokenshire,Unknown,0,1
dawnafinch,dawnafinch,Unknown,0,2
@wildernesshq,@wildernesshq,Unknown,0,1
@maxwellwoodger,@maxwellwoodger,Unknown,0,1
stewartmcdonald,stewartmcdonald,Scottish National Party,9,2
hsjnews,hsjnews,Unknown,0,2
katieculture,katieculture,Unknown,0,2
davidcicilline,davidcicilline,Unknown,0,2
@jamtarts,@jamtarts,Unknown,0,1
@andrewbowiemp,@andrewbowiemp,Unknown,0,2
@joswinson.,@joswinson.,Unknown,0,1
keeleymp,keeleymp,Labour,6,8
jaynedowle,jaynedowle,Unknown,0,2
scotgov,scotgov,Unknown,0,6
kate_hollernmp,kate_hollernmp,Labour,1,0
@independent,@independent,Unknown,0,3
@mark_mclaughlin,@mark_mclaughlin,Unknown,0,1
@feargal_sharkey,@feargal_sharkey,Unknown,0,1
rtherapy4life,rtherapy4life,Unknown,0,2
@fsb_scotland⁩’s,@fsb_scotland⁩’s,Unknown,0,1
the_bounce_back,the_bounce_back,Unknown,0,2
@thecommonspace,@thecommonspace,Unknown,0,1
@jaymitchinson,@jaymitchinson,Unknown,0,1
@michaelsheen,@michaelsheen,Unknown,0,1
carlyemms,carlyemms,Unknown,0,2
siobhain_mc,siobhain_mc,Labour,2,0
@yougovus,@yougovus,Unknown,0,1
@academihteifi,@academihteifi,Unknown,0,1
@everythings_13,@everythings_13,Unknown,0,1
bayonetmediauk,bayonetmediauk,Unknown,0,2
@dprpdz,@dprpdz,Unknown,0,1
carolinevoaden,carolinevoaden,Unknown,0,2
wera_hobhouse,wera_hobhouse,Liberal Democrat,1,0
@chtonline,@chtonline,Unknown,0,1
greateryarmouth,greateryarmouth,Unknown,0,2
@carerstrust,@carerstrust,Unknown,0,1
eastleighff,eastleighff,Unknown,0,2
jewishlabour,jewishlabour,Unknown,0,4
@sarahchampionmp,@sarahchampionmp,Unknown,0,5
diageoliam,diageoliam,Unknown,0,2
stncdrrafwitt,stncdrrafwitt,Unknown,0,2
tynecastlepark_,tynecastlepark_,Unknown,0,2
@bbcr4today,@bbcr4today,Unknown,0,6
@tnlcomfund,@tnlcomfund,Unknown,0,2
annesnelgrove,annesnelgrove,Unknown,0,2
mywowscotland,mywowscotland,Unknown,0,2
stephengethins,stephengethins,Scottish National Party,2,0
mrharrycole,mrharrycole,Unknown,0,2
@breconlabour,@breconlabour,Unknown,0,1
@lleuwen,@lleuwen,Unknown,0,1
kayleighls,kayleighls,Unknown,0,2
timfarron,timfarron,Liberal Democrat,1,0
teamsaj,teamsaj,Unknown,0,4
@bevanfestival,@bevanfestival,Unknown,0,1
baronessnewlove,baronessnewlove,Unknown,0,2
@greateranglia,@greateranglia,Unknown,0,1
nuneatonmems,nuneatonmems,Unknown,0,2
bbcgaryr,bbcgaryr,Unknown,0,2
@10downingstreet.,@10downingstreet.,Unknown,0,1
@ng_labour,@ng_labour,Unknown,0,1
rochdalemayor,rochdalemayor,Unknown,0,2
sohohouse,sohohouse,Unknown,0,2
lordianaustin,lordianaustin,Labour,7,0
tewv,tewv,Unknown,0,2
yankeebravo,yankeebravo,Unknown,0,2
@gargarin,@gargarin,Unknown,0,1
trusselltrust,trusselltrust,Unknown,0,2
julie4nw,julie4nw,Unknown,0,4
@preetkgillmp,@preetkgillmp,Unknown,0,4
@vidvicii,@vidvicii,Unknown,0,1
@grouse_beater,@grouse_beater,Unknown,0,1
@birminghamlive's,@birminghamlive's,Unknown,0,1
@redditchrachel!,@redditchrachel!,Unknown,0,1
kevinbrennanmp,kevinbrennanmp,Labour,3,4
utopian_red,utopian_red,Unknown,0,2
chrisphillips76,chrisphillips76,Unknown,0,2
@jeremycorbyn,@jeremycorbyn,Unknown,0,11
@appg_safefaith,@appg_safefaith,Unknown,0,1
newtownsappg,newtownsappg,Unknown,0,4
@jawadsohrab,@jawadsohrab,Unknown,0,1
hocpetitions,hocpetitions,Unknown,0,2
@neill_bob.,@neill_bob.,Unknown,0,1
yorkshirelabour,yorkshirelabour,Unknown,0,4
karenpbuckmp,karenpbuckmp,Labour,1,2
gmmh_nhs,gmmh_nhs,Unknown,0,2
@tewv,@tewv,Unknown,0,1
eloisetodd,eloisetodd,Unknown,0,2
@refugecharity,@refugecharity,Unknown,0,1
@lesleylaird,@lesleylaird,Unknown,0,2
stevebarclay,stevebarclay,Unknown,0,4
@ajenglish,@ajenglish,Unknown,0,1
@rorystewartuk,@rorystewartuk,Unknown,0,2
@wyevalleynhs,@wyevalleynhs,Unknown,0,1
jacindaardern,jacindaardern,Unknown,0,4
dominicraab,dominicraab,Unknown,0,4
dannyhackett,dannyhackett,Unknown,0,2
@defragovuk,@defragovuk,Unknown,0,2
@nadhimzahawi,@nadhimzahawi,Unknown,0,2
chunkymark,chunkymark,Unknown,0,2
@evie1evie,@evie1evie,Unknown,0,1
@telegraph,@telegraph,Unknown,0,3
r_mawhinney,r_mawhinney,Unknown,0,2
@thornaby_fc.,@thornaby_fc.,Unknown,0,1
@rcstweets,@rcstweets,Unknown,0,1
@neilsmithgmb,@neilsmithgmb,Unknown,0,1
louiseellman,louiseellman,Unknown,0,2
martinclifford1,martinclifford1,Unknown,0,2
@miketomillar,@miketomillar,Unknown,0,1
adampayne26,adampayne26,Unknown,0,2
appg_safefaith,appg_safefaith,Unknown,0,2
@bremaininspain⁩,@bremaininspain⁩,Unknown,0,1
gangariga,gangariga,Unknown,0,2
@worldskills,@worldskills,Unknown,0,2
camlambert2000,camlambert2000,Unknown,0,2
@fiveguysuk,@fiveguysuk,Unknown,0,1
welshgovernment,welshgovernment,Unknown,0,2
tomdeery_,tomdeery_,Unknown,0,2
citizensuk,citizensuk,Unknown,0,2
@metpoliceuk,@metpoliceuk,Unknown,0,2
@ruthnewportwest,@ruthnewportwest,Unknown,0,1
bbcwalesnews,bbcwalesnews,Unknown,0,2
transportgovuk,transportgovuk,Unknown,0,4
iowbobseely,iowbobseely,Conservative,5,0
laboursj,laboursj,Labour,3,0
@denisenwi⁩,@denisenwi⁩,Unknown,0,1
tomcopley,tomcopley,Unknown,0,2
@dominicraab.,@dominicraab.,Unknown,0,1
claireperrymp,claireperrymp,Unknown,0,2
@lungtheatre,@lungtheatre,Unknown,0,1
georgefreemanmp,georgefreemanmp,Conservative,5,4
andrew4pendle,andrew4pendle,Conservative,2,4
ambjohnbolton,ambjohnbolton,Unknown,0,2
@cissova,@cissova,Unknown,0,1
wyfrscaldteam,wyfrscaldteam,Unknown,0,2
@benstokes38!!,@benstokes38!!,Unknown,0,1
@andreios,@andreios,Unknown,0,1
vonnsand,vonnsand,Unknown,0,2
michaelgove,michaelgove,Conservative,2,8
jopike3,jopike3,Unknown,0,2
alhouldsworth,alhouldsworth,Unknown,0,2
@aledllanbedrog,@aledllanbedrog,Unknown,0,1
beltrew,beltrew,Unknown,0,2
acgrayling,acgrayling,Unknown,0,2
@publicstandards,@publicstandards,Unknown,0,1
@liambyrnemp,@liambyrnemp,Unknown,0,3
@welshlabour.,@welshlabour.,Unknown,0,1
ruthgeorgemp,ruthgeorgemp,Unknown,0,2
margaretkeenan,margaretkeenan,Unknown,0,2
@jay_nairn,@jay_nairn,Unknown,0,1
jround3,jround3,Unknown,0,2
rochesterbridge,rochesterbridge,Unknown,0,2
faisal__rashid,faisal__rashid,Labour,1,0
@jamescoxld,@jamescoxld,Unknown,0,1
@maryhill_snp⁩,@maryhill_snp⁩,Unknown,0,1
@gradysnp⁩,@gradysnp⁩,Unknown,0,1
obornetweets,obornetweets,Unknown,0,2
@georgefreemanmp,@georgefreemanmp,Unknown,0,2
@ianclucas,@ianclucas,Unknown,0,1
alanbrownsnp,alanbrownsnp,Scottish National Party,1,2
number10cat,number10cat,Unknown,0,2
@kingmanhelen,@kingmanhelen,Unknown,0,1
@hms_westminster,@hms_westminster,Unknown,0,2
clairebyrnelive,clairebyrnelive,Unknown,0,2
@corbytownfc,@corbytownfc,Unknown,0,1
@jamesru5531l,@jamesru5531l,Unknown,0,1
ronaldbailey,ronaldbailey,Unknown,0,2
@nhswirralccg,@nhswirralccg,Unknown,0,1
@timeandspace3,@timeandspace3,Unknown,0,1
mndpatients,mndpatients,Unknown,0,2
@hazel_thorpe,@hazel_thorpe,Unknown,0,1
@dontlookback198,@dontlookback198,Unknown,0,1
plbritish,plbritish,Unknown,0,2
garystreeterswd,garystreeterswd,Conservative,1,0
tradenitweets,tradenitweets,Unknown,0,2
bbcscotlandnews,bbcscotlandnews,Unknown,0,2
@gmbyoungmembers,@gmbyoungmembers,Unknown,0,1
@tallphotography,@tallphotography,Unknown,0,1
@southwarkcofe,@southwarkcofe,Unknown,0,1
ianlaverymp,ianlaverymp,Labour,1,0
retail_ni,retail_ni,Unknown,0,2
fliceverett,fliceverett,Unknown,0,2
@thistlejohn,@thistlejohn,Unknown,0,1
@martinpaterso13,@martinpaterso13,Unknown,0,1
sikhsiyasat,sikhsiyasat,Unknown,0,2
niajeffreys,niajeffreys,Unknown,0,2
hibsladies,hibsladies,Unknown,0,2
@carnegiemuseum,@carnegiemuseum,Unknown,0,1
@jacqui_smith1,@jacqui_smith1,Unknown,0,1
@southvillerob,@southvillerob,Unknown,0,1
sandra4646,sandra4646,Unknown,0,2
@camdenrts,@camdenrts,Unknown,0,1
@heidiallen,@heidiallen,Unknown,0,1
alijmcc,alijmcc,Unknown,0,2
leedsandyorkpft,leedsandyorkpft,Unknown,0,2
@mndscotland,@mndscotland,Unknown,0,1
@bucks_herald,@bucks_herald,Unknown,0,1
kglasss,kglasss,Unknown,0,2
@fabiberrettoni⁩,@fabiberrettoni⁩,Unknown,0,1
samanthajayneb4,samanthajayneb4,Unknown,0,2
@georgeaylett,@georgeaylett,Unknown,0,1
wendygeorginal2,wendygeorginal2,Unknown,0,2
@shaunlintern,@shaunlintern,Unknown,0,2
@sundaytimesscot,@sundaytimesscot,Unknown,0,1
@hef4caerphilly,@hef4caerphilly,Unknown,0,1
darlomusic,darlomusic,Unknown,0,2
@michaeljswalker,@michaeljswalker,Unknown,0,1
@cllralanmitch,@cllralanmitch,Unknown,0,1
tom_watson,tom_watson,Labour,3,6
@jrfbolton,@jrfbolton,Unknown,0,1
edithzimmerman,edithzimmerman,Unknown,0,2
@urbanoutreachuk,@urbanoutreachuk,Unknown,0,1
@guardiannews,@guardiannews,Unknown,0,1
@lintonprimary!,@lintonprimary!,Unknown,0,1
@totterdown_,@totterdown_,Unknown,0,1
@louhaigh👇,@louhaigh👇,Unknown,0,1
nicevennett,nicevennett,Unknown,0,2
neilsmithgmb,neilsmithgmb,Unknown,0,2
david_duguid,david_duguid,Conservative,2,0
longbeach54620,longbeach54620,Unknown,0,2
karenwroeartist,karenwroeartist,Unknown,0,2
prisonersed,prisonersed,Unknown,0,2
navpmishra,navpmishra,Unknown,0,2
@marleybennett,@marleybennett,Unknown,0,1
cellworkout,cellworkout,Unknown,0,2
pcs_union,pcs_union,Unknown,0,2
heritagefunduk,heritagefunduk,Unknown,0,2
alcs_uk,alcs_uk,Unknown,0,2
stockportnhs,stockportnhs,Unknown,0,2
britishrowing,britishrowing,Unknown,0,2
@pridecymru⁩,@pridecymru⁩,Unknown,0,1
nus_ghani,nus_ghani,Conservative,2,0
henrydimbleby,henrydimbleby,Unknown,0,2
@glasgowcc,@glasgowcc,Unknown,0,1
douglas4moray,douglas4moray,Unknown,0,2
@croydonlabour,@croydonlabour,Unknown,0,1
@annesnelgrove,@annesnelgrove,Unknown,0,1
@karenleemp⁩,@karenleemp⁩,Unknown,0,1
@rsa_arrowvale,@rsa_arrowvale,Unknown,0,1
@liberaldespot,@liberaldespot,Unknown,0,1
lukepollard,lukepollard,Labour (Co-op),1,4
@davidtcdavies,@davidtcdavies,Unknown,0,1
jackbuck123,jackbuck123,Unknown,0,2
grahamstuart,grahamstuart,Conservative,1,4
@kennyfarq,@kennyfarq,Unknown,0,1
dunnejonathan,dunnejonathan,Unknown,0,2
@tompjourno,@tompjourno,Unknown,0,1
nbpauk,nbpauk,Unknown,0,2
@adamprice,@adamprice,Unknown,0,1
@steelsusie,@steelsusie,Unknown,0,1
j_l_marsden,j_l_marsden,Unknown,0,2
thersaorg,thersaorg,Unknown,0,2
@food_strategy,@food_strategy,Unknown,0,1
terrychristian,terrychristian,Unknown,0,2
ukgovbluebelt,ukgovbluebelt,Unknown,0,4
@bristolpanthers,@bristolpanthers,Unknown,0,1
@financialtimes,@financialtimes,Unknown,0,1
@walesforeurope,@walesforeurope,Unknown,0,5
@nancyclench,@nancyclench,Unknown,0,1
lewis_alee,lewis_alee,Unknown,0,2
@commonshealth,@commonshealth,Unknown,0,1
@dr_simon,@dr_simon,Unknown,0,1
@jack_blanchard_,@jack_blanchard_,Unknown,0,1
patrik_h,patrik_h,Unknown,0,2
humzayousaf,humzayousaf,Unknown,0,2
gedk,gedk,Unknown,0,2
doorsopendays,doorsopendays,Unknown,0,2
@wsj⁩,@wsj⁩,Unknown,0,1
acb,acb,Unknown,0,2
jenlloyd001,jenlloyd001,Unknown,0,2
stephanieboland,stephanieboland,Unknown,0,2
leedshospitals,leedshospitals,Unknown,0,2
looknorthbbc,looknorthbbc,Unknown,0,4
9bach,9bach,Unknown,0,2
lgbtlabourwales,lgbtlabourwales,Unknown,0,4
leder_team,leder_team,Unknown,0,2
thetimes,thetimes,Unknown,0,2
@jaynedowle,@jaynedowle,Unknown,0,1
buckinghamath,buckinghamath,Unknown,0,2
@mssocietyuk,@mssocietyuk,Unknown,0,1
bel4thevale,bel4thevale,Unknown,0,2
@faisalrashidmp,@faisalrashidmp,Unknown,0,1
dfid_uk,dfid_uk,Unknown,0,2
@owenjhurcum,@owenjhurcum,Unknown,0,1
@ststephenspap,@ststephenspap,Unknown,0,1
cllrsdarling,cllrsdarling,Unknown,0,6
dis_ppl_protest,dis_ppl_protest,Unknown,0,2
dunadan9,dunadan9,Unknown,0,2
@melanie_brock,@melanie_brock,Unknown,0,1
impossible_elf,impossible_elf,Unknown,0,2
@buryfree,@buryfree,Unknown,0,1
@uwcl,@uwcl,Unknown,0,1
alistairburtuk,alistairburtuk,Conservative,7,0
kirstywark,kirstywark,Unknown,0,2
annclwyd,annclwyd,Unknown,0,2
liberaldespot,liberaldespot,Unknown,0,2
@johnmcdonnellmp,@johnmcdonnellmp,Unknown,0,2
@grahamspiers,@grahamspiers,Unknown,0,1
nazshahbfd,nazshahbfd,Labour,1,0
maxwellwoodger,maxwellwoodger,Unknown,0,2
@ukremblondon,@ukremblondon,Unknown,0,2
edfringe,edfringe,Unknown,0,2
@r_mawhinney,@r_mawhinney,Unknown,0,1
captain_deltic,captain_deltic,Unknown,0,2
@tom_watson,@tom_watson,Unknown,0,3
@irishbird8,@irishbird8,Unknown,0,1
@bigphilcampion,@bigphilcampion,Unknown,0,1
lydiarosebright,lydiarosebright,Unknown,0,2
@steveallman,@steveallman,Unknown,0,1
@danpaulsimmons,@danpaulsimmons,Unknown,0,1
@nelcouncil,@nelcouncil,Unknown,0,1
oiaukceo,oiaukceo,Unknown,0,2
@northamptonbc,@northamptonbc,Unknown,0,1
@lborobelltrust,@lborobelltrust,Unknown,0,1
@owen_garry,@owen_garry,Unknown,0,1
@rianne_thompson,@rianne_thompson,Unknown,0,1
telfordwrekin,telfordwrekin,Unknown,0,2
bickerrecord,bickerrecord,Unknown,0,2
cliveefford,cliveefford,Labour,1,0
thornaby_fc,thornaby_fc,Unknown,0,2
@matthewgreen02,@matthewgreen02,Unknown,0,1
royalnavy,royalnavy,Unknown,0,2
eleanor_smithmp,eleanor_smithmp,Unknown,0,2
@keir_starmer,@keir_starmer,Unknown,0,1
@nitishramparsad,@nitishramparsad,Unknown,0,1
vp,vp,Unknown,0,6
@alexcallender3,@alexcallender3,Unknown,0,1
@kirkstalllabour,@kirkstalllabour,Unknown,0,1
@lumos,@lumos,Unknown,0,1
@oiaukceo,@oiaukceo,Unknown,0,1
@thangammp,@thangammp,Unknown,0,2
croydonhealth,croydonhealth,Unknown,0,4
dmrussell62,dmrussell62,Unknown,0,2
gmb,gmb,Unknown,0,15
@v_zilber,@v_zilber,Unknown,0,1
leganelmondo,leganelmondo,Unknown,0,2
lisamulherin,lisamulherin,Unknown,0,2
dontlookback198,dontlookback198,Unknown,0,2
@onfife,@onfife,Unknown,0,1
@1davisellesse,@1davisellesse,Unknown,0,1
thamesvp,thamesvp,Unknown,0,2
ayestotheright,ayestotheright,Unknown,0,2
morton_wendy,morton_wendy,Unknown,0,2
bcupressoffice,bcupressoffice,Unknown,0,2
juliedonaldson,juliedonaldson,Unknown,0,2
@ntelegraph,@ntelegraph,Unknown,0,1
@alexanderreevo,@alexanderreevo,Unknown,0,1
@bbcnewsnight,@bbcnewsnight,Unknown,0,2
croydonlabour,croydonlabour,Unknown,0,2
gmbyoungmembers,gmbyoungmembers,Unknown,0,2
silverstoneuk,silverstoneuk,Unknown,0,2
justinwelby,justinwelby,Unknown,0,2
@gareththomasmp,@gareththomasmp,Unknown,0,3
thecrick,thecrick,Unknown,0,2
@unwinstanley,@unwinstanley,Unknown,0,1
@the3million.,@the3million.,Unknown,0,1
@metrouk,@metrouk,Unknown,0,1
vague_biscuit,vague_biscuit,Unknown,0,2
djohnsonmsp,djohnsonmsp,Unknown,0,4
swpvolunteers,swpvolunteers,Unknown,0,2
@ianmurraymp,@ianmurraymp,Unknown,0,4
scotlandinunion,scotlandinunion,Unknown,0,2
ucas_online,ucas_online,Unknown,0,2
@pfew_hq,@pfew_hq,Unknown,0,1
@daysoutnow,@daysoutnow,Unknown,0,1
@scpo_,@scpo_,Unknown,0,1
thesnp,thesnp,Unknown,0,20
@fmwales,@fmwales,Unknown,0,1
davidlinden,davidlinden,Scottish National Party,2,0
wgmin_deputy,wgmin_deputy,Unknown,0,2
leovaradkar,leovaradkar,Unknown,0,2
@labourrichard,@labourrichard,Unknown,0,3
chrisstephens,chrisstephens,Scottish National Party,1,2
jackiebmsp,jackiebmsp,Unknown,0,2
boltoncouncil,boltoncouncil,Unknown,0,2
anndranicolson,anndranicolson,Unknown,0,2
cityam,cityam,Unknown,0,2
@eucopresident,@eucopresident,Unknown,0,1
lordmayornottm,lordmayornottm,Unknown,0,2
@benstokes38,@benstokes38,Unknown,0,2
ruthdavidsonmsp,ruthdavidsonmsp,Unknown,0,6
@jamesmelville,@jamesmelville,Unknown,0,2
@aarondfirth,@aarondfirth,Unknown,0,1
marcusfysh,marcusfysh,Conservative,4,4
glasgowtramway,glasgowtramway,Unknown,0,2
bwncathband,bwncathband,Unknown,0,2
jamesrbuk,jamesrbuk,Unknown,0,2
infbrigade,infbrigade,Unknown,0,2
bloodinquiry,bloodinquiry,Unknown,0,2
@mersey_care,@mersey_care,Unknown,0,1
@chukaumunna,@chukaumunna,Unknown,0,5
ruthnewportwest,ruthnewportwest,Unknown,0,2
@sarahwevents,@sarahwevents,Unknown,0,1
nickboles,nickboles,Conservative,1,4
@lstedmanbryce,@lstedmanbryce,Unknown,0,1
@rogerhelmermep,@rogerhelmermep,Unknown,0,1
@pauline4glasgow,@pauline4glasgow,Unknown,0,1
@sam_jja,@sam_jja,Unknown,0,1
@nhsengland,@nhsengland,Unknown,0,2
dannystone1,dannystone1,Unknown,0,2
rhsp27,rhsp27,Unknown,0,2
mikegalsworthy,mikegalsworthy,Unknown,0,4
@appgcsa,@appgcsa,Unknown,0,1
@tomdeery_,@tomdeery_,Unknown,0,1
@darlomusic,@darlomusic,Unknown,0,1
@fliceverett,@fliceverett,Unknown,0,1
@lewis_alee,@lewis_alee,Unknown,0,1
@humzayousaf,@humzayousaf,Unknown,0,1
@glasgowheritage,@glasgowheritage,Unknown,0,1
@leganelmondo,@leganelmondo,Unknown,0,1
@chrismriches,@chrismriches,Unknown,0,1
wyp_halifax,wyp_halifax,Unknown,0,2
@karenwroeartist,@karenwroeartist,Unknown,0,1
skentelbery,skentelbery,Unknown,0,2
liliangreenwood,liliangreenwood,Labour,5,2
salfordcouncil,salfordcouncil,Unknown,0,2
ronniecowan,ronniecowan,Scottish National Party,3,0
motherhoodvscf,motherhoodvscf,Unknown,0,2
proftimbale,proftimbale,Unknown,0,2
@scotparl,@scotparl,Unknown,0,2
tprwills,tprwills,Unknown,0,2
@ca_timb.,@ca_timb.,Unknown,0,1
andymcdonaldmp,andymcdonaldmp,Labour,1,4
@greenmiranda,@greenmiranda,Unknown,0,1
@liampdwyer,@liampdwyer,Unknown,0,1
beatricewishart,beatricewishart,Unknown,0,2
@gwynnemp,@gwynnemp,Unknown,0,1
northerncarter,northerncarter,Unknown,0,2
@salfordunison,@salfordunison,Unknown,0,1
@kennymacaskill,@kennymacaskill,Unknown,0,1
mcmanusp2020,mcmanusp2020,Unknown,0,2
martwhitfieldmp,martwhitfieldmp,Unknown,0,2
nato_marcom,nato_marcom,Unknown,0,2
erika_rushton,erika_rushton,Unknown,0,2
lfoodbank,lfoodbank,Unknown,0,2
communityld,communityld,Unknown,0,2
votepursglove,votepursglove,Conservative,10,4
paulgermaney,paulgermaney,Unknown,0,2
@bbcscotlandnews,@bbcscotlandnews,Unknown,0,1
molyneux_msj,molyneux_msj,Unknown,0,2
@margarethodge,@margarethodge,Unknown,0,1
@politicoeurope,@politicoeurope,Unknown,0,1
bigphilcampion,bigphilcampion,Unknown,0,2
adamprice,adamprice,Unknown,0,2
ariannagi,ariannagi,Unknown,0,2
@dailymailuk,@dailymailuk,Unknown,0,1
llafurcymru,llafurcymru,Unknown,0,2
@hull_museums,@hull_museums,Unknown,0,1
@simonclarkemp,@simonclarkemp,Unknown,0,1
everythings_13,everythings_13,Unknown,0,2
@suzydaviesam,@suzydaviesam,Unknown,0,1
@greenmanfest.,@greenmanfest.,Unknown,0,1
tylerpk,tylerpk,Unknown,0,2
jeremycorbyn,jeremycorbyn,Unknown,0,22
matthewdorrance,matthewdorrance,Unknown,0,2
rhonddabryant,rhonddabryant,Labour,5,0
@areeqchowdhury,@areeqchowdhury,Unknown,0,1
@dy0b1,@dy0b1,Unknown,0,1
northamptonbc,northamptonbc,Unknown,0,2
@matthancock,@matthancock,Unknown,0,7
@socialistdawn,@socialistdawn,Unknown,0,1
@shaunbaileyuk,@shaunbaileyuk,Unknown,0,1
buryfcofficial,buryfcofficial,Unknown,0,4
chrism4chester,chrism4chester,Labour,1,0
@nickhurduk,@nickhurduk,Unknown,0,1
marklancastermk,marklancastermk,Conservative,1,2
paulscullymp,paulscullymp,Unknown,0,2
tilly_trailer,tilly_trailer,Unknown,0,2
jamescleverly,jamescleverly,Conservative,10,12
@lukepollard.,@lukepollard.,Unknown,0,1
@wesstreeting:,@wesstreeting:,Unknown,0,1
@madeye611,@madeye611,Unknown,0,1
pathologyhouse,pathologyhouse,Unknown,0,2
fulhamfc,fulhamfc,Unknown,0,2
@djohnsonmsp,@djohnsonmsp,Unknown,0,2
@afcoleicester,@afcoleicester,Unknown,0,1
nickymorgan01,nickymorgan01,Conservative,1,6
@doinacornell,@doinacornell,Unknown,0,1
comdamphibtg,comdamphibtg,Unknown,0,2
rossthomson_abz,rossthomson_abz,Conservative,1,0
callumcollins,callumcollins,Unknown,0,2
@jaynehunsley,@jaynehunsley,Unknown,0,1
laylamoran,laylamoran,Liberal Democrat,1,2
craigwhoy1,craigwhoy1,Unknown,0,2
danwnews,danwnews,Unknown,0,4
scottishcnd,scottishcnd,Unknown,0,2
@specialeffect.,@specialeffect.,Unknown,0,1
@bmgray007,@bmgray007,Unknown,0,1
f_a_f_c,f_a_f_c,Unknown,0,2
@johnclarksnp,@johnclarksnp,Unknown,0,1
@lisagmb⁩,@lisagmb⁩,Unknown,0,1
hannahblivimp,hannahblivimp,Unknown,0,2
@plaid_cymru,@plaid_cymru,Unknown,0,6
alexnorrisnn,alexnorrisnn,Labour (Co-op),1,0
@liliangreenwood,@liliangreenwood,Unknown,0,1
mitie,mitie,Unknown,0,2
@hywelplaidcymru,@hywelplaidcymru,Unknown,0,3
@margaretkeenan,@margaretkeenan,Unknown,0,1
@retail_ni,@retail_ni,Unknown,0,1
@olivetreecsc.,@olivetreecsc.,Unknown,0,1
joannechocolat,joannechocolat,Unknown,0,2
@marshallquentin,@marshallquentin,Unknown,0,1
david_conn,david_conn,Unknown,0,2
ianblackford_mp,ianblackford_mp,Scottish National Party,1,0
@haemosexual,@haemosexual,Unknown,0,1
rmbcpress,rmbcpress,Unknown,0,2
metromayorsteve,metromayorsteve,Unknown,0,2
paulscunny,paulscunny,Unknown,0,2
matrixacademyt,matrixacademyt,Unknown,0,2
croydonguardian,croydonguardian,Unknown,0,2
sidwick4dorset,sidwick4dorset,Unknown,0,2
@telfordwrekin⁩,@telfordwrekin⁩,Unknown,0,1
@coastalhousing,@coastalhousing,Unknown,0,1
theclinkcharity,theclinkcharity,Unknown,0,2
martinjdocherty,martinjdocherty,Scottish National Party,2,0
@yorkshirelabour,@yorkshirelabour,Unknown,0,2
mgreenwoodww,mgreenwoodww,Labour,3,0
johnclarksnp,johnclarksnp,Unknown,0,2
bbcnwt,bbcnwt,Unknown,0,2
@cllrjudithblake,@cllrjudithblake,Unknown,0,1
unescouk,unescouk,Unknown,0,2
@unescouk.,@unescouk.,Unknown,0,1
@jreynoldsmp,@jreynoldsmp,Unknown,0,1
lesleylaird,lesleylaird,Labour,1,4
annaturley,annaturley,Labour (Co-op),12,6
@oceancolourscene,@oceancolourscene,Unknown,0,1
@scotgov,@scotgov,Unknown,0,3
stubailie,stubailie,Unknown,0,2
fenbeagle,fenbeagle,Unknown,0,2
alvanleyfp,alvanleyfp,Unknown,0,2
@tris_stock,@tris_stock,Unknown,0,1
kathyhar,kathyhar,Unknown,0,2
@iangould5,@iangould5,Unknown,0,1
raildeliverygrp,raildeliverygrp,Unknown,0,2
pickardje,pickardje,Unknown,0,2
nadhimzahawi,nadhimzahawi,Conservative,16,4
parliament,parliament,Unknown,0,16
gutoaberconwy,gutoaberconwy,Unknown,0,2
@swpvolunteers,@swpvolunteers,Unknown,0,1
@can_jam,@can_jam,Unknown,0,1
ayocaesar,ayocaesar,Unknown,0,2
jamesfwells,jamesfwells,Unknown,0,2
emmanuelmacron,emmanuelmacron,Unknown,0,2
@djafothergill,@djafothergill,Unknown,0,1
nhsengland,nhsengland,Unknown,0,4
alynsmith,alynsmith,Unknown,0,2
@lbbexley,@lbbexley,Unknown,0,1
duncanrigscndry,duncanrigscndry,Unknown,0,2
ianmurraymp,ianmurraymp,Labour,1,8
lauracollinsypn,lauracollinsypn,Unknown,0,4
cornishkennedy,cornishkennedy,Unknown,0,2
thatginamiller,thatginamiller,Unknown,0,4
v_zilber,v_zilber,Unknown,0,2
@kirstystricklan,@kirstystricklan,Unknown,0,1
parlyapp,parlyapp,Unknown,0,2
churchofengland,churchofengland,Unknown,0,2
@gdh1961,@gdh1961,Unknown,0,1
@fulhamfc,@fulhamfc,Unknown,0,1
lovewavertree,lovewavertree,Unknown,0,2
@llanwernenglish.,@llanwernenglish.,Unknown,0,1
ccringing,ccringing,Unknown,0,2
@tomtom,@tomtom,Unknown,0,1
lisagwilym,lisagwilym,Unknown,0,2
paulbranditv,paulbranditv,Unknown,0,2
pauline4glasgow,pauline4glasgow,Unknown,0,2
@unep_aewa,@unep_aewa,Unknown,0,1
@9bach,@9bach,Unknown,0,1
@stevebakerhw,@stevebakerhw,Unknown,0,1
ladybasildon,ladybasildon,Unknown,0,4
@guardian,@guardian,Unknown,0,2
edwardjdavey,edwardjdavey,Liberal Democrat,5,2
@acgrayling,@acgrayling,Unknown,0,1
oldelpaso,oldelpaso,Unknown,0,2
cajardinemp,cajardinemp,Liberal Democrat,3,2
@blythematters,@blythematters,Unknown,0,1
@skentelbery,@skentelbery,Unknown,0,1
@j_donaldson_mp,@j_donaldson_mp,Unknown,0,1
@feorlean,@feorlean,Unknown,0,1
jem7069,jem7069,Unknown,0,2
fabiberrettoni,fabiberrettoni,Unknown,0,2
@lrcwilkes,@lrcwilkes,Unknown,0,1
@imran_hussainmp,@imran_hussainmp,Unknown,0,1
cphilpofficial,cphilpofficial,Conservative,1,0
gavinwilliamson,gavinwilliamson,Unknown,0,2
@naylorwintersg,@naylorwintersg,Unknown,0,1
tbenne88,tbenne88,Unknown,0,2
lisagmb,lisagmb,Unknown,0,2
southwarkcofe,southwarkcofe,Unknown,0,2
@appgsextrade,@appgsextrade,Unknown,0,1
@ukdean1970,@ukdean1970,Unknown,0,1
marionfellows,marionfellows,Scottish National Party,2,0
calderdale,calderdale,Unknown,0,2
@drew1403,@drew1403,Unknown,0,1
ngreen4libdems,ngreen4libdems,Unknown,0,2
trussliz,trussliz,Conservative,1,8
@wais_together,@wais_together,Unknown,0,1
crawleynews24,crawleynews24,Unknown,0,2
jamtarts,jamtarts,Unknown,0,2
brexitparty_uk,brexitparty_uk,Unknown,0,4
bbcpolitics,bbcpolitics,Unknown,0,2
drew1403,drew1403,Unknown,0,2
@vertexpharma.,@vertexpharma.,Unknown,0,1
@sou_airport,@sou_airport,Unknown,0,2
@citizensuk,@citizensuk,Unknown,0,1
djafothergill,djafothergill,Unknown,0,2
jamesduddridge,jamesduddridge,Conservative,1,0
chrismriches,chrismriches,Unknown,0,2
jonathanelford,jonathanelford,Unknown,0,2
sofmcveigh,sofmcveigh,Unknown,0,2
@jesse_norman?,@jesse_norman?,Unknown,0,1
@davehill,@davehill,Unknown,0,1
@bbcpolitics,@bbcpolitics,Unknown,0,1
kategreensu,kategreensu,Labour,3,0
worldskillskzn,worldskillskzn,Unknown,0,2
@bbcr4sunday,@bbcr4sunday,Unknown,0,1
suehayman1,suehayman1,Labour,5,12
annlimb,annlimb,Unknown,0,2
@paulbranditv,@paulbranditv,Unknown,0,1
@bbclaurak,@bbclaurak,Unknown,0,1
lintonprimary,lintonprimary,Unknown,0,2
@_esp_2012,@_esp_2012,Unknown,0,1
eurovisionchoir,eurovisionchoir,Unknown,0,2
@the3million,@the3million,Unknown,0,3
1davisellesse,1davisellesse,Unknown,0,2
@commonslibrary,@commonslibrary,Unknown,0,1
iepanetwork,iepanetwork,Unknown,0,2
@tredegarcouncil,@tredegarcouncil,Unknown,0,1
@simonjwooduk,@simonjwooduk,Unknown,0,1
rayner_susannah,rayner_susannah,Unknown,0,2
arron_banks,arron_banks,Unknown,0,2
@lauracollinsypn,@lauracollinsypn,Unknown,0,2
bostonboro,bostonboro,Unknown,0,2
jamesmelville,jamesmelville,Unknown,0,4
@rayner_susannah,@rayner_susannah,Unknown,0,1
peat_diesel,peat_diesel,Unknown,0,2
@peterboneuk,@peterboneuk,Unknown,0,1
rothtowncentre,rothtowncentre,Unknown,0,2
rochestercathed,rochestercathed,Unknown,0,2
rachelmann123,rachelmann123,Unknown,0,2
dorset4e,dorset4e,Unknown,0,2
@rees4neath,@rees4neath,Unknown,0,4
@ids3to18,@ids3to18,Unknown,0,1
@hullccnews,@hullccnews,Unknown,0,2
@mitie,@mitie,Unknown,0,1
@croydonguardian,@croydonguardian,Unknown,0,1
@stevebarclay,@stevebarclay,Unknown,0,2
irene89383961,irene89383961,Unknown,0,2
team4nature,team4nature,Unknown,0,2
@unitetoremain,@unitetoremain,Unknown,0,3
cllrwendy,cllrwendy,Unknown,0,2
nicdakin55,nicdakin55,Labour,4,0
hanbithell,hanbithell,Unknown,0,2
jonadowning,jonadowning,Unknown,0,2
cwhittaker_mp,cwhittaker_mp,Conservative,1,0
@angelarayner,@angelarayner,Unknown,0,7
jeremy_hunt,jeremy_hunt,Unknown,0,2
@cellworkout,@cellworkout,Unknown,0,1
labourstudents,labourstudents,Unknown,0,2
aliveandkicking,aliveandkicking,Unknown,0,2
miss_snuffy,miss_snuffy,Unknown,0,2
@imillar13,@imillar13,Unknown,0,1
@richardjmurphy,@richardjmurphy,Unknown,0,1
domgiles1,domgiles1,Unknown,0,2
@beis,@beis,Unknown,0,2
@grantshapps,@grantshapps,Unknown,0,1
@eurovisionchoir,@eurovisionchoir,Unknown,0,1
tpearce003,tpearce003,Labour,6,2
jesse_norman,jesse_norman,Conservative,1,2
emilyhewertson,emilyhewertson,Unknown,0,2
bangoruni,bangoruni,Unknown,0,2
@emilythornberry,@emilythornberry,Unknown,0,1
@andrew4pendle,@andrew4pendle,Unknown,0,2
cmonehen,cmonehen,Unknown,0,2
helen_whately,helen_whately,Unknown,0,2
nsandi,nsandi,Unknown,0,2
@yourcroydon,@yourcroydon,Unknown,0,1
usambuk,usambuk,Unknown,0,2
benmlake,benmlake,Plaid Cymru,3,10
@stephenkerrmp!,@stephenkerrmp!,Unknown,0,1
@lottogoodcauses,@lottogoodcauses,Unknown,0,1
@cmonehen,@cmonehen,Unknown,0,1
@whiteswan_hotel,@whiteswan_hotel,Unknown,0,1
govanhillbaths,govanhillbaths,Unknown,0,4
financialtimes,financialtimes,Unknown,0,2
hennybraund,hennybraund,Unknown,0,2
@jacindaardern!,@jacindaardern!,Unknown,0,1
camdenrts,camdenrts,Unknown,0,2
dr_simon,dr_simon,Unknown,0,2
faisalrashidmp,faisalrashidmp,Unknown,0,2
samcoatessky,samcoatessky,Unknown,0,2
@magnaacademy,@magnaacademy,Unknown,0,1
rcstweets,rcstweets,Unknown,0,2
@duchessmuse,@duchessmuse,Unknown,0,1
@kateaustin496,@kateaustin496,Unknown,0,1
@claireperrymp,@claireperrymp,Unknown,0,1
@simon4ndorset,@simon4ndorset,Unknown,0,1
@worldskillskzn,@worldskillskzn,Unknown,0,1
@beisgovuk,@beisgovuk,Unknown,0,1
@baronessnewlove,@baronessnewlove,Unknown,0,1
fbunational,fbunational,Unknown,0,6
gcrgreat,gcrgreat,Unknown,0,2
@rcmamarkets,@rcmamarkets,Unknown,0,1
@christs_college,@christs_college,Unknown,0,1
nhswirralccg,nhswirralccg,Unknown,0,2
lisanandy,lisanandy,Unknown,0,2
jaynehunsley,jaynehunsley,Unknown,0,2
@henrysmithuk,@henrysmithuk,Unknown,0,1
@murphyniallgla,@murphyniallgla,Unknown,0,1
jthalassites,jthalassites,Unknown,0,2
@fbunational,@fbunational,Unknown,0,3
@uklabour,@uklabour,Unknown,0,14
scotnational,scotnational,Unknown,0,4
officegsbrown,officegsbrown,Unknown,0,2
@stushurlock,@stushurlock,Unknown,0,1
mndscotland,mndscotland,Unknown,0,2
salford_mayor,salford_mayor,Unknown,0,2
@stratfordtc1,@stratfordtc1,Unknown,0,1
@togetherhousing,@togetherhousing,Unknown,0,1
@cornishkennedy,@cornishkennedy,Unknown,0,1
@diageoliam,@diageoliam,Unknown,0,1
thescotsman,thescotsman,Unknown,0,2
@carnegiecorp,@carnegiecorp,Unknown,0,1
normanlamb,normanlamb,Liberal Democrat,8,16
@pti_news,@pti_news,Unknown,0,1
clivetyldesley,clivetyldesley,Unknown,0,2
janeygodley,janeygodley,Unknown,0,4
bengoldsmith,bengoldsmith,Unknown,0,2
fussydolphin,fussydolphin,Unknown,0,2
@oldhai,@oldhai,Unknown,0,1
@dodofrost,@dodofrost,Unknown,0,1
jazz_o72,jazz_o72,Unknown,0,2
@tbenne88,@tbenne88,Unknown,0,1
@salfordcouncil,@salfordcouncil,Unknown,0,1
@kathrynrolfe1,@kathrynrolfe1,Unknown,0,1
al2getherbetter,al2getherbetter,Unknown,0,2
@ccringing,@ccringing,Unknown,0,1
@10downingstreet,@10downingstreet,Unknown,0,5
pti_news,pti_news,Unknown,0,2
suzydaviesam,suzydaviesam,Unknown,0,2
jason_kint,jason_kint,Unknown,0,2
gmbnwi,gmbnwi,Unknown,0,2
lunguk,lunguk,Unknown,0,2
jimfromoldham,jimfromoldham,Labour (Co-op),1,0
@huwstephens,@huwstephens,Unknown,0,1
bernmorley84,bernmorley84,Unknown,0,2
@alancumming:,@alancumming:,Unknown,0,1
@utopian_red,@utopian_red,Unknown,0,1
alewermbe,alewermbe,Conservative,2,0
fiona_stewart,fiona_stewart,Unknown,0,2
@rochesterbridge,@rochesterbridge,Unknown,0,1
@brexitparty_uk,@brexitparty_uk,Unknown,0,2
mpiainds,mpiainds,Unknown,0,2
@bossbrewingco),@bossbrewingco),Unknown,0,1
@billfest.,@billfest.,Unknown,0,1
dundeeunitedfc,dundeeunitedfc,Unknown,0,2
@aidanturner4,@aidanturner4,Unknown,0,1
nicktorfaenmp,nicktorfaenmp,Unknown,0,2
stushurlock,stushurlock,Unknown,0,2
nataliedon89,nataliedon89,Unknown,0,2
rlong_bailey,rlong_bailey,Unknown,0,4
dr_philippaw,dr_philippaw,Scottish National Party,22,8
gradysnp,gradysnp,Scottish National Party,4,2
@scotland,@scotland,Unknown,0,2
@scotlandinunion,@scotlandinunion,Unknown,0,1
tourdehajj,tourdehajj,Unknown,0,2
@andrewrosindell,@andrewrosindell,Unknown,0,1
@bbcradiocymru,@bbcradiocymru,Unknown,0,1
@arhselk,@arhselk,Unknown,0,1
norwichcityfc,norwichcityfc,Unknown,0,2
labourrotherham,labourrotherham,Unknown,0,2
@conunit_ucl,@conunit_ucl,Unknown,0,1
@marcusfysh,@marcusfysh,Unknown,0,2
acunninghammp,acunninghammp,Labour,3,0
france24_en,france24_en,Unknown,0,2
@lisanandy,@lisanandy,Unknown,0,1
@jeremy_hunt,@jeremy_hunt,Unknown,0,1
@stephenfrogers,@stephenfrogers,Unknown,0,1
@suehayman1,@suehayman1,Unknown,0,6
@dawnafinch,@dawnafinch,Unknown,0,1
@seemamalhotra1,@seemamalhotra1,Unknown,0,2
@stncdrrafwitt,@stncdrrafwitt,Unknown,0,1
@jojohnsonuk,@jojohnsonuk,Unknown,0,2
@juliahb1,@juliahb1,Unknown,0,1
@carabao_cup,@carabao_cup,Unknown,0,1
wildernesshq,wildernesshq,Unknown,0,2
femi_sorry,femi_sorry,Unknown,0,4
jackedeakin,jackedeakin,Unknown,0,2
tomfairless,tomfairless,Unknown,0,2
moldtowncouncil,moldtowncouncil,Unknown,0,2
@bbcwalesnews,@bbcwalesnews,Unknown,0,1
@rtherapy4life,@rtherapy4life,Unknown,0,1
markets_lsd,markets_lsd,Unknown,0,2
@kenny_murray,@kenny_murray,Unknown,0,1
isabelhardman,isabelhardman,Unknown,0,2
telegraph,telegraph,Unknown,0,7
@aliveandkicking,@aliveandkicking,Unknown,0,1
@ameinuusa,@ameinuusa,Unknown,0,1
@tandgicft,@tandgicft,Unknown,0,1
kingscollegelon,kingscollegelon,Unknown,0,2
@laurawalker_yp,@laurawalker_yp,Unknown,0,1
susanbromley16,susanbromley16,Unknown,0,2
rcmamarkets,rcmamarkets,Unknown,0,2
outwithfestival,outwithfestival,Unknown,0,2
mattietk,mattietk,Unknown,0,2
@jessphillips,@jessphillips,Unknown,0,2
@onnmel,@onnmel,Unknown,0,1
@whfgreengrafter,@whfgreengrafter,Unknown,0,1
iandunt,iandunt,Unknown,0,4
@woodmillhigh,@woodmillhigh,Unknown,0,1
@aliciajones_02,@aliciajones_02,Unknown,0,1
barrysheerman,barrysheerman,Labour (Co-op),10,0
@claptoncfc,@claptoncfc,Unknown,0,1
@neilfindlay_msp,@neilfindlay_msp,Unknown,0,1
@lukepollard,@lukepollard,Unknown,0,2
@callumcollins,@callumcollins,Unknown,0,1
tallphotography,tallphotography,Unknown,0,2
@chionwurah,@chionwurah,Unknown,0,1
catherinewest1,catherinewest1,Labour,1,0
@navalservicefps,@navalservicefps,Unknown,0,1
@guyverhofstadt,@guyverhofstadt,Unknown,0,2
ng_labour,ng_labour,Unknown,0,2
@erith_marshes,@erith_marshes,Unknown,0,1
menteryplu,menteryplu,Unknown,0,2
@judithshallow,@judithshallow,Unknown,0,1
@obornetweets.,@obornetweets.,Unknown,0,1
@paulasherriff,@paulasherriff,Unknown,0,2
alison_mcgovern,alison_mcgovern,Labour,2,0
@felixprojectuk,@felixprojectuk,Unknown,0,1
@ipprnorth,@ipprnorth,Unknown,0,1
peterjfowler7,peterjfowler7,Unknown,0,2
@lonelyplanet,@lonelyplanet,Unknown,0,1
@rochdalemayor,@rochdalemayor,Unknown,0,1
@tradenitweets,@tradenitweets,Unknown,0,1
seanyboy_e,seanyboy_e,Unknown,0,2
davidgauke,davidgauke,Conservative,1,0
@karenpbuckmp,@karenpbuckmp,Unknown,0,1
sicklecelluk,sicklecelluk,Unknown,0,2
@talkradio,@talkradio,Unknown,0,1
kymysmith,kymysmith,Unknown,0,2
@affordableleath,@affordableleath,Unknown,0,1
chartwellnt,chartwellnt,Unknown,0,2
@lukeoholland,@lukeoholland,Unknown,0,1
@commonscms,@commonscms,Unknown,0,1
fromemedpractic,fromemedpractic,Unknown,0,2
peter_dowd,peter_dowd,Labour,3,0
@arron_banks,@arron_banks,Unknown,0,1
@bond71590,@bond71590,Unknown,0,1
socialistdawn,socialistdawn,Unknown,0,2
@carolewatkins44,@carolewatkins44,Unknown,0,1
njd1112,njd1112,Unknown,0,2
lisaforbes_,lisaforbes_,Unknown,0,2
@davidlammy,@davidlammy,Unknown,0,1
@nick_veteran,@nick_veteran,Unknown,0,1
@hannahblivimp,@hannahblivimp,Unknown,0,1
derbychrisw,derbychrisw,Labour,2,4
eddiehughes4wn,eddiehughes4wn,Conservative,4,2
kpmguk,kpmguk,Unknown,0,8
amazingradio,amazingradio,Unknown,0,2
@torbay_council,@torbay_council,Unknown,0,1
@votepursglove,@votepursglove,Unknown,0,2
@scottories⁩,@scottories⁩,Unknown,0,1
@martinchelt,@martinchelt,Unknown,0,1
conunit_ucl,conunit_ucl,Unknown,0,2
samfoster99,samfoster99,Unknown,0,2
@thesnp,@thesnp,Unknown,0,10
@chrisevans29,@chrisevans29,Unknown,0,1
bactauk,bactauk,Unknown,0,2
@ian_goldin.,@ian_goldin.,Unknown,0,1
@bbcsuffolk,@bbcsuffolk,Unknown,0,1
alexcallender3,alexcallender3,Unknown,0,2
thecut,thecut,Unknown,0,2
@ianblackfordmp,@ianblackfordmp,Unknown,0,1
jackleach1991,jackleach1991,Unknown,0,2
ukdean1970,ukdean1970,Unknown,0,2
@wgmin_education,@wgmin_education,Unknown,0,1
andygunnmusic,andygunnmusic,Unknown,0,2
@libdems,@libdems,Unknown,0,13
@gmb,@gmb,Unknown,0,7
@hamishadourian,@hamishadourian,Unknown,0,1
skinnock,skinnock,Unknown,0,8
@jackdwest,@jackdwest,Unknown,0,1
visitbolton,visitbolton,Unknown,0,2
ruthreed01,ruthreed01,Unknown,0,2
mayor_anderson,mayor_anderson,Unknown,0,2
@neenagmep⁩,@neenagmep⁩,Unknown,0,1
stuartmurphy100,stuartmurphy100,Unknown,0,2
@hoppy1848,@hoppy1848,Unknown,0,2
@peabodyldn,@peabodyldn,Unknown,0,1
tribunemps,tribunemps,Unknown,0,2
houseofcommons,houseofcommons,Unknown,0,2
borisjohnson,borisjohnson,Conservative,3,114
@nickymorgan01,@nickymorgan01,Unknown,0,3
@davidiris1,@davidiris1,Unknown,0,1
taylorwimpey,taylorwimpey,Unknown,0,2
joycemcm,joycemcm,Unknown,0,2
alliburkephoto,alliburkephoto,Unknown,0,2
@bobdorissnp⁩,@bobdorissnp⁩,Unknown,0,1
crisisgroup,crisisgroup,Unknown,0,2
flyamritsar,flyamritsar,Unknown,0,2
@mikegalsworthy,@mikegalsworthy,Unknown,0,2
alexsobel,alexsobel,Labour (Co-op),10,6
@englandcricket,@englandcricket,Unknown,0,5
@dorsetlibraries,@dorsetlibraries,Unknown,0,1
@auobcymru,@auobcymru,Unknown,0,2
@cllr_mcvitie,@cllr_mcvitie,Unknown,0,1
barnsleychoir,barnsleychoir,Unknown,0,2
theeveningtimes,theeveningtimes,Unknown,0,2
@labourdefra,@labourdefra,Unknown,0,4
@miss_snuffy,@miss_snuffy,Unknown,0,1
@cornwall4eu,@cornwall4eu,Unknown,0,1
nigeldoddsdup,nigeldoddsdup,Democratic Unionist Party,1,0
imillar13,imillar13,Unknown,0,2
alamynews,alamynews,Unknown,0,2
@rcpath,@rcpath,Unknown,0,1
peabodyldn,peabodyldn,Unknown,0,2
cosaraf,cosaraf,Unknown,0,8
realstephenkerr,realstephenkerr,Conservative,2,0
@touchstones,@touchstones,Unknown,0,1
@paddytipping,@paddytipping,Unknown,0,1
@scotlandtonight,@scotlandtonight,Unknown,0,1
lsrplaid,lsrplaid,Plaid Cymru,9,6
@philwilliams,@philwilliams,Unknown,0,1
@hmtreasury,@hmtreasury,Unknown,0,1
timkendall1,timkendall1,Unknown,0,2
@labmeps,@labmeps,Unknown,0,1
englandcricket,englandcricket,Unknown,0,10
@peter_fahy,@peter_fahy,Unknown,0,1
richardhrbenyon,richardhrbenyon,Conservative,2,0
@ranil,@ranil,Unknown,0,1
@krishgm,@krishgm,Unknown,0,1
labourdefra,labourdefra,Unknown,0,8
alexanderreevo,alexanderreevo,Unknown,0,2
@dpacsheffield,@dpacsheffield,Unknown,0,1
opera_north,opera_north,Unknown,0,2
jojohnsonuk,jojohnsonuk,Unknown,0,4
@tlrailuk,@tlrailuk,Unknown,0,1
@peoplesassyscot,@peoplesassyscot,Unknown,0,1
@labourhometeam.,@labourhometeam.,Unknown,0,1
justwhous,justwhous,Unknown,0,2
owenpaterson,owenpaterson,Conservative,1,0
@andymcdonaldmp,@andymcdonaldmp,Unknown,0,2
@markhenryglover,@markhenryglover,Unknown,0,1
@maxchauhan,@maxchauhan,Unknown,0,1
@eloisetodd,@eloisetodd,Unknown,0,1
@pointeastleigh,@pointeastleigh,Unknown,0,1
@seandunderdale,@seandunderdale,Unknown,0,1
scpo_,scpo_,Unknown,0,2
@jonashworth,@jonashworth,Unknown,0,2
@pickardje,@pickardje,Unknown,0,1
mykelo,mykelo,Unknown,0,2
@rochdalecouncil,@rochdalecouncil,Unknown,0,2
mariecuriepa,mariecuriepa,Unknown,0,2
pridecymru,pridecymru,Unknown,0,2
chtonline,chtonline,Unknown,0,2
kantartns,kantartns,Unknown,0,2
@no10,@no10,Unknown,0,1
glanusk,glanusk,Unknown,0,2
bbcnewsnight,bbcnewsnight,Unknown,0,4
@hmnbportsmouth,@hmnbportsmouth,Unknown,0,1
@bbcradioscot⁩’s,@bbcradioscot⁩’s,Unknown,0,1
yasminqureshimp,yasminqureshimp,Labour,1,0
@alvanleyfp,@alvanleyfp,Unknown,0,1
jack_blanchard_,jack_blanchard_,Unknown,0,2
heatherwheeler,heatherwheeler,Conservative,2,0
grassrootsmick1,grassrootsmick1,Unknown,0,2
@julie4nw,@julie4nw,Unknown,0,2
@campaignerkate,@campaignerkate,Unknown,0,1
chrisevans29,chrisevans29,Unknown,0,2
onfife,onfife,Unknown,0,2
@emmadentcoad,@emmadentcoad,Unknown,0,2
dan_scorer,dan_scorer,Unknown,0,2
dwp,dwp,Unknown,0,4
@corbyradio,@corbyradio,Unknown,0,1
lordwalney,lordwalney,Labour,1,0
@comdamphibtg,@comdamphibtg,Unknown,0,1
@dis_ppl_protest,@dis_ppl_protest,Unknown,0,1
tellyboxeyes,tellyboxeyes,Unknown,0,2
nmdacosta,nmdacosta,Unknown,0,2
emmadentcoad,emmadentcoad,Labour,1,4
yougovus,yougovus,Unknown,0,2
@barnsleychoir.,@barnsleychoir.,Unknown,0,1
@lotuscars,@lotuscars,Unknown,0,1
@tprwills,@tprwills,Unknown,0,1
@dulwichhamletfc,@dulwichhamletfc,Unknown,0,1
@gwilymbowenrhys,@gwilymbowenrhys,Unknown,0,1
@manchesterfire,@manchesterfire,Unknown,0,1
@portsmouthport,@portsmouthport,Unknown,0,1
hullheadstart,hullheadstart,Unknown,0,2
@cnewarthill,@cnewarthill,Unknown,0,1
katerusby,katerusby,Unknown,0,2
@hocpress,@hocpress,Unknown,0,1
@crisisgroup,@crisisgroup,Unknown,0,1
bjh251,bjh251,Unknown,0,2
@alecshelbrooke,@alecshelbrooke,Unknown,0,1
@danjarvismp,@danjarvismp,Unknown,0,1
@sdoughtymp,@sdoughtymp,Unknown,0,5
@robertinnes,@robertinnes,Unknown,0,1
edgbaston,edgbaston,Unknown,0,2
greenmiranda,greenmiranda,Unknown,0,2
docrobperry,docrobperry,Unknown,0,2
haemosexual,haemosexual,Unknown,0,2
@alamynews,@alamynews,Unknown,0,1
visitswanseabay,visitswanseabay,Unknown,0,2
@juliedonaldson,@juliedonaldson,Unknown,0,1
greenmanfest,greenmanfest,Unknown,0,2
nath_brudenell,nath_brudenell,Unknown,0,2
@skinnock,@skinnock,Unknown,0,4
wm6thform,wm6thform,Unknown,0,2
paulblomfieldmp,paulblomfieldmp,Labour,1,0
labourwomensnet,labourwomensnet,Unknown,0,2
chriswarburton_,chriswarburton_,Unknown,0,2
lukegrahamuk,lukegrahamuk,Conservative,3,0
jostevenslabour,jostevenslabour,Labour,6,6
ldn_environment,ldn_environment,Unknown,0,2
lumos,lumos,Unknown,0,2
sundaytimesscot,sundaytimesscot,Unknown,0,2
@moldtowncouncil,@moldtowncouncil,Unknown,0,1
samanthapengil3,samanthapengil3,Unknown,0,2
johndoc10002801,johndoc10002801,Unknown,0,2
angusmacneilsnp,angusmacneilsnp,Scottish National Party,13,10
@michaelgove,@michaelgove,Unknown,0,4
@eddiehughes4wn,@eddiehughes4wn,Unknown,0,1
rorystewartuk,rorystewartuk,Conservative,3,4
@baaadbitch,@baaadbitch,Unknown,0,1
@europe1,@europe1,Unknown,0,1
@lewbexrail,@lewbexrail,Unknown,0,1
murrinholi,murrinholi,Unknown,0,2
@katerusby,@katerusby,Unknown,0,1
baaadbitch,baaadbitch,Unknown,0,2
tomtom,tomtom,Unknown,0,2
kenny_murray,kenny_murray,Unknown,0,2
philipdaviesuk,philipdaviesuk,Conservative,4,0
annietrev,annietrev,Conservative,2,0
jamesru5531l,jamesru5531l,Unknown,0,2
@saveourhorton,@saveourhorton,Unknown,0,1
rsa_arrowvale,rsa_arrowvale,Unknown,0,2
@ascension_gov,@ascension_gov,Unknown,0,1
andrealeadsom,andrealeadsom,Conservative,4,14
mrtcharris,mrtcharris,Unknown,0,2
iom_mozambique,iom_mozambique,Unknown,0,2
emilythornberry,emilythornberry,Unknown,0,2
@nottmhospitals,@nottmhospitals,Unknown,0,1
maryrobinson01,maryrobinson01,Conservative,2,0
@lizellenjacques,@lizellenjacques,Unknown,0,1
paulmaccagmb,paulmaccagmb,Unknown,0,2
@edithzimmerman):,@edithzimmerman):,Unknown,0,1
@nsoames,@nsoames,Unknown,0,1
@facebook,@facebook,Unknown,0,2
@tomcopley,@tomcopley,Unknown,0,1
ukpatchwork,ukpatchwork,Unknown,0,6
@doddmed,@doddmed,Unknown,0,1
@morthnjustasong,@morthnjustasong,Unknown,0,1
@amritmaanldn,@amritmaanldn,Unknown,0,1
@tellyboxeyes,@tellyboxeyes,Unknown,0,1
@britgeosurvey,@britgeosurvey,Unknown,0,1
road_project18,road_project18,Unknown,0,2
@labourlordsuk,@labourlordsuk,Unknown,0,2
@bbctwo,@bbctwo,Unknown,0,1
tgifridaysuk,tgifridaysuk,Unknown,0,2
marshadecordova,marshadecordova,Labour,2,2
hendopolis,hendopolis,Unknown,0,2
edconwaysky,edconwaysky,Unknown,0,2
@rchtwecare,@rchtwecare,Unknown,0,1
@f1appg,@f1appg,Unknown,0,1
ali__samson,ali__samson,Unknown,0,2
nissanuk,nissanuk,Unknown,0,2
@prosperityuk_,@prosperityuk_,Unknown,0,1
@dannyjpalmer,@dannyjpalmer,Unknown,0,1
jemsoc,jemsoc,Unknown,0,2
@dupleader,@dupleader,Unknown,0,1
@parlyapp,@parlyapp,Unknown,0,1
uwcl,uwcl,Unknown,0,2
weggis66,weggis66,Unknown,0,4
@lbhf,@lbhf,Unknown,0,1
@al2getherbetter,@al2getherbetter,Unknown,0,1
bill_esterson,bill_esterson,Labour,7,0
petewebber1,petewebber1,Unknown,0,2
@highpeakbc,@highpeakbc,Unknown,0,1
@belfastharbour,@belfastharbour,Unknown,0,1
@r0b5m1th,@r0b5m1th,Unknown,0,1
@dratiq,@dratiq,Unknown,0,1
@justwhous,@justwhous,Unknown,0,1
john2win,john2win,Conservative,2,0
@daily_express,@daily_express,Unknown,0,3
frankfieldteam,frankfieldteam,Labour,1,4
yesmaryhill,yesmaryhill,Unknown,0,2
patmcfaddenmp,patmcfaddenmp,Labour,1,0
@gedk,@gedk,Unknown,0,1
nadams,nadams,Conservative,1,2
marinahyde,marinahyde,Unknown,0,2
citadvicescot,citadvicescot,Unknown,0,2
@bbcburnsy,@bbcburnsy,Unknown,0,1
@visitswanseabay,@visitswanseabay,Unknown,0,1
labourlewis,labourlewis,Labour,6,4
zimmer_donna,zimmer_donna,Unknown,0,2
@hanseizuremum,@hanseizuremum,Unknown,0,1
shayonislynn,shayonislynn,Unknown,0,2
baminternationl,baminternationl,Unknown,0,2
@valeforeurope,@valeforeurope,Unknown,0,1
@sicklecelluk,@sicklecelluk,Unknown,0,1
parkerciccone,parkerciccone,Unknown,0,2
saluteheruk,saluteheruk,Unknown,0,2
skynews,skynews,Unknown,0,8
williamjhague,williamjhague,Unknown,0,2
@uefawomenseuro,@uefawomenseuro,Unknown,0,1
kateaustin496,kateaustin496,Unknown,0,2
@bbcessex,@bbcessex,Unknown,0,1
daily_express,daily_express,Unknown,0,6
neenagmep,neenagmep,Unknown,0,2
burytimes,burytimes,Unknown,0,2
@glasgowcityfc,@glasgowcityfc,Unknown,0,1
@nasimishabnam,@nasimishabnam,Unknown,0,1
facebook,facebook,Unknown,0,4
tru,tru,Unknown,0,21
@affinitywater,@affinitywater,Unknown,0,1
@commonsbeis,@commonsbeis,Unknown,0,1
rcpath,rcpath,Unknown,0,2
@theworldofglass,@theworldofglass,Unknown,0,1
bostonpoliceuk,bostonpoliceuk,Unknown,0,2
jeremy_miles,jeremy_miles,Unknown,0,2
@envagency,@envagency,Unknown,0,1
carriesymonds,carriesymonds,Unknown,0,2
@michellethomson,@michellethomson,Unknown,0,1
@jamesmartinchef,@jamesmartinchef,Unknown,0,1
cgreenuk,cgreenuk,Conservative,4,0
owenjhurcum,owenjhurcum,Unknown,0,2
@lovelocksc,@lovelocksc,Unknown,0,1
strouddc,strouddc,Unknown,0,2
@mhclg,@mhclg,Unknown,0,4
@sikhnet,@sikhnet,Unknown,0,1
@crossreach,@crossreach,Unknown,0,1
waspi_campaign,waspi_campaign,Unknown,0,2
@mr_w_carpenter,@mr_w_carpenter,Unknown,0,1
@rhuanedd,@rhuanedd,Unknown,0,1
labourrichard,labourrichard,Unknown,0,6
@wirralc2c,@wirralc2c,Unknown,0,1
@kimberley_s_j,@kimberley_s_j,Unknown,0,1
@mpi_uk,@mpi_uk,Unknown,0,1
@catwager,@catwager,Unknown,0,1
@taylorwimpey⁩,@taylorwimpey⁩,Unknown,0,1
@sthompson_jp,@sthompson_jp,Unknown,0,1
broadcastscot,broadcastscot,Unknown,0,2
sajidjavid,sajidjavid,Conservative,2,18
@southernwater,@southernwater,Unknown,0,1
chukaumunna,chukaumunna,Labour,7,10
@lydiarosebright!,@lydiarosebright!,Unknown,0,1
stephentwigg,stephentwigg,Labour (Co-op),1,2
nottmhospitals,nottmhospitals,Unknown,0,2
@thecrick,@thecrick,Unknown,0,1
greeneking,greeneking,Unknown,0,2
@dcms,@dcms,Unknown,0,2
@stuartmurphy100,@stuartmurphy100,Unknown,0,1
blackpoolfc,blackpoolfc,Unknown,0,2
hospulster,hospulster,Unknown,0,2
toniaantoniazzi,toniaantoniazzi,Labour,14,10
@alanbrownsnp,@alanbrownsnp,Unknown,0,1
@bishopofsouthwark,@bishopofsouthwark,Unknown,0,1
@annamcmorrin,@annamcmorrin,Unknown,0,3
childcomwales,childcomwales,Unknown,0,2
@nbpauk,@nbpauk,Unknown,0,1
@scottishlabour,@scottishlabour,Unknown,0,1
lucianaberger,lucianaberger,Labour (Co-op),5,2
@ptcnews,@ptcnews,Unknown,0,1
@mafevema,@mafevema,Unknown,0,1
gwilymbowenrhys,gwilymbowenrhys,Unknown,0,2
@trmcgow,@trmcgow,Unknown,0,1
@jessicamordenmp,@jessicamordenmp,Unknown,0,1
annegulland,annegulland,Unknown,0,2
guyopperman,guyopperman,Conservative,4,0
suzikaz,suzikaz,Unknown,0,2
watermansarts,watermansarts,Unknown,0,2
@cpjelmore.,@cpjelmore.,Unknown,0,1
eleanor4epping,eleanor4epping,Conservative,1,0
bigtentideas,bigtentideas,Unknown,0,10
@scottishcnd,@scottishcnd,Unknown,0,1
maryhill_snp,maryhill_snp,Unknown,0,2
@edvaizey,@edvaizey,Unknown,0,2
@telglobalhealth,@telglobalhealth,Unknown,0,1
ids3to18,ids3to18,Unknown,0,2
@edinburghfest.,@edinburghfest.,Unknown,0,1
melanie_brock,melanie_brock,Unknown,0,2
@satyendra7,@satyendra7,Unknown,0,1
@sirgrahambrady,@sirgrahambrady,Unknown,0,1
davidzendle,davidzendle,Unknown,0,2
@chrispincher.,@chrispincher.,Unknown,0,1
stellacreasy,stellacreasy,Labour (Co-op),4,4
@shetlandtimes,@shetlandtimes,Unknown,0,1
reecewhayes,reecewhayes,Unknown,0,2
@iaindale,@iaindale,Unknown,0,3
jonbryanpoker,jonbryanpoker,Unknown,0,2
@bbcr4today.,@bbcr4today.,Unknown,0,1
@sales2great,@sales2great,Unknown,0,1
johnmcdonnellmp,johnmcdonnellmp,Labour,1,4
acp_pathologist,acp_pathologist,Unknown,0,2
@nataliedon89,@nataliedon89,Unknown,0,1
blaenaugwentmp,blaenaugwentmp,Unknown,0,2
worldskillsuk,worldskillsuk,Unknown,0,2
jasnabadzak,jasnabadzak,Unknown,0,2
mollymep,mollymep,Unknown,0,4
@wbafoundation,@wbafoundation,Unknown,0,1
wgmin_education,wgmin_education,Unknown,0,2
@calumrkerr,@calumrkerr,Unknown,0,1
@ukgovbluebelt,@ukgovbluebelt,Unknown,0,2
@conservatives⁩,@conservatives⁩,Unknown,0,1
buryfree,buryfree,Unknown,0,2
@boltoncouncil,@boltoncouncil,Unknown,0,1
@govanhillbaths,@govanhillbaths,Unknown,0,2
unep_aewa,unep_aewa,Unknown,0,2
mattwucu,mattwucu,Unknown,0,2
hoppy1848,hoppy1848,Unknown,0,4
@sclubbethan,@sclubbethan,Unknown,0,1
@mrjkilcoyne,@mrjkilcoyne,Unknown,0,1
bigronstevenson,bigronstevenson,Unknown,0,2
resfoundation,resfoundation,Unknown,0,2
@ni_infantry,@ni_infantry,Unknown,0,1
@mya_wilsonx,@mya_wilsonx,Unknown,0,1
jj_bruce,jj_bruce,Unknown,0,2
@mae_carson2,@mae_carson2,Unknown,0,1
louhaigh,louhaigh,Labour,4,14
scotland,scotland,Unknown,0,10
@kayleighls,@kayleighls,Unknown,0,1
catherinewest,catherinewest,Unknown,0,2
thomasbrake,thomasbrake,Liberal Democrat,1,0
@iepanetwork,@iepanetwork,Unknown,0,1
gordonmarsden,gordonmarsden,Labour,8,2
greenjamies,greenjamies,Unknown,0,2
@lunguk,@lunguk,Unknown,0,1
mr_w_carpenter,mr_w_carpenter,Unknown,0,2
onlondon,onlondon,Unknown,0,2
murphyniallgla,murphyniallgla,Unknown,0,2
labfreemvmt,labfreemvmt,Unknown,0,2
@ashingtonlad,@ashingtonlad,Unknown,0,1
@xrbexley,@xrbexley,Unknown,0,1
andreios,andreios,Unknown,0,2
kirkstalllabour,kirkstalllabour,Unknown,0,2
@poppylegion,@poppylegion,Unknown,0,1
@couriergreg,@couriergreg,Unknown,0,1
@bcupressoffice,@bcupressoffice,Unknown,0,1
anassarwar,anassarwar,Unknown,0,4
homejamesessex,homejamesessex,Unknown,0,2
neilfindlay_msp,neilfindlay_msp,Unknown,0,2
@itvwales,@itvwales,Unknown,0,2
valeforeurope,valeforeurope,Unknown,0,2
peston,peston,Unknown,0,2
vickyford,vickyford,Conservative,2,2
@nicolasturgeon,@nicolasturgeon,Unknown,0,5
@chrisstephens,@chrisstephens,Unknown,0,1
carolewatkins44,carolewatkins44,Unknown,0,2
grahamsmith_,grahamsmith_,Unknown,0,2
@thersaorg,@thersaorg,Unknown,0,1
@adampayne26,@adampayne26,Unknown,0,1
@duzza180,@duzza180,Unknown,0,1
remainernow,remainernow,Unknown,0,2
cllrjudithblake,cllrjudithblake,Unknown,0,2
@judibilling⁩,@judibilling⁩,Unknown,0,1
gprhymney,gprhymney,Unknown,0,2
beachlifemuma,beachlifemuma,Unknown,0,2
kennymacaskill,kennymacaskill,Unknown,0,2
@tonyjolagoodman,@tonyjolagoodman,Unknown,0,1
gargarin,gargarin,Unknown,0,2
@kpmguk,@kpmguk,Unknown,0,4
thelma_walkermp,thelma_walkermp,Unknown,0,4
@summerhallery,@summerhallery,Unknown,0,1
@pathsoc,@pathsoc,Unknown,0,1
@thetribunechd,@thetribunechd,Unknown,0,1
@worldskillsuk,@worldskillsuk,Unknown,0,1
blauweerie,blauweerie,Unknown,0,2
nomsm7,nomsm7,Unknown,0,2
@snpchris,@snpchris,Unknown,0,1
john_fusionpr,john_fusionpr,Unknown,0,2
karenleemp,karenleemp,Unknown,0,2
@britishcycling,@britishcycling,Unknown,0,1
proftomkins,proftomkins,Unknown,0,2
walesvelodrome,walesvelodrome,Unknown,0,2
johnharris1969,johnharris1969,Unknown,0,2
@hammersmithandy,@hammersmithandy,Unknown,0,2
ouhospitals,ouhospitals,Unknown,0,2
@helenbrits,@helenbrits,Unknown,0,1
albertowen2020,albertowen2020,Labour,3,0
@sbristolvoice,@sbristolvoice,Unknown,0,1
dcms,dcms,Unknown,0,4
@cheshirechief,@cheshirechief,Unknown,0,1
@uhbtrust,@uhbtrust,Unknown,0,1
@jakimclaren⁩,@jakimclaren⁩,Unknown,0,1
educannotwait,educannotwait,Unknown,0,2
@lina26186036,@lina26186036,Unknown,0,1
@acb,@acb,Unknown,0,1
creat1ve_m1nds,creat1ve_m1nds,Unknown,0,2
insidecroydon,insidecroydon,Unknown,0,2
@nuneatonmems,@nuneatonmems,Unknown,0,1
danpaulsimmons,danpaulsimmons,Unknown,0,2
rotherhamadvert,rotherhamadvert,Unknown,0,2
@labourstudents,@labourstudents,Unknown,0,1
yellabelly6,yellabelly6,Unknown,0,2
joplattleigh,joplattleigh,Labour (Co-op),2,0
bashartcreative,bashartcreative,Unknown,0,2
@dohoodle,@dohoodle,Unknown,0,1
surfsidecafes,surfsidecafes,Unknown,0,2
saferrochdale,saferrochdale,Unknown,0,2
@infbrigade,@infbrigade,Unknown,0,1
@edgbaston,@edgbaston,Unknown,0,1
@yorkracecourse,@yorkracecourse,Unknown,0,1
cheshireeast,cheshireeast,Unknown,0,2
@leej2711,@leej2711,Unknown,0,1
georgeaylett,georgeaylett,Unknown,0,2
@patmcgorry,@patmcgorry,Unknown,0,1
touchstones,touchstones,Unknown,0,2
@hibernianfc,@hibernianfc,Unknown,0,1
@lovegower,@lovegower,Unknown,0,1
wsj,wsj,Unknown,0,2
@grahamsmith_,@grahamsmith_,Unknown,0,1
@nicktorfaenmp,@nicktorfaenmp,Unknown,0,1
bristolpanthers,bristolpanthers,Unknown,0,2
@oliverhealduk,@oliverhealduk,Unknown,0,1
bobdorissnp,bobdorissnp,Unknown,0,2
@peterjfowler7,@peterjfowler7,Unknown,0,1
richardgrahamuk,richardgrahamuk,Conservative,2,0
cyngorgwynedd,cyngorgwynedd,Unknown,0,2
@number10cat,@number10cat,Unknown,0,1
@benhouchen,@benhouchen,Unknown,0,1
@springburn,@springburn,Unknown,0,1
@fbunational⁩,@fbunational⁩,Unknown,0,1
mikeajturner,mikeajturner,Unknown,0,2
lukeoholland,lukeoholland,Unknown,0,2
@proftimbale,@proftimbale,Unknown,0,1
thangammp,thangammp,Labour,5,4
summerhallery,summerhallery,Unknown,0,2
rlwc2021,rlwc2021,Unknown,0,2
siobhni,siobhni,Unknown,0,4
@stotfoldfc,@stotfoldfc,Unknown,0,1
@angusmacneilsnp,@angusmacneilsnp,Unknown,0,5
@johnharris1969,@johnharris1969,Unknown,0,1
theworldofglass,theworldofglass,Unknown,0,2
@accandyprophet,@accandyprophet,Unknown,0,1
kevinhollinrake,kevinhollinrake,Conservative,1,2
@mattietk,@mattietk,Unknown,0,1
@firstinglasgow,@firstinglasgow,Unknown,0,1
nelcouncil,nelcouncil,Unknown,0,2
@isabeloakeshott,@isabeloakeshott,Unknown,0,1
@ambjohnbolton,@ambjohnbolton,Unknown,0,1
bbccasualty,bbccasualty,Unknown,0,2
jamesfrith,jamesfrith,Labour,3,4
libdemhealth,libdemhealth,Unknown,0,2
cj_dinenage,cj_dinenage,Conservative,2,2
@damiancollins,@damiancollins,Unknown,0,1
@joycemcm,@joycemcm,Unknown,0,1
@tgifridaysuk?,@tgifridaysuk?,Unknown,0,1
@martwhitfieldmp,@martwhitfieldmp,Unknown,0,1
pennyappeal,pennyappeal,Unknown,0,2
@paulgermaney,@paulgermaney,Unknown,0,1
@iandunt,@iandunt,Unknown,0,2
@silverstoneuk,@silverstoneuk,Unknown,0,1
affinitywater,affinitywater,Unknown,0,2
saveourhorton,saveourhorton,Unknown,0,2
cleanstreetstu,cleanstreetstu,Unknown,0,2
tracey_crouch,tracey_crouch,Conservative,2,0
pigeonmagazine,pigeonmagazine,Unknown,0,2
firstbsa,firstbsa,Unknown,0,2
@borisjohnson.,@borisjohnson.,Unknown,0,2
xrebellionuk,xrebellionuk,Unknown,0,2
sarahwollaston,sarahwollaston,Conservative,3,2
gareththomasmp,gareththomasmp,Labour (Co-op),3,6
tony4rochdale,tony4rochdale,Labour,3,2
@benjamin__bland,@benjamin__bland,Unknown,0,1
suekilcoyne,suekilcoyne,Unknown,0,2
martinpaterso13,martinpaterso13,Unknown,0,2
@trishgreenhalgh,@trishgreenhalgh,Unknown,0,1
singhlions,singhlions,Unknown,0,2
kingsschoolwlv,kingsschoolwlv,Unknown,0,4
@wkgrainger1,@wkgrainger1,Unknown,0,1
@mpsbromley,@mpsbromley,Unknown,0,1
unitewales,unitewales,Unknown,0,2
sff_uk,sff_uk,Unknown,0,2
aidanturner4,aidanturner4,Unknown,0,2
food_strategy,food_strategy,Unknown,0,2
lovennmarket,lovennmarket,Unknown,0,2
@liannweir,@liannweir,Unknown,0,1
@bbcradioscot,@bbcradioscot,Unknown,0,2
@lovenewmilns,@lovenewmilns,Unknown,0,1
labourclg,labourclg,Unknown,0,2
@royalnavy,@royalnavy,Unknown,0,1
@ouhospitals,@ouhospitals,Unknown,0,1
olivetreecsc,olivetreecsc,Unknown,0,2
denisenwi,denisenwi,Unknown,0,2
@cemkemahli,@cemkemahli,Unknown,0,1
@sthelenscouncil,@sthelenscouncil,Unknown,0,1
educationgovuk,educationgovuk,Unknown,0,2
@childcomwales,@childcomwales,Unknown,0,1
@robertjenrick,@robertjenrick,Unknown,0,6
@louhaigh's,@louhaigh's,Unknown,0,1
waileeho,waileeho,Unknown,0,2
@hydeparkph,@hydeparkph,Unknown,0,1
@officegsbrown,@officegsbrown,Unknown,0,1
cheftogo,cheftogo,Unknown,0,2
5050parliament,5050parliament,Unknown,0,2
@scr_mayor,@scr_mayor,Unknown,0,2
@aluncairns,@aluncairns,Unknown,0,1
@stcolumbasfife,@stcolumbasfife,Unknown,0,1
@kymysmith,@kymysmith,Unknown,0,1
@universitiesuk,@universitiesuk,Unknown,0,1
clothworkersfdn,clothworkersfdn,Unknown,0,2
@ayocaesar,@ayocaesar,Unknown,0,1
petergrantmp,petergrantmp,Scottish National Party,7,0
jamescoxld,jamescoxld,Unknown,0,2
@labourparty,@labourparty,Unknown,0,1
@helenhayes_,@helenhayes_,Unknown,0,1
@molyneux_msj,@molyneux_msj,Unknown,0,1
whiteswan_hotel,whiteswan_hotel,Unknown,0,2
@albabe1969,@albabe1969,Unknown,0,1
refugecharity,refugecharity,Unknown,0,2
@adesola86,@adesola86,Unknown,0,1
audreyaurus1,audreyaurus1,Unknown,0,2
brianrjohnso,brianrjohnso,Unknown,0,2
sales2great,sales2great,Unknown,0,2
@patel4witham?,@patel4witham?,Unknown,0,1
sirgrahambrady,sirgrahambrady,Unknown,0,2
@susanbromley16,@susanbromley16,Unknown,0,1
shetlandtimes,shetlandtimes,Unknown,0,2
@martinborley,@martinborley,Unknown,0,1
grouse_beater,grouse_beater,Unknown,0,2
@baileysshakes,@baileysshakes,Unknown,0,1
commonsforeign,commonsforeign,Unknown,0,2
@croydonhealth,@croydonhealth,Unknown,0,2
lovedarlouk,lovedarlouk,Unknown,0,2
niagriffithmp,niagriffithmp,Labour,1,0
@usambuk,@usambuk,Unknown,0,1
samsoprano30,samsoprano30,Unknown,0,2
@bigtentideas,@bigtentideas,Unknown,0,5
@chunkymark,@chunkymark,Unknown,0,1
@opinionyp,@opinionyp,Unknown,0,1
@colchesterviews,@colchesterviews,Unknown,0,2
kathrynrolfe1,kathrynrolfe1,Unknown,0,2
@ukinmexico,@ukinmexico,Unknown,0,1
@markets_lsd,@markets_lsd,Unknown,0,1
simonclarkemp,simonclarkemp,Conservative,4,2
@vonnsand,@vonnsand,Unknown,0,1
dannyvet,dannyvet,Unknown,0,2
@essexpoliceuk,@essexpoliceuk,Unknown,0,1
liambyrnemp,liambyrnemp,Labour,6,6
@nicevennett,@nicevennett,Unknown,0,1
@britsochaem,@britsochaem,Unknown,0,1
nancyclench,nancyclench,Unknown,0,2
@newcastlehosps,@newcastlehosps,Unknown,0,1
kagutamuseveni,kagutamuseveni,Unknown,0,2
@ali__samson,@ali__samson,Unknown,0,1
welshlabour,welshlabour,Unknown,0,12
@stephanieboland,@stephanieboland,Unknown,0,1
@petenorth303,@petenorth303,Unknown,0,1
@calderdale,@calderdale,Unknown,0,1
richardjmurphy,richardjmurphy,Unknown,0,2
@cskidmoreuk,@cskidmoreuk,Unknown,0,1
@gprhymney,@gprhymney,Unknown,0,1
trishgreenhalgh,trishgreenhalgh,Unknown,0,2
@theeveningtimes,@theeveningtimes,Unknown,0,1
@redflag3rd,@redflag3rd,Unknown,0,1
@mojgovuk,@mojgovuk,Unknown,0,1
tonypddd,tonypddd,Unknown,0,2
euanmackay1,euanmackay1,Unknown,0,2
roadwarrior29,roadwarrior29,Unknown,0,2
stcolumbasfife,stcolumbasfife,Unknown,0,2
laurasmithcrewe,laurasmithcrewe,Labour,1,0
@surfsidecafes.,@surfsidecafes.,Unknown,0,1
hull_museums,hull_museums,Unknown,0,2
@anorrismp,@anorrismp,Unknown,0,1
@adwooldridge⁩,@adwooldridge⁩,Unknown,0,1
@trentuni,@trentuni,Unknown,0,1
@meltankardreist,@meltankardreist,Unknown,0,1
hywelplaidcymru,hywelplaidcymru,Plaid Cymru,10,6
erith_marshes,erith_marshes,Unknown,0,2
@titanichotelbel.,@titanichotelbel.,Unknown,0,1
@morton_wendy,@morton_wendy,Unknown,0,1
lordrickettsp,lordrickettsp,Unknown,0,2
f1appg,f1appg,Unknown,0,2
mpi_uk,mpi_uk,Unknown,0,2
@edconwaysky,@edconwaysky,Unknown,0,1
peternorthdevon,peternorthdevon,Conservative,1,2
@mollymep,@mollymep,Unknown,0,2
@insidecroydon,@insidecroydon,Unknown,0,1
@cftrust,@cftrust,Unknown,0,1
@carequalitycomm.,@carequalitycomm.,Unknown,0,1
wrnicolle,wrnicolle,Unknown,0,2
@bengoldsmith,@bengoldsmith,Unknown,0,1
@homebase_uk,@homebase_uk,Unknown,0,1
@grahamogilvy,@grahamogilvy,Unknown,0,1
lsvstadium,lsvstadium,Unknown,0,2
10downingstreet,10downingstreet,Unknown,0,10
tandhesi,tandhesi,Labour,6,4
@hospulster,@hospulster,Unknown,0,1
@botzarelli,@botzarelli,Unknown,0,1
diomanchester,diomanchester,Unknown,0,2
drcarolinej,drcarolinej,Conservative,1,0
commonsbeis,commonsbeis,Unknown,0,2
prueleith,prueleith,Unknown,0,2
@hendopolis,@hendopolis,Unknown,0,1
@bel4thevale,@bel4thevale,Unknown,0,1
jackdromeymp,jackdromeymp,Labour,2,2
@ukmoments,@ukmoments,Unknown,0,1
@naomihodges28,@naomihodges28,Unknown,0,1
dropinderjit,dropinderjit,Unknown,0,2
ouh_horton,ouh_horton,Unknown,0,2
britaccpath,britaccpath,Unknown,0,2
@dropinderjit,@dropinderjit,Unknown,0,1
@bbcradio2,@bbcradio2,Unknown,0,1
prosperityuk_,prosperityuk_,Unknown,0,2
@patel4witham.,@patel4witham.,Unknown,0,2
@theboltonnews,@theboltonnews,Unknown,0,1
@bikerrebel1,@bikerrebel1,Unknown,0,1
jeffsmithetc,jeffsmithetc,Labour,1,0
@firstbsa,@firstbsa,Unknown,0,1
keatsandchapman,keatsandchapman,Unknown,0,2
@rspbbexleygroup,@rspbbexleygroup,Unknown,0,1
ballotboxscot,ballotboxscot,Unknown,0,2
derekthomasuk,derekthomasuk,Conservative,2,0
stratfordtc1,stratfordtc1,Unknown,0,2
@kingscollegelon,@kingscollegelon,Unknown,0,1
@janus_romanus,@janus_romanus,Unknown,0,1
homebase_uk,homebase_uk,Unknown,0,2
telfordlabour,telfordlabour,Unknown,0,2
refill,refill,Unknown,0,2
@dorset4e,@dorset4e,Unknown,0,1
newcastlehosps,newcastlehosps,Unknown,0,2
scotcivictrust,scotcivictrust,Unknown,0,2
keir_starmer,keir_starmer,Unknown,0,2
plaid_cymru,plaid_cymru,Unknown,0,12
@refill,@refill,Unknown,0,1
scr_mayor,scr_mayor,Unknown,0,4
@houseofcommons,@houseofcommons,Unknown,0,1
@sadiqkhan's,@sadiqkhan's,Unknown,0,1
belfastharbour,belfastharbour,Unknown,0,2
timeandspace3,timeandspace3,Unknown,0,2
@brianrjohnso,@brianrjohnso,Unknown,0,1
cftrust,cftrust,Unknown,0,2
peterboneuk,peterboneuk,Conservative,2,2
@hollylynch5,@hollylynch5,Unknown,0,2
@churchofengland,@churchofengland,Unknown,0,1
@gowernt,@gowernt,Unknown,0,1
andrewrosindell,andrewrosindell,Conservative,1,2
@thunderousabra1,@thunderousabra1,Unknown,0,1
@tourdehajj,@tourdehajj,Unknown,0,1
peoplesvote_uk,peoplesvote_uk,Unknown,0,4
@swanseaonline10,@swanseaonline10,Unknown,0,1
@berthanpete,@berthanpete,Unknown,0,1
dailymailuk,dailymailuk,Unknown,0,2
@hocpetitions,@hocpetitions,Unknown,0,1
christs_college,christs_college,Unknown,0,2
scotlandtonight,scotlandtonight,Unknown,0,2
@hopenothate,@hopenothate,Unknown,0,1
iaindale,iaindale,Unknown,0,6
mjt999heart,mjt999heart,Unknown,0,2
heidiallen,heidiallen,Unknown,0,2
greendaisy11,greendaisy11,Unknown,0,2
cemkemahli,cemkemahli,Unknown,0,2
hmtreasury,hmtreasury,Unknown,0,2
@emmanuelmacron,@emmanuelmacron,Unknown,0,1
@telfordlabour,@telfordlabour,Unknown,0,1
@marshadecordova,@marshadecordova,Unknown,0,1
@jamespomfret,@jamespomfret,Unknown,0,1
laphil,laphil,Unknown,0,2
feargal_sharkey,feargal_sharkey,Unknown,0,2
fabianleedsne,fabianleedsne,Unknown,0,2
@nelft,@nelft,Unknown,0,1
@warmongerhodges,@warmongerhodges,Unknown,0,1
@wizbates,@wizbates,Unknown,0,2
redflag3rd,redflag3rd,Unknown,0,2
@nomsm7,@nomsm7,Unknown,0,1
@pathologyhouse,@pathologyhouse,Unknown,0,1
@transportgovuk,@transportgovuk,Unknown,0,2
nicolasturgeon,nicolasturgeon,Unknown,0,10
chadmmurray,chadmmurray,Unknown,0,2
saleyhaahsan,saleyhaahsan,Unknown,0,2
@canalrivertrust,@canalrivertrust,Unknown,0,2
@polprofsteve,@polprofsteve,Unknown,0,1
@mcmanusp2020,@mcmanusp2020,Unknown,0,1
lbhf,lbhf,Unknown,0,2
@mickhux,@mickhux,Unknown,0,1
@ukhomeoffice,@ukhomeoffice,Unknown,0,2
@audreyaurus1,@audreyaurus1,Unknown,0,1
vidvicii,vidvicii,Unknown,0,2
@nicolahall332,@nicolahall332,Unknown,0,1
@sajidjavid:,@sajidjavid:,Unknown,0,1
@fenbeagle,@fenbeagle,Unknown,0,1
rhhwilliams,rhhwilliams,Unknown,0,2
@ulht_news,@ulht_news,Unknown,0,1
anna_soubry,anna_soubry,Conservative,1,0
@hk_watch⁩,@hk_watch⁩,Unknown,0,1
@thesundaymirror,@thesundaymirror,Unknown,0,1
ianblackfordmp,ianblackfordmp,Unknown,0,2
@andrewcopson,@andrewcopson,Unknown,0,1
@cosaraf),@cosaraf),Unknown,0,4
sybhealthcare,sybhealthcare,Unknown,0,2
valariekaur,valariekaur,Unknown,0,2
karen_karenelee,karen_karenelee,Labour,3,0
commonshealth,commonshealth,Unknown,0,2
@katie_cronin,@katie_cronin,Unknown,0,1
@tpearce003,@tpearce003,Unknown,0,1
liampdwyer,liampdwyer,Unknown,0,2
sandras_smith,sandras_smith,Unknown,0,2
jackielongc4,jackielongc4,Unknown,0,2
@alijmcc,@alijmcc,Unknown,0,1
ukremblondon,ukremblondon,Unknown,0,4
@paulamc007,@paulamc007,Unknown,0,1
@scottories,@scottories,Unknown,0,7
childofalba,childofalba,Unknown,0,2
briangr59263249,briangr59263249,Unknown,0,2
@alisonthewliss,@alisonthewliss,Unknown,0,1
@labourlewis,@labourlewis,Unknown,0,2
peterkyle,peterkyle,Labour,5,2
@sajidjavid,@sajidjavid,Unknown,0,9
@motherhoodvscf.,@motherhoodvscf.,Unknown,0,1
guyverhofstadt,guyverhofstadt,Unknown,0,4
@lovenorthampton,@lovenorthampton,Unknown,0,1
agcolehamilton,agcolehamilton,Unknown,0,2
birminghamlive,birminghamlive,Unknown,0,2
aluncairns,aluncairns,Unknown,0,2
@gmmh_nhs,@gmmh_nhs,Unknown,0,1
@fromemedpractic,@fromemedpractic,Unknown,0,1
bbcradio2,bbcradio2,Unknown,0,2
@davidevennett,@davidevennett,Unknown,0,2
mae_carson2,mae_carson2,Unknown,0,2
charteriscentre,charteriscentre,Unknown,0,2
lina26186036,lina26186036,Unknown,0,2
steelsusie,steelsusie,Unknown,0,2
vickyfoxcroft,vickyfoxcroft,Labour,2,4
ianduncanhmg,ianduncanhmg,Unknown,0,2
getglesgamoving,getglesgamoving,Unknown,0,2
dougchapmansnp,dougchapmansnp,Scottish National Party,4,0
hullccnews,hullccnews,Unknown,0,4
jamieglackin1,jamieglackin1,Unknown,0,2
@blackpoolfc,@blackpoolfc,Unknown,0,1
glasgow_live,glasgow_live,Unknown,0,2
geraintdaviesmp,geraintdaviesmp,Labour (Co-op),1,4
comres,comres,Unknown,0,2
@robparsonsyp,@robparsonsyp,Unknown,0,2
lordjohnmann,lordjohnmann,Labour,1,0
arronthind,arronthind,Unknown,0,2
carnegiecorp,carnegiecorp,Unknown,0,2
@pcs_union's,@pcs_union's,Unknown,0,1
@alexsobel,@alexsobel,Unknown,0,3
@vickyford,@vickyford,Unknown,0,1
paddytipping,paddytipping,Unknown,0,2
stuart_stumcg,stuart_stumcg,Unknown,0,2
@slaughtered94,@slaughtered94,Unknown,0,1
@oneandonlymr0,@oneandonlymr0,Unknown,0,1
dianajohnsonmp,dianajohnsonmp,Labour,7,2
@laylamoran,@laylamoran,Unknown,0,1
londonbirdclub,londonbirdclub,Unknown,0,2
colchesterviews,colchesterviews,Unknown,0,4
@richardbenyonmp,@richardbenyonmp,Unknown,0,1
@biainfection,@biainfection,Unknown,0,1
telepolitics,telepolitics,Unknown,0,2
@wyp_halifax,@wyp_halifax,Unknown,0,1
unwinstanley,unwinstanley,Unknown,0,2
@rotherhamadvert,@rotherhamadvert,Unknown,0,1
@metromayorsteve,@metromayorsteve,Unknown,0,1
grahamogilvy,grahamogilvy,Unknown,0,2
corbytownfc,corbytownfc,Unknown,0,2
cpjelmore,cpjelmore,Labour,6,4
gchq,gchq,Unknown,0,2
opinionyp,opinionyp,Unknown,0,2
@jamesjo42157556,@jamesjo42157556,Unknown,0,1
@mattwucu,@mattwucu,Unknown,0,1
jamesmartinchef,jamesmartinchef,Unknown,0,2
springburn,springburn,Unknown,0,2
@andygunnmusic,@andygunnmusic,Unknown,0,1
rotherham_clp,rotherham_clp,Unknown,0,2
@kathiedrinan,@kathiedrinan,Unknown,0,1
bbclaurak,bbclaurak,Unknown,0,2
@visitbolton,@visitbolton,Unknown,0,1
@chrisevansmp,@chrisevansmp,Unknown,0,1
sarahchampionmp,sarahchampionmp,Labour,7,10
@s2tee2,@s2tee2,Unknown,0,1
@remainernow,@remainernow,Unknown,0,1
@bubblejet,@bubblejet,Unknown,0,1
@rlwc2021,@rlwc2021,Unknown,0,1
@nsandi,@nsandi,Unknown,0,1
@parliament.uk-,@parliament.uk-,Unknown,0,1
@markglennmurphy,@markglennmurphy,Unknown,0,1
mtpennycook,mtpennycook,Labour,1,0
@tobybaxendale,@tobybaxendale,Unknown,0,1
@09twiggy,@09twiggy,Unknown,0,1
@beccyryan,@beccyryan,Unknown,0,1
@alhouldsworth,@alhouldsworth,Unknown,0,1
@samfoster99,@samfoster99,Unknown,0,1
@normanlamb,@normanlamb,Unknown,0,8
titanichotelbel,titanichotelbel,Unknown,0,2
firstinglasgow,firstinglasgow,Unknown,0,2
sclubbethan,sclubbethan,Unknown,0,2
catwager,catwager,Unknown,0,2
snpkelvin,snpkelvin,Unknown,0,2
hopenothate,hopenothate,Unknown,0,2
seemamalhotra1,seemamalhotra1,Labour (Co-op),4,4
@sharonhodgsonmp,@sharonhodgsonmp,Unknown,0,3
@road_project18,@road_project18,Unknown,0,1
@henrydimbleby,@henrydimbleby,Unknown,0,1
simon4ndorset,simon4ndorset,Conservative,1,2
@mennewsdesk,@mennewsdesk,Unknown,0,2
@markeuromark,@markeuromark,Unknown,0,1
rmt_scotland,rmt_scotland,Unknown,0,2
@suewood60,@suewood60,Unknown,0,1
adrianmasters84,adrianmasters84,Unknown,0,2
amcarmichaelmp,amcarmichaelmp,Liberal Democrat,1,4
@matthewstadlen,@matthewstadlen,Unknown,0,1
channel4news,channel4news,Unknown,0,2
@peat_diesel,@peat_diesel,Unknown,0,1
aarondfirth,aarondfirth,Unknown,0,2
@tony4rochdale,@tony4rochdale,Unknown,0,1
berthanpete,berthanpete,Unknown,0,2
@grahamstuart,@grahamstuart,Unknown,0,2
@anassarwar,@anassarwar,Unknown,0,2
@annegulland,@annegulland,Unknown,0,1
@asda,@asda,Unknown,0,2
dstlmod,dstlmod,Unknown,0,2
carnegiemuseum,carnegiemuseum,Unknown,0,2
@amazingradio,@amazingradio,Unknown,0,1
@jimmyrdee,@jimmyrdee,Unknown,0,1
@d_g_alexander,@d_g_alexander,Unknown,0,1
@impossible_elf,@impossible_elf,Unknown,0,1
nicktorfaen,nicktorfaen,Labour,1,2
angelacrawley30,angelacrawley30,Scottish National Party,1,0
senschumer,senschumer,Unknown,0,2
un,un,Unknown,0,97
@justinwelby,@justinwelby,Unknown,0,1
aland_tda,aland_tda,Unknown,0,4
leej2711,leej2711,Unknown,0,2
@lordmayornottm,@lordmayornottm,Unknown,0,1
@ukef,@ukef,Unknown,0,1
@kkphotography9,@kkphotography9,Unknown,0,1
@catherinewest,@catherinewest,Unknown,0,1
@greeneking,@greeneking,Unknown,0,1
thunderousabra1,thunderousabra1,Unknown,0,2
elizabday,elizabday,Unknown,0,2
mslabour,mslabour,Unknown,0,2
@mywowscotland,@mywowscotland,Unknown,0,1
juliahb1,juliahb1,Unknown,0,2
nimkoali,nimkoali,Unknown,0,2
kevin_j_foster,kevin_j_foster,Conservative,8,0
radiohumberside,radiohumberside,Unknown,0,2
sam_jja,sam_jja,Unknown,0,2
woodmillhigh,woodmillhigh,Unknown,0,2
neilgraysnp,neilgraysnp,Scottish National Party,1,0
paulwheelhouse,paulwheelhouse,Unknown,0,2
@rupahuq,@rupahuq,Unknown,0,1
duchessmuse,duchessmuse,Unknown,0,2
sheila_bell,sheila_bell,Unknown,0,2
scotlandsky,scotlandsky,Unknown,0,2
jreynoldsmp,jreynoldsmp,Labour (Co-op),3,2
@beatricewishart⁩,@beatricewishart⁩,Unknown,0,1
oliverhealduk,oliverhealduk,Conservative,1,2
rhuanedd,rhuanedd,Unknown,0,2
@portsmthnewshub,@portsmthnewshub,Unknown,0,1
housingactionsl,housingactionsl,Unknown,0,2
tuckerclemens,tuckerclemens,Unknown,0,2
@samanthapengil3,@samanthapengil3,Unknown,0,1
@francescrook,@francescrook,Unknown,0,1
@tuckerclemens,@tuckerclemens,Unknown,0,1
uefawomenseuro,uefawomenseuro,Unknown,0,2
@toniaantoniazzi,@toniaantoniazzi,Unknown,0,5
@ruthdavidsonmsp,@ruthdavidsonmsp,Unknown,0,3
@gavi’s,@gavi’s,Unknown,0,1
@jackielongc4’s,@jackielongc4’s,Unknown,0,1
@sikhsiyasat,@sikhsiyasat,Unknown,0,1
@dfid_uk,@dfid_uk,Unknown,0,1
@abolisheton,@abolisheton,Unknown,0,1
lbofbexley,lbofbexley,Unknown,0,2
@granadareports,@granadareports,Unknown,0,1
@fabianleedsne,@fabianleedsne,Unknown,0,1
gmbcouncillors,gmbcouncillors,Unknown,0,2
craig4nwarks,craig4nwarks,Conservative,1,0
cllr_mcvitie,cllr_mcvitie,Unknown,0,2
@kingstonhospnhs,@kingstonhospnhs,Unknown,0,1
billfest,billfest,Unknown,0,2
bbcsuffolk,bbcsuffolk,Unknown,0,2
@dianajohnsonmp,@dianajohnsonmp,Unknown,0,1
dprpdz,dprpdz,Unknown,0,2
trmcgow,trmcgow,Unknown,0,2
@addeys300,@addeys300,Unknown,0,1
oceancolourscene,oceancolourscene,Unknown,0,2
sarahwevents,sarahwevents,Unknown,0,2
@ambjohnbolton!,@ambjohnbolton!,Unknown,0,1
@royalmail,@royalmail,Unknown,0,1
alancumming,alancumming,Unknown,0,2
stevebakerhw,stevebakerhw,Conservative,11,2
stjohnscam,stjohnscam,Unknown,0,2
wkgrainger1,wkgrainger1,Unknown,0,2
bossbrewingco,bossbrewingco,Unknown,0,2
@murrinholi,@murrinholi,Unknown,0,1
scotsyounglab,scotsyounglab,Unknown,0,2
@jj_bruce,@jj_bruce,Unknown,0,1
alexburghart,alexburghart,Conservative,2,0
@bickerrecord,@bickerrecord,Unknown,0,1
@nca_uk,@nca_uk,Unknown,0,1
timloughton,timloughton,Conservative,3,4
pennymordaunt,pennymordaunt,Conservative,2,2
@vp,@vp,Unknown,0,2
davidpnolan,davidpnolan,Unknown,0,2
visitwales,visitwales,Unknown,0,2
emmalewellbuck,emmalewellbuck,Labour,1,0
gkcollege,gkcollege,Unknown,0,2
andrew_adonis,andrew_adonis,Unknown,0,4
barackobama,barackobama,Unknown,0,4
jessphillips,jessphillips,Labour,8,4
hackneyabbott,hackneyabbott,Labour,2,2
@bvt_lightmoor,@bvt_lightmoor,Unknown,0,1
unibirmingham,unibirmingham,Unknown,0,2
sharonconnor28,sharonconnor28,Unknown,0,2
@watermansarts,@watermansarts,Unknown,0,1
@mackiejonathan,@mackiejonathan,Unknown,0,1
politicoeurope,politicoeurope,Unknown,0,2
douglasdaniel,douglasdaniel,Unknown,0,2
wais_together,wais_together,Unknown,0,2
@ageuksandwell,@ageuksandwell,Unknown,0,1
huwstephens,huwstephens,Unknown,0,2
robirishmedia,robirishmedia,Unknown,0,2
dlidington,dlidington,Conservative,2,0
@21engr,@21engr,Unknown,0,1
@gmbnwi⁩,@gmbnwi⁩,Unknown,0,1
damiangreen,damiangreen,Conservative,1,2
jackdwest,jackdwest,Unknown,0,2
bmgray007,bmgray007,Unknown,0,2
richardbertinet,richardbertinet,Unknown,0,2
crawley_news,crawley_news,Unknown,0,2
kerrymp,kerrymp,Labour,5,0
gregclarkmp,gregclarkmp,Unknown,0,2
@ukpatchwork,@ukpatchwork,Unknown,0,3
@kagutamuseveni,@kagutamuseveni,Unknown,0,1
nhsx,nhsx,Unknown,0,2
petewishart,petewishart,Scottish National Party,1,2
jbrokenshire,jbrokenshire,Unknown,0,2
@joswinson,@joswinson,Unknown,0,6
commonslibrary,commonslibrary,Unknown,0,2
@lincolnshirecc,@lincolnshirecc,Unknown,0,1
thelma_dwalker,thelma_dwalker,Labour,2,0
philiphammonduk,philiphammonduk,Unknown,0,2
@tru,@tru,Unknown,0,6
wirralc2c,wirralc2c,Unknown,0,2
mrgeorgeclarke,mrgeorgeclarke,Unknown,0,2
hydeparkph,hydeparkph,Unknown,0,2
@aland_tda,@aland_tda,Unknown,0,2
@homeoffice.,@homeoffice.,Unknown,0,1
@ldn_environment,@ldn_environment,Unknown,0,1
gwentpcc,gwentpcc,Unknown,0,2
afzal4gorton,afzal4gorton,Labour,1,0
@proud_sappers,@proud_sappers,Unknown,0,1
grahamspiers,grahamspiers,Unknown,0,2
lindsaymelia,lindsaymelia,Unknown,0,2
emjay1968,emjay1968,Unknown,0,2
commonscms,commonscms,Unknown,0,2
@gkcollege.,@gkcollege.,Unknown,0,1
@bbcnews,@bbcnews,Unknown,0,4
@helptobuy,@helptobuy,Unknown,0,1
@northwaleschron,@northwaleschron,Unknown,0,1
@lsvstadium,@lsvstadium,Unknown,0,1
@petewebber1,@petewebber1,Unknown,0,1
@team4nature,@team4nature,Unknown,0,1
iandaypix,iandaypix,Unknown,0,6
@chrisphillips76,@chrisphillips76,Unknown,0,1
markglennmurphy,markglennmurphy,Unknown,0,2
lucyallan,lucyallan,Conservative,5,2
@momentumbristol,@momentumbristol,Unknown,0,1
@gp_cckelly,@gp_cckelly,Unknown,0,1
@carolynharris24’s,@carolynharris24’s,Unknown,0,1
@davidzendle,@davidzendle,Unknown,0,1
isabeloakeshott,isabeloakeshott,Unknown,0,2
benhouchen,benhouchen,Unknown,0,2
bhamuniunison,bhamuniunison,Unknown,0,2
mybcu,mybcu,Unknown,0,2
@ishousecroft,@ishousecroft,Unknown,0,1
nitishramparsad,nitishramparsad,Unknown,0,2
s2tee2,s2tee2,Unknown,0,2
michaeljswalker,michaeljswalker,Unknown,0,2
the3million,the3million,Unknown,0,6
@wgmin_deputy,@wgmin_deputy,Unknown,0,1
philwilliams,philwilliams,Unknown,0,2
bishopofsouthwark,bishopofsouthwark,Unknown,0,2
@homejamesessex,@homejamesessex,Unknown,0,1
uklabour,uklabour,Unknown,0,28
snpchris,snpchris,Unknown,0,2
geraldjoneslab,geraldjoneslab,Labour,3,0
asinvestmentsuk,asinvestmentsuk,Unknown,0,2
@swansea4europe,@swansea4europe,Unknown,0,1
matthewstadlen,matthewstadlen,Unknown,0,2
@kglasss,@kglasss,Unknown,0,1
judibilling,judibilling,Unknown,0,2
@hennybraund,@hennybraund,Unknown,0,1
@carersuk,@carersuk,Unknown,0,1
matthewgreen02,matthewgreen02,Unknown,0,2
britishcycling,britishcycling,Unknown,0,2
@antrimandnewtownabbey.gov.uk,@antrimandnewtownabbey.gov.uk,Unknown,0,1
stevereedmp,stevereedmp,Labour (Co-op),1,0
brandonlewis,brandonlewis,Conservative,4,0
@lsrplaid,@lsrplaid,Unknown,0,3
@itvnews,@itvnews,Unknown,0,1
lesleyriddoch,lesleyriddoch,Unknown,0,2
@northernassist,@northernassist,Unknown,0,1
aberdeenshire,aberdeenshire,Unknown,0,2
@amcarmichaelmp,@amcarmichaelmp,Unknown,0,2
davidiris1,davidiris1,Unknown,0,2
david_jamieson7,david_jamieson7,Unknown,0,2
thegreenparty,thegreenparty,Unknown,0,4
karlturnermp,karlturnermp,Labour,3,0
@derbyspolice,@derbyspolice,Unknown,0,1
@dphs,@dphs,Unknown,0,1
@robertbuckland,@robertbuckland,Unknown,0,2
@richardburgon,@richardburgon,Unknown,0,1
walaaidris,walaaidris,Unknown,0,2
@yvettecoopermp,@yvettecoopermp,Unknown,0,1
lovenewmilns,lovenewmilns,Unknown,0,2
@euanmackay1,@euanmackay1,Unknown,0,1
@vague_biscuit,@vague_biscuit,Unknown,0,1
@cllrwalshaw,@cllrwalshaw,Unknown,0,1
@mit,@mit,Unknown,0,2
alisontrimble,alisontrimble,Unknown,0,2
tees4europe,tees4europe,Unknown,0,2
@ladybasildon:,@ladybasildon:,Unknown,0,2
@cheftogo,@cheftogo,Unknown,0,1
robertjenrick,robertjenrick,Conservative,3,12
lmw_hospital,lmw_hospital,Unknown,0,2
jackiejoneswal1,jackiejoneswal1,Unknown,0,2
@carlyemms.,@carlyemms.,Unknown,0,1
blythematters,blythematters,Unknown,0,2
specialeffect,specialeffect,Unknown,0,2
greghands,greghands,Conservative,2,6
ukinmexico,ukinmexico,Unknown,0,2
@davidedrew,@davidedrew,Unknown,0,2
paulamc007,paulamc007,Unknown,0,2
@festunderstars,@festunderstars,Unknown,0,1
andy_gouldson,andy_gouldson,Unknown,0,2
@hendas76,@hendas76,Unknown,0,1
glasgowcc,glasgowcc,Unknown,0,2
@jackiebmsp,@jackiebmsp,Unknown,0,1
lrcwilkes,lrcwilkes,Unknown,0,2
@peachsandgrades,@peachsandgrades,Unknown,0,1
hammersmithandy,hammersmithandy,Labour,2,4
navylookout,navylookout,Unknown,0,2
@jewishchron,@jewishchron,Unknown,0,1
sikhnet,sikhnet,Unknown,0,2
satyendra7,satyendra7,Unknown,0,2
waynedavid_mp,waynedavid_mp,Unknown,0,2
@wrnicolle,@wrnicolle,Unknown,0,1
@latikambourke,@latikambourke,Unknown,0,1
@getglesgamoving,@getglesgamoving,Unknown,0,1
southvillerob,southvillerob,Unknown,0,2
@edbookfest,@edbookfest,Unknown,0,1
cllrwalshaw,cllrwalshaw,Unknown,0,2
bobbypratapmh,bobbypratapmh,Unknown,0,2
@prueleith,@prueleith,Unknown,0,1
@mariecuriepa,@mariecuriepa,Unknown,0,1
@sff_uk,@sff_uk,Unknown,0,1
lovelocksc,lovelocksc,Unknown,0,2
kingmanhelen,kingmanhelen,Unknown,0,2
katie_cronin,katie_cronin,Unknown,0,2
lizorme,lizorme,Unknown,0,2
forchange_now,forchange_now,Unknown,0,6
simonjwooduk,simonjwooduk,Unknown,0,2
@ronaldbailey,@ronaldbailey,Unknown,0,1
mennewsdesk,mennewsdesk,Unknown,0,4
@gangariga,@gangariga,Unknown,0,1
ace_thenorth,ace_thenorth,Unknown,0,2
charlotteaugst,charlotteaugst,Unknown,0,2
@walaaidris,@walaaidris,Unknown,0,1
dy0b1,dy0b1,Unknown,0,2
willquince,willquince,Conservative,10,0
fiveguysuk,fiveguysuk,Unknown,0,2
bbcburnsy,bbcburnsy,Unknown,0,2
upasnakakroo,upasnakakroo,Unknown,0,2
jay_nairn,jay_nairn,Unknown,0,2
heidiallen75,heidiallen75,Conservative,4,0
ashingtonlad,ashingtonlad,Unknown,0,2
appgcsa,appgcsa,Unknown,0,2
@cheshirefire,@cheshirefire,Unknown,0,1
nasimishabnam,nasimishabnam,Unknown,0,2
@lucianaberger,@lucianaberger,Unknown,0,1
shirkerism,shirkerism,Unknown,0,2
efl,efl,Unknown,0,2
@stewartmcdonald,@stewartmcdonald,Unknown,0,1
@jostevenslabour,@jostevenslabour,Unknown,0,3
@ianhudspeth,@ianhudspeth,Unknown,0,1
essexpoliceuk,essexpoliceuk,Unknown,0,2
joswinson,joswinson,Liberal Democrat,1,12
@gavnewlandssnp,@gavnewlandssnp,Unknown,0,1
@navylookout,@navylookout,Unknown,0,1
mikegapes,mikegapes,Labour (Co-op),4,0
bbcessex,bbcessex,Unknown,0,2
piperpaul280172,piperpaul280172,Unknown,0,2
shonarobison,shonarobison,Unknown,0,2
@helen_whately,@helen_whately,Unknown,0,1
@jamescleverly⁩,@jamescleverly⁩,Unknown,0,1
helengoodmanba,helengoodmanba,Labour,2,0
@oldelpaso,@oldelpaso,Unknown,0,1
@cityam,@cityam,Unknown,0,1
robertsyms,robertsyms,Conservative,1,0
@britishrowing,@britishrowing,Unknown,0,1
@rachelmann123,@rachelmann123,Unknown,0,1
dhscgovuk,dhscgovuk,Unknown,0,2
dannyjpalmer,dannyjpalmer,Unknown,0,2
@votes_17,@votes_17,Unknown,0,1
normanjam67,normanjam67,Unknown,0,2
davehill,davehill,Unknown,0,2
@asinvestmentsuk,@asinvestmentsuk,Unknown,0,1
bobblackman,bobblackman,Conservative,2,0
@hibsladies.,@hibsladies.,Unknown,0,1
@xrebellionuk,@xrebellionuk,Unknown,0,1
kkphotography9,kkphotography9,Unknown,0,2
@shonarobison,@shonarobison,Unknown,0,1
mickhux,mickhux,Unknown,0,2
grantshapps,grantshapps,Unknown,0,2
benpbradshaw,benpbradshaw,Labour,2,0
@buckinghamath,@buckinghamath,Unknown,0,1
@derbyshirecc,@derbyshirecc,Unknown,0,1
jacob_rees_mogg,jacob_rees_mogg,Unknown,0,4
@stubailie,@stubailie,Unknown,0,1
@louiseellman,@louiseellman,Unknown,0,1
helenbrits,helenbrits,Unknown,0,2
@danfrancis02,@danfrancis02,Unknown,0,1
@lordrickettsp,@lordrickettsp,Unknown,0,1
@agcolehamilton,@agcolehamilton,Unknown,0,1
@niogov,@niogov,Unknown,0,1
@carolinelucas,@carolinelucas,Unknown,0,2
lewbexrail,lewbexrail,Unknown,0,2
bbcr4today,bbcr4today,Unknown,0,12
@castlvillageman,@castlvillageman,Unknown,0,1
ukef,ukef,Unknown,0,2
@sheriffnottm,@sheriffnottm,Unknown,0,1
artsciencedoc,artsciencedoc,Unknown,0,2
@suzikaz,@suzikaz,Unknown,0,1
thistlejohn,thistlejohn,Unknown,0,2
anorrismp,anorrismp,Unknown,0,2
@kristinssharp,@kristinssharp,Unknown,0,1
@joooollleeeee,@joooollleeeee,Unknown,0,1
magnaacademy,magnaacademy,Unknown,0,2
@irene89383961,@irene89383961,Unknown,0,1
@edintfest,@edintfest,Unknown,0,1
the_lowry,the_lowry,Unknown,0,2
@hteltham,@hteltham,Unknown,0,1
@uklabour's,@uklabour's,Unknown,0,1
@mrtcharris,@mrtcharris,Unknown,0,1
oldhai,oldhai,Unknown,0,2
jamesjo42157556,jamesjo42157556,Unknown,0,2
beisgovuk,beisgovuk,Unknown,0,2
skylinefilmtv,skylinefilmtv,Unknown,0,2
lukehall,lukehall,Conservative,2,2
@leedshospitals,@leedshospitals,Unknown,0,1
grahamemorris,grahamemorris,Labour,6,0
scottories,scottories,Unknown,0,14
@ofocbrexit,@ofocbrexit,Unknown,0,1
@jackleach1991⁩,@jackleach1991⁩,Unknown,0,1
nealerichmond,nealerichmond,Unknown,0,2
noramulready,noramulready,Unknown,0,2
@eastleighff,@eastleighff,Unknown,0,1
hmnbportsmouth,hmnbportsmouth,Unknown,0,2
@undp,@undp,Unknown,0,1
@jamesfrith,@jamesfrith,Unknown,0,2
janetevanskcfc,janetevanskcfc,Unknown,0,2
sadiqkhan,sadiqkhan,Unknown,0,2
@tomtugendhat,@tomtugendhat,Unknown,0,2
@glanusk,@glanusk,Unknown,0,1
@shayonislynn,@shayonislynn,Unknown,0,1
gloriadepiero,gloriadepiero,Labour,1,0
@blauweerie,@blauweerie,Unknown,0,1
@strouddc,@strouddc,Unknown,0,1
affordableleath,affordableleath,Unknown,0,2
joooollleeeee,joooollleeeee,Unknown,0,2
mhewittnpcc,mhewittnpcc,Unknown,0,2
@thatginamiller.,@thatginamiller.,Unknown,0,1
academihteifi,academihteifi,Unknown,0,2
haynesdeborah,haynesdeborah,Unknown,0,4
bbcone,bbcone,Unknown,0,2
@bbcradiowales,@bbcradiowales,Unknown,0,1
@acp_pathologist,@acp_pathologist,Unknown,0,1
kellytolhurst,kellytolhurst,Unknown,0,4
@hairybikers,@hairybikers,Unknown,0,1
crossreach,crossreach,Unknown,0,2
@pennyappeal,@pennyappeal,Unknown,0,1
@lesleyriddoch,@lesleyriddoch,Unknown,0,1
mash1973,mash1973,Unknown,0,2
wyevalleynhs,wyevalleynhs,Unknown,0,2
@channel4news,@channel4news,Unknown,0,1
sdoughtymp,sdoughtymp,Labour (Co-op),7,10
@motogp,@motogp,Unknown,0,1
@crawley_news,@crawley_news,Unknown,0,1
@jason_kint,@jason_kint,Unknown,0,1
carersuk,carersuk,Unknown,0,2
@lfoodbank,@lfoodbank,Unknown,0,1
@aberdeenshire,@aberdeenshire,Unknown,0,1
nick_veteran,nick_veteran,Unknown,0,2
@suewilson91⁩,@suewilson91⁩,Unknown,0,1
@andybell5news,@andybell5news,Unknown,0,1
vernon_coaker,vernon_coaker,Labour,1,0
derbyspolice,derbyspolice,Unknown,0,2
nickferrarilbc,nickferrarilbc,Unknown,0,2
@patel4witham,@patel4witham,Unknown,0,7
bbctwo,bbctwo,Unknown,0,2
shaileshvara,shaileshvara,Conservative,2,0
@un,@un,Unknown,0,13
@buryfcofficial,@buryfcofficial,Unknown,0,2
@hmp_brixton,@hmp_brixton,Unknown,0,1
@rmtunion,@rmtunion,Unknown,0,2
zacgoldsmith,zacgoldsmith,Conservative,1,0
dratiq,dratiq,Unknown,0,2
kirstystricklan,kirstystricklan,Unknown,0,2
@rachelreevesmp,@rachelreevesmp,Unknown,0,3
reshamkotecha,reshamkotecha,Unknown,0,2
nadinedorries,nadinedorries,Conservative,1,0
@convivir,@convivir,Unknown,0,1
julianknight15,julianknight15,Conservative,5,0
@bbcpanorama,@bbcpanorama,Unknown,0,1
@alliburkephoto,@alliburkephoto,Unknown,0,1
adwooldridge,adwooldridge,Unknown,0,2
stroud_labour,stroud_labour,Unknown,0,2
davidrutley,davidrutley,Conservative,1,2
castlvillageman,castlvillageman,Unknown,0,2
urbanoutreachuk,urbanoutreachuk,Unknown,0,2
@yeekwanicecream,@yeekwanicecream,Unknown,0,1
tnlcomfund,tnlcomfund,Unknown,0,4
@unitewales,@unitewales,Unknown,0,1
hannahb4livimp,hannahb4livimp,Scottish National Party,5,0
bexleybirding,bexleybirding,Unknown,0,2
@nato_marcom,@nato_marcom,Unknown,0,1
peter_fahy,peter_fahy,Unknown,0,2
@dannyvet,@dannyvet,Unknown,0,1
@mhewittnpcc,@mhewittnpcc,Unknown,0,1
@mohammadasif_1.,@mohammadasif_1.,Unknown,0,1
@steviecairns,@steviecairns,Unknown,0,1
@ace_thenorth,@ace_thenorth,Unknown,0,1
dodofrost,dodofrost,Unknown,0,2
labpublicvote,labpublicvote,Unknown,0,2
elinceredigion,elinceredigion,Unknown,0,2
@iom_mozambique,@iom_mozambique,Unknown,0,1
campbellclaret,campbellclaret,Unknown,0,4
@lovennmarket,@lovennmarket,Unknown,0,1
amritmaanldn,amritmaanldn,Unknown,0,2
@robinkellett,@robinkellett,Unknown,0,1
@resurgentsheep,@resurgentsheep,Unknown,0,1
danielzeichner,danielzeichner,Labour,1,2
@ruthgeorgemp,@ruthgeorgemp,Unknown,0,1
@bridgend4europe,@bridgend4europe,Unknown,0,1
@senschumer,@senschumer,Unknown,0,1
@gwentpcc,@gwentpcc,Unknown,0,1
britainelects,britainelects,Unknown,0,2
@viralkmh,@viralkmh,Unknown,0,1
@charteriscentre,@charteriscentre,Unknown,0,1
@britainelects,@britainelects,Unknown,0,1
@raildeliverygrp,@raildeliverygrp,Unknown,0,1
@nickboles,@nickboles,Unknown,0,2
deidrebrock,deidrebrock,Scottish National Party,2,0
yeekwanicecream,yeekwanicecream,Unknown,0,2
@jopike3,@jopike3,Unknown,0,1
@kantartns,@kantartns,Unknown,0,1
@opera_north.,@opera_north.,Unknown,0,1
@tandhesi,@tandhesi,Unknown,0,2
richardbenyonmp,richardbenyonmp,Unknown,0,2
@labourclg’s,@labourclg’s,Unknown,0,1
@haynesdeborah,@haynesdeborah,Unknown,0,2
@laphil,@laphil,Unknown,0,1
aaronbastani,aaronbastani,Unknown,0,4
@looknorthbbc,@looknorthbbc,Unknown,0,2
@robertcourts,@robertcourts,Unknown,0,1
rachelreevesmp,rachelreevesmp,Labour,1,6
jonashworth,jonashworth,Labour (Co-op),1,4
karinsmyth,karinsmyth,Labour,2,2
suenowers1,suenowers1,Unknown,0,2
rees4neath,rees4neath,Labour (Co-op),5,8
jewishchron,jewishchron,Unknown,0,2
@stockportmbc,@stockportmbc,Unknown,0,1
@bethmiller91,@bethmiller91,Unknown,0,1
@geraldine_mck,@geraldine_mck,Unknown,0,1
@davidcicilline,@davidcicilline,Unknown,0,1
natsheep,natsheep,Unknown,0,2
gavi,gavi,Unknown,0,4
benstokes38,benstokes38,Unknown,0,4
eastoncowboys,eastoncowboys,Unknown,0,2
@danwnews,@danwnews,Unknown,0,2
lottogoodcauses,lottogoodcauses,Unknown,0,2
@themumblesrnli,@themumblesrnli,Unknown,0,1
annamcmorrin,annamcmorrin,Labour,2,6
@norwichcityfc,@norwichcityfc,Unknown,0,1
scotrefcouncil,scotrefcouncil,Unknown,0,2
angelasmithmp,angelasmithmp,Labour,1,4
markhenryglover,markhenryglover,Unknown,0,2
@davidrutley,@davidrutley,Unknown,0,1
nickhurduk,nickhurduk,Conservative,1,2
scottishlabour,scottishlabour,Unknown,0,2
owen_garry,owen_garry,Unknown,0,2
@nissanuk,@nissanuk,Unknown,0,1
jennychapman,jennychapman,Labour,1,0
@arronthind,@arronthind,Unknown,0,1
niogov,niogov,Unknown,0,2
@labpublicvote,@labpublicvote,Unknown,0,1
@thamesvp,@thamesvp,Unknown,0,1
robertbuckland,robertbuckland,Conservative,2,4
@chadmmurray,@chadmmurray,Unknown,0,1
gp_cckelly,gp_cckelly,Unknown,0,2
drrosena,drrosena,Labour,2,2
@hilarybennmp,@hilarybennmp,Unknown,0,3
lstedmanbryce,lstedmanbryce,Unknown,0,2
sbristolvoice,sbristolvoice,Unknown,0,2
hocpress,hocpress,Unknown,0,2
labourparty,labourparty,Unknown,0,2
21engr,21engr,Unknown,0,2
@kathyhar,@kathyhar,Unknown,0,1
@onlondon,@onlondon,Unknown,0,1
networkrail,networkrail,Unknown,0,6
@glasgow_live,@glasgow_live,Unknown,0,1
iangould5,iangould5,Unknown,0,2
@gchq),@gchq),Unknown,0,1
@bigronstevenson,@bigronstevenson,Unknown,0,1
@dawnbutlerbrent,@dawnbutlerbrent,Unknown,0,1
@angelaeagle,@angelaeagle,Unknown,0,1
@labourwomensnet,@labourwomensnet,Unknown,0,1
marshallquentin,marshallquentin,Unknown,0,2
@eadt24,@eadt24,Unknown,0,1
@citadvicescot’s,@citadvicescot’s,Unknown,0,1
@mschakraverty,@mschakraverty,Unknown,0,1
@roadwarrior29,@roadwarrior29,Unknown,0,1
@bbcnwt,@bbcnwt,Unknown,0,1
@geraintdaviesmp,@geraintdaviesmp,Unknown,0,2
@saferrochdale,@saferrochdale,Unknown,0,1
@welshgovernment,@welshgovernment,Unknown,0,1
unholytom1980,unholytom1980,Unknown,0,2
martinborley,martinborley,Unknown,0,2
jsheappey,jsheappey,Conservative,1,2
couriergreg,couriergreg,Unknown,0,2
wbafoundation,wbafoundation,Unknown,0,2
robparsonsyp,robparsonsyp,Unknown,0,4
whfgreengrafter,whfgreengrafter,Unknown,0,2
debbie_abrahams,debbie_abrahams,Labour,6,0
@something_phil,@something_phil,Unknown,0,1
@conservatives,@conservatives,Unknown,0,6
@j_l_marsden,@j_l_marsden,Unknown,0,1
@ruthdavidsonmsp.,@ruthdavidsonmsp.,Unknown,0,1
@mslabour,@mslabour,Unknown,0,1
@networkrail,@networkrail,Unknown,0,3
hms_westminster,hms_westminster,Unknown,0,4
guardiannews,guardiannews,Unknown,0,2
neill_bob,neill_bob,Conservative,2,2
@victoriaprentis,@victoriaprentis,Unknown,0,1
@robirishmedia,@robirishmedia,Unknown,0,1
ianhudspeth,ianhudspeth,Unknown,0,2
damiancollins,damiancollins,Conservative,2,2
@sheffieldeagles,@sheffieldeagles,Unknown,0,1
@lindsaymelia,@lindsaymelia,Unknown,0,1
@unibirmingham,@unibirmingham,Unknown,0,1
@chriswarburton_,@chriswarburton_,Unknown,0,1
revdavidcoles,revdavidcoles,Unknown,0,2
@matthewotoole2,@matthewotoole2,Unknown,0,1
conservatives,conservatives,Unknown,0,12
@saluteheruk,@saluteheruk,Unknown,0,1
@gordonmarsden,@gordonmarsden,Unknown,0,1
@lizorme,@lizorme,Unknown,0,1
@timkendall1,@timkendall1,Unknown,0,1
krishgm,krishgm,Unknown,0,2
ojcoombe,ojcoombe,Unknown,0,2
@tedtalks,@tedtalks,Unknown,0,1
@georgiaruth,@georgiaruth,Unknown,0,1
bridgend4europe,bridgend4europe,Unknown,0,2
@dwp,@dwp,Unknown,0,2
@elizabday,@elizabday,Unknown,0,1
festunderstars,festunderstars,Unknown,0,2
alisonthewliss,alisonthewliss,Scottish National Party,8,2
@waspi_campaign,@waspi_campaign,Unknown,0,1
spelmanc,spelmanc,Unknown,0,2
@mpiainds’,@mpiainds’,Unknown,0,1
@newtownsappg,@newtownsappg,Unknown,0,2
lizellenjacques,lizellenjacques,Unknown,0,2
andybell5news,andybell5news,Unknown,0,2
alecshelbrooke,alecshelbrooke,Conservative,2,2
aliciajones_02,aliciajones_02,Unknown,0,2
catharinehoey,catharinehoey,Labour,3,0
judithshallow,judithshallow,Unknown,0,2
lbbexley,lbbexley,Unknown,0,2
@mash1973,@mash1973,Unknown,0,1
@cheshireeast,@cheshireeast,Unknown,0,1
@rotherham_clp,@rotherham_clp,Unknown,0,1
@euromove,@euromove,Unknown,0,1
yescymru,yescymru,Unknown,0,4
@lisaforbes_⁩,@lisaforbes_⁩,Unknown,0,1
@leovaradkar,@leovaradkar,Unknown,0,1
naylorwintersg,naylorwintersg,Unknown,0,2
@thelma_walkermp,@thelma_walkermp,Unknown,0,2
lleuwen,lleuwen,Unknown,0,2
bikerrebel1,bikerrebel1,Unknown,0,2
tandgicft,tandgicft,Unknown,0,2
@cajardinemp,@cajardinemp,Unknown,0,1
@bashartcreative,@bashartcreative,Unknown,0,1
@eastoncowboys,@eastoncowboys,Unknown,0,1
@lucympowell,@lucympowell,Unknown,0,2
@housingactionsl,@housingactionsl,Unknown,0,1
maxchauhan,maxchauhan,Unknown,0,2
@cmonaghansnp,@cmonaghansnp,Unknown,0,1
stefborella,stefborella,Unknown,0,2
@jackiejoneswal1⁩,@jackiejoneswal1⁩,Unknown,0,1
@terrychristian,@terrychristian,Unknown,0,1
@gmbscotorg,@gmbscotorg,Unknown,0,1
andrewbowie_mp,andrewbowie_mp,Conservative,3,0
@danirowley,@danirowley,Unknown,0,4
@derbychrisw,@derbychrisw,Unknown,0,2
undp,undp,Unknown,0,2
metrouk,metrouk,Unknown,0,2
@efl,@efl,Unknown,0,1
@bostonboro,@bostonboro,Unknown,0,1
@gmbcouncillors⁩,@gmbcouncillors⁩,Unknown,0,1
patel4witham,patel4witham,Unknown,0,14
helptobuy,helptobuy,Unknown,0,2
dorsetlibraries,dorsetlibraries,Unknown,0,2
@brentfordfccst,@brentfordfccst,Unknown,0,1
lovegower,lovegower,Unknown,0,2
@njd1112,@njd1112,Unknown,0,1
@the_lowry,@the_lowry,Unknown,0,1
rochdalecouncil,rochdalecouncil,Unknown,0,4
labmeps,labmeps,Unknown,0,2
liannweir,liannweir,Unknown,0,2
@essexcricket,@essexcricket,Unknown,0,1
@skylinefilmtv,@skylinefilmtv,Unknown,0,1
@electcalculus,@electcalculus,Unknown,0,1
janus_romanus,janus_romanus,Unknown,0,2
@grenfellunited,@grenfellunited,Unknown,0,1
cskidmoreuk,cskidmoreuk,Conservative,3,2
felixprojectuk,felixprojectuk,Unknown,0,2
meltankardreist,meltankardreist,Unknown,0,2
torbay_council,torbay_council,Unknown,0,2
@stephenmorganmp,@stephenmorganmp,Unknown,0,1
stvnews,stvnews,Unknown,0,2
@highlandcouncil,@highlandcouncil,Unknown,0,1
@ariannagi,@ariannagi,Unknown,0,1
rupahuq,rupahuq,Labour,3,2
@baybistrogower,@baybistrogower,Unknown,0,1
eucopresident,eucopresident,Unknown,0,2
@libdemhealth,@libdemhealth,Unknown,0,1
carequalitycomm,carequalitycomm,Unknown,0,2
@bhamcitycouncil,@bhamcitycouncil,Unknown,0,1
robinkellett,robinkellett,Unknown,0,2
campaignerkate,campaignerkate,Unknown,0,2
chelmscitycons,chelmscitycons,Unknown,0,2
highlandcouncil,highlandcouncil,Unknown,0,2
@flyamritsar,@flyamritsar,Unknown,0,1
ukmoments,ukmoments,Unknown,0,2
j_donaldson_mp,j_donaldson_mp,Democratic Unionist Party,4,2
@bangoruni!,@bangoruni!,Unknown,0,1
@lborosport,@lborosport,Unknown,0,1
@beachlifemuma,@beachlifemuma,Unknown,0,1
@nationaltrust,@nationaltrust,Unknown,0,1
@alcs_uk,@alcs_uk,Unknown,0,1
@doorsopendays.,@doorsopendays.,Unknown,0,1
@sohohouse,@sohohouse,Unknown,0,1
@karinsmyth,@karinsmyth,Unknown,0,1
kennyfarq,kennyfarq,Unknown,0,2
bbcr4sunday,bbcr4sunday,Unknown,0,2
stephenfrogers,stephenfrogers,Unknown,0,2
cheshirechief,cheshirechief,Unknown,0,2
@dannyhackett,@dannyhackett,Unknown,0,1
networkrailwest,networkrailwest,Unknown,0,2
@tgifridaysuk,@tgifridaysuk,Unknown,0,1
@lisawil66103501,@lisawil66103501,Unknown,0,1
@lisagwilym,@lisagwilym,Unknown,0,1
@mrgeorgeclarke,@mrgeorgeclarke,Unknown,0,1
@revdavidcoles,@revdavidcoles,Unknown,0,1
mhclg,mhclg,Unknown,0,8
harbornelabour,harbornelabour,Unknown,0,2
@siobhni,@siobhni,Unknown,0,2
wizbates,wizbates,Unknown,0,4
@walesvelodrome,@walesvelodrome,Unknown,0,1
@kevinhollinrake,@kevinhollinrake,Unknown,0,1
cmonaghansnp,cmonaghansnp,Scottish National Party,1,2
@annaturley,@annaturley,Unknown,0,3
robertinnes,robertinnes,Unknown,0,2
auobcymru,auobcymru,Unknown,0,4
antrimandnewtownabbey,antrimandnewtownabbey,Unknown,0,2
northwaleschron,northwaleschron,Unknown,0,2
@rxangus,@rxangus,Unknown,0,1
@bbccasualty,@bbccasualty,Unknown,0,1
d_g_alexander,d_g_alexander,Unknown,0,2
@singhlions,@singhlions,Unknown,0,1
davidlammy,davidlammy,Unknown,0,2
@morrisons,@morrisons,Unknown,0,1
ulht_news,ulht_news,Unknown,0,2
@wm6thform,@wm6thform,Unknown,0,1
@waynedavid_mp,@waynedavid_mp,Unknown,0,1
@skynews,@skynews,Unknown,0,4
jmac_wir,jmac_wir,Unknown,0,2
@f_a_f_c,@f_a_f_c,Unknown,0,1
@britaccpath,@britaccpath,Unknown,0,1
@labourdefra’a,@labourdefra’a,Unknown,0,1
paulasherriff,paulasherriff,Labour,3,4
victoriaprentis,victoriaprentis,Conservative,2,2
warmongerhodges,warmongerhodges,Unknown,0,2
@sharonconnor28,@sharonconnor28,Unknown,0,1
@annclwyd,@annclwyd,Unknown,0,1
ipprnorth,ipprnorth,Unknown,0,2
@tylerpk,@tylerpk,Unknown,0,1
@thatginamiller,@thatginamiller,Unknown,0,2
gpspecials,gpspecials,Unknown,0,2
swansea4europe,swansea4europe,Unknown,0,2
andrewcopson,andrewcopson,Unknown,0,2
bubblejet,bubblejet,Unknown,0,2
@michaelcaines,@michaelcaines,Unknown,0,1
mschakraverty,mschakraverty,Unknown,0,2
@uklabour’s,@uklabour’s,Unknown,0,2
derbyshirecc,derbyshirecc,Unknown,0,2
mike_fabricant,mike_fabricant,Conservative,4,0
@barackobama,@barackobama,Unknown,0,2
@ukgovscotland,@ukgovscotland,Unknown,0,2
ajenglish,ajenglish,Unknown,0,2
@sarahchampionmp.,@sarahchampionmp.,Unknown,0,1
talkradio,talkradio,Unknown,0,2
jgurling,jgurling,Unknown,0,2
mailonline,mailonline,Unknown,0,6
solihullupdates,solihullupdates,Unknown,0,2
arhselk,arhselk,Unknown,0,2
trentuni,trentuni,Unknown,0,2
@nath_brudenell,@nath_brudenell,Unknown,0,1
@katieculture,@katieculture,Unknown,0,1
angelaeagle,angelaeagle,Labour,2,2
coyleneil,coyleneil,Labour,2,0
@ryanshorthouse,@ryanshorthouse,Unknown,0,1
@hanbithell,@hanbithell,Unknown,0,1
labour_history,labour_history,Unknown,0,2
@jemsoc,@jemsoc,Unknown,0,1
@mybcu,@mybcu,Unknown,0,1
joannaccherry,joannaccherry,Scottish National Party,4,0
gmbscotorg,gmbscotorg,Unknown,0,2
@lucyallan,@lucyallan,Unknown,0,1
@spelmanc,@spelmanc,Unknown,0,1
@shsorguk.,@shsorguk.,Unknown,0,1
@peterkyle,@peterkyle,Unknown,0,1
mit,mit,Unknown,0,18
drravij,drravij,Unknown,0,2
@diomanchester,@diomanchester,Unknown,0,1
@stroud_labour,@stroud_labour,Unknown,0,1
@cpjelmore,@cpjelmore,Unknown,0,2
@lbofbexley,@lbofbexley,Unknown,0,1
lborobelltrust,lborobelltrust,Unknown,0,2
@scotrefcouncil,@scotrefcouncil,Unknown,0,1
@mailonline,@mailonline,Unknown,0,3
@bostonpoliceuk,@bostonpoliceuk,Unknown,0,1
kathiedrinan,kathiedrinan,Unknown,0,2
@edfringe,@edfringe,Unknown,0,1
@tomfairless⁩,@tomfairless⁩,Unknown,0,1
@nhsx,@nhsx,Unknown,0,1
afcoleicester,afcoleicester,Unknown,0,2
@mndpatients,@mndpatients,Unknown,0,1
@rhhwilliams,@rhhwilliams,Unknown,0,1
sou_airport,sou_airport,Unknown,0,4
@colmdore,@colmdore,Unknown,0,1
chrisevansmp,chrisevansmp,Unknown,0,2
@mayor_anderson,@mayor_anderson,Unknown,0,1
@dmrussell62,@dmrussell62,Unknown,0,1
@delythjewellam,@delythjewellam,Unknown,0,1
@normanjam67,@normanjam67,Unknown,0,1
@jonadowning,@jonadowning,Unknown,0,1
@jthalassites,@jthalassites,Unknown,0,1
kristinssharp,kristinssharp,Unknown,0,2
matthewotoole2,matthewotoole2,Unknown,0,2
areeqchowdhury,areeqchowdhury,Unknown,0,2
@hullheadstart,@hullheadstart,Unknown,0,1
mya_wilsonx,mya_wilsonx,Unknown,0,2
@drravij,@drravij,Unknown,0,1
laurawalker_yp,laurawalker_yp,Unknown,0,2
@sikhsforsikhs,@sikhsforsikhs,Unknown,0,1
@matrixacademyt,@matrixacademyt,Unknown,0,1
@leavehq,@leavehq,Unknown,0,1
edintfest,edintfest,Unknown,0,2
highpeakbc,highpeakbc,Unknown,0,2
@bnorval48,@bnorval48,Unknown,0,1
@anndranicolson,@anndranicolson,Unknown,0,1
daviddavismp,daviddavismp,Conservative,1,0
bbradley_mans,bbradley_mans,Conservative,2,0
@airindiain,@airindiain,Unknown,0,1
labourlordsuk,labourlordsuk,Unknown,0,4
@rmt_scotland,@rmt_scotland,Unknown,0,1
airindiain,airindiain,Unknown,0,2
@cllrtomdavies,@cllrtomdavies,Unknown,0,1
carolinelucas,carolinelucas,Green Party,1,4
@nmdacosta,@nmdacosta,Unknown,0,1
@glasgowtramway,@glasgowtramway,Unknown,0,1
@nickferrarilbc,@nickferrarilbc,Unknown,0,1
rogergodsiff,rogergodsiff,Labour,1,0
envagency,envagency,Unknown,0,2
@londonbirdclub,@londonbirdclub,Unknown,0,1
@uukintl,@uukintl,Unknown,0,1
@northantspolice,@northantspolice,Unknown,0,1
gwynnemp,gwynnemp,Labour,5,2
botzarelli,botzarelli,Unknown,0,2
@nicolasturgeon.,@nicolasturgeon.,Unknown,0,1
@aaronbastani,@aaronbastani,Unknown,0,2
@lmw_hospital,@lmw_hospital,Unknown,0,1
@jackedeakin,@jackedeakin,Unknown,0,1
policechiefs,policechiefs,Unknown,0,2
@mjt999heart,@mjt999heart,Unknown,0,1
@stjohnscam,@stjohnscam,Unknown,0,1
scotparl,scotparl,Unknown,0,4
pfew_hq,pfew_hq,Unknown,0,2
steveallman,steveallman,Unknown,0,2
@andrew_adonis,@andrew_adonis,Unknown,0,2
southernwater,southernwater,Unknown,0,2
claptoncfc,claptoncfc,Unknown,0,2
doinacornell,doinacornell,Unknown,0,2
@owenjones84,@owenjones84,Unknown,0,4
@simoncoveney,@simoncoveney,Unknown,0,1
@dstlmod,@dstlmod,Unknown,0,1
justintomlinson,justintomlinson,Conservative,1,0
ukgovscotland,ukgovscotland,Unknown,0,4
@greggawallace,@greggawallace,Unknown,0,1
@saferswansea,@saferswansea,Unknown,0,1
ascension_gov,ascension_gov,Unknown,0,2
@cleanstreetstu,@cleanstreetstu,Unknown,0,1
@alisontrimble,@alisontrimble,Unknown,0,1
schooltruth,schooltruth,Unknown,0,2
asda,asda,Unknown,0,5
onnmel,onnmel,Labour,2,2
danirowley,danirowley,Labour,3,8
@henryfraser0,@henryfraser0,Unknown,0,1
euromove,euromove,Unknown,0,2
mpsbromley,mpsbromley,Unknown,0,2
@mit_reap,@mit_reap,Unknown,0,1
telglobalhealth,telglobalhealth,Unknown,0,2
@erika_rushton,@erika_rushton,Unknown,0,1
@france24_en,@france24_en,Unknown,0,1
@gcrgreat,@gcrgreat,Unknown,0,1
morrisons,morrisons,Unknown,0,2
rxangus,rxangus,Unknown,0,2
brentfordfccst,brentfordfccst,Unknown,0,2
@yellabelly6,@yellabelly6,Unknown,0,1
@tilly_trailer,@tilly_trailer,Unknown,0,1
@jamescleverly,@jamescleverly,Unknown,0,6
fmwales,fmwales,Unknown,0,2
@david_jamieson7,@david_jamieson7,Unknown,0,1
colin_j_clark,colin_j_clark,Conservative,1,2
@joannechocolat,@joannechocolat,Unknown,0,1
@christia_allard,@christia_allard,Unknown,0,1
@plbritish,@plbritish,Unknown,0,1
@jround3,@jround3,Unknown,0,1
@thegreenparty,@thegreenparty,Unknown,0,2
@labourlewis⁩,@labourlewis⁩,Unknown,0,1
@leedsandyorkpft,@leedsandyorkpft,Unknown,0,1
@bbcone's,@bbcone's,Unknown,0,1
glasgowheritage,glasgowheritage,Unknown,0,2
cllralanmitch,cllralanmitch,Unknown,0,2
@tribunemps,@tribunemps,Unknown,0,1
gillfurnissmp,gillfurnissmp,Labour,1,0
adesola86,adesola86,Unknown,0,2
dulwichhamletfc,dulwichhamletfc,Unknown,0,2
@unitenwpolitics,@unitenwpolitics,Unknown,0,1
@lovedarlouk,@lovedarlouk,Unknown,0,1
nelft,nelft,Unknown,0,2
jaymitchinson,jaymitchinson,Unknown,0,2
doddsjane,doddsjane,Unknown,0,2
rushanaraali,rushanaraali,Labour,1,0
themumblesrnli,themumblesrnli,Unknown,0,2
sheffieldeagles,sheffieldeagles,Unknown,0,2
@samsoprano30,@samsoprano30,Unknown,0,1
@frankfieldteam,@frankfieldteam,Unknown,0,2
miketomillar,miketomillar,Unknown,0,2
@clivetyldesley,@clivetyldesley,Unknown,0,1
@annlimb,@annlimb,Unknown,0,1
ranil,ranil,Unknown,0,2
@jem7069,@jem7069,Unknown,0,1
henrysmithuk,henrysmithuk,Conservative,1,2
itvwales,itvwales,Unknown,0,4
@reshamkotecha,@reshamkotecha,Unknown,0,1
@lakelandscorby,@lakelandscorby,Unknown,0,1
@gmb_union,@gmb_union,Unknown,0,2
@stuart_stumcg,@stuart_stumcg,Unknown,0,1
@ucas_online,@ucas_online,Unknown,0,1
@manushrafatjah,@manushrafatjah,Unknown,0,1
guardian,guardian,Unknown,0,5
tedtalks,tedtalks,Unknown,0,2
corbyradio,corbyradio,Unknown,0,2
carerstrust,carerstrust,Unknown,0,2
peachsandgrades,peachsandgrades,Unknown,0,2
@boltonfoodfest,@boltonfoodfest,Unknown,0,1
@leder_team,@leder_team,Unknown,0,1
@tees4europe,@tees4europe,Unknown,0,1
ageukbirmingham,ageukbirmingham,Unknown,0,2
@emilyhewertson,@emilyhewertson,Unknown,0,1
@keatsandchapman,@keatsandchapman,Unknown,0,1
benjamin__bland,benjamin__bland,Unknown,0,2
heathrowairport,heathrowairport,Unknown,0,2
seandunderdale,seandunderdale,Unknown,0,2
@comres,@comres,Unknown,0,1
@burytimes,@burytimes,Unknown,0,1
kkaaazz14,kkaaazz14,Unknown,0,2
markeuromark,markeuromark,Unknown,0,2
hilarybennmp,hilarybennmp,Labour,2,6
dphs,dphs,Unknown,0,2
wembleystadium,wembleystadium,Unknown,0,2
09twiggy,09twiggy,Unknown,0,2
@petewishart,@petewishart,Unknown,0,1
darrenpjones,darrenpjones,Labour,2,0
essexcricket,essexcricket,Unknown,0,2
@bjh251,@bjh251,Unknown,0,1
@ashfordcca,@ashfordcca,Unknown,0,1
@stellacreasy,@stellacreasy,Unknown,0,2
naomihodges28,naomihodges28,Unknown,0,2
@reecewhayes,@reecewhayes,Unknown,0,1
@networkrailwest,@networkrailwest,Unknown,0,1
jacqui_smith1,jacqui_smith1,Unknown,0,2
hirst4essexpfcc,hirst4essexpfcc,Unknown,0,4
snpgryffe,snpgryffe,Unknown,0,2
bbcradiocymru,bbcradiocymru,Unknown,0,2
shaunbaileyuk,shaunbaileyuk,Unknown,0,2
hazel_thorpe,hazel_thorpe,Unknown,0,2
nsoames,nsoames,Conservative,9,2
mikeamesburymp,mikeamesburymp,Labour,2,0
ni_infantry,ni_infantry,Unknown,0,2
proud_sappers,proud_sappers,Unknown,0,2
nationaltrust,nationaltrust,Unknown,0,2
shaunlintern,shaunlintern,Unknown,0,4
totterdown_,totterdown_,Unknown,0,2
bbcradiowales,bbcradiowales,Unknown,0,2
marcus4nuneaton,marcus4nuneaton,Conservative,2,0
baybistrogower,baybistrogower,Unknown,0,2
scott_arthur,scott_arthur,Unknown,0,2
@the_work_room,@the_work_room,Unknown,0,1
cnewarthill,cnewarthill,Unknown,0,2
helengrantmp,helengrantmp,Unknown,0,2
tobybaxendale,tobybaxendale,Unknown,0,2
mojgovuk,mojgovuk,Unknown,0,2
gowernt,gowernt,Unknown,0,2
xrbexley,xrbexley,Unknown,0,2
jamiefonzarelli,jamiefonzarelli,Unknown,0,2
lakelandscorby,lakelandscorby,Unknown,0,2
biainfection,biainfection,Unknown,0,2
@heathrowairport,@heathrowairport,Unknown,0,1
@seanyboy_e,@seanyboy_e,Unknown,0,1
rebeccaharrismp,rebeccaharrismp,Conservative,6,0
@stefborella,@stefborella,Unknown,0,1
@cllrsdarling,@cllrsdarling,Unknown,0,3
portsmthnewshub,portsmthnewshub,Unknown,0,2
@parkerciccone,@parkerciccone,Unknown,0,1
carolynharris24,carolynharris24,Labour,14,16
@femi_sorry,@femi_sorry,Unknown,0,2
bevanfestival,bevanfestival,Unknown,0,2
itvnews,itvnews,Unknown,0,2
@samanthajayneb4,@samanthajayneb4,Unknown,0,1
@jeremy_miles,@jeremy_miles,Unknown,0,1
gavnewlandssnp,gavnewlandssnp,Scottish National Party,6,2
@wendygeorginal2,@wendygeorginal2,Unknown,0,1
@keithmorrisaber,@keithmorrisaber,Unknown,0,1
@kirstywark,@kirstywark,Unknown,0,1
@radiohumberside,@radiohumberside,Unknown,0,1
@llafurcymru,@llafurcymru,Unknown,0,1
@mykelo,@mykelo,Unknown,0,1
@timloughton,@timloughton,Unknown,0,2
@isabelhardman,@isabelhardman,Unknown,0,1
pathsoc,pathsoc,Unknown,0,2
hendas76,hendas76,Unknown,0,2
@shirkerism,@shirkerism,Unknown,0,1
@edwardjdavey,@edwardjdavey,Unknown,0,1
tompjourno,tompjourno,Unknown,0,2
@katiecurtis⁩,@katiecurtis⁩,Unknown,0,1
@charlotteadele_,@charlotteadele_,Unknown,0,1
@nadams,@nadams,Unknown,0,1
@michael4mdnp,@michael4mdnp,Unknown,0,1
hmp_brixton,hmp_brixton,Unknown,0,2
stephenkerrmp,stephenkerrmp,Unknown,0,2
@emmahardymp),@emmahardymp),Unknown,0,1
@mikeajturner,@mikeajturner,Unknown,0,1
@hginnett,@hginnett,Unknown,0,1
@domgiles1,@domgiles1,Unknown,0,1
eadt24,eadt24,Unknown,0,2
@marklancastermk,@marklancastermk,Unknown,0,1
stotfoldfc,stotfoldfc,Unknown,0,2
@rees4neath⁩,@rees4neath⁩,Unknown,0,1
@waileeho,@waileeho,Unknown,0,1
mattwarman,mattwarman,Conservative,3,0
katiecurtis,katiecurtis,Unknown,0,2
@ruthcadbury,@ruthcadbury,Unknown,0,3
ntelegraph,ntelegraph,Unknown,0,2
slaughtered94,slaughtered94,Unknown,0,2
@prisonersed,@prisonersed,Unknown,0,1
europe1,europe1,Unknown,0,2
@stvnews,@stvnews,Unknown,0,1
@nickymorgan01:,@nickymorgan01:,Unknown,0,1
tresacic,tresacic,Unknown,0,2
uukintl,uukintl,Unknown,0,2
@ruthreed01,@ruthreed01,Unknown,0,1
davidevennett,davidevennett,Unknown,0,4
irishbird8,irishbird8,Unknown,0,2
abolisheton,abolisheton,Unknown,0,2
portsmouthport,portsmouthport,Unknown,0,2
@williamjhague,@williamjhague,Unknown,0,1
@garnethill_drg,@garnethill_drg,Unknown,0,1
nicolahall332,nicolahall332,Unknown,0,2
matthancock,matthancock,Conservative,2,14
@lifelonglearning,@lifelonglearning,Unknown,0,1
@sandbach,@sandbach,Unknown,0,1
kimberley_s_j,kimberley_s_j,Unknown,0,2
colmdore,colmdore,Unknown,0,2
johnnymerceruk,johnnymerceruk,Conservative,5,0
@tresacic,@tresacic,Unknown,0,1
lovenorthampton,lovenorthampton,Unknown,0,2
saferswansea,saferswansea,Unknown,0,2
@captain_deltic,@captain_deltic,Unknown,0,1
mark_mclaughlin,mark_mclaughlin,Unknown,0,2
morthnjustasong,morthnjustasong,Unknown,0,2
dpacsheffield,dpacsheffield,Unknown,0,2
@peston,@peston,Unknown,0,1
charlotteadele_,charlotteadele_,Unknown,0,2
@grassrootsmick1,@grassrootsmick1,Unknown,0,1
@georgie_patto⁩,@georgie_patto⁩,Unknown,0,1
@jasnabadzak,@jasnabadzak,Unknown,0,1
uhbtrust,uhbtrust,Unknown,0,2
@jamesfwells,@jamesfwells,Unknown,0,1
marycreagh_,marycreagh_,Labour,1,0
meaglemp,meaglemp,Labour,4,0
