Source,Target,Type,Weight,Sentiment
acunninghammp,@billfest.,mention,1,0.6697
acunninghammp,@carolynharris24’s,mention,1,0.5106
acunninghammp,@thornaby_fc.,mention,1,0.6705
acunninghammp,billfest,mention,1,0.6697
acunninghammp,carolynharris24,mention,1,0.5106
acunninghammp,thornaby_fc,mention,1,0.6705
afzal4gorton,@xrebellionuk,mention,1,0.6229
afzal4gorton,xrebellionuk,mention,1,0.6229
alanbrownsnp,@lovenewmilns,mention,1,0.9258
alanbrownsnp,lovenewmilns,mention,1,0.9258
albertowen2020,@jeremy_miles,mention,1,0.0
albertowen2020,@labour_history,mention,1,0.0
albertowen2020,@llafurcymru,mention,1,0.0
albertowen2020,@uklabour,mention,1,0.9656
albertowen2020,@welshlabour,mention,1,0.9656
albertowen2020,jeremy_miles,mention,1,0.0
albertowen2020,labour_history,mention,1,0.0
albertowen2020,llafurcymru,mention,1,0.0
albertowen2020,uklabour,mention,1,0.9656
albertowen2020,welshlabour,mention,1,0.9656
alecshelbrooke,@alecshelbrooke,mention,1,0.8481
alecshelbrooke,@andrewbowiemp,mention,1,0.8481
alecshelbrooke,@bmgray007,mention,1,-0.296
alecshelbrooke,@borisjohnson,mention,1,0.8481
alecshelbrooke,@davidevennett,mention,1,0.8481
alecshelbrooke,@helen_whately,mention,1,0.8481
alecshelbrooke,@helengrantmp,mention,1,0.8481
alecshelbrooke,@jamescleverly,mention,1,0.8481
alecshelbrooke,@paulscullymp,mention,1,0.8481
alecshelbrooke,@ranil,mention,1,0.8481
alecshelbrooke,alecshelbrooke,mention,1,0.8481
alecshelbrooke,andrewbowiemp,mention,1,0.8481
alecshelbrooke,bmgray007,mention,1,-0.296
alecshelbrooke,borisjohnson,mention,1,0.8481
alecshelbrooke,davidevennett,mention,1,0.8481
alecshelbrooke,helen_whately,mention,1,0.8481
alecshelbrooke,helengrantmp,mention,1,0.8481
alecshelbrooke,jamescleverly,mention,1,0.8481
alecshelbrooke,paulscullymp,mention,1,0.8481
alecshelbrooke,ranil,mention,1,0.8481
alewermbe,@cityam,mention,1,-0.5577
alewermbe,@lovennmarket,mention,1,0.9153
alewermbe,@lovenorthampton,mention,1,0.9153
alewermbe,@northamptonbc,mention,1,0.9153
alewermbe,@northantspolice,mention,1,0.9153
alewermbe,cityam,mention,1,-0.5577
alewermbe,lovennmarket,mention,1,0.9153
alewermbe,lovenorthampton,mention,1,0.9153
alewermbe,northamptonbc,mention,1,0.9153
alewermbe,northantspolice,mention,1,0.9153
alexburghart,@borisjohnson's,mention,1,0.4927
alexburghart,@hirst4essexpfcc,mention,1,0.2732
alexburghart,borisjohnson,mention,1,0.4927
alexburghart,hirst4essexpfcc,mention,1,0.2732
alexnorrisnn,@anorrismp,mention,1,0.8316
alexnorrisnn,@liliangreenwood,mention,1,0.8316
alexnorrisnn,@lordmayornottm,mention,1,0.8316
alexnorrisnn,@nottmhospitals,mention,1,0.8316
alexnorrisnn,@paddytipping,mention,1,0.8316
alexnorrisnn,@sheriffnottm,mention,1,0.8316
alexnorrisnn,anorrismp,mention,1,0.8316
alexnorrisnn,liliangreenwood,mention,1,0.8316
alexnorrisnn,lordmayornottm,mention,1,0.8316
alexnorrisnn,nottmhospitals,mention,1,0.8316
alexnorrisnn,paddytipping,mention,1,0.8316
alexnorrisnn,sheriffnottm,mention,1,0.8316
alexsobel,@aaronbastani,mention,1,-0.3612
alexsobel,@abolisheton,mention,1,-0.3612
alexsobel,@alexsobel,mention,1,0.5848
alexsobel,@ameinuusa,mention,1,0.7506
alexsobel,@andy_gouldson,mention,1,0.0
alexsobel,@botzarelli,mention,1,0.7755
alexsobel,@cllrjudithblake,mention,1,0.0
alexsobel,@cllrwalshaw,mention,1,0.0
alexsobel,@dprpdz,mention,1,-0.3612
alexsobel,@georgeaylett,mention,1,-0.3612
alexsobel,@hanbithell,mention,1,0.5574
alexsobel,@hopenothate,mention,1,-0.6908
alexsobel,@hydeparkph,mention,1,0.467
alexsobel,@jewishlabour,mention,1,0.7506
alexsobel,@jround3,mention,1,0.0
alexsobel,@kirkstalllabour,mention,1,0.5574
alexsobel,@lisamulherin,mention,1,0.0
alexsobel,@miketomillar,mention,1,0.5955
alexsobel,@nath_brudenell,mention,1,0.467
alexsobel,@sam_jja,mention,1,0.5955
alexsobel,aaronbastani,mention,1,-0.3612
alexsobel,abolisheton,mention,1,-0.3612
alexsobel,alexsobel,mention,1,0.5848
alexsobel,ameinuusa,mention,1,0.7506
alexsobel,andy_gouldson,mention,1,0.0
alexsobel,botzarelli,mention,1,0.7755
alexsobel,cllrjudithblake,mention,1,0.0
alexsobel,cllrwalshaw,mention,1,0.0
alexsobel,dprpdz,mention,1,-0.3612
alexsobel,georgeaylett,mention,1,-0.3612
alexsobel,hanbithell,mention,1,0.5574
alexsobel,hopenothate,mention,1,-0.6908
alexsobel,hydeparkph,mention,1,0.467
alexsobel,jewishlabour,mention,1,0.7506
alexsobel,jround3,mention,1,0.0
alexsobel,kirkstalllabour,mention,1,0.5574
alexsobel,lisamulherin,mention,1,0.0
alexsobel,miketomillar,mention,1,0.5955
alexsobel,nath_brudenell,mention,1,0.467
alexsobel,sam_jja,mention,1,0.5955
alison_mcgovern,@dawnafinch,mention,1,0.7783
alison_mcgovern,@erika_rushton,mention,1,0.81
alison_mcgovern,dawnafinch,mention,1,0.7783
alison_mcgovern,erika_rushton,mention,1,0.81
alisonthewliss,@alisonthewliss,mention,1,-0.34
alisonthewliss,@anassarwar,mention,1,-0.34
alisonthewliss,@bashartcreative,mention,1,0.8327
alisonthewliss,@beltrew,mention,1,-0.9274
alisonthewliss,@glasgow_live,mention,1,0.81
alisonthewliss,@glasgowcc,mention,1,0.802
alisonthewliss,@glasgowtramway,mention,1,0.8327
alisonthewliss,@govanhillbaths,mention,1,0.9626
alisonthewliss,@humzayousaf,mention,1,-0.34
alisonthewliss,@independent,mention,1,-0.9274
alisonthewliss,@kirstystricklan,mention,1,0.4404
alisonthewliss,@nicolasturgeon,mention,1,-0.34
alisonthewliss,@scotcivictrust,mention,1,0.9626
alisonthewliss,@stvnews,mention,1,0.81
alisonthewliss,@the_work_room,mention,1,0.8327
alisonthewliss,@theeveningtimes,mention,1,0.81
alisonthewliss,@thesnp,mention,1,-0.434
alisonthewliss,@wais_together,mention,1,0.4404
alisonthewliss,alisonthewliss,mention,1,-0.34
alisonthewliss,anassarwar,mention,1,-0.34
alisonthewliss,bashartcreative,mention,1,0.8327
alisonthewliss,beltrew,mention,1,-0.9274
alisonthewliss,glasgow_live,mention,1,0.81
alisonthewliss,glasgowcc,mention,1,0.802
alisonthewliss,glasgowtramway,mention,1,0.8327
alisonthewliss,govanhillbaths,mention,1,0.9626
alisonthewliss,humzayousaf,mention,1,-0.34
alisonthewliss,independent,mention,1,-0.9274
alisonthewliss,kirstystricklan,mention,1,0.4404
alisonthewliss,nicolasturgeon,mention,1,-0.34
alisonthewliss,scotcivictrust,mention,1,0.9626
alisonthewliss,stvnews,mention,1,0.81
alisonthewliss,the_work_room,mention,1,0.8327
alisonthewliss,theeveningtimes,mention,1,0.81
alisonthewliss,thesnp,mention,1,-0.434
alisonthewliss,wais_together,mention,1,0.4404
alistairburtuk,@buckinghamath,mention,1,0.0
alistairburtuk,@chandlersfe,mention,1,0.6249
alistairburtuk,@crisisgroup,mention,1,-0.3818
alistairburtuk,@efl,mention,1,0.0
alistairburtuk,@gavi’s,mention,1,-0.1761
alistairburtuk,@normanlamb,mention,1,0.7968
alistairburtuk,@stotfoldfc,mention,1,0.0
alistairburtuk,@tilly_trailer,mention,1,0.6249
alistairburtuk,@undp,mention,1,0.7517
alistairburtuk,buckinghamath,mention,1,0.0
alistairburtuk,chandlersfe,mention,1,0.6249
alistairburtuk,crisisgroup,mention,1,-0.3818
alistairburtuk,efl,mention,1,0.0
alistairburtuk,gavi,mention,1,-0.1761
alistairburtuk,normanlamb,mention,1,0.7968
alistairburtuk,stotfoldfc,mention,1,0.0
alistairburtuk,tilly_trailer,mention,1,0.6249
alistairburtuk,undp,mention,1,0.7517
amberrudduk,@fiveguysuk,mention,1,0.91
amberrudduk,fiveguysuk,mention,1,0.91
amcarmichaelmp,@amcarmichaelmp,mention,1,0.128
amcarmichaelmp,@envagency,mention,1,0.128
amcarmichaelmp,amcarmichaelmp,mention,1,0.128
amcarmichaelmp,envagency,mention,1,0.128
andrealeadsom,@alexanderreevo,mention,1,0.8217
andrealeadsom,@andrealeadsom,mention,3,0.2739
andrealeadsom,@f1appg,mention,1,0.8217
andrealeadsom,@ianduncanhmg,mention,1,0.0
andrealeadsom,@j_donaldson_mp,mention,1,0.8217
andrealeadsom,@jacob_rees_mogg,mention,1,0.5569
andrealeadsom,@jojohnsonuk,mention,2,0.0
andrealeadsom,@juliahb1,mention,1,0.5569
andrealeadsom,@kellytolhurst,mention,2,0.0
andrealeadsom,@kwasikwarteng,mention,2,0.0
andrealeadsom,@motogp,mention,1,0.8217
andrealeadsom,@nadhimzahawi,mention,2,0.0
andrealeadsom,@silverstoneuk,mention,1,0.8217
andrealeadsom,alexanderreevo,mention,1,0.8217
andrealeadsom,andrealeadsom,mention,3,0.2739
andrealeadsom,f1appg,mention,1,0.8217
andrealeadsom,ianduncanhmg,mention,1,0.0
andrealeadsom,j_donaldson_mp,mention,1,0.8217
andrealeadsom,jacob_rees_mogg,mention,1,0.5569
andrealeadsom,jojohnsonuk,mention,2,0.0
andrealeadsom,juliahb1,mention,1,0.5569
andrealeadsom,kellytolhurst,mention,2,0.0
andrealeadsom,kwasikwarteng,mention,2,0.0
andrealeadsom,motogp,mention,1,0.8217
andrealeadsom,nadhimzahawi,mention,2,0.0
andrealeadsom,silverstoneuk,mention,1,0.8217
andrew4pendle,@andrew4pendle,mention,2,0.3062
andrew4pendle,@dfid_uk,mention,1,0.6124
andrew4pendle,@iom_mozambique,mention,1,0.0
andrew4pendle,@kagutamuseveni,mention,1,0.6124
andrew4pendle,andrew4pendle,mention,2,0.3062
andrew4pendle,dfid_uk,mention,1,0.6124
andrew4pendle,iom_mozambique,mention,1,0.0
andrew4pendle,kagutamuseveni,mention,1,0.6124
andrewbowie_mp,@aberdeenshire,mention,1,0.9457
andrewbowie_mp,@ben_greenstone!,mention,1,0.7574
andrewbowie_mp,@michaelgove,mention,1,-0.1027
andrewbowie_mp,@mrjkilcoyne,mention,1,-0.1027
andrewbowie_mp,@oldelpaso,mention,1,-0.1027
andrewbowie_mp,aberdeenshire,mention,1,0.9457
andrewbowie_mp,ben_greenstone,mention,1,0.7574
andrewbowie_mp,michaelgove,mention,1,-0.1027
andrewbowie_mp,mrjkilcoyne,mention,1,-0.1027
andrewbowie_mp,oldelpaso,mention,1,-0.1027
andrewrosindell,@andrewrosindell,mention,1,0.8655
andrewrosindell,@baminternationl,mention,1,0.8655
andrewrosindell,@ukef,mention,1,0.8655
andrewrosindell,andrewrosindell,mention,1,0.8655
andrewrosindell,baminternationl,mention,1,0.8655
andrewrosindell,ukef,mention,1,0.8655
andymcdonaldmp,@andymcdonaldmp,mention,1,0.0516
andymcdonaldmp,andymcdonaldmp,mention,1,0.0516
angelacrawley30,@irishbird8,mention,1,0.0
angelacrawley30,@janeygodley,mention,1,0.0
angelacrawley30,@siobhni,mention,1,0.0
angelacrawley30,irishbird8,mention,1,0.0
angelacrawley30,janeygodley,mention,1,0.0
angelacrawley30,siobhni,mention,1,0.0
angelaeagle,@benstokes38!!,mention,1,0.0
angelaeagle,@patrik_h:,mention,1,-0.1779
angelaeagle,benstokes38,mention,1,0.0
angelaeagle,patrik_h,mention,1,-0.1779
angelarayner,1davisellesse,mention,1,0.8911
angelarayner,@1davisellesse,mention,1,0.8911
angelarayner,@angelarayner,mention,3,-0.00366666666666667
angelarayner,@canalrivertrust,mention,1,0.8911
angelarayner,@lisanandy,mention,1,0.743
angelarayner,@lizellenjacques,mention,1,0.8911
angelarayner,@navpmishra,mention,1,0.5994
angelarayner,@unep_aewa,mention,1,0.5461
angelarayner,angelarayner,mention,3,-0.00366666666666667
angelarayner,canalrivertrust,mention,1,0.8911
angelarayner,lisanandy,mention,1,0.743
angelarayner,lizellenjacques,mention,1,0.8911
angelarayner,navpmishra,mention,1,0.5994
angelarayner,unep_aewa,mention,1,0.5461
angelasmithmp,@angelasmithmp,mention,1,0.2023
angelasmithmp,@benmlake,mention,1,0.2023
angelasmithmp,@leavehq,mention,1,0.2023
angelasmithmp,@natsheep,mention,1,0.2023
angelasmithmp,@petenorth303,mention,1,0.2023
angelasmithmp,angelasmithmp,mention,1,0.2023
angelasmithmp,benmlake,mention,1,0.2023
angelasmithmp,leavehq,mention,1,0.2023
angelasmithmp,natsheep,mention,1,0.2023
angelasmithmp,petenorth303,mention,1,0.2023
angusmacneilsnp,@angusmacneilsnp,mention,4,-0.091075
angusmacneilsnp,@berthanpete,mention,1,0.5719
angusmacneilsnp,@clairebyrnelive,mention,1,-0.2263
angusmacneilsnp,@cornwall4eu,mention,1,-0.2263
angusmacneilsnp,@guyverhofstadt,mention,1,-0.4767
angusmacneilsnp,@joswinson,mention,1,0.0
angusmacneilsnp,@kennymacaskill,mention,1,0.4404
angusmacneilsnp,@lesleyriddoch,mention,1,0.6428
angusmacneilsnp,@neilfindlay_msp,mention,1,0.6369
angusmacneilsnp,@nicolasturgeon,mention,1,0.1124
angusmacneilsnp,@paulwheelhouse,mention,1,0.1124
angusmacneilsnp,@peat_diesel,mention,1,0.4019
angusmacneilsnp,@richardjmurphy,mention,1,0.2263
angusmacneilsnp,@rxangus,mention,1,0.4404
angusmacneilsnp,@scotnational,mention,2,0.68895
angusmacneilsnp,@scotparl,mention,1,0.7184
angusmacneilsnp,@skinnock,mention,1,-0.7351
angusmacneilsnp,@snpchris,mention,1,0.5719
angusmacneilsnp,angusmacneilsnp,mention,4,-0.091075
angusmacneilsnp,berthanpete,mention,1,0.5719
angusmacneilsnp,clairebyrnelive,mention,1,-0.2263
angusmacneilsnp,cornwall4eu,mention,1,-0.2263
angusmacneilsnp,guyverhofstadt,mention,1,-0.4767
angusmacneilsnp,joswinson,mention,1,0.0
angusmacneilsnp,kennymacaskill,mention,1,0.4404
angusmacneilsnp,lesleyriddoch,mention,1,0.6428
angusmacneilsnp,neilfindlay_msp,mention,1,0.6369
angusmacneilsnp,nicolasturgeon,mention,1,0.1124
angusmacneilsnp,paulwheelhouse,mention,1,0.1124
angusmacneilsnp,peat_diesel,mention,1,0.4019
angusmacneilsnp,richardjmurphy,mention,1,0.2263
angusmacneilsnp,rxangus,mention,1,0.4404
angusmacneilsnp,scotnational,mention,2,0.68895
angusmacneilsnp,scotparl,mention,1,0.7184
angusmacneilsnp,skinnock,mention,1,-0.7351
angusmacneilsnp,snpchris,mention,1,0.5719
anna_soubry,@forchange_now,mention,1,-0.296
anna_soubry,@nickboles,mention,1,-0.296
anna_soubry,forchange_now,mention,1,-0.296
anna_soubry,nickboles,mention,1,-0.296
annamcmorrin,@fiona_stewart,mention,1,0.9485
annamcmorrin,@glanusk,mention,1,0.9485
annamcmorrin,@greenmanfest.,mention,1,0.9485
annamcmorrin,@labpublicvote,mention,1,0.9246
annamcmorrin,@peoplesvote_uk,mention,1,0.9246
annamcmorrin,@welshlabour.,mention,1,0.9246
annamcmorrin,fiona_stewart,mention,1,0.9485
annamcmorrin,glanusk,mention,1,0.9485
annamcmorrin,greenmanfest,mention,1,0.9485
annamcmorrin,labpublicvote,mention,1,0.9246
annamcmorrin,peoplesvote_uk,mention,1,0.9246
annamcmorrin,welshlabour,mention,1,0.9246
annaturley,@aidanturner4,mention,1,-0.3111
annaturley,@annaturley,mention,2,0.69845
annaturley,@bickerrecord,mention,1,0.6249
annaturley,@borisjohnson,mention,1,-0.7351
annaturley,@communityld,mention,1,0.6239
annaturley,@duzza180,mention,1,0.8268
annaturley,@hoppy1848,mention,2,-0.09225
annaturley,@iaindale,mention,1,-0.3111
annaturley,@janeygodley,mention,1,0.5093
annaturley,@jasnabadzak,mention,1,0.4404
annaturley,@julie4nw,mention,1,0.6249
annaturley,@juliedonaldson,mention,1,0.5093
annaturley,@labour4europe,mention,1,0.6239
annaturley,@labourdefra’a,mention,1,0.6046
annaturley,@samsoprano30,mention,1,0.4404
annaturley,@sandra4646,mention,1,-0.3111
annaturley,@siobhni,mention,1,0.7269
annaturley,@skynews,mention,1,0.6249
annaturley,@suehayman1,mention,1,0.6046
annaturley,@tees4europe,mention,1,0.7845
annaturley,@tru,mention,1,0.5093
annaturley,aidanturner4,mention,1,-0.3111
annaturley,annaturley,mention,2,0.69845
annaturley,bickerrecord,mention,1,0.6249
annaturley,borisjohnson,mention,1,-0.7351
annaturley,communityld,mention,1,0.6239
annaturley,duzza180,mention,1,0.8268
annaturley,hoppy1848,mention,2,-0.09225
annaturley,iaindale,mention,1,-0.3111
annaturley,janeygodley,mention,1,0.5093
annaturley,jasnabadzak,mention,1,0.4404
annaturley,julie4nw,mention,1,0.6249
annaturley,juliedonaldson,mention,1,0.5093
annaturley,labour4europe,mention,1,0.6239
annaturley,labourdefra,mention,1,0.6046
annaturley,samsoprano30,mention,1,0.4404
annaturley,sandra4646,mention,1,-0.3111
annaturley,siobhni,mention,1,0.7269
annaturley,skynews,mention,1,0.6249
annaturley,suehayman1,mention,1,0.6046
annaturley,tees4europe,mention,1,0.7845
annaturley,tru,mention,1,0.5093
annietrev,@borisjohnson,mention,2,0.5194
annietrev,borisjohnson,mention,2,0.5194
barrysheerman,@barackobama,mention,1,0.2732
barrysheerman,@calderdale,mention,1,-0.5574
barrysheerman,@commonslibrary,mention,1,0.8777
barrysheerman,@forchange_now,mention,1,-0.6124
barrysheerman,@gregclarkmp,mention,1,-0.6124
barrysheerman,@hocpress,mention,1,0.8777
barrysheerman,@hollylynch5,mention,2,-0.1096
barrysheerman,@jamesmelville,mention,1,0.2732
barrysheerman,@ofocbrexit,mention,1,0.6696
barrysheerman,@parlyapp,mention,1,0.8777
barrysheerman,@rogerhelmermep,mention,1,-0.784
barrysheerman,@sdoughtymp,mention,1,0.0
barrysheerman,@suekilcoyne,mention,1,0.0
barrysheerman,@telegraph,mention,1,-0.7387
barrysheerman,@telepolitics,mention,1,-0.7387
barrysheerman,@thelma_walkermp,mention,1,0.0
barrysheerman,@togetherhousing,mention,1,-0.5574
barrysheerman,@toniaantoniazzi,mention,1,0.3382
barrysheerman,@ukpatchwork,mention,1,0.3382
barrysheerman,@universitiesuk,mention,1,-0.5255
barrysheerman,@uukintl,mention,1,-0.5255
barrysheerman,@wesstreeting,mention,1,0.3382
barrysheerman,@williamjhague,mention,1,-0.5255
barrysheerman,@wyfrscaldteam,mention,1,-0.5574
barrysheerman,@wyp_halifax,mention,1,-0.5574
barrysheerman,barackobama,mention,1,0.2732
barrysheerman,calderdale,mention,1,-0.5574
barrysheerman,commonslibrary,mention,1,0.8777
barrysheerman,forchange_now,mention,1,-0.6124
barrysheerman,gregclarkmp,mention,1,-0.6124
barrysheerman,hocpress,mention,1,0.8777
barrysheerman,hollylynch5,mention,2,-0.1096
barrysheerman,jamesmelville,mention,1,0.2732
barrysheerman,ofocbrexit,mention,1,0.6696
barrysheerman,parlyapp,mention,1,0.8777
barrysheerman,rogerhelmermep,mention,1,-0.784
barrysheerman,sdoughtymp,mention,1,0.0
barrysheerman,suekilcoyne,mention,1,0.0
barrysheerman,telegraph,mention,1,-0.7387
barrysheerman,telepolitics,mention,1,-0.7387
barrysheerman,thelma_walkermp,mention,1,0.0
barrysheerman,togetherhousing,mention,1,-0.5574
barrysheerman,toniaantoniazzi,mention,1,0.3382
barrysheerman,ukpatchwork,mention,1,0.3382
barrysheerman,universitiesuk,mention,1,-0.5255
barrysheerman,uukintl,mention,1,-0.5255
barrysheerman,wesstreeting,mention,1,0.3382
barrysheerman,williamjhague,mention,1,-0.5255
barrysheerman,wyfrscaldteam,mention,1,-0.5574
barrysheerman,wyp_halifax,mention,1,-0.5574
bbradley_mans,@martinclifford1,mention,1,0.3182
bbradley_mans,@telfordlabour,mention,1,0.1531
bbradley_mans,martinclifford1,mention,1,0.3182
bbradley_mans,telfordlabour,mention,1,0.1531
benmlake,@alamynews,mention,1,-0.25
benmlake,@benmlake,mention,3,0.5036
benmlake,@elinceredigion,mention,1,-0.25
benmlake,@keithmorrisaber,mention,1,-0.25
benmlake,alamynews,mention,1,-0.25
benmlake,benmlake,mention,3,0.5036
benmlake,elinceredigion,mention,1,-0.25
benmlake,keithmorrisaber,mention,1,-0.25
benpbradshaw,@markeuromark,mention,1,-0.2401
benpbradshaw,@schooltruth,mention,1,-0.8047
benpbradshaw,@stephenfrogers,mention,1,-0.8047
benpbradshaw,markeuromark,mention,1,-0.2401
benpbradshaw,schooltruth,mention,1,-0.8047
benpbradshaw,stephenfrogers,mention,1,-0.8047
bill_esterson,@annaturley,mention,1,0.34
bill_esterson,@bbcnwt,mention,1,0.2732
bill_esterson,@fliceverett,mention,1,0.34
bill_esterson,@granadareports,mention,1,0.2732
bill_esterson,@grassrootsmick1,mention,1,0.9151
bill_esterson,@ianmurraymp,mention,1,-0.2057
bill_esterson,@lindsaymelia,mention,1,0.0
bill_esterson,@louhaigh👇,mention,1,-0.8316
bill_esterson,@lovelocksc,mention,1,0.0
bill_esterson,@metromayorsteve,mention,1,0.2732
bill_esterson,@tribunemps,mention,1,0.2732
bill_esterson,@unitenwpolitics,mention,1,0.9151
bill_esterson,@wesstreeting:,mention,1,-0.4767
bill_esterson,annaturley,mention,1,0.34
bill_esterson,bbcnwt,mention,1,0.2732
bill_esterson,fliceverett,mention,1,0.34
bill_esterson,granadareports,mention,1,0.2732
bill_esterson,grassrootsmick1,mention,1,0.9151
bill_esterson,ianmurraymp,mention,1,-0.2057
bill_esterson,lindsaymelia,mention,1,0.0
bill_esterson,louhaigh,mention,1,-0.8316
bill_esterson,lovelocksc,mention,1,0.0
bill_esterson,metromayorsteve,mention,1,0.2732
bill_esterson,tribunemps,mention,1,0.2732
bill_esterson,unitenwpolitics,mention,1,0.9151
bill_esterson,wesstreeting,mention,1,-0.4767
bobblackman,@eucopresident,mention,1,0.7184
bobblackman,@sadiqkhan's,mention,1,-0.1531
bobblackman,eucopresident,mention,1,0.7184
bobblackman,sadiqkhan,mention,1,-0.1531
borisjohnson,@borisjohnson,mention,3,0.31883333333333336
borisjohnson,borisjohnson,mention,3,0.31883333333333336
brandonlewis,@borisjohnson,mention,1,-0.6271
brandonlewis,@conservatives,mention,1,-0.6271
brandonlewis,@educationgovuk,mention,1,0.9358
brandonlewis,@emilyhewertson,mention,1,-0.5719
brandonlewis,@greateryarmouth,mention,1,0.9001
brandonlewis,@jeremycorbyn,mention,1,-0.6271
brandonlewis,borisjohnson,mention,1,-0.6271
brandonlewis,conservatives,mention,1,-0.6271
brandonlewis,educationgovuk,mention,1,0.9358
brandonlewis,emilyhewertson,mention,1,-0.5719
brandonlewis,greateryarmouth,mention,1,0.9001
brandonlewis,jeremycorbyn,mention,1,-0.6271
cajardinemp,@beatricewishart⁩,mention,1,0.8271
cajardinemp,@jamescoxld,mention,1,0.4199
cajardinemp,@joswinson,mention,1,0.4199
cajardinemp,@libdems,mention,2,0.2989
cajardinemp,beatricewishart,mention,1,0.8271
cajardinemp,jamescoxld,mention,1,0.4199
cajardinemp,joswinson,mention,1,0.4199
cajardinemp,libdems,mention,2,0.2989
carolinelucas,@owenjones84,mention,1,-0.743
carolinelucas,owenjones84,mention,1,-0.743
carolynharris24,@artsciencedoc,mention,1,0.0
carolynharris24,@bactauk,mention,1,0.9767
carolynharris24,@baronessnewlove,mention,1,0.3612
carolynharris24,@borisjohnson,mention,1,0.3612
carolynharris24,@bossbrewingco),mention,1,0.9349
carolynharris24,@carolynharris24,mention,5,0.53976
carolynharris24,@coastalhousing,mention,1,0.0
carolynharris24,@daily_express,mention,1,0.3612
carolynharris24,@davidzendle,mention,1,0.0
carolynharris24,@dontlookback198,mention,1,0.3612
carolynharris24,@francescrook,mention,1,0.0
carolynharris24,@fussydolphin,mention,1,0.0
carolynharris24,@geraldine_mck,mention,1,0.5719
carolynharris24,@jonbryanpoker,mention,1,-0.577
carolynharris24,@louhaigh's,mention,1,0.3612
carolynharris24,@martinpaterso13,mention,1,-0.577
carolynharris24,@michaelsheen,mention,1,0.6801
carolynharris24,@nick_veteran,mention,1,-0.577
carolynharris24,@patel4witham,mention,1,0.3612
carolynharris24,@rees4neath,mention,1,0.6801
carolynharris24,@refugecharity,mention,1,0.5719
carolynharris24,@shayonislynn,mention,1,0.9349
carolynharris24,@skinnock,mention,1,0.6801
carolynharris24,@suenowers1,mention,1,-0.4767
carolynharris24,@swanseaonline10,mention,1,-0.6124
carolynharris24,@thesundaymirror,mention,1,0.5719
carolynharris24,@toniaantoniazzi,mention,2,0.5206500000000001
carolynharris24,@victorialive,mention,1,0.8715
carolynharris24,@welshlabour,mention,1,0.8399
carolynharris24,@wendygeorginal2,mention,1,0.0
carolynharris24,artsciencedoc,mention,1,0.0
carolynharris24,bactauk,mention,1,0.9767
carolynharris24,baronessnewlove,mention,1,0.3612
carolynharris24,borisjohnson,mention,1,0.3612
carolynharris24,bossbrewingco,mention,1,0.9349
carolynharris24,carolynharris24,mention,5,0.53976
carolynharris24,coastalhousing,mention,1,0.0
carolynharris24,daily_express,mention,1,0.3612
carolynharris24,davidzendle,mention,1,0.0
carolynharris24,dontlookback198,mention,1,0.3612
carolynharris24,francescrook,mention,1,0.0
carolynharris24,fussydolphin,mention,1,0.0
carolynharris24,geraldine_mck,mention,1,0.5719
carolynharris24,jonbryanpoker,mention,1,-0.577
carolynharris24,louhaigh,mention,1,0.3612
carolynharris24,martinpaterso13,mention,1,-0.577
carolynharris24,michaelsheen,mention,1,0.6801
carolynharris24,nick_veteran,mention,1,-0.577
carolynharris24,patel4witham,mention,1,0.3612
carolynharris24,rees4neath,mention,1,0.6801
carolynharris24,refugecharity,mention,1,0.5719
carolynharris24,shayonislynn,mention,1,0.9349
carolynharris24,skinnock,mention,1,0.6801
carolynharris24,suenowers1,mention,1,-0.4767
carolynharris24,swanseaonline10,mention,1,-0.6124
carolynharris24,thesundaymirror,mention,1,0.5719
carolynharris24,toniaantoniazzi,mention,2,0.5206500000000001
carolynharris24,victorialive,mention,1,0.8715
carolynharris24,welshlabour,mention,1,0.8399
carolynharris24,wendygeorginal2,mention,1,0.0
catharinehoey,@churchofengland,mention,1,0.6688
catharinehoey,@dulwichhamletfc,mention,1,0.6688
catharinehoey,@greenjamies,mention,1,0.6688
catharinehoey,@justinwelby,mention,1,0.6688
catharinehoey,@ruthdavidsonmsp,mention,1,0.8977
catharinehoey,@sarahwollaston,mention,1,0.4019
catharinehoey,churchofengland,mention,1,0.6688
catharinehoey,dulwichhamletfc,mention,1,0.6688
catharinehoey,greenjamies,mention,1,0.6688
catharinehoey,justinwelby,mention,1,0.6688
catharinehoey,ruthdavidsonmsp,mention,1,0.8977
catharinehoey,sarahwollaston,mention,1,0.4019
catherinewest1,@facebook,mention,1,0.836
catherinewest1,@richardbertinet,mention,1,0.836
catherinewest1,@the3million,mention,1,0.836
catherinewest1,facebook,mention,1,0.836
catherinewest1,richardbertinet,mention,1,0.836
catherinewest1,the3million,mention,1,0.836
cgreenuk,@bbcradio2,mention,1,0.5859
cgreenuk,@boltoncouncil,mention,1,0.3802
cgreenuk,@boltonfoodfest,mention,1,0.3802
cgreenuk,@borisjohnson,mention,1,-0.5574
cgreenuk,@cheftogo,mention,1,0.3802
cgreenuk,@dcms,mention,1,0.9557
cgreenuk,@greggawallace,mention,1,0.3802
cgreenuk,@hairybikers,mention,1,0.3802
cgreenuk,@homeoffice.,mention,1,0.9557
cgreenuk,@jamesmartinchef,mention,1,0.3802
cgreenuk,@jaynehunsley,mention,1,0.5859
cgreenuk,@michaelcaines,mention,1,0.3802
cgreenuk,@no10,mention,1,0.9557
cgreenuk,@simonjwooduk,mention,1,0.3802
cgreenuk,@theboltonnews,mention,1,0.3802
cgreenuk,@visitbolton,mention,1,0.3802
cgreenuk,bbcradio2,mention,1,0.5859
cgreenuk,boltoncouncil,mention,1,0.3802
cgreenuk,boltonfoodfest,mention,1,0.3802
cgreenuk,borisjohnson,mention,1,-0.5574
cgreenuk,cheftogo,mention,1,0.3802
cgreenuk,dcms,mention,1,0.9557
cgreenuk,greggawallace,mention,1,0.3802
cgreenuk,hairybikers,mention,1,0.3802
cgreenuk,homeoffice,mention,1,0.9557
cgreenuk,jamesmartinchef,mention,1,0.3802
cgreenuk,jaynehunsley,mention,1,0.5859
cgreenuk,michaelcaines,mention,1,0.3802
cgreenuk,no10,mention,1,0.9557
cgreenuk,simonjwooduk,mention,1,0.3802
cgreenuk,theboltonnews,mention,1,0.3802
cgreenuk,visitbolton,mention,1,0.3802
chionwurah,@chionwurah,mention,1,0.8316
chionwurah,@emilythornberry,mention,1,0.2263
chionwurah,@labmeps,mention,1,0.2263
chionwurah,@normanjam67,mention,1,0.5499
chionwurah,@northerncarter,mention,1,0.5499
chionwurah,@northumbriapol,mention,1,-0.6369
chionwurah,chionwurah,mention,1,0.8316
chionwurah,emilythornberry,mention,1,0.2263
chionwurah,labmeps,mention,1,0.2263
chionwurah,normanjam67,mention,1,0.5499
chionwurah,northerncarter,mention,1,0.5499
chionwurah,northumbriapol,mention,1,-0.6369
chrism4chester,@amberruddhr,mention,1,0.3802
chrism4chester,@matthancock,mention,1,0.3802
chrism4chester,@michaelgove,mention,1,0.3802
chrism4chester,@sajidjavid,mention,1,0.3802
chrism4chester,amberruddhr,mention,1,0.3802
chrism4chester,matthancock,mention,1,0.3802
chrism4chester,michaelgove,mention,1,0.3802
chrism4chester,sajidjavid,mention,1,0.3802
chrisstephens,@brianrjohnso,mention,1,0.4404
chrisstephens,@cmonaghansnp,mention,1,0.4404
chrisstephens,brianrjohnso,mention,1,0.4404
chrisstephens,cmonaghansnp,mention,1,0.4404
chukaumunna,@carolinevoaden,mention,1,0.6825
chukaumunna,@chukaumunna,mention,4,0.05994999999999999
chukaumunna,@dorset4e,mention,1,0.6825
chukaumunna,@joswinson,mention,1,-0.4215
chukaumunna,@libdems,mention,2,0.42935
chukaumunna,@martinchelt,mention,1,0.6825
chukaumunna,@mollymep,mention,1,0.6825
chukaumunna,carolinevoaden,mention,1,0.6825
chukaumunna,chukaumunna,mention,4,0.05994999999999999
chukaumunna,dorset4e,mention,1,0.6825
chukaumunna,joswinson,mention,1,-0.4215
chukaumunna,libdems,mention,2,0.42935
chukaumunna,martinchelt,mention,1,0.6825
chukaumunna,mollymep,mention,1,0.6825
cj_dinenage,@aliciajones_02,mention,1,0.8172
cj_dinenage,@carerstrust,mention,1,0.9274
cj_dinenage,@carersuk,mention,1,0.9274
cj_dinenage,aliciajones_02,mention,1,0.8172
cj_dinenage,carerstrust,mention,1,0.9274
cj_dinenage,carersuk,mention,1,0.9274
cliveefford,@bishopofsouthwark,mention,1,0.8878
cliveefford,@hteltham,mention,1,0.8878
cliveefford,bishopofsouthwark,mention,1,0.8878
cliveefford,hteltham,mention,1,0.8878
cmonaghansnp,@roadwarrior29,mention,1,0.2263
cmonaghansnp,roadwarrior29,mention,1,0.2263
colin_j_clark,@colin_j_clark,mention,1,0.9493
colin_j_clark,@douglas4moray,mention,1,0.9493
colin_j_clark,@hmtreasury,mention,1,0.9493
colin_j_clark,@ukgovscotland,mention,1,0.9493
colin_j_clark,colin_j_clark,mention,1,0.9493
colin_j_clark,douglas4moray,mention,1,0.9493
colin_j_clark,hmtreasury,mention,1,0.9493
colin_j_clark,ukgovscotland,mention,1,0.9493
conorburnsuk,@susanbromley16,mention,1,0.3612
conorburnsuk,susanbromley16,mention,1,0.3612
conormcginn,@sthelenscouncil,mention,1,0.3802
conormcginn,@theworldofglass,mention,1,0.3802
conormcginn,sthelenscouncil,mention,1,0.3802
conormcginn,theworldofglass,mention,1,0.3802
coyleneil,@housingactionsl,mention,1,0.0
coyleneil,@southwarkcofe,mention,1,0.1901
coyleneil,housingactionsl,mention,1,0.0
coyleneil,southwarkcofe,mention,1,0.1901
cphilpofficial,@cleanstreetstu,mention,1,-0.0972
cphilpofficial,@croydonguardian,mention,1,-0.0972
cphilpofficial,@croydonlabour,mention,1,-0.0972
cphilpofficial,@insidecroydon,mention,1,-0.0972
cphilpofficial,@johndoc10002801,mention,1,-0.0972
cphilpofficial,@yourcroydon,mention,1,-0.0972
cphilpofficial,cleanstreetstu,mention,1,-0.0972
cphilpofficial,croydonguardian,mention,1,-0.0972
cphilpofficial,croydonlabour,mention,1,-0.0972
cphilpofficial,insidecroydon,mention,1,-0.0972
cphilpofficial,johndoc10002801,mention,1,-0.0972
cphilpofficial,yourcroydon,mention,1,-0.0972
cpjelmore,@cpjelmore,mention,1,0.9081
cpjelmore,@cpjelmore.,mention,1,0.784
cpjelmore,@johnmcdonnellmp,mention,1,-0.5945
cpjelmore,@lgbtlabourwales,mention,1,0.9769
cpjelmore,@lukeoholland,mention,1,0.8074
cpjelmore,@martwhitfieldmp,mention,1,0.9081
cpjelmore,@rhsp27,mention,1,0.2023
cpjelmore,@stellacreasy,mention,1,0.9081
cpjelmore,cpjelmore,mention,2,0.84605
cpjelmore,johnmcdonnellmp,mention,1,-0.5945
cpjelmore,lgbtlabourwales,mention,1,0.9769
cpjelmore,lukeoholland,mention,1,0.8074
cpjelmore,martwhitfieldmp,mention,1,0.9081
cpjelmore,rhsp27,mention,1,0.2023
cpjelmore,stellacreasy,mention,1,0.9081
craig4nwarks,@stevebakerhw,mention,1,0.0
craig4nwarks,stevebakerhw,mention,1,0.0
cskidmoreuk,@arronthind,mention,1,0.8248
cskidmoreuk,@croydonhealth,mention,1,0.8248
cskidmoreuk,@cskidmoreuk,mention,1,0.5574
cskidmoreuk,@matthancock,mention,1,0.7845
cskidmoreuk,@nhsx,mention,1,0.7845
cskidmoreuk,@thecrick,mention,1,0.7845
cskidmoreuk,arronthind,mention,1,0.8248
cskidmoreuk,croydonhealth,mention,1,0.8248
cskidmoreuk,cskidmoreuk,mention,1,0.5574
cskidmoreuk,matthancock,mention,1,0.7845
cskidmoreuk,nhsx,mention,1,0.7845
cskidmoreuk,thecrick,mention,1,0.7845
cwhittaker_mp,@mit,mention,1,0.8442
cwhittaker_mp,@mit_reap,mention,1,0.8442
cwhittaker_mp,mit,mention,1,0.8442
cwhittaker_mp,mit_reap,mention,1,0.8442
damiancollins,@damiancollins,mention,1,0.6597
damiancollins,@davidcicilline,mention,1,0.6597
damiancollins,@feargal_sharkey,mention,1,0.3612
damiancollins,damiancollins,mention,1,0.6597
damiancollins,davidcicilline,mention,1,0.6597
damiancollins,feargal_sharkey,mention,1,0.3612
damiangreen,@ashfordcca,mention,1,0.8316
damiangreen,@damiangreen,mention,1,0.8316
damiangreen,ashfordcca,mention,1,0.8316
damiangreen,damiangreen,mention,1,0.8316
danielzeichner,@danielzeichner,mention,1,0.0
danielzeichner,danielzeichner,mention,1,0.0
danirowley,@danirowley,mention,2,-0.73905
danirowley,@dohoodle,mention,1,0.168
danirowley,@mslabour,mention,1,-0.7351
danirowley,@scottishlabour,mention,1,-0.7351
danirowley,danirowley,mention,2,-0.73905
danirowley,dohoodle,mention,1,0.168
danirowley,mslabour,mention,1,-0.7351
danirowley,scottishlabour,mention,1,-0.7351
danjarvismp,@ariannagi,mention,1,0.0
danjarvismp,@barnsleychoir.,mention,1,0.8519
danjarvismp,@danjarvismp,mention,1,-0.4588
danjarvismp,@festunderstars,mention,1,0.8519
danjarvismp,@gargarin,mention,1,0.0
danjarvismp,@gavinwilliamson,mention,1,-0.4588
danjarvismp,@iandaypix,mention,1,-0.4588
danjarvismp,@ipprnorth,mention,1,0.0
danjarvismp,@jaymitchinson,mention,1,-0.4588
danjarvismp,@jaynedowle,mention,1,-0.4588
danjarvismp,@katerusby,mention,1,0.8519
danjarvismp,@laurawalker_yp,mention,1,0.0
danjarvismp,@njd1112,mention,1,0.25
danjarvismp,@northernassist,mention,1,0.0
danjarvismp,@scr_mayor,mention,2,-0.2294
danjarvismp,ariannagi,mention,1,0.0
danjarvismp,barnsleychoir,mention,1,0.8519
danjarvismp,danjarvismp,mention,1,-0.4588
danjarvismp,festunderstars,mention,1,0.8519
danjarvismp,gargarin,mention,1,0.0
danjarvismp,gavinwilliamson,mention,1,-0.4588
danjarvismp,iandaypix,mention,1,-0.4588
danjarvismp,ipprnorth,mention,1,0.0
danjarvismp,jaymitchinson,mention,1,-0.4588
danjarvismp,jaynedowle,mention,1,-0.4588
danjarvismp,katerusby,mention,1,0.8519
danjarvismp,laurawalker_yp,mention,1,0.0
danjarvismp,njd1112,mention,1,0.25
danjarvismp,northernassist,mention,1,0.0
danjarvismp,scr_mayor,mention,2,-0.2294
darrenpjones,@areeqchowdhury,mention,1,0.3382
darrenpjones,@commonsbeis,mention,1,0.9223
darrenpjones,@jack_blanchard_,mention,1,0.3382
darrenpjones,@lukepollard,mention,1,0.3382
darrenpjones,@rachelreevesmp,mention,1,0.9223
darrenpjones,areeqchowdhury,mention,1,0.3382
darrenpjones,commonsbeis,mention,1,0.9223
darrenpjones,jack_blanchard_,mention,1,0.3382
darrenpjones,lukepollard,mention,1,0.3382
darrenpjones,rachelreevesmp,mention,1,0.9223
david_duguid,@alanbrownsnp,mention,1,0.4019
david_duguid,@beisgovuk,mention,1,0.9571
david_duguid,@christia_allard,mention,1,0.4019
david_duguid,@claireperrymp,mention,1,0.9571
david_duguid,@jrclarkbf800,mention,1,0.4019
david_duguid,@scotgov,mention,1,0.4019
david_duguid,@sff_uk,mention,1,0.4019
david_duguid,@thesnp,mention,1,0.4019
david_duguid,@ukgovscotland,mention,1,0.9571
david_duguid,alanbrownsnp,mention,1,0.4019
david_duguid,beisgovuk,mention,1,0.9571
david_duguid,christia_allard,mention,1,0.4019
david_duguid,claireperrymp,mention,1,0.9571
david_duguid,jrclarkbf800,mention,1,0.4019
david_duguid,scotgov,mention,1,0.4019
david_duguid,sff_uk,mention,1,0.4019
david_duguid,thesnp,mention,1,0.4019
david_duguid,ukgovscotland,mention,1,0.9571
daviddavismp,@borisjohnson,mention,1,-0.4767
daviddavismp,@sajidjavid,mention,1,-0.4767
daviddavismp,borisjohnson,mention,1,-0.4767
daviddavismp,sajidjavid,mention,1,-0.4767
davidgauke,@philiphammonduk,mention,1,0.2732
davidgauke,philiphammonduk,mention,1,0.2732
davidlinden,@ayestotheright,mention,1,0.5707
davidlinden,@kenny_murray,mention,1,-0.2732
davidlinden,ayestotheright,mention,1,0.5707
davidlinden,kenny_murray,mention,1,-0.2732
davidrutley,@cheshireeast,mention,1,0.4404
davidrutley,@davidrutley,mention,1,0.4404
davidrutley,@stockportmbc,mention,1,0.4404
davidrutley,cheshireeast,mention,1,0.4404
davidrutley,davidrutley,mention,1,0.4404
davidrutley,stockportmbc,mention,1,0.4404
dawnbutlerbrent,@barackobama,mention,1,0.6114
dawnbutlerbrent,@peachsandgrades,mention,1,0.9347
dawnbutlerbrent,barackobama,mention,1,0.6114
dawnbutlerbrent,peachsandgrades,mention,1,0.9347
debbie_abrahams,@albabe1969,mention,1,0.4926
debbie_abrahams,@bbcnews,mention,1,0.5972
debbie_abrahams,@channel4news,mention,1,0.5972
debbie_abrahams,@dominicraab,mention,1,0.2023
debbie_abrahams,@itvnews,mention,1,0.5972
debbie_abrahams,@manchesterfire,mention,1,-0.1655
debbie_abrahams,@skynews,mention,1,0.5972
debbie_abrahams,@trussliz,mention,1,0.0
debbie_abrahams,@ukpatchwork,mention,1,0.4926
debbie_abrahams,@upasnakakroo,mention,1,0.0
debbie_abrahams,albabe1969,mention,1,0.4926
debbie_abrahams,bbcnews,mention,1,0.5972
debbie_abrahams,channel4news,mention,1,0.5972
debbie_abrahams,dominicraab,mention,1,0.2023
debbie_abrahams,itvnews,mention,1,0.5972
debbie_abrahams,manchesterfire,mention,1,-0.1655
debbie_abrahams,skynews,mention,1,0.5972
debbie_abrahams,trussliz,mention,1,0.0
debbie_abrahams,ukpatchwork,mention,1,0.4926
debbie_abrahams,upasnakakroo,mention,1,0.0
deidrebrock,@homebase_uk,mention,1,0.0387
deidrebrock,@melanie_brock,mention,1,-0.5093
deidrebrock,@skylinefilmtv,mention,1,0.0387
deidrebrock,homebase_uk,mention,1,0.0387
deidrebrock,melanie_brock,mention,1,-0.5093
deidrebrock,skylinefilmtv,mention,1,0.0387
derbychrisw,@ca_timb.,mention,1,0.8271
derbychrisw,@derbychrisw,mention,1,-0.4215
derbychrisw,@v_zilber,mention,1,-0.4215
derbychrisw,ca_timb,mention,1,0.8271
derbychrisw,derbychrisw,mention,1,-0.4215
derbychrisw,v_zilber,mention,1,-0.4215
derekthomasuk,@borisjohnson,mention,1,0.9231
derekthomasuk,@cornishkennedy,mention,1,-0.25
derekthomasuk,@skentelbery,mention,1,-0.25
derekthomasuk,borisjohnson,mention,1,0.9231
derekthomasuk,cornishkennedy,mention,1,-0.25
derekthomasuk,skentelbery,mention,1,-0.25
dianajohnsonmp,@bbcburnsy,mention,1,0.5719
dianajohnsonmp,@dianajohnsonmp,mention,1,0.4404
dianajohnsonmp,@edfringe,mention,1,0.7712
dianajohnsonmp,@heritagefunduk,mention,1,0.0
dianajohnsonmp,@hull_museums,mention,1,-0.8591
dianajohnsonmp,@hullccnews,mention,2,0.4641
dianajohnsonmp,@hullheadstart,mention,1,0.9282
dianajohnsonmp,@jacindaardern,mention,1,0.2732
dianajohnsonmp,@keithhunter50,mention,1,0.4404
dianajohnsonmp,@looknorthbbc,mention,1,0.5719
dianajohnsonmp,@opinionyp,mention,1,0.5719
dianajohnsonmp,@radiohumberside,mention,1,0.5719
dianajohnsonmp,@tnlcomfund,mention,1,0.9282
dianajohnsonmp,bbcburnsy,mention,1,0.5719
dianajohnsonmp,dianajohnsonmp,mention,1,0.4404
dianajohnsonmp,edfringe,mention,1,0.7712
dianajohnsonmp,heritagefunduk,mention,1,0.0
dianajohnsonmp,hull_museums,mention,1,-0.8591
dianajohnsonmp,hullccnews,mention,2,0.4641
dianajohnsonmp,hullheadstart,mention,1,0.9282
dianajohnsonmp,jacindaardern,mention,1,0.2732
dianajohnsonmp,keithhunter50,mention,1,0.4404
dianajohnsonmp,looknorthbbc,mention,1,0.5719
dianajohnsonmp,opinionyp,mention,1,0.5719
dianajohnsonmp,radiohumberside,mention,1,0.5719
dianajohnsonmp,tnlcomfund,mention,1,0.9282
dlidington,@bucks_herald,mention,1,0.8122
dlidington,@chrisphillips76,mention,1,0.8122
dlidington,@thistlejohn,mention,1,0.8765
dlidington,bucks_herald,mention,1,0.8122
dlidington,chrisphillips76,mention,1,0.8122
dlidington,thistlejohn,mention,1,0.8765
dougchapmansnp,@ballotboxscot,mention,1,0.0
dougchapmansnp,@carnegiecorp,mention,1,0.8356
dougchapmansnp,@carnegiemuseum,mention,1,0.8356
dougchapmansnp,@citadvicescot’s,mention,1,0.0
dougchapmansnp,@onfife,mention,1,0.6369
dougchapmansnp,@outwithfestival,mention,1,0.6369
dougchapmansnp,@scotgov,mention,1,0.0
dougchapmansnp,@stcolumbasfife,mention,1,0.6369
dougchapmansnp,@the3million,mention,1,0.0
dougchapmansnp,@woodmillhigh,mention,1,0.6369
dougchapmansnp,ballotboxscot,mention,1,0.0
dougchapmansnp,carnegiecorp,mention,1,0.8356
dougchapmansnp,carnegiemuseum,mention,1,0.8356
dougchapmansnp,citadvicescot,mention,1,0.0
dougchapmansnp,onfife,mention,1,0.6369
dougchapmansnp,outwithfestival,mention,1,0.6369
dougchapmansnp,scotgov,mention,1,0.0
dougchapmansnp,stcolumbasfife,mention,1,0.6369
dougchapmansnp,the3million,mention,1,0.0
dougchapmansnp,woodmillhigh,mention,1,0.6369
dr_philippaw,@acb,mention,1,0.9516
dr_philippaw,@acp_pathologist,mention,1,0.9516
dr_philippaw,@alijmcc,mention,1,-0.8558
dr_philippaw,@andreios,mention,1,0.0
dr_philippaw,@andygunnmusic,mention,1,-0.3595
dr_philippaw,@bbcgaryr⁩,mention,1,0.7003
dr_philippaw,@bbcnews,mention,1,0.4019
dr_philippaw,@bbcradioscot⁩’s,mention,1,0.7003
dr_philippaw,@bbcscotlandnews,mention,1,0.4019
dr_philippaw,@biainfection,mention,1,0.9516
dr_philippaw,@blauweerie,mention,1,0.2263
dr_philippaw,@bloodinquiry,mention,1,-0.3595
dr_philippaw,@bnorval48,mention,1,-0.3595
dr_philippaw,@britaccpath,mention,1,0.9516
dr_philippaw,@britsochaem,mention,1,0.9516
dr_philippaw,@castlvillageman,mention,1,-0.5239
dr_philippaw,@childofalba,mention,1,0.6369
dr_philippaw,@cissova,mention,1,-0.4939
dr_philippaw,@cllr_mcvitie,mention,1,-0.8558
dr_philippaw,@d_g_alexander,mention,1,-0.1027
dr_philippaw,@docrobperry,mention,1,0.9038
dr_philippaw,@dr_philippaw,mention,4,0.2394
dr_philippaw,@dy0b1,mention,1,0.0
dr_philippaw,@europe1,mention,1,0.4019
dr_philippaw,@france24_en,mention,1,0.4019
dr_philippaw,@fsb_scotland⁩’s,mention,1,0.7003
dr_philippaw,@grouse_beater,mention,1,0.6369
dr_philippaw,@guardiannews,mention,1,0.4019
dr_philippaw,@haemosexual,mention,1,-0.3595
dr_philippaw,@imillar13,mention,1,0.2263
dr_philippaw,@independent,mention,2,0.20095
dr_philippaw,@jamesfwells,mention,1,0.6369
dr_philippaw,@jamesmelville,mention,1,0.0
dr_philippaw,@jonathanelford,mention,1,0.6369
dr_philippaw,@kkaaazz14,mention,1,-0.296
dr_philippaw,@kymysmith,mention,1,0.0
dr_philippaw,@lstedmanbryce,mention,1,0.6369
dr_philippaw,@madeye611,mention,1,-0.1027
dr_philippaw,@mae_carson2,mention,1,-0.6351
dr_philippaw,@mailonline,mention,1,0.4019
dr_philippaw,@molyneux_msj,mention,1,-0.296
dr_philippaw,@murrinholi,mention,1,-0.507
dr_philippaw,@nicolasturgeon,mention,1,-0.3595
dr_philippaw,@normanlamb,mention,1,0.0
dr_philippaw,@pathologyhouse,mention,1,0.9516
dr_philippaw,@pathsoc,mention,1,0.9516
dr_philippaw,@politicoeurope,mention,1,0.4019
dr_philippaw,@rayner_susannah,mention,1,0.0
dr_philippaw,@rcpath,mention,1,0.9516
dr_philippaw,@remainernow,mention,1,0.2648
dr_philippaw,@scotgov,mention,1,0.0
dr_philippaw,@scotland,mention,1,0.4019
dr_philippaw,@scotlandinunion,mention,1,0.4019
dr_philippaw,@scotlandsky,mention,1,0.4019
dr_philippaw,@scottories,mention,1,-0.2003
dr_philippaw,@shonarobison,mention,1,-0.3595
dr_philippaw,@skynews,mention,1,0.4019
dr_philippaw,@slaughtered94,mention,1,-0.3843
dr_philippaw,@sundaytimesscot,mention,1,0.4019
dr_philippaw,@tallphotography,mention,1,-0.3843
dr_philippaw,@thesnp,mention,1,0.0
dr_philippaw,@trishgreenhalgh,mention,1,0.9038
dr_philippaw,@ukmoments,mention,1,0.4019
dr_philippaw,acb,mention,1,0.9516
dr_philippaw,acp_pathologist,mention,1,0.9516
dr_philippaw,alijmcc,mention,1,-0.8558
dr_philippaw,andreios,mention,1,0.0
dr_philippaw,andygunnmusic,mention,1,-0.3595
dr_philippaw,bbcgaryr,mention,1,0.7003
dr_philippaw,bbcnews,mention,1,0.4019
dr_philippaw,bbcradioscot,mention,1,0.7003
dr_philippaw,bbcscotlandnews,mention,1,0.4019
dr_philippaw,biainfection,mention,1,0.9516
dr_philippaw,blauweerie,mention,1,0.2263
dr_philippaw,bloodinquiry,mention,1,-0.3595
dr_philippaw,bnorval48,mention,1,-0.3595
dr_philippaw,britaccpath,mention,1,0.9516
dr_philippaw,britsochaem,mention,1,0.9516
dr_philippaw,castlvillageman,mention,1,-0.5239
dr_philippaw,childofalba,mention,1,0.6369
dr_philippaw,cissova,mention,1,-0.4939
dr_philippaw,cllr_mcvitie,mention,1,-0.8558
dr_philippaw,d_g_alexander,mention,1,-0.1027
dr_philippaw,docrobperry,mention,1,0.9038
dr_philippaw,dr_philippaw,mention,4,0.2394
dr_philippaw,dy0b1,mention,1,0.0
dr_philippaw,europe1,mention,1,0.4019
dr_philippaw,france24_en,mention,1,0.4019
dr_philippaw,fsb_scotland,mention,1,0.7003
dr_philippaw,grouse_beater,mention,1,0.6369
dr_philippaw,guardiannews,mention,1,0.4019
dr_philippaw,haemosexual,mention,1,-0.3595
dr_philippaw,imillar13,mention,1,0.2263
dr_philippaw,independent,mention,2,0.20095
dr_philippaw,jamesfwells,mention,1,0.6369
dr_philippaw,jamesmelville,mention,1,0.0
dr_philippaw,jonathanelford,mention,1,0.6369
dr_philippaw,kkaaazz14,mention,1,-0.296
dr_philippaw,kymysmith,mention,1,0.0
dr_philippaw,lstedmanbryce,mention,1,0.6369
dr_philippaw,madeye611,mention,1,-0.1027
dr_philippaw,mae_carson2,mention,1,-0.6351
dr_philippaw,mailonline,mention,1,0.4019
dr_philippaw,molyneux_msj,mention,1,-0.296
dr_philippaw,murrinholi,mention,1,-0.507
dr_philippaw,nicolasturgeon,mention,1,-0.3595
dr_philippaw,normanlamb,mention,1,0.0
dr_philippaw,pathologyhouse,mention,1,0.9516
dr_philippaw,pathsoc,mention,1,0.9516
dr_philippaw,politicoeurope,mention,1,0.4019
dr_philippaw,rayner_susannah,mention,1,0.0
dr_philippaw,rcpath,mention,1,0.9516
dr_philippaw,remainernow,mention,1,0.2648
dr_philippaw,scotgov,mention,1,0.0
dr_philippaw,scotland,mention,1,0.4019
dr_philippaw,scotlandinunion,mention,1,0.4019
dr_philippaw,scotlandsky,mention,1,0.4019
dr_philippaw,scottories,mention,1,-0.2003
dr_philippaw,shonarobison,mention,1,-0.3595
dr_philippaw,skynews,mention,1,0.4019
dr_philippaw,slaughtered94,mention,1,-0.3843
dr_philippaw,sundaytimesscot,mention,1,0.4019
dr_philippaw,tallphotography,mention,1,-0.3843
dr_philippaw,thesnp,mention,1,0.0
dr_philippaw,trishgreenhalgh,mention,1,0.9038
dr_philippaw,ukmoments,mention,1,0.4019
drcarolinej,@borisjohnson.,mention,1,0.5994
drcarolinej,borisjohnson,mention,1,0.5994
drlisacameronmp,@duncanrigscndry,mention,1,0.6908
drlisacameronmp,duncanrigscndry,mention,1,0.6908
drrosena,@bbcr4today,mention,1,-0.7717
drrosena,@drrosena,mention,1,0.4754
drrosena,@labourdefra,mention,1,-0.7717
drrosena,@uklabour’s,mention,1,-0.7717
drrosena,bbcr4today,mention,1,-0.7717
drrosena,drrosena,mention,1,0.4754
drrosena,labourdefra,mention,1,-0.7717
drrosena,uklabour,mention,1,-0.7717
eddiehughes4wn,@andrealeadsom,mention,1,-0.765
eddiehughes4wn,@eddiehughes4wn,mention,1,0.9273
eddiehughes4wn,@heathrowairport,mention,1,0.8519
eddiehughes4wn,@matrixacademyt,mention,1,0.9273
eddiehughes4wn,@metpoliceuk,mention,1,0.8519
eddiehughes4wn,@mrharrycole,mention,1,0.5859
eddiehughes4wn,andrealeadsom,mention,1,-0.765
eddiehughes4wn,eddiehughes4wn,mention,1,0.9273
eddiehughes4wn,heathrowairport,mention,1,0.8519
eddiehughes4wn,matrixacademyt,mention,1,0.9273
eddiehughes4wn,metpoliceuk,mention,1,0.8519
eddiehughes4wn,mrharrycole,mention,1,0.5859
edvaizey,@dr_simon,mention,1,0.9169
edvaizey,@dstlmod,mention,1,0.4215
edvaizey,@edvaizey,mention,2,0.37435
edvaizey,@matthancock,mention,1,-0.1682
edvaizey,@nadams,mention,1,-0.1682
edvaizey,@stuartmurphy100,mention,1,0.2732
edvaizey,@unescouk.,mention,1,0.7783
edvaizey,dr_simon,mention,1,0.9169
edvaizey,dstlmod,mention,1,0.4215
edvaizey,edvaizey,mention,2,0.37435
edvaizey,matthancock,mention,1,-0.1682
edvaizey,nadams,mention,1,-0.1682
edvaizey,stuartmurphy100,mention,1,0.2732
edvaizey,unescouk,mention,1,0.7783
edwardjdavey,@anniemurray,mention,1,0.4924
edwardjdavey,@bestforbritain,mention,1,-0.2924
edwardjdavey,@libdemhealth,mention,1,0.4924
edwardjdavey,@libdems,mention,2,-0.6269
edwardjdavey,@matthewgreen02,mention,1,0.5093
edwardjdavey,@morrisons,mention,1,0.4924
edwardjdavey,@ngreen4libdems,mention,1,0.5093
edwardjdavey,@owenjones84,mention,1,-0.9614
edwardjdavey,@ruthreed01,mention,1,0.5093
edwardjdavey,@saleyhaahsan,mention,1,0.5093
edwardjdavey,anniemurray,mention,1,0.4924
edwardjdavey,bestforbritain,mention,1,-0.2924
edwardjdavey,libdemhealth,mention,1,0.4924
edwardjdavey,libdems,mention,2,-0.6269
edwardjdavey,matthewgreen02,mention,1,0.5093
edwardjdavey,morrisons,mention,1,0.4924
edwardjdavey,ngreen4libdems,mention,1,0.5093
edwardjdavey,owenjones84,mention,1,-0.9614
edwardjdavey,ruthreed01,mention,1,0.5093
edwardjdavey,saleyhaahsan,mention,1,0.5093
eleanor4epping,@dphs,mention,1,0.6124
eleanor4epping,dphs,mention,1,0.6124
eleanor_smith55,@bcupressoffice,mention,1,0.0
eleanor_smith55,@eleanor_smithmp,mention,1,0.7625
eleanor_smith55,@hackneyabbott,mention,1,0.4588
eleanor_smith55,@jeremycorbyn,mention,1,0.4588
eleanor_smith55,@kingsschoolwlv,mention,2,0.1366
eleanor_smith55,@mybcu,mention,1,0.0
eleanor_smith55,@trentuni,mention,1,0.2732
eleanor_smith55,bcupressoffice,mention,1,0.0
eleanor_smith55,eleanor_smithmp,mention,1,0.7625
eleanor_smith55,hackneyabbott,mention,1,0.4588
eleanor_smith55,jeremycorbyn,mention,1,0.4588
eleanor_smith55,kingsschoolwlv,mention,2,0.1366
eleanor_smith55,mybcu,mention,1,0.0
eleanor_smith55,trentuni,mention,1,0.2732
emmadentcoad,@emmadentcoad,mention,1,-0.7506
emmadentcoad,emmadentcoad,mention,1,-0.7506
emmahardymp,@_esp_2012,mention,1,0.4576
emmahardymp,@emmahardymp),mention,1,0.6597
emmahardymp,@steelsusie,mention,1,0.4576
emmahardymp,_esp_2012,mention,1,0.4576
emmahardymp,emmahardymp,mention,1,0.6597
emmahardymp,steelsusie,mention,1,0.4576
emmalewellbuck,@steviecairns,mention,1,0.3089
emmalewellbuck,steviecairns,mention,1,0.3089
faisal__rashid,@chrisevans29,mention,1,-0.296
faisal__rashid,@faisalrashidmp,mention,1,-0.296
faisal__rashid,@kimberley_s_j,mention,1,-0.296
faisal__rashid,chrisevans29,mention,1,-0.296
faisal__rashid,faisalrashidmp,mention,1,-0.296
faisal__rashid,kimberley_s_j,mention,1,-0.296
frankfieldteam,@frankfieldteam,mention,1,0.5267
frankfieldteam,@ianclucas,mention,1,0.5267
frankfieldteam,@mayor_anderson,mention,1,0.5267
frankfieldteam,@sharonhodgsonmp,mention,1,0.5267
frankfieldteam,@shsorguk.,mention,1,0.5267
frankfieldteam,frankfieldteam,mention,1,0.5267
frankfieldteam,ianclucas,mention,1,0.5267
frankfieldteam,mayor_anderson,mention,1,0.5267
frankfieldteam,sharonhodgsonmp,mention,1,0.5267
frankfieldteam,shsorguk,mention,1,0.5267
gareththomasmp,@adamprice,mention,1,-0.5563
gareththomasmp,@agcolehamilton,mention,1,-0.5563
gareththomasmp,@alexsobel,mention,1,-0.5563
gareththomasmp,@alynsmith,mention,1,-0.5563
gareththomasmp,@amcarmichaelmp,mention,1,-0.5563
gareththomasmp,@anassarwar,mention,1,-0.5563
gareththomasmp,@angelasmithmp,mention,1,-0.5563
gareththomasmp,@annamcmorrin,mention,1,-0.5563
gareththomasmp,@benmlake,mention,1,-0.5563
gareththomasmp,@borisjohnson,mention,1,-0.4303
gareththomasmp,@cajardinemp,mention,1,-0.5563
gareththomasmp,@carolinelucas,mention,1,-0.5563
gareththomasmp,@catherinewest,mention,1,-0.5563
gareththomasmp,@chrisstephens,mention,1,-0.5563
gareththomasmp,@chukaumunna,mention,1,-0.5563
gareththomasmp,@davidedrew,mention,1,-0.5563
gareththomasmp,@davidlammy,mention,1,-0.5563
gareththomasmp,@djohnsonmsp,mention,1,-0.5563
gareththomasmp,@doddsjane,mention,1,-0.5563
gareththomasmp,@edwardjdavey,mention,1,-0.5563
gareththomasmp,@gareththomasmp,mention,2,-0.26525
gareththomasmp,@gdh1961,mention,1,0.0258
gareththomasmp,@gedk,mention,1,-0.5563
gareththomasmp,@geraintdaviesmp,mention,1,-0.5563
gareththomasmp,@gutoaberconwy,mention,1,-0.5563
gareththomasmp,@hammersmithandy,mention,1,-0.5563
gareththomasmp,@hannahblivimp,mention,1,-0.5563
gareththomasmp,@heidiallen,mention,1,-0.5563
gareththomasmp,@hywelplaidcymru,mention,1,-0.5563
gareththomasmp,@ianmurraymp,mention,1,-0.5563
gareththomasmp,@jackiebmsp,mention,1,-0.5563
gareththomasmp,@sandbach,mention,1,-0.5563
gareththomasmp,adamprice,mention,1,-0.5563
gareththomasmp,agcolehamilton,mention,1,-0.5563
gareththomasmp,alexsobel,mention,1,-0.5563
gareththomasmp,alynsmith,mention,1,-0.5563
gareththomasmp,amcarmichaelmp,mention,1,-0.5563
gareththomasmp,anassarwar,mention,1,-0.5563
gareththomasmp,angelasmithmp,mention,1,-0.5563
gareththomasmp,annamcmorrin,mention,1,-0.5563
gareththomasmp,benmlake,mention,1,-0.5563
gareththomasmp,borisjohnson,mention,1,-0.4303
gareththomasmp,cajardinemp,mention,1,-0.5563
gareththomasmp,carolinelucas,mention,1,-0.5563
gareththomasmp,catherinewest,mention,1,-0.5563
gareththomasmp,chrisstephens,mention,1,-0.5563
gareththomasmp,chukaumunna,mention,1,-0.5563
gareththomasmp,davidedrew,mention,1,-0.5563
gareththomasmp,davidlammy,mention,1,-0.5563
gareththomasmp,djohnsonmsp,mention,1,-0.5563
gareththomasmp,doddsjane,mention,1,-0.5563
gareththomasmp,edwardjdavey,mention,1,-0.5563
gareththomasmp,gareththomasmp,mention,2,-0.26525
gareththomasmp,gdh1961,mention,1,0.0258
gareththomasmp,gedk,mention,1,-0.5563
gareththomasmp,geraintdaviesmp,mention,1,-0.5563
gareththomasmp,gutoaberconwy,mention,1,-0.5563
gareththomasmp,hammersmithandy,mention,1,-0.5563
gareththomasmp,hannahblivimp,mention,1,-0.5563
gareththomasmp,heidiallen,mention,1,-0.5563
gareththomasmp,hywelplaidcymru,mention,1,-0.5563
gareththomasmp,ianmurraymp,mention,1,-0.5563
gareththomasmp,jackiebmsp,mention,1,-0.5563
gareththomasmp,sandbach,mention,1,-0.5563
garystreeterswd,@networkrailwest,mention,1,0.6486
garystreeterswd,networkrailwest,mention,1,0.6486
gavnewlandssnp,@bbctwo,mention,1,0.0
gavnewlandssnp,@dmrussell62,mention,1,0.0
gavnewlandssnp,@douglasdaniel,mention,1,-0.7506
gavnewlandssnp,@gavnewlandssnp,mention,1,0.7096
gavnewlandssnp,@johnclarksnp,mention,1,0.0
gavnewlandssnp,@kirstywark,mention,1,0.0
gavnewlandssnp,@lisawil66103501,mention,1,0.4926
gavnewlandssnp,@mackiejonathan,mention,1,0.7158
gavnewlandssnp,@mya_wilsonx,mention,1,0.4926
gavnewlandssnp,@nataliedon89,mention,1,0.0
gavnewlandssnp,@nicolasturgeon,mention,1,0.4926
gavnewlandssnp,@rencouncilsnp,mention,1,0.0
gavnewlandssnp,@robertinnes,mention,1,0.0
gavnewlandssnp,@snpgryffe,mention,1,0.0
gavnewlandssnp,@thesnp,mention,1,0.0
gavnewlandssnp,bbctwo,mention,1,0.0
gavnewlandssnp,dmrussell62,mention,1,0.0
gavnewlandssnp,douglasdaniel,mention,1,-0.7506
gavnewlandssnp,gavnewlandssnp,mention,1,0.7096
gavnewlandssnp,johnclarksnp,mention,1,0.0
gavnewlandssnp,kirstywark,mention,1,0.0
gavnewlandssnp,lisawil66103501,mention,1,0.4926
gavnewlandssnp,mackiejonathan,mention,1,0.7158
gavnewlandssnp,mya_wilsonx,mention,1,0.4926
gavnewlandssnp,nataliedon89,mention,1,0.0
gavnewlandssnp,nicolasturgeon,mention,1,0.4926
gavnewlandssnp,rencouncilsnp,mention,1,0.0
gavnewlandssnp,robertinnes,mention,1,0.0
gavnewlandssnp,snpgryffe,mention,1,0.0
gavnewlandssnp,thesnp,mention,1,0.0
georgefreemanmp,@andrewcopson,mention,1,0.6239
georgefreemanmp,@angelaeagle,mention,1,-0.5719
georgefreemanmp,@bigtentideas,mention,3,-0.2529333333333333
georgefreemanmp,@georgefreemanmp,mention,1,0.4939
georgefreemanmp,@isabelhardman,mention,1,0.802
georgefreemanmp,@jacqui_smith1,mention,1,-0.5719
georgefreemanmp,@metpoliceuk,mention,1,-0.5719
georgefreemanmp,@mudchute,mention,1,-0.5719
georgefreemanmp,@nasimishabnam,mention,1,0.6239
georgefreemanmp,@nimkoali,mention,1,0.6239
georgefreemanmp,@noramulready,mention,1,0.6239
georgefreemanmp,@peterkyle,mention,1,0.4939
georgefreemanmp,@publicstandards,mention,1,-0.5719
georgefreemanmp,@reshamkotecha,mention,1,0.6239
georgefreemanmp,@ryanshorthouse,mention,1,0.4939
georgefreemanmp,@stephanieboland,mention,1,0.4939
georgefreemanmp,@wrnicolle,mention,1,0.4939
georgefreemanmp,andrewcopson,mention,1,0.6239
georgefreemanmp,angelaeagle,mention,1,-0.5719
georgefreemanmp,bigtentideas,mention,3,-0.2529333333333333
georgefreemanmp,georgefreemanmp,mention,1,0.4939
georgefreemanmp,isabelhardman,mention,1,0.802
georgefreemanmp,jacqui_smith1,mention,1,-0.5719
georgefreemanmp,metpoliceuk,mention,1,-0.5719
georgefreemanmp,mudchute,mention,1,-0.5719
georgefreemanmp,nasimishabnam,mention,1,0.6239
georgefreemanmp,nimkoali,mention,1,0.6239
georgefreemanmp,noramulready,mention,1,0.6239
georgefreemanmp,peterkyle,mention,1,0.4939
georgefreemanmp,publicstandards,mention,1,-0.5719
georgefreemanmp,reshamkotecha,mention,1,0.6239
georgefreemanmp,ryanshorthouse,mention,1,0.4939
georgefreemanmp,stephanieboland,mention,1,0.4939
georgefreemanmp,wrnicolle,mention,1,0.4939
geraintdaviesmp,@andrew_adonis,mention,1,-0.4238
geraintdaviesmp,andrew_adonis,mention,1,-0.4238
geraldjoneslab,@blaenaugwentmp,mention,1,0.7717
geraldjoneslab,@chrisevansmp,mention,1,0.7717
geraldjoneslab,@davidtcdavies,mention,1,0.7717
geraldjoneslab,@gp_cckelly,mention,1,0.7717
geraldjoneslab,@gprhymney,mention,1,0.0
geraldjoneslab,@gpspecials,mention,1,0.7717
geraldjoneslab,@gwentpcc,mention,1,0.7717
geraldjoneslab,@hef4caerphilly,mention,1,0.7717
geraldjoneslab,@ids3to18,mention,1,0.0
geraldjoneslab,@jessicamordenmp,mention,1,0.7717
geraldjoneslab,@nicktorfaenmp,mention,1,0.7717
geraldjoneslab,@ruthnewportwest,mention,1,0.7717
geraldjoneslab,@waynedavid_mp,mention,1,0.7717
geraldjoneslab,blaenaugwentmp,mention,1,0.7717
geraldjoneslab,chrisevansmp,mention,1,0.7717
geraldjoneslab,davidtcdavies,mention,1,0.7717
geraldjoneslab,gp_cckelly,mention,1,0.7717
geraldjoneslab,gprhymney,mention,1,0.0
geraldjoneslab,gpspecials,mention,1,0.7717
geraldjoneslab,gwentpcc,mention,1,0.7717
geraldjoneslab,hef4caerphilly,mention,1,0.7717
geraldjoneslab,ids3to18,mention,1,0.0
geraldjoneslab,jessicamordenmp,mention,1,0.7717
geraldjoneslab,nicktorfaenmp,mention,1,0.7717
geraldjoneslab,ruthnewportwest,mention,1,0.7717
geraldjoneslab,waynedavid_mp,mention,1,0.7717
gillfurnissmp,@royalmail,mention,1,0.9451
gillfurnissmp,royalmail,mention,1,0.9451
gloriadepiero,@owenjones84,mention,1,0.286
gloriadepiero,owenjones84,mention,1,0.286
gordonmarsden,@angelarayner,mention,1,0.6597
gordonmarsden,@annlimb,mention,1,0.6597
gordonmarsden,@blackpoolfc,mention,1,0.8271
gordonmarsden,@denisenwi⁩,mention,1,0.8118
gordonmarsden,@georgie_patto⁩,mention,1,0.8118
gordonmarsden,@gmbcouncillors⁩,mention,1,0.8118
gordonmarsden,@gmbnwi⁩,mention,1,0.8118
gordonmarsden,@gmbyoungnwi⁩,mention,1,0.8118
gordonmarsden,@gordonmarsden,mention,1,0.6597
gordonmarsden,@gwynnemp,mention,1,-0.6486
gordonmarsden,@halfon4harlowmp,mention,1,0.6597
gordonmarsden,@jeremycorbyn,mention,1,-0.1513
gordonmarsden,@keeleymp,mention,1,0.3612
gordonmarsden,@lifelonglearning,mention,1,0.1027
gordonmarsden,@lisagmb⁩,mention,1,0.8118
gordonmarsden,@mattwucu,mention,1,0.6597
gordonmarsden,@neilsmithgmb,mention,1,0.0
gordonmarsden,@nicolahall332,mention,1,0.6597
gordonmarsden,@paulmaccagmb,mention,1,0.0
gordonmarsden,@r0b5m1th,mention,1,0.6597
gordonmarsden,angelarayner,mention,1,0.6597
gordonmarsden,annlimb,mention,1,0.6597
gordonmarsden,blackpoolfc,mention,1,0.8271
gordonmarsden,denisenwi,mention,1,0.8118
gordonmarsden,georgie_patto,mention,1,0.8118
gordonmarsden,gmbcouncillors,mention,1,0.8118
gordonmarsden,gmbnwi,mention,1,0.8118
gordonmarsden,gmbyoungnwi,mention,1,0.8118
gordonmarsden,gordonmarsden,mention,1,0.6597
gordonmarsden,gwynnemp,mention,1,-0.6486
gordonmarsden,halfon4harlowmp,mention,1,0.6597
gordonmarsden,jeremycorbyn,mention,1,-0.1513
gordonmarsden,keeleymp,mention,1,0.3612
gordonmarsden,lifelonglearning,mention,1,0.1027
gordonmarsden,lisagmb,mention,1,0.8118
gordonmarsden,mattwucu,mention,1,0.6597
gordonmarsden,neilsmithgmb,mention,1,0.0
gordonmarsden,nicolahall332,mention,1,0.6597
gordonmarsden,paulmaccagmb,mention,1,0.0
gordonmarsden,r0b5m1th,mention,1,0.6597
gradysnp,@bobdorissnp⁩,mention,1,0.9042
gradysnp,@gradysnp⁩,mention,1,0.9042
gradysnp,@jakimclaren⁩,mention,1,0.9042
gradysnp,@maryhill_snp⁩,mention,1,0.9042
gradysnp,@mywowscotland,mention,1,0.6044
gradysnp,@oldhai,mention,1,-0.1298
gradysnp,@snpkelvin.,mention,1,0.9272
gradysnp,bobdorissnp,mention,1,0.9042
gradysnp,gradysnp,mention,1,0.9042
gradysnp,jakimclaren,mention,1,0.9042
gradysnp,maryhill_snp,mention,1,0.9042
gradysnp,mywowscotland,mention,1,0.6044
gradysnp,oldhai,mention,1,-0.1298
gradysnp,snpkelvin,mention,1,0.9272
grahamemorris,@borisjohnson,mention,1,0.7906
grahamemorris,@cheshirefire,mention,1,0.4019
grahamemorris,@clothworkersfdn,mention,1,0.8684
grahamemorris,@emmadentcoad,mention,1,0.5106
grahamemorris,@fbunational,mention,1,0.5106
grahamemorris,@jacindaardern!,mention,1,0.7906
grahamemorris,@johnmcdonnellmp,mention,1,0.3612
grahamemorris,@rtherapy4life,mention,1,-0.5994
grahamemorris,@tnlcomfund,mention,1,0.8684
grahamemorris,borisjohnson,mention,1,0.7906
grahamemorris,cheshirefire,mention,1,0.4019
grahamemorris,clothworkersfdn,mention,1,0.8684
grahamemorris,emmadentcoad,mention,1,0.5106
grahamemorris,fbunational,mention,1,0.5106
grahamemorris,jacindaardern,mention,1,0.7906
grahamemorris,johnmcdonnellmp,mention,1,0.3612
grahamemorris,rtherapy4life,mention,1,-0.5994
grahamemorris,tnlcomfund,mention,1,0.8684
grahamstuart,@grahamstuart,mention,1,0.0
grahamstuart,grahamstuart,mention,1,0.0
greghands,@cemkemahli,mention,1,0.3106
greghands,@felicitybuchan,mention,1,0.3106
greghands,@greghands,mention,1,0.3106
greghands,@greghands.com,mention,1,0.4939
greghands,@hamishadourian,mention,1,0.3106
greghands,@janetevanskcfc,mention,1,0.3106
greghands,@jthalassites,mention,1,0.3106
greghands,@marshallquentin,mention,1,0.3106
greghands,@maxchauhan,mention,1,0.3106
greghands,@maxwellwoodger,mention,1,0.3106
greghands,@sofmcveigh,mention,1,0.3106
greghands,@tbenne88,mention,1,0.3106
greghands,@tony_devenish,mention,1,0.3106
greghands,@walaaidris,mention,1,0.3106
greghands,@yankeebravo,mention,1,0.4939
greghands,cemkemahli,mention,1,0.3106
greghands,felicitybuchan,mention,1,0.3106
greghands,greghands,mention,2,0.40225
greghands,hamishadourian,mention,1,0.3106
greghands,janetevanskcfc,mention,1,0.3106
greghands,jthalassites,mention,1,0.3106
greghands,marshallquentin,mention,1,0.3106
greghands,maxchauhan,mention,1,0.3106
greghands,maxwellwoodger,mention,1,0.3106
greghands,sofmcveigh,mention,1,0.3106
greghands,tbenne88,mention,1,0.3106
greghands,tony_devenish,mention,1,0.3106
greghands,walaaidris,mention,1,0.3106
greghands,yankeebravo,mention,1,0.4939
guyopperman,@houseofcommons,mention,1,0.2285
guyopperman,@jamescleverly,mention,1,-0.4767
guyopperman,@john_fusionpr,mention,1,0.7783
guyopperman,@ruthdavidsonmsp,mention,1,0.0
guyopperman,houseofcommons,mention,1,0.2285
guyopperman,jamescleverly,mention,1,-0.4767
guyopperman,john_fusionpr,mention,1,0.7783
guyopperman,ruthdavidsonmsp,mention,1,0.0
gwynnemp,@britgeosurvey,mention,1,0.0
gwynnemp,@bubblejet,mention,1,0.4753
gwynnemp,@duchessmuse,mention,1,0.4404
gwynnemp,@krishgm,mention,1,0.4753
gwynnemp,@plbritish,mention,1,0.8271
gwynnemp,@sajidjavid,mention,1,0.5994
gwynnemp,@uklabour,mention,1,0.4753
gwynnemp,britgeosurvey,mention,1,0.0
gwynnemp,bubblejet,mention,1,0.4753
gwynnemp,duchessmuse,mention,1,0.4404
gwynnemp,krishgm,mention,1,0.4753
gwynnemp,plbritish,mention,1,0.8271
gwynnemp,sajidjavid,mention,1,0.5994
gwynnemp,uklabour,mention,1,0.4753
hackneyabbott,@labourhometeam.,mention,1,-0.7501
hackneyabbott,@uklabour,mention,1,-0.3336
hackneyabbott,labourhometeam,mention,1,-0.7501
hackneyabbott,uklabour,mention,1,-0.3336
halfon4harlowmp,@cmonehen,mention,1,0.9217
halfon4harlowmp,@dailymailuk,mention,1,-0.296
halfon4harlowmp,@doddmed,mention,1,0.8271
halfon4harlowmp,@longbeach54620,mention,1,0.6705
halfon4harlowmp,@mehardware,mention,1,0.9217
halfon4harlowmp,@number10cat,mention,1,0.7184
halfon4harlowmp,@uklabour,mention,1,0.9217
halfon4harlowmp,cmonehen,mention,1,0.9217
halfon4harlowmp,dailymailuk,mention,1,-0.296
halfon4harlowmp,doddmed,mention,1,0.8271
halfon4harlowmp,longbeach54620,mention,1,0.6705
halfon4harlowmp,mehardware,mention,1,0.9217
halfon4harlowmp,number10cat,mention,1,0.7184
halfon4harlowmp,uklabour,mention,1,0.9217
hammersmithandy,@borisjohnson,mention,1,0.2425
hammersmithandy,@dawnbutlerbrent,mention,1,0.2425
hammersmithandy,@gareththomasmp,mention,1,0.2425
hammersmithandy,@hammersmithandy,mention,1,0.2425
hammersmithandy,@karenpbuckmp,mention,1,0.2425
hammersmithandy,@lbhf,mention,1,0.9287
hammersmithandy,@ruthcadbury,mention,1,0.2425
hammersmithandy,@seemamalhotra1,mention,1,0.2425
hammersmithandy,@wm6thform,mention,1,0.9287
hammersmithandy,borisjohnson,mention,1,0.2425
hammersmithandy,dawnbutlerbrent,mention,1,0.2425
hammersmithandy,gareththomasmp,mention,1,0.2425
hammersmithandy,hammersmithandy,mention,1,0.2425
hammersmithandy,karenpbuckmp,mention,1,0.2425
hammersmithandy,lbhf,mention,1,0.9287
hammersmithandy,ruthcadbury,mention,1,0.2425
hammersmithandy,seemamalhotra1,mention,1,0.2425
hammersmithandy,wm6thform,mention,1,0.9287
hannahb4livimp,@doorsopendays.,mention,1,0.5267
hannahb4livimp,@glasgowcityfc,mention,1,0.8477
hannahb4livimp,@govanhillbaths,mention,1,0.5267
hannahb4livimp,@hibsladies.,mention,1,0.8477
hannahb4livimp,@highlandcouncil,mention,1,0.6124
hannahb4livimp,@mschakraverty,mention,1,0.5528
hannahb4livimp,@rcstweets,mention,1,0.5267
hannahb4livimp,@tedtalks,mention,1,0.4404
hannahb4livimp,@uwcl,mention,1,0.8477
hannahb4livimp,doorsopendays,mention,1,0.5267
hannahb4livimp,glasgowcityfc,mention,1,0.8477
hannahb4livimp,govanhillbaths,mention,1,0.5267
hannahb4livimp,hibsladies,mention,1,0.8477
hannahb4livimp,highlandcouncil,mention,1,0.6124
hannahb4livimp,mschakraverty,mention,1,0.5528
hannahb4livimp,rcstweets,mention,1,0.5267
hannahb4livimp,tedtalks,mention,1,0.4404
hannahb4livimp,uwcl,mention,1,0.8477
heatherwheeler,@emmanuelmacron,mention,1,0.5994
heatherwheeler,@lintonprimary!,mention,1,0.8655
heatherwheeler,emmanuelmacron,mention,1,0.5994
heatherwheeler,lintonprimary,mention,1,0.8655
heidiallen75,@davidpnolan,mention,1,-0.1779
heidiallen75,@electcalculus,mention,1,0.0
heidiallen75,@financialtimes,mention,1,0.0
heidiallen75,@greenmiranda,mention,1,0.0
heidiallen75,@libdems,mention,1,0.7713
heidiallen75,@mafevema,mention,1,0.0
heidiallen75,@plaid_cymru,mention,1,0.7713
heidiallen75,@thegreenparty,mention,1,0.7713
heidiallen75,@unitetoremain,mention,3,0.02056666666666666
heidiallen75,davidpnolan,mention,1,-0.1779
heidiallen75,electcalculus,mention,1,0.0
heidiallen75,financialtimes,mention,1,0.0
heidiallen75,greenmiranda,mention,1,0.0
heidiallen75,libdems,mention,1,0.7713
heidiallen75,mafevema,mention,1,0.0
heidiallen75,plaid_cymru,mention,1,0.7713
heidiallen75,thegreenparty,mention,1,0.7713
heidiallen75,unitetoremain,mention,3,0.02056666666666666
helengoodmanba,@borisjohnson,mention,1,-0.4767
helengoodmanba,@peston,mention,1,-0.4767
helengoodmanba,@teamsaj,mention,1,0.0
helengoodmanba,borisjohnson,mention,1,-0.4767
helengoodmanba,peston,mention,1,-0.4767
helengoodmanba,teamsaj,mention,1,0.0
helenhayes_,@can_jam,mention,1,0.902
helenhayes_,@helenhayes_,mention,1,0.902
helenhayes_,@sohohouse,mention,1,0.902
helenhayes_,can_jam,mention,1,0.902
helenhayes_,helenhayes_,mention,1,0.902
helenhayes_,sohohouse,mention,1,0.902
henrysmithuk,@chtonline,mention,1,0.8622
henrysmithuk,@crawley_news,mention,1,0.8622
henrysmithuk,@crawleynews24,mention,1,0.8622
henrysmithuk,@henrysmithuk,mention,1,0.8622
henrysmithuk,@olivetreecsc.,mention,1,0.8622
henrysmithuk,chtonline,mention,1,0.8622
henrysmithuk,crawley_news,mention,1,0.8622
henrysmithuk,crawleynews24,mention,1,0.8622
henrysmithuk,henrysmithuk,mention,1,0.8622
henrysmithuk,olivetreecsc,mention,1,0.8622
hilarybennmp,@asda,mention,1,0.5994
hilarybennmp,@dodofrost,mention,1,-0.101
hilarybennmp,@hilarybennmp,mention,1,-0.101
hilarybennmp,@lfoodbank,mention,1,0.5994
hilarybennmp,@tris_stock,mention,1,-0.101
hilarybennmp,@votes_17,mention,1,-0.101
hilarybennmp,asda,mention,1,0.5994
hilarybennmp,dodofrost,mention,1,-0.101
hilarybennmp,hilarybennmp,mention,1,-0.101
hilarybennmp,lfoodbank,mention,1,0.5994
hilarybennmp,tris_stock,mention,1,-0.101
hilarybennmp,votes_17,mention,1,-0.101
hollylynch5,@iandaypix,mention,1,0.3182
hollylynch5,@lauracollinsypn,mention,1,0.3182
hollylynch5,@louhaigh,mention,1,0.3182
hollylynch5,@paulasherriff,mention,1,0.3182
hollylynch5,@rachelreevesmp,mention,1,0.3182
hollylynch5,@robparsonsyp,mention,1,0.3182
hollylynch5,@wizbates,mention,1,0.3182
hollylynch5,@yorkshirelabour,mention,1,0.3182
hollylynch5,iandaypix,mention,1,0.3182
hollylynch5,lauracollinsypn,mention,1,0.3182
hollylynch5,louhaigh,mention,1,0.3182
hollylynch5,paulasherriff,mention,1,0.3182
hollylynch5,rachelreevesmp,mention,1,0.3182
hollylynch5,robparsonsyp,mention,1,0.3182
hollylynch5,wizbates,mention,1,0.3182
hollylynch5,yorkshirelabour,mention,1,0.3182
hugoswire,@borisjohnson,mention,1,0.8402
hugoswire,@englandcricket,mention,1,0.7096
hugoswire,borisjohnson,mention,1,0.8402
hugoswire,englandcricket,mention,1,0.7096
hywelplaidcymru,@akalamusic!,mention,1,0.4199
hywelplaidcymru,@auobcymru,mention,1,0.0
hywelplaidcymru,@bangoruni!,mention,1,0.6351
hywelplaidcymru,@catwager,mention,1,-0.7579
hywelplaidcymru,@childcomwales,mention,1,0.0
hywelplaidcymru,@delythjewellam,mention,1,0.0
hywelplaidcymru,@fmwales,mention,1,0.4927
hywelplaidcymru,@greghands,mention,1,0.3527
hywelplaidcymru,@hywelplaidcymru,mention,2,-0.37895
hywelplaidcymru,@jesse_norman?,mention,1,0.3527
hywelplaidcymru,@leganelmondo,mention,1,0.5106
hywelplaidcymru,@lsrplaid,mention,1,-0.7579
hywelplaidcymru,@nickymorgan01,mention,1,0.3527
hywelplaidcymru,@northwaleschron,mention,1,-0.7579
hywelplaidcymru,@owenjhurcum,mention,1,-0.7579
hywelplaidcymru,@plaid_cymru,mention,1,0.0
hywelplaidcymru,@siangwenfelin,mention,2,-0.37895
hywelplaidcymru,@stellacreasy,mention,1,0.0772
hywelplaidcymru,@stevebarclay,mention,1,0.3527
hywelplaidcymru,@wgmin_deputy,mention,1,0.0
hywelplaidcymru,@wgmin_education,mention,1,0.0
hywelplaidcymru,@yescymru,mention,1,0.0
hywelplaidcymru,akalamusic,mention,1,0.4199
hywelplaidcymru,auobcymru,mention,1,0.0
hywelplaidcymru,bangoruni,mention,1,0.6351
hywelplaidcymru,catwager,mention,1,-0.7579
hywelplaidcymru,childcomwales,mention,1,0.0
hywelplaidcymru,delythjewellam,mention,1,0.0
hywelplaidcymru,fmwales,mention,1,0.4927
hywelplaidcymru,greghands,mention,1,0.3527
hywelplaidcymru,hywelplaidcymru,mention,2,-0.37895
hywelplaidcymru,jesse_norman,mention,1,0.3527
hywelplaidcymru,leganelmondo,mention,1,0.5106
hywelplaidcymru,lsrplaid,mention,1,-0.7579
hywelplaidcymru,nickymorgan01,mention,1,0.3527
hywelplaidcymru,northwaleschron,mention,1,-0.7579
hywelplaidcymru,owenjhurcum,mention,1,-0.7579
hywelplaidcymru,plaid_cymru,mention,1,0.0
hywelplaidcymru,siangwenfelin,mention,2,-0.37895
hywelplaidcymru,stellacreasy,mention,1,0.0772
hywelplaidcymru,stevebarclay,mention,1,0.3527
hywelplaidcymru,wgmin_deputy,mention,1,0.0
hywelplaidcymru,wgmin_education,mention,1,0.0
hywelplaidcymru,yescymru,mention,1,0.0
ianblackford_mp,@ali__samson,mention,1,0.3612
ianblackford_mp,@nickferrarilbc,mention,1,0.3612
ianblackford_mp,ali__samson,mention,1,0.3612
ianblackford_mp,nickferrarilbc,mention,1,0.3612
ianlaverymp,@jopike3,mention,1,0.9287
ianlaverymp,@uklabour,mention,1,0.9287
ianlaverymp,jopike3,mention,1,0.9287
ianlaverymp,uklabour,mention,1,0.9287
ianmurraymp,@djohnsonmsp,mention,1,0.4019
ianmurraymp,@thescotsman,mention,1,0.4019
ianmurraymp,djohnsonmsp,mention,1,0.4019
ianmurraymp,thescotsman,mention,1,0.4019
imran_hussainmp,@imran_hussainmp,mention,1,0.8955
imran_hussainmp,imran_hussainmp,mention,1,0.8955
iowbobseely,@andrew_adonis,mention,1,-0.1557
iowbobseely,@haynesdeborah,mention,1,0.8126
iowbobseely,@isabeloakeshott,mention,1,0.8858
iowbobseely,@parliament.uk,mention,1,0.0
iowbobseely,@southernwater,mention,1,0.9231
iowbobseely,andrew_adonis,mention,1,-0.1557
iowbobseely,haynesdeborah,mention,1,0.8126
iowbobseely,isabeloakeshott,mention,1,0.8858
iowbobseely,parliament,mention,1,0.0
iowbobseely,southernwater,mention,1,0.9231
j_donaldson_mp,@colmdore,mention,1,-0.8549
j_donaldson_mp,@dupleader,mention,1,0.4019
j_donaldson_mp,@infbrigade,mention,1,0.8934
j_donaldson_mp,@leovaradkar,mention,1,-0.8549
j_donaldson_mp,@matthewotoole2,mention,1,0.2263
j_donaldson_mp,@nealerichmond,mention,1,-0.8549
j_donaldson_mp,@ni_infantry,mention,1,0.8934
j_donaldson_mp,@simoncoveney,mention,1,-0.8549
j_donaldson_mp,colmdore,mention,1,-0.8549
j_donaldson_mp,dupleader,mention,1,0.4019
j_donaldson_mp,infbrigade,mention,1,0.8934
j_donaldson_mp,leovaradkar,mention,1,-0.8549
j_donaldson_mp,matthewotoole2,mention,1,0.2263
j_donaldson_mp,nealerichmond,mention,1,-0.8549
j_donaldson_mp,ni_infantry,mention,1,0.8934
j_donaldson_mp,simoncoveney,mention,1,-0.8549
jackdromeymp,@borisjohnson,mention,1,-0.1955
jackdromeymp,@jackdromeymp,mention,1,0.4404
jackdromeymp,borisjohnson,mention,1,-0.1955
jackdromeymp,jackdromeymp,mention,1,0.4404
jamescleverly,@andrewbowiemp,mention,1,0.765
jamescleverly,@bbcr4today?,mention,1,0.0
jamescleverly,@bjh251,mention,1,0.4019
jamescleverly,@borisjohnson,mention,2,0.05835000000000001
jamescleverly,@chelmscitycons,mention,1,0.9606
jamescleverly,@conservatives,mention,1,-0.6271
jamescleverly,@conservatives⁩,mention,1,0.8555
jamescleverly,@craigwhoy1⁩,mention,1,0.8555
jamescleverly,@hginnett,mention,1,0.8658
jamescleverly,@jamescleverly,mention,3,0.9345
jamescleverly,@jamescleverly⁩,mention,1,0.8555
jamescleverly,@jeremycorbyn,mention,1,-0.6271
jamescleverly,@matthewstadlen,mention,1,-0.3612
jamescleverly,@patel4witham,mention,1,0.4019
jamescleverly,@scottories⁩,mention,1,0.8555
jamescleverly,@shaunbaileyuk,mention,1,0.8658
jamescleverly,@vickyford,mention,1,0.9606
jamescleverly,andrewbowiemp,mention,1,0.765
jamescleverly,bbcr4today,mention,1,0.0
jamescleverly,bjh251,mention,1,0.4019
jamescleverly,borisjohnson,mention,2,0.05835000000000001
jamescleverly,chelmscitycons,mention,1,0.9606
jamescleverly,conservatives,mention,2,0.11420000000000002
jamescleverly,craigwhoy1,mention,1,0.8555
jamescleverly,hginnett,mention,1,0.8658
jamescleverly,jamescleverly,mention,4,0.91475
jamescleverly,jeremycorbyn,mention,1,-0.6271
jamescleverly,matthewstadlen,mention,1,-0.3612
jamescleverly,patel4witham,mention,1,0.4019
jamescleverly,scottories,mention,1,0.8555
jamescleverly,shaunbaileyuk,mention,1,0.8658
jamescleverly,vickyford,mention,1,0.9606
jamesduddridge,@chrispincher.,mention,1,0.9365
jamesduddridge,chrispincher,mention,1,0.9365
jamesfrith,@buryfcofficial,mention,2,0.80855
jamesfrith,@burytimes,mention,1,0.9001
jamesfrith,@david_conn,mention,1,0.7003
jamesfrith,@jamesfrith,mention,2,0.90845
jamesfrith,buryfcofficial,mention,2,0.80855
jamesfrith,burytimes,mention,1,0.9001
jamesfrith,david_conn,mention,1,0.7003
jamesfrith,jamesfrith,mention,2,0.90845
jeffsmithetc,@iandaypix,mention,1,0.3182
jeffsmithetc,@lauracollinsypn,mention,1,0.3182
jeffsmithetc,@louhaigh,mention,1,0.3182
jeffsmithetc,@paulasherriff,mention,1,0.3182
jeffsmithetc,@rachelreevesmp,mention,1,0.3182
jeffsmithetc,@robparsonsyp,mention,1,0.3182
jeffsmithetc,@wizbates,mention,1,0.3182
jeffsmithetc,@yorkshirelabour,mention,1,0.3182
jeffsmithetc,iandaypix,mention,1,0.3182
jeffsmithetc,lauracollinsypn,mention,1,0.3182
jeffsmithetc,louhaigh,mention,1,0.3182
jeffsmithetc,paulasherriff,mention,1,0.3182
jeffsmithetc,rachelreevesmp,mention,1,0.3182
jeffsmithetc,robparsonsyp,mention,1,0.3182
jeffsmithetc,wizbates,mention,1,0.3182
jeffsmithetc,yorkshirelabour,mention,1,0.3182
jennychapman,@ace_thenorth,mention,1,0.8442
jennychapman,@amazingradio,mention,1,0.8442
jennychapman,@creative_dton,mention,1,0.8442
jennychapman,@darlomusic,mention,1,0.8442
jennychapman,@lovedarlouk,mention,1,0.8442
jennychapman,@rianne_thompson,mention,1,0.8442
jennychapman,@robirishmedia,mention,1,0.8442
jennychapman,@sarahwevents,mention,1,0.8442
jennychapman,ace_thenorth,mention,1,0.8442
jennychapman,amazingradio,mention,1,0.8442
jennychapman,creative_dton,mention,1,0.8442
jennychapman,darlomusic,mention,1,0.8442
jennychapman,lovedarlouk,mention,1,0.8442
jennychapman,rianne_thompson,mention,1,0.8442
jennychapman,robirishmedia,mention,1,0.8442
jennychapman,sarahwevents,mention,1,0.8442
jesse_norman,@borisjohnson,mention,1,0.8908
jesse_norman,@jsheappey,mention,1,0.8908
jesse_norman,borisjohnson,mention,1,0.8908
jesse_norman,jsheappey,mention,1,0.8908
jessicamordenmp,@britishcycling,mention,1,0.7579
jessicamordenmp,@llanwernenglish.,mention,1,0.9136
jessicamordenmp,@walesvelodrome,mention,1,0.7579
jessicamordenmp,britishcycling,mention,1,0.7579
jessicamordenmp,llanwernenglish,mention,1,0.9136
jessicamordenmp,walesvelodrome,mention,1,0.7579
jessphillips,@appgcsa,mention,1,-0.6597
jessphillips,@charteriscentre,mention,1,0.0
jessphillips,@clivetyldesley,mention,1,-0.3182
jessphillips,@dannystone1,mention,1,0.0
jessphillips,@elizabday,mention,1,-0.3182
jessphillips,@evie1evie,mention,1,0.0
jessphillips,@jessphillips,mention,1,0.0
jessphillips,@judibilling⁩,mention,1,0.7959
jessphillips,@katiecurtis⁩,mention,1,0.7959
jessphillips,@labourlordsuk,mention,1,0.4019
jessphillips,@ladybasildon:,mention,1,0.4019
jessphillips,@lewis_alee,mention,1,0.5719
jessphillips,@michaeljswalker,mention,1,-0.6207
jessphillips,@parliament.uk,mention,1,0.5719
jessphillips,@peoplesvote_uk⁩,mention,1,0.7959
jessphillips,@tomdeery_,mention,1,-0.6207
jessphillips,@vague_biscuit,mention,1,-0.6207
jessphillips,appgcsa,mention,1,-0.6597
jessphillips,charteriscentre,mention,1,0.0
jessphillips,clivetyldesley,mention,1,-0.3182
jessphillips,dannystone1,mention,1,0.0
jessphillips,elizabday,mention,1,-0.3182
jessphillips,evie1evie,mention,1,0.0
jessphillips,jessphillips,mention,1,0.0
jessphillips,judibilling,mention,1,0.7959
jessphillips,katiecurtis,mention,1,0.7959
jessphillips,labourlordsuk,mention,1,0.4019
jessphillips,ladybasildon,mention,1,0.4019
jessphillips,lewis_alee,mention,1,0.5719
jessphillips,michaeljswalker,mention,1,-0.6207
jessphillips,parliament,mention,1,0.5719
jessphillips,peoplesvote_uk,mention,1,0.7959
jessphillips,tomdeery_,mention,1,-0.6207
jessphillips,vague_biscuit,mention,1,-0.6207
jimfromoldham,@borisjohnson,mention,1,-0.1027
jimfromoldham,borisjohnson,mention,1,-0.1027
joannaccherry,@alancumming:,mention,1,0.6486
joannaccherry,@asinvestmentsuk,mention,1,0.0
joannaccherry,@bbcradioscot,mention,1,-0.25
joannaccherry,@edintfest,mention,1,0.0
joannaccherry,@jamtarts,mention,1,0.0
joannaccherry,@jj_bruce,mention,1,0.0
joannaccherry,@joycemcm,mention,1,-0.25
joannaccherry,@laphil,mention,1,0.0
joannaccherry,@michellethomson,mention,1,0.0
joannaccherry,@scotparl,mention,1,-0.743
joannaccherry,@tynecastlepark_,mention,1,0.0
joannaccherry,alancumming,mention,1,0.6486
joannaccherry,asinvestmentsuk,mention,1,0.0
joannaccherry,bbcradioscot,mention,1,-0.25
joannaccherry,edintfest,mention,1,0.0
joannaccherry,jamtarts,mention,1,0.0
joannaccherry,jj_bruce,mention,1,0.0
joannaccherry,joycemcm,mention,1,-0.25
joannaccherry,laphil,mention,1,0.0
joannaccherry,michellethomson,mention,1,0.0
joannaccherry,scotparl,mention,1,-0.743
joannaccherry,tynecastlepark_,mention,1,0.0
joanryanenfield,@louiseellman,mention,1,0.8271
joanryanenfield,@uklabour,mention,1,-0.5983
joanryanenfield,louiseellman,mention,1,0.8271
joanryanenfield,uklabour,mention,1,-0.5983
john2win,@ianmurraymp,mention,1,0.6486
john2win,@ruthdavidsonmsp.,mention,1,0.6915
john2win,ianmurraymp,mention,1,0.6486
john2win,ruthdavidsonmsp,mention,1,0.6915
johnmcdonnellmp,@labourparty,mention,1,-0.8264
johnmcdonnellmp,@suehayman1,mention,1,-0.8264
johnmcdonnellmp,labourparty,mention,1,-0.8264
johnmcdonnellmp,suehayman1,mention,1,-0.8264
johnnymerceruk,@bigphilcampion,mention,1,0.0
johnnymerceruk,@henryfraser0,mention,1,0.8172
johnnymerceruk,@homejamesessex,mention,1,0.0
johnnymerceruk,@jackleach1991⁩,mention,1,0.9337
johnnymerceruk,@jamesrbuk,mention,1,0.4939
johnnymerceruk,@marinahyde,mention,1,0.0
johnnymerceruk,@poppylegion,mention,1,0.0
johnnymerceruk,@tgifridaysuk,mention,1,0.0
johnnymerceruk,@tgifridaysuk?,mention,1,0.0
johnnymerceruk,bigphilcampion,mention,1,0.0
johnnymerceruk,henryfraser0,mention,1,0.8172
johnnymerceruk,homejamesessex,mention,1,0.0
johnnymerceruk,jackleach1991,mention,1,0.9337
johnnymerceruk,jamesrbuk,mention,1,0.4939
johnnymerceruk,marinahyde,mention,1,0.0
johnnymerceruk,poppylegion,mention,1,0.0
johnnymerceruk,tgifridaysuk,mention,1,0.0
jonashworth,@jonashworth,mention,1,0.0
jonashworth,jonashworth,mention,1,0.0
joplattleigh,@ayocaesar,mention,1,0.9041
joplattleigh,@couriergreg,mention,1,0.9041
joplattleigh,@gmbyoungmembers,mention,1,0.9041
joplattleigh,@jeremycorbyn,mention,1,0.9041
joplattleigh,@joplattmp,mention,1,0.9041
joplattleigh,@lsvstadium,mention,1,0.606
joplattleigh,@rlwc2021,mention,1,0.606
joplattleigh,@uefawomenseuro,mention,1,0.606
joplattleigh,ayocaesar,mention,1,0.9041
joplattleigh,couriergreg,mention,1,0.9041
joplattleigh,gmbyoungmembers,mention,1,0.9041
joplattleigh,jeremycorbyn,mention,1,0.9041
joplattleigh,joplattmp,mention,1,0.9041
joplattleigh,lsvstadium,mention,1,0.606
joplattleigh,rlwc2021,mention,1,0.606
joplattleigh,uefawomenseuro,mention,1,0.606
jostevenslabour,@annamcmorrin,mention,1,-0.296
jostevenslabour,@borisjohnson,mention,1,0.0
jostevenslabour,@brexitometerhq,mention,1,-0.296
jostevenslabour,@commonscms,mention,1,0.3182
jostevenslabour,@euromove,mention,1,-0.296
jostevenslabour,@facebook,mention,1,0.3182
jostevenslabour,@greendaisy11,mention,1,0.0
jostevenslabour,@jason_kint,mention,1,0.4926
jostevenslabour,@jeremycorbyn,mention,1,0.0
jostevenslabour,@jostevenslabour,mention,2,0.09035000000000001
jostevenslabour,@kevinbrennanmp,mention,1,-0.296
jostevenslabour,@rcmamarkets,mention,1,0.4767
jostevenslabour,@sdoughtymp,mention,1,-0.296
jostevenslabour,@sodemaction,mention,1,0.0
jostevenslabour,@ukparliament,mention,1,0.0
jostevenslabour,@walesforeurope,mention,2,0.0421
jostevenslabour,annamcmorrin,mention,1,-0.296
jostevenslabour,borisjohnson,mention,1,0.0
jostevenslabour,brexitometerhq,mention,1,-0.296
jostevenslabour,commonscms,mention,1,0.3182
jostevenslabour,euromove,mention,1,-0.296
jostevenslabour,facebook,mention,1,0.3182
jostevenslabour,greendaisy11,mention,1,0.0
jostevenslabour,jason_kint,mention,1,0.4926
jostevenslabour,jeremycorbyn,mention,1,0.0
jostevenslabour,jostevenslabour,mention,2,0.09035000000000001
jostevenslabour,kevinbrennanmp,mention,1,-0.296
jostevenslabour,rcmamarkets,mention,1,0.4767
jostevenslabour,sdoughtymp,mention,1,-0.296
jostevenslabour,sodemaction,mention,1,0.0
jostevenslabour,ukparliament,mention,1,0.0
jostevenslabour,walesforeurope,mention,2,0.0421
joswinson,@kristinssharp,mention,1,0.8172
joswinson,@libdems,mention,1,0.8172
joswinson,kristinssharp,mention,1,0.8172
joswinson,libdems,mention,1,0.8172
jreynoldsmp,@borisjohnson,mention,1,0.6476
jreynoldsmp,@jreynoldsmp,mention,1,0.6476
jreynoldsmp,@lucyallan,mention,1,0.6476
jreynoldsmp,@sheila_bell,mention,1,-0.4939
jreynoldsmp,@tellyboxeyes,mention,1,-0.4939
jreynoldsmp,@tobybaxendale,mention,1,0.5994
jreynoldsmp,borisjohnson,mention,1,0.6476
jreynoldsmp,jreynoldsmp,mention,1,0.6476
jreynoldsmp,lucyallan,mention,1,0.6476
jreynoldsmp,sheila_bell,mention,1,-0.4939
jreynoldsmp,tellyboxeyes,mention,1,-0.4939
jreynoldsmp,tobybaxendale,mention,1,0.5994
jsheappey,@borisjohnson,mention,1,-0.5267
jsheappey,@tylerpk,mention,1,-0.5267
jsheappey,borisjohnson,mention,1,-0.5267
jsheappey,tylerpk,mention,1,-0.5267
julianknight15,@blythematters,mention,1,0.5411
julianknight15,@edconwaysky,mention,1,-0.2732
julianknight15,@edgbaston,mention,1,0.802
julianknight15,@englandcricket,mention,1,0.802
julianknight15,@mpiainds’,mention,1,0.7591
julianknight15,@obornetweets.,mention,1,0.7591
julianknight15,@solihullupdates,mention,1,0.7712
julianknight15,blythematters,mention,1,0.5411
julianknight15,edconwaysky,mention,1,-0.2732
julianknight15,edgbaston,mention,1,0.802
julianknight15,englandcricket,mention,1,0.802
julianknight15,mpiainds,mention,1,0.7591
julianknight15,obornetweets,mention,1,0.7591
julianknight15,solihullupdates,mention,1,0.7712
justinmadders,@r_mawhinney,mention,1,0.0516
justinmadders,@sales2great,mention,1,0.2023
justinmadders,r_mawhinney,mention,1,0.0516
justinmadders,sales2great,mention,1,0.2023
justintomlinson,@parliament.uk-,mention,1,0.4767
justintomlinson,@petewebber1,mention,1,0.4767
justintomlinson,parliament,mention,1,0.4767
justintomlinson,petewebber1,mention,1,0.4767
karen_karenelee,@cllrmhill,mention,1,0.5678
karen_karenelee,@fbunational,mention,1,0.1761
karen_karenelee,@fbunational⁩,mention,1,-0.6399
karen_karenelee,@karenleemp⁩,mention,1,-0.6399
karen_karenelee,@lincolnshirecc,mention,1,0.5678
karen_karenelee,@lisaforbes_⁩,mention,1,-0.6399
karen_karenelee,cllrmhill,mention,1,0.5678
karen_karenelee,fbunational,mention,2,-0.2319
karen_karenelee,karenleemp,mention,1,-0.6399
karen_karenelee,lincolnshirecc,mention,1,0.5678
karen_karenelee,lisaforbes_,mention,1,-0.6399
karenpbuckmp,@patel4witham?,mention,1,0.4215
karenpbuckmp,patel4witham,mention,1,0.4215
karinsmyth,@cosaraf),mention,1,0.7964
karinsmyth,@karinsmyth,mention,1,0.7964
karinsmyth,@kpmguk,mention,1,0.7964
karinsmyth,@pigeonmagazine,mention,1,0.6908
karinsmyth,@road_project18,mention,1,0.6908
karinsmyth,@sbristolvoice,mention,1,0.6908
karinsmyth,@totterdown_,mention,1,0.6908
karinsmyth,@tresacic,mention,1,0.6908
karinsmyth,cosaraf,mention,1,0.7964
karinsmyth,karinsmyth,mention,1,0.7964
karinsmyth,kpmguk,mention,1,0.7964
karinsmyth,pigeonmagazine,mention,1,0.6908
karinsmyth,road_project18,mention,1,0.6908
karinsmyth,sbristolvoice,mention,1,0.6908
karinsmyth,totterdown_,mention,1,0.6908
karinsmyth,tresacic,mention,1,0.6908
karlturnermp,@borisjohnson,mention,1,0.9622
karlturnermp,@chrismriches,mention,1,0.9622
karlturnermp,@daily_express,mention,1,0.9622
karlturnermp,@drravij,mention,1,0.9622
karlturnermp,@matthancock,mention,1,0.9622
karlturnermp,@motherhoodvscf.,mention,1,0.9622
karlturnermp,@nhsengland,mention,1,-0.0258
karlturnermp,@sheffieldeagles,mention,1,0.5081
karlturnermp,@steveallman,mention,1,-0.0258
karlturnermp,@vertexpharma,mention,1,-0.0258
karlturnermp,@vertexpharma.,mention,1,0.9622
karlturnermp,@wembleystadium,mention,1,0.5081
karlturnermp,borisjohnson,mention,1,0.9622
karlturnermp,chrismriches,mention,1,0.9622
karlturnermp,daily_express,mention,1,0.9622
karlturnermp,drravij,mention,1,0.9622
karlturnermp,matthancock,mention,1,0.9622
karlturnermp,motherhoodvscf,mention,1,0.9622
karlturnermp,nhsengland,mention,1,-0.0258
karlturnermp,sheffieldeagles,mention,1,0.5081
karlturnermp,steveallman,mention,1,-0.0258
karlturnermp,vertexpharma,mention,2,0.4682
karlturnermp,wembleystadium,mention,1,0.5081
kate_hollernmp,@borisjohnson.,mention,1,0.8459
kate_hollernmp,borisjohnson,mention,1,0.8459
kategreensu,@citizensuk,mention,1,-0.4549
kategreensu,@conunit_ucl,mention,1,0.872
kategreensu,@lucympowell,mention,1,0.2023
kategreensu,citizensuk,mention,1,-0.4549
kategreensu,conunit_ucl,mention,1,0.872
kategreensu,lucympowell,mention,1,0.2023
keeleymp,@borisjohnson,mention,1,-0.2732
keeleymp,@carequalitycomm.,mention,1,0.296
keeleymp,@keeleymp,mention,1,0.9747
keeleymp,@leedsandyorkpft,mention,1,0.0
keeleymp,@lungtheatre,mention,1,0.4019
keeleymp,@mndscotland,mention,1,-0.5106
keeleymp,@opera_north.,mention,1,0.0
keeleymp,@rlong_bailey,mention,1,0.9747
keeleymp,@salford_mayor,mention,1,0.9747
keeleymp,@salfordcouncil,mention,1,0.9747
keeleymp,@salfordunison,mention,1,0.9747
keeleymp,@samanthajayneb4,mention,1,0.9747
keeleymp,@summerhallery,mention,1,0.4019
keeleymp,@tewv,mention,1,0.296
keeleymp,@the_lowry,mention,1,0.4019
keeleymp,borisjohnson,mention,1,-0.2732
keeleymp,carequalitycomm,mention,1,0.296
keeleymp,keeleymp,mention,1,0.9747
keeleymp,leedsandyorkpft,mention,1,0.0
keeleymp,lungtheatre,mention,1,0.4019
keeleymp,mndscotland,mention,1,-0.5106
keeleymp,opera_north,mention,1,0.0
keeleymp,rlong_bailey,mention,1,0.9747
keeleymp,salford_mayor,mention,1,0.9747
keeleymp,salfordcouncil,mention,1,0.9747
keeleymp,salfordunison,mention,1,0.9747
keeleymp,samanthajayneb4,mention,1,0.9747
keeleymp,summerhallery,mention,1,0.4019
keeleymp,tewv,mention,1,0.296
keeleymp,the_lowry,mention,1,0.4019
kerrymp,09twiggy,mention,1,0.0
kerrymp,@09twiggy,mention,1,0.0
kerrymp,@annesnelgrove,mention,1,0.3367
kerrymp,@bristolpanthers,mention,1,0.6705
kerrymp,@callumcollins,mention,1,0.6705
kerrymp,@eastoncowboys,mention,1,0.6705
kerrymp,@firstbsa,mention,1,0.0
kerrymp,@guardian,mention,1,0.2732
kerrymp,@jonadowning,mention,1,0.6705
kerrymp,@kathrynrolfe1,mention,1,0.34
kerrymp,@marleybennett,mention,1,0.6705
kerrymp,@thangammp,mention,1,0.6705
kerrymp,annesnelgrove,mention,1,0.3367
kerrymp,bristolpanthers,mention,1,0.6705
kerrymp,callumcollins,mention,1,0.6705
kerrymp,eastoncowboys,mention,1,0.6705
kerrymp,firstbsa,mention,1,0.0
kerrymp,guardian,mention,1,0.2732
kerrymp,jonadowning,mention,1,0.6705
kerrymp,kathrynrolfe1,mention,1,0.34
kerrymp,marleybennett,mention,1,0.6705
kerrymp,thangammp,mention,1,0.6705
kevin_j_foster,@aland_tda,mention,2,0.588
kevin_j_foster,@ashingtonlad,mention,1,0.3612
kevin_j_foster,@bayonetmediauk,mention,1,-0.3182
kevin_j_foster,@beachlifemuma,mention,1,0.3318
kevin_j_foster,@cllrsdarling,mention,3,-0.021899999999999992
kevin_j_foster,@danwnews,mention,2,0.0068000000000000005
kevin_j_foster,@jamesru5531l,mention,1,0.7269
kevin_j_foster,@nsandi,mention,1,0.4215
kevin_j_foster,@samanthapengil3,mention,1,0.4404
kevin_j_foster,@torbay_council,mention,1,0.8442
kevin_j_foster,aland_tda,mention,2,0.588
kevin_j_foster,ashingtonlad,mention,1,0.3612
kevin_j_foster,bayonetmediauk,mention,1,-0.3182
kevin_j_foster,beachlifemuma,mention,1,0.3318
kevin_j_foster,cllrsdarling,mention,3,-0.021899999999999992
kevin_j_foster,danwnews,mention,2,0.0068000000000000005
kevin_j_foster,jamesru5531l,mention,1,0.7269
kevin_j_foster,nsandi,mention,1,0.4215
kevin_j_foster,samanthapengil3,mention,1,0.4404
kevin_j_foster,torbay_council,mention,1,0.8442
kevinbrennanmp,10downingstreet,mention,1,-0.8316
kevinbrennanmp,@10downingstreet,mention,1,-0.8316
kevinbrennanmp,@borisjohnson,mention,1,0.0516
kevinbrennanmp,@nickboles,mention,1,0.0516
kevinbrennanmp,@teamsaj,mention,1,0.0
kevinbrennanmp,borisjohnson,mention,1,0.0516
kevinbrennanmp,nickboles,mention,1,0.0516
kevinbrennanmp,teamsaj,mention,1,0.0
kevinhollinrake,@dsmitheconomics,mention,1,0.7269
kevinhollinrake,@kevinhollinrake,mention,1,0.7269
kevinhollinrake,dsmitheconomics,mention,1,0.7269
kevinhollinrake,kevinhollinrake,mention,1,0.7269
labourlewis,@audreyaurus1,mention,1,0.8999
labourlewis,@eloisetodd,mention,1,0.0
labourlewis,@emilyapple,mention,1,0.0
labourlewis,@ian_goldin.,mention,1,0.7263
labourlewis,@johnharris1969,mention,1,0.7263
labourlewis,@joswinson.,mention,1,0.0
labourlewis,@labourlewis,mention,1,0.7263
labourlewis,@polprofsteve,mention,1,-0.189
labourlewis,@thersaorg,mention,1,0.7263
labourlewis,@uklabour,mention,1,0.8999
labourlewis,@wildernesshq,mention,1,0.7263
labourlewis,audreyaurus1,mention,1,0.8999
labourlewis,eloisetodd,mention,1,0.0
labourlewis,emilyapple,mention,1,0.0
labourlewis,ian_goldin,mention,1,0.7263
labourlewis,johnharris1969,mention,1,0.7263
labourlewis,joswinson,mention,1,0.0
labourlewis,labourlewis,mention,1,0.7263
labourlewis,polprofsteve,mention,1,-0.189
labourlewis,thersaorg,mention,1,0.7263
labourlewis,uklabour,mention,1,0.8999
labourlewis,wildernesshq,mention,1,0.7263
laboursj,@danpaulsimmons,mention,1,0.2732
laboursj,@jackielongc4’s,mention,1,0.0
laboursj,@owenjones84,mention,1,0.8666
laboursj,danpaulsimmons,mention,1,0.2732
laboursj,jackielongc4,mention,1,0.0
laboursj,owenjones84,mention,1,0.8666
laurasmithcrewe,@cheshirechief,mention,1,0.9246
laurasmithcrewe,cheshirechief,mention,1,0.9246
laylamoran,@carolinelucas,mention,1,-0.2263
laylamoran,@halfon4harlowmp,mention,1,-0.2263
laylamoran,@laylamoran,mention,1,-0.2263
laylamoran,@sajidjavid,mention,1,-0.2263
laylamoran,carolinelucas,mention,1,-0.2263
laylamoran,halfon4harlowmp,mention,1,-0.2263
laylamoran,laylamoran,mention,1,-0.2263
laylamoran,sajidjavid,mention,1,-0.2263
lesleylaird,@ukhomeoffice,mention,1,-0.5719
lesleylaird,ukhomeoffice,mention,1,-0.5719
liambyrnemp,@bhamuniunison's,mention,1,0.9403
liambyrnemp,@birminghamlive's,mention,1,-0.3818
liambyrnemp,@camlambert2000,mention,1,0.8506
liambyrnemp,@englandcricket,mention,1,0.8188
liambyrnemp,@liambyrnemp,mention,2,0.27925
liambyrnemp,@resfoundation⁩,mention,1,-0.4767
liambyrnemp,@uklabour,mention,1,0.8264
liambyrnemp,@unibirmingham,mention,1,0.9403
liambyrnemp,bhamuniunison,mention,1,0.9403
liambyrnemp,birminghamlive,mention,1,-0.3818
liambyrnemp,camlambert2000,mention,1,0.8506
liambyrnemp,englandcricket,mention,1,0.8188
liambyrnemp,liambyrnemp,mention,2,0.27925
liambyrnemp,resfoundation,mention,1,-0.4767
liambyrnemp,uklabour,mention,1,0.8264
liambyrnemp,unibirmingham,mention,1,0.9403
liliangreenwood,@captain_deltic,mention,1,0.0
liliangreenwood,@carlyemms.,mention,1,0.0
liliangreenwood,@lucianaberger,mention,1,0.4003
liliangreenwood,@mickwhelanaslef,mention,1,-0.8442
liliangreenwood,@ng_labour,mention,1,0.6588
liliangreenwood,@stushurlock,mention,1,0.0
liliangreenwood,captain_deltic,mention,1,0.0
liliangreenwood,carlyemms,mention,1,0.0
liliangreenwood,lucianaberger,mention,1,0.4003
liliangreenwood,mickwhelanaslef,mention,1,-0.8442
liliangreenwood,ng_labour,mention,1,0.6588
liliangreenwood,stushurlock,mention,1,0.0
lordianaustin,@andybell5news,mention,1,-0.3885
lordianaustin,@bbcpanorama,mention,1,-0.4767
lordianaustin,@bestforbritain,mention,1,0.6369
lordianaustin,@britainelects,mention,1,0.0
lordianaustin,@convivir,mention,1,0.4019
lordianaustin,@derbychrisw,mention,1,-0.8053
lordianaustin,@jamesjo42157556,mention,1,-0.4767
lordianaustin,@jewishlabour,mention,1,0.4019
lordianaustin,@kantartns,mention,1,0.0
lordianaustin,@kathiedrinan,mention,1,0.6369
lordianaustin,@kayleighls,mention,1,0.0
lordianaustin,@margarethodge,mention,1,-0.8053
lordianaustin,@parliament.uk,mention,1,0.6369
lordianaustin,@socialistdawn,mention,1,0.0
lordianaustin,@tomwatsonesq,mention,1,-0.8053
lordianaustin,@ukpatchwork,mention,1,-0.8053
lordianaustin,@utopian_red,mention,1,-0.8053
lordianaustin,andybell5news,mention,1,-0.3885
lordianaustin,bbcpanorama,mention,1,-0.4767
lordianaustin,bestforbritain,mention,1,0.6369
lordianaustin,britainelects,mention,1,0.0
lordianaustin,convivir,mention,1,0.4019
lordianaustin,derbychrisw,mention,1,-0.8053
lordianaustin,jamesjo42157556,mention,1,-0.4767
lordianaustin,jewishlabour,mention,1,0.4019
lordianaustin,kantartns,mention,1,0.0
lordianaustin,kathiedrinan,mention,1,0.6369
lordianaustin,kayleighls,mention,1,0.0
lordianaustin,margarethodge,mention,1,-0.8053
lordianaustin,parliament,mention,1,0.6369
lordianaustin,socialistdawn,mention,1,0.0
lordianaustin,tomwatsonesq,mention,1,-0.8053
lordianaustin,ukpatchwork,mention,1,-0.8053
lordianaustin,utopian_red,mention,1,-0.8053
lordjohnmann,@jackedeakin,mention,1,-0.4459
lordjohnmann,jackedeakin,mention,1,-0.4459
lordwalney,@hennybraund,mention,1,0.6908
lordwalney,hennybraund,mention,1,0.6908
louhaigh,@jackbuck123,mention,1,-0.6661
louhaigh,@jem7069,mention,1,-0.2732
louhaigh,@louhaigh,mention,2,0.37210000000000004
louhaigh,@mhewittnpcc,mention,1,-0.2732
louhaigh,@nbpauk,mention,1,-0.2732
louhaigh,@nca_uk,mention,1,-0.2732
louhaigh,@patel4witham.,mention,1,-0.2732
louhaigh,@peoplesmomentum,mention,1,-0.6661
louhaigh,@pfew_hq,mention,1,-0.2732
louhaigh,@policechiefs,mention,1,-0.2732
louhaigh,@samfoster99,mention,1,-0.6661
louhaigh,@ukhomeoffice,mention,1,-0.2732
louhaigh,jackbuck123,mention,1,-0.6661
louhaigh,jem7069,mention,1,-0.2732
louhaigh,louhaigh,mention,2,0.37210000000000004
louhaigh,mhewittnpcc,mention,1,-0.2732
louhaigh,nbpauk,mention,1,-0.2732
louhaigh,nca_uk,mention,1,-0.2732
louhaigh,patel4witham,mention,1,-0.2732
louhaigh,peoplesmomentum,mention,1,-0.6661
louhaigh,pfew_hq,mention,1,-0.2732
louhaigh,policechiefs,mention,1,-0.2732
louhaigh,samfoster99,mention,1,-0.6661
louhaigh,ukhomeoffice,mention,1,-0.2732
lsrplaid,10downingstreet,mention,1,0.836
lsrplaid,9bach,mention,1,0.0
lsrplaid,@10downingstreet,mention,1,0.836
lsrplaid,@9bach,mention,1,0.0
lsrplaid,@academihteifi,mention,1,0.0
lsrplaid,@adrianmasters84,mention,1,0.7845
lsrplaid,@aledllanbedrog,mention,1,0.0
lsrplaid,@auobcymru,mention,1,-0.1027
lsrplaid,@bbcradiocymru,mention,1,0.0
lsrplaid,@bwncathband,mention,1,0.0
lsrplaid,@cyngorgwynedd,mention,1,0.0
lsrplaid,@dunadan9,mention,1,0.7964
lsrplaid,@femi_sorry,mention,1,0.4404
lsrplaid,@georgiaruth,mention,1,0.0
lsrplaid,@gethingw,mention,1,0.0
lsrplaid,@gwilymbowenrhys,mention,1,0.0
lsrplaid,@huwstephens,mention,1,-0.1027
lsrplaid,@lisagwilym,mention,1,0.0
lsrplaid,@lleuwen,mention,1,0.0
lsrplaid,@lsrplaid,mention,2,0.2287
lsrplaid,@menteryplu.,mention,1,0.4574
lsrplaid,@niajeffreys,mention,1,0.0
lsrplaid,@owen_garry,mention,1,-0.1027
lsrplaid,@plaid_cymru,mention,1,0.7964
lsrplaid,@rhhwilliams,mention,1,0.0
lsrplaid,@rhuanedd,mention,1,0.0
lsrplaid,@suzydaviesam,mention,1,0.7964
lsrplaid,@yescymru,mention,1,-0.1027
lsrplaid,academihteifi,mention,1,0.0
lsrplaid,adrianmasters84,mention,1,0.7845
lsrplaid,aledllanbedrog,mention,1,0.0
lsrplaid,auobcymru,mention,1,-0.1027
lsrplaid,bbcradiocymru,mention,1,0.0
lsrplaid,bwncathband,mention,1,0.0
lsrplaid,cyngorgwynedd,mention,1,0.0
lsrplaid,dunadan9,mention,1,0.7964
lsrplaid,femi_sorry,mention,1,0.4404
lsrplaid,georgiaruth,mention,1,0.0
lsrplaid,gethingw,mention,1,0.0
lsrplaid,gwilymbowenrhys,mention,1,0.0
lsrplaid,huwstephens,mention,1,-0.1027
lsrplaid,lisagwilym,mention,1,0.0
lsrplaid,lleuwen,mention,1,0.0
lsrplaid,lsrplaid,mention,2,0.2287
lsrplaid,menteryplu,mention,1,0.4574
lsrplaid,niajeffreys,mention,1,0.0
lsrplaid,owen_garry,mention,1,-0.1027
lsrplaid,plaid_cymru,mention,1,0.7964
lsrplaid,rhhwilliams,mention,1,0.0
lsrplaid,rhuanedd,mention,1,0.0
lsrplaid,suzydaviesam,mention,1,0.7964
lsrplaid,yescymru,mention,1,-0.1027
lucianaberger,@bobyflop,mention,1,0.0
lucianaberger,@borisjohnson,mention,1,0.0
lucianaberger,@commonshealth,mention,1,0.0571
lucianaberger,@j_l_marsden,mention,1,0.5859
lucianaberger,@lovewavertree.,mention,1,0.5859
lucianaberger,@matthancock,mention,1,0.0571
lucianaberger,@patel4witham.,mention,1,-0.3818
lucianaberger,@the3million.,mention,1,-0.3818
lucianaberger,bobyflop,mention,1,0.0
lucianaberger,borisjohnson,mention,1,0.0
lucianaberger,commonshealth,mention,1,0.0571
lucianaberger,j_l_marsden,mention,1,0.5859
lucianaberger,lovewavertree,mention,1,0.5859
lucianaberger,matthancock,mention,1,0.0571
lucianaberger,patel4witham,mention,1,-0.3818
lucianaberger,the3million,mention,1,-0.3818
lucyallan,@bvt_lightmoor,mention,1,0.4019
lucyallan,@helptobuy,mention,1,0.4019
lucyallan,@mailonline,mention,1,0.7269
lucyallan,@mhclg,mention,1,0.7269
lucyallan,@newtownsappg,mention,1,0.3818
lucyallan,@newtownsappg⁩,mention,1,-0.3182
lucyallan,@robertjenrick,mention,2,0.39185
lucyallan,@taylorwimpey⁩,mention,1,-0.3182
lucyallan,@telfordwrekin⁩,mention,1,-0.3182
lucyallan,@waspi_campaign,mention,1,0.4019
lucyallan,bvt_lightmoor,mention,1,0.4019
lucyallan,helptobuy,mention,1,0.4019
lucyallan,mailonline,mention,1,0.7269
lucyallan,mhclg,mention,1,0.7269
lucyallan,newtownsappg,mention,2,0.031799999999999995
lucyallan,robertjenrick,mention,2,0.39185
lucyallan,taylorwimpey,mention,1,-0.3182
lucyallan,telfordwrekin,mention,1,-0.3182
lucyallan,waspi_campaign,mention,1,0.4019
lucympowell,@lucympowell,mention,1,0.0
lucympowell,lucympowell,mention,1,0.0
lukegrahamuk,@scottories,mention,2,-0.3182
lukegrahamuk,@thesnp,mention,2,-0.3182
lukegrahamuk,@ukinmexico,mention,1,0.1779
lukegrahamuk,scottories,mention,2,-0.3182
lukegrahamuk,thesnp,mention,2,-0.3182
lukegrahamuk,ukinmexico,mention,1,0.1779
lukehall,@camdenrts,mention,1,0.3612
lukehall,@lukehall,mention,1,0.3612
lukehall,@robertjenrick,mention,1,0.5563
lukehall,camdenrts,mention,1,0.3612
lukehall,lukehall,mention,1,0.3612
lukehall,robertjenrick,mention,1,0.5563
lukepollard,@kathyhar,mention,1,0.4019
lukepollard,kathyhar,mention,1,0.4019
lynbrownmp,@claptoncfc,mention,1,0.9761
lynbrownmp,@kateaustin496,mention,1,0.8225
lynbrownmp,claptoncfc,mention,1,0.9761
lynbrownmp,kateaustin496,mention,1,0.8225
madeleinemoon,@bestforbritain,mention,1,0.5719
madeleinemoon,@borisjohnson,mention,1,0.4019
madeleinemoon,@bridgend4europe,mention,1,0.5719
madeleinemoon,@mariecuriepa,mention,1,0.4019
madeleinemoon,@mndcampaigns,mention,1,0.4019
madeleinemoon,@terrychristian,mention,1,0.5719
madeleinemoon,@walesforeurope,mention,1,0.5719
madeleinemoon,@welshlabour,mention,1,0.5719
madeleinemoon,bestforbritain,mention,1,0.5719
madeleinemoon,borisjohnson,mention,1,0.4019
madeleinemoon,bridgend4europe,mention,1,0.5719
madeleinemoon,mariecuriepa,mention,1,0.4019
madeleinemoon,mndcampaigns,mention,1,0.4019
madeleinemoon,terrychristian,mention,1,0.5719
madeleinemoon,walesforeurope,mention,1,0.5719
madeleinemoon,welshlabour,mention,1,0.5719
marcus4nuneaton,@borisjohnson,mention,2,0.30325
marcus4nuneaton,@claireh_nn,mention,1,0.3818
marcus4nuneaton,@nuneatonmems,mention,1,0.3818
marcus4nuneaton,borisjohnson,mention,2,0.30325
marcus4nuneaton,claireh_nn,mention,1,0.3818
marcus4nuneaton,nuneatonmems,mention,1,0.3818
marcusfysh,@beccyryan,mention,1,0.0
marcusfysh,@djafothergill,mention,1,0.6588
marcusfysh,@jamesacaster,mention,1,0.9737
marcusfysh,@marcusfysh,mention,2,0.9379500000000001
marcusfysh,beccyryan,mention,1,0.0
marcusfysh,djafothergill,mention,1,0.6588
marcusfysh,jamesacaster,mention,1,0.9737
marcusfysh,marcusfysh,mention,2,0.9379500000000001
marionfellows,@bbccasualty,mention,1,0.4767
marionfellows,@bbcone's,mention,1,0.4767
marionfellows,@mcmanusp2020,mention,1,0.7096
marionfellows,bbccasualty,mention,1,0.4767
marionfellows,bbcone,mention,1,0.4767
marionfellows,mcmanusp2020,mention,1,0.7096
marklancastermk,@gchq),mention,1,-0.5994
marklancastermk,gchq,mention,1,-0.5994
marshadecordova,@cosaraf),mention,1,0.7964
marshadecordova,@fulhamfc,mention,1,0.5574
marshadecordova,@kpmguk,mention,1,0.7964
marshadecordova,@marshadecordova,mention,1,0.7964
marshadecordova,cosaraf,mention,1,0.7964
marshadecordova,fulhamfc,mention,1,0.5574
marshadecordova,kpmguk,mention,1,0.7964
marshadecordova,marshadecordova,mention,1,0.7964
martinjdocherty,@eurovisionchoir,mention,1,0.7243
martinjdocherty,@kkphotography9,mention,1,0.4451
martinjdocherty,eurovisionchoir,mention,1,0.7243
martinjdocherty,kkphotography9,mention,1,0.4451
marycreagh_,@pickardje,mention,1,-0.5269
marycreagh_,pickardje,mention,1,-0.5269
maryrobinson01,@dhscgovuk,mention,1,0.8834
maryrobinson01,@mennewsdesk,mention,1,0.8834
maryrobinson01,dhscgovuk,mention,1,0.8834
maryrobinson01,mennewsdesk,mention,1,0.8834
matthancock,@bigtentideas,mention,1,0.9621
matthancock,@georgefreemanmp,mention,1,0.9621
matthancock,@shaunlintern,mention,1,-0.1361
matthancock,bigtentideas,mention,1,0.9621
matthancock,georgefreemanmp,mention,1,0.9621
matthancock,shaunlintern,mention,1,-0.1361
mattwarman,@bikerrebel1,mention,1,0.0
mattwarman,@bostonboro,mention,1,0.0
mattwarman,@bostonpoliceuk,mention,1,0.0
mattwarman,@brexitparty_uk,mention,1,0.0
mattwarman,@dcms,mention,1,0.3182
mattwarman,@fenbeagle,mention,1,0.0
mattwarman,@looknorthbbc,mention,1,0.0
mattwarman,@rachelmann123,mention,1,0.5789
mattwarman,@yellabelly6,mention,1,0.0
mattwarman,bikerrebel1,mention,1,0.0
mattwarman,bostonboro,mention,1,0.0
mattwarman,bostonpoliceuk,mention,1,0.0
mattwarman,brexitparty_uk,mention,1,0.0
mattwarman,dcms,mention,1,0.3182
mattwarman,fenbeagle,mention,1,0.0
mattwarman,looknorthbbc,mention,1,0.0
mattwarman,rachelmann123,mention,1,0.5789
mattwarman,yellabelly6,mention,1,0.0
meaglemp,@benjamin__bland,mention,1,0.3382
meaglemp,@labourlordsuk,mention,1,0.4019
meaglemp,@ladybasildon:,mention,1,0.4019
meaglemp,@officegsbrown,mention,1,0.5719
meaglemp,@sharonconnor28,mention,1,0.5994
meaglemp,benjamin__bland,mention,1,0.3382
meaglemp,labourlordsuk,mention,1,0.4019
meaglemp,ladybasildon,mention,1,0.4019
meaglemp,officegsbrown,mention,1,0.5719
meaglemp,sharonconnor28,mention,1,0.5994
mgreenwoodww,@angelarayner,mention,1,-0.8074
mgreenwoodww,@rlong_bailey,mention,1,-0.6179
mgreenwoodww,@wirralc2c,mention,1,0.5374
mgreenwoodww,angelarayner,mention,1,-0.8074
mgreenwoodww,rlong_bailey,mention,1,-0.6179
mgreenwoodww,wirralc2c,mention,1,0.5374
michael4mdnp,@dorsetlibraries,mention,1,0.685
michael4mdnp,@michael4mdnp,mention,1,0.6588
michael4mdnp,@sidwick4dorset,mention,1,0.6588
michael4mdnp,dorsetlibraries,mention,1,0.685
michael4mdnp,michael4mdnp,mention,1,0.6588
michael4mdnp,sidwick4dorset,mention,1,0.6588
michaelgove,@magnaacademy,mention,1,0.5994
michaelgove,@sajidjavid,mention,1,0.5859
michaelgove,magnaacademy,mention,1,0.5994
michaelgove,sajidjavid,mention,1,0.5859
mike_fabricant,@ambjohnbolton,mention,1,0.9321
mike_fabricant,@ambjohnbolton!,mention,1,0.9321
mike_fabricant,@brexitparty_uk,mention,1,0.0
mike_fabricant,@croydonhealth,mention,1,0.7351
mike_fabricant,@gmmh_nhs,mention,1,0.7351
mike_fabricant,@leedshospitals,mention,1,0.7351
mike_fabricant,@mersey_care,mention,1,0.7351
mike_fabricant,@nelft,mention,1,0.7351
mike_fabricant,@newcastlehosps,mention,1,0.7351
mike_fabricant,@nhsengland,mention,1,0.7351
mike_fabricant,@nhswirralccg,mention,1,0.7351
mike_fabricant,@rchtwecare,mention,1,0.7351
mike_fabricant,@something_phil,mention,1,0.3818
mike_fabricant,@stockportnhs,mention,1,0.7351
mike_fabricant,@sybhealthcare,mention,1,0.7351
mike_fabricant,@tandgicft,mention,1,0.7351
mike_fabricant,@trussliz,mention,1,0.9321
mike_fabricant,@uhbtrust,mention,1,0.7351
mike_fabricant,@ulht_news,mention,1,0.7351
mike_fabricant,@waileeho,mention,1,0.0
mike_fabricant,@wyevalleynhs,mention,1,0.7351
mike_fabricant,ambjohnbolton,mention,1,0.9321
mike_fabricant,brexitparty_uk,mention,1,0.0
mike_fabricant,croydonhealth,mention,1,0.7351
mike_fabricant,gmmh_nhs,mention,1,0.7351
mike_fabricant,leedshospitals,mention,1,0.7351
mike_fabricant,mersey_care,mention,1,0.7351
mike_fabricant,nelft,mention,1,0.7351
mike_fabricant,newcastlehosps,mention,1,0.7351
mike_fabricant,nhsengland,mention,1,0.7351
mike_fabricant,nhswirralccg,mention,1,0.7351
mike_fabricant,rchtwecare,mention,1,0.7351
mike_fabricant,something_phil,mention,1,0.3818
mike_fabricant,stockportnhs,mention,1,0.7351
mike_fabricant,sybhealthcare,mention,1,0.7351
mike_fabricant,tandgicft,mention,1,0.7351
mike_fabricant,trussliz,mention,1,0.9321
mike_fabricant,uhbtrust,mention,1,0.7351
mike_fabricant,ulht_news,mention,1,0.7351
mike_fabricant,waileeho,mention,1,0.0
mike_fabricant,wyevalleynhs,mention,1,0.7351
mikeamesburymp,@angelarayner,mention,1,-0.8074
mikeamesburymp,@pcs_union's,mention,1,0.7003
mikeamesburymp,angelarayner,mention,1,-0.8074
mikeamesburymp,pcs_union,mention,1,0.7003
mikegapes,@adampayne26,mention,1,-0.4019
mikegapes,@adwooldridge⁩,mention,1,0.6369
mikegapes,@nickymorgan01,mention,1,-0.4767
mikegapes,@senschumer,mention,1,0.0772
mikegapes,adampayne26,mention,1,-0.4019
mikegapes,adwooldridge,mention,1,0.6369
mikegapes,nickymorgan01,mention,1,-0.4767
mikegapes,senschumer,mention,1,0.0772
mimsdavies,@eastleighff,mention,1,0.0
mimsdavies,@kingstonhospnhs,mention,1,0.6597
mimsdavies,@nissanuk,mention,1,0.4215
mimsdavies,@pointeastleigh,mention,1,0.6705
mimsdavies,@sou_airport,mention,2,-0.07085000000000002
mimsdavies,@ukgovbluebelt,mention,1,0.4767
mimsdavies,eastleighff,mention,1,0.0
mimsdavies,kingstonhospnhs,mention,1,0.6597
mimsdavies,nissanuk,mention,1,0.4215
mimsdavies,pointeastleigh,mention,1,0.6705
mimsdavies,sou_airport,mention,2,-0.07085000000000002
mimsdavies,ukgovbluebelt,mention,1,0.4767
mtpennycook,@tlrailuk,mention,1,0.4588
mtpennycook,@transportgovuk,mention,1,0.4588
mtpennycook,tlrailuk,mention,1,0.4588
mtpennycook,transportgovuk,mention,1,0.4588
nadams,@englandcricket,mention,1,0.0
nadams,@latikambourke,mention,1,0.0
nadams,englandcricket,mention,1,0.0
nadams,latikambourke,mention,1,0.0
nadhimzahawi,10downingstreet,mention,1,-0.228
nadhimzahawi,@10downingstreet.,mention,1,-0.228
nadhimzahawi,@andrealeadsom,mention,2,-0.33115
nadhimzahawi,@borisjohnson,mention,4,0.507475
nadhimzahawi,@britishrowing,mention,1,0.7964
nadhimzahawi,@conservatives,mention,1,-0.228
nadhimzahawi,@domgiles1,mention,1,0.0
nadhimzahawi,@edithzimmerman):,mention,1,0.0
nadhimzahawi,@lotuscars,mention,1,0.0
nadhimzahawi,@markets_lsd,mention,1,0.6249
nadhimzahawi,@mhclg,mention,1,0.5346
nadhimzahawi,@stratfordtc1,mention,1,0.6249
nadhimzahawi,@thecut,mention,1,0.0
nadhimzahawi,@thetimes,mention,1,0.5346
nadhimzahawi,@tomfairless⁩,mention,1,-0.5859
nadhimzahawi,@whiteswan_hotel,mention,1,0.8478
nadhimzahawi,@worldskills,mention,2,0.23835
nadhimzahawi,@worldskillskzn,mention,1,0.0
nadhimzahawi,@worldskillsuk,mention,1,0.0
nadhimzahawi,@wsj⁩,mention,1,-0.5859
nadhimzahawi,@yougovus,mention,1,0.0
nadhimzahawi,andrealeadsom,mention,2,-0.33115
nadhimzahawi,borisjohnson,mention,4,0.507475
nadhimzahawi,britishrowing,mention,1,0.7964
nadhimzahawi,conservatives,mention,1,-0.228
nadhimzahawi,domgiles1,mention,1,0.0
nadhimzahawi,edithzimmerman,mention,1,0.0
nadhimzahawi,lotuscars,mention,1,0.0
nadhimzahawi,markets_lsd,mention,1,0.6249
nadhimzahawi,mhclg,mention,1,0.5346
nadhimzahawi,stratfordtc1,mention,1,0.6249
nadhimzahawi,thecut,mention,1,0.0
nadhimzahawi,thetimes,mention,1,0.5346
nadhimzahawi,tomfairless,mention,1,-0.5859
nadhimzahawi,whiteswan_hotel,mention,1,0.8478
nadhimzahawi,worldskills,mention,2,0.23835
nadhimzahawi,worldskillskzn,mention,1,0.0
nadhimzahawi,worldskillsuk,mention,1,0.0
nadhimzahawi,wsj,mention,1,-0.5859
nadhimzahawi,yougovus,mention,1,0.0
nadinedorries,@prueleith,mention,1,0.8672
nadinedorries,prueleith,mention,1,0.8672
nazshahbfd,@jawadsohrab,mention,1,0.4767
nazshahbfd,jawadsohrab,mention,1,0.4767
neildotobrien,@bernmorley84,mention,1,0.0
neildotobrien,@f_a_f_c,mention,1,0.0
neildotobrien,@leej2711,mention,1,0.0
neildotobrien,bernmorley84,mention,1,0.0
neildotobrien,f_a_f_c,mention,1,0.0
neildotobrien,leej2711,mention,1,0.0
neilgraysnp,@cnewarthill,mention,1,0.8398
neilgraysnp,cnewarthill,mention,1,0.8398
neill_bob,@dunnejonathan,mention,1,0.8885
neill_bob,@mpsbromley,mention,1,0.0
neill_bob,@neill_bob.,mention,1,0.8885
neill_bob,@philwilliams,mention,1,0.8885
neill_bob,@talkradio,mention,1,0.8885
neill_bob,dunnejonathan,mention,1,0.8885
neill_bob,mpsbromley,mention,1,0.0
neill_bob,neill_bob,mention,1,0.8885
neill_bob,philwilliams,mention,1,0.8885
neill_bob,talkradio,mention,1,0.8885
niagriffithmp,@saluteheruk,mention,1,0.34
niagriffithmp,saluteheruk,mention,1,0.34
nicdakin55,@alhouldsworth,mention,1,-0.296
nicdakin55,@paulscunny,mention,1,0.5308
nicdakin55,@seandunderdale,mention,1,0.5216
nicdakin55,@uklabour,mention,1,-0.5422
nicdakin55,alhouldsworth,mention,1,-0.296
nicdakin55,paulscunny,mention,1,0.5308
nicdakin55,seandunderdale,mention,1,0.5216
nicdakin55,uklabour,mention,1,-0.5422
nickboles,@bbcr4today,mention,1,0.128
nickboles,bbcr4today,mention,1,0.128
nickhurduk,@hospulster,mention,1,0.765
nickhurduk,@nickhurduk,mention,1,0.765
nickhurduk,@niogov,mention,1,0.765
nickhurduk,@retail_ni,mention,1,0.765
nickhurduk,@titanichotelbel.,mention,1,0.765
nickhurduk,@tradenitweets,mention,1,0.765
nickhurduk,hospulster,mention,1,0.765
nickhurduk,nickhurduk,mention,1,0.765
nickhurduk,niogov,mention,1,0.765
nickhurduk,retail_ni,mention,1,0.765
nickhurduk,titanichotelbel,mention,1,0.765
nickhurduk,tradenitweets,mention,1,0.765
nicktorfaen,@asda,mention,1,0.6908
nicktorfaen,@gmb_union,mention,1,0.6908
nicktorfaen,asda,mention,1,0.6908
nicktorfaen,gmb_union,mention,1,0.6908
nickymorgan01,@gcrgreat,mention,1,0.3182
nickymorgan01,@lborobelltrust,mention,1,0.3182
nickymorgan01,@lborosport,mention,1,0.3182
nickymorgan01,@usambuk,mention,1,0.3182
nickymorgan01,gcrgreat,mention,1,0.3182
nickymorgan01,lborobelltrust,mention,1,0.3182
nickymorgan01,lborosport,mention,1,0.3182
nickymorgan01,usambuk,mention,1,0.3182
nigeldoddsdup,@antrimandnewtownabbey.gov.uk,mention,1,0.4019
nigeldoddsdup,antrimandnewtownabbey,mention,1,0.4019
normanlamb,@al2getherbetter,mention,1,0.7964
normanlamb,@alisontrimble,mention,1,0.7964
normanlamb,@alvanleyfp,mention,1,0.7964
normanlamb,@beis,mention,1,0.8748
normanlamb,@bobbypratapmh,mention,1,0.6705
normanlamb,@charlotteaugst,mention,1,0.7964
normanlamb,@cj_dinenage,mention,1,-0.8817
normanlamb,@creat1ve_m1nds,mention,1,0.7964
normanlamb,@dan_scorer,mention,1,-0.8817
normanlamb,@dannyvet,mention,1,0.7579
normanlamb,@davidiris1,mention,1,0.6705
normanlamb,@drg_nhs,mention,1,0.6705
normanlamb,@food_strategy,mention,1,0.6908
normanlamb,@fromemedpractic,mention,1,0.7964
normanlamb,@grenfellunited,mention,1,0.7964
normanlamb,@henrydimbleby,mention,1,0.6908
normanlamb,@hsjnews,mention,1,-0.8817
normanlamb,@iangould5,mention,1,0.4199
normanlamb,@iepanetwork,mention,1,0.6705
normanlamb,@jay_nairn,mention,1,0.6705
normanlamb,@jrfbolton,mention,1,0.9555
normanlamb,@keeleymp,mention,1,-0.8817
normanlamb,@leder_team,mention,1,-0.8817
normanlamb,@normanlamb,mention,4,0.365
normanlamb,@patmcgorry,mention,1,0.6705
normanlamb,@paulamc007,mention,1,-0.8817
normanlamb,@peter_fahy,mention,1,0.9555
normanlamb,@shaunlintern,mention,1,-0.8817
normanlamb,@timkendall1,mention,1,0.6705
normanlamb,@tomtom,mention,1,0.8748
normanlamb,@trmcgow,mention,1,-0.8817
normanlamb,@viralkmh,mention,1,0.6705
normanlamb,al2getherbetter,mention,1,0.7964
normanlamb,alisontrimble,mention,1,0.7964
normanlamb,alvanleyfp,mention,1,0.7964
normanlamb,beis,mention,1,0.8748
normanlamb,bobbypratapmh,mention,1,0.6705
normanlamb,charlotteaugst,mention,1,0.7964
normanlamb,cj_dinenage,mention,1,-0.8817
normanlamb,creat1ve_m1nds,mention,1,0.7964
normanlamb,dan_scorer,mention,1,-0.8817
normanlamb,dannyvet,mention,1,0.7579
normanlamb,davidiris1,mention,1,0.6705
normanlamb,drg_nhs,mention,1,0.6705
normanlamb,food_strategy,mention,1,0.6908
normanlamb,fromemedpractic,mention,1,0.7964
normanlamb,grenfellunited,mention,1,0.7964
normanlamb,henrydimbleby,mention,1,0.6908
normanlamb,hsjnews,mention,1,-0.8817
normanlamb,iangould5,mention,1,0.4199
normanlamb,iepanetwork,mention,1,0.6705
normanlamb,jay_nairn,mention,1,0.6705
normanlamb,jrfbolton,mention,1,0.9555
normanlamb,keeleymp,mention,1,-0.8817
normanlamb,leder_team,mention,1,-0.8817
normanlamb,normanlamb,mention,4,0.365
normanlamb,patmcgorry,mention,1,0.6705
normanlamb,paulamc007,mention,1,-0.8817
normanlamb,peter_fahy,mention,1,0.9555
normanlamb,shaunlintern,mention,1,-0.8817
normanlamb,timkendall1,mention,1,0.6705
normanlamb,tomtom,mention,1,0.8748
normanlamb,trmcgow,mention,1,-0.8817
normanlamb,viralkmh,mention,1,0.6705
nsoames,10downingstreet,mention,1,0.0
nsoames,@10downingstreet,mention,1,0.0
nsoames,@bbcr4today,mention,1,0.8271
nsoames,@bengoldsmith,mention,1,-0.4588
nsoames,@borisjohnson,mention,1,0.0
nsoames,@chartwellnt,mention,1,0.0
nsoames,@christs_college,mention,1,0.0
nsoames,@edinburghfest.,mention,1,0.5719
nsoames,@grahamspiers,mention,1,0.836
nsoames,@iaindale,mention,2,0.28595
nsoames,@jimmyrdee,mention,1,0.0
nsoames,@katieculture,mention,1,0.0
nsoames,@kwasikwarteng,mention,1,0.8271
nsoames,@matthancock,mention,1,0.0
nsoames,@nomsm7,mention,1,-0.4588
nsoames,@nsoames,mention,1,0.5719
nsoames,@richardbenyonmp,mention,1,-0.4588
nsoames,@stjohnscam,mention,1,0.0
nsoames,@twitter,mention,1,-0.4588
nsoames,bbcr4today,mention,1,0.8271
nsoames,bengoldsmith,mention,1,-0.4588
nsoames,borisjohnson,mention,1,0.0
nsoames,chartwellnt,mention,1,0.0
nsoames,christs_college,mention,1,0.0
nsoames,edinburghfest,mention,1,0.5719
nsoames,grahamspiers,mention,1,0.836
nsoames,iaindale,mention,2,0.28595
nsoames,jimmyrdee,mention,1,0.0
nsoames,katieculture,mention,1,0.0
nsoames,kwasikwarteng,mention,1,0.8271
nsoames,matthancock,mention,1,0.0
nsoames,nomsm7,mention,1,-0.4588
nsoames,nsoames,mention,1,0.5719
nsoames,richardbenyonmp,mention,1,-0.4588
nsoames,stjohnscam,mention,1,0.0
nsoames,twitter,mention,1,-0.4588
nus_ghani,@borisjohnson,mention,1,0.7965
nus_ghani,@conservatives,mention,1,0.0
nus_ghani,borisjohnson,mention,1,0.7965
nus_ghani,conservatives,mention,1,0.0
oliverhealduk,@defragovuk,mention,1,-0.0516
oliverhealduk,@gmb,mention,1,-0.0516
oliverhealduk,@hocpetitions,mention,1,-0.0516
oliverhealduk,@joooollleeeee,mention,1,-0.0516
oliverhealduk,@karenwroeartist,mention,1,-0.0516
oliverhealduk,@mennewsdesk,mention,1,-0.0516
oliverhealduk,@mojgovuk,mention,1,-0.0516
oliverhealduk,@morton_wendy,mention,1,-0.0516
oliverhealduk,@oliverhealduk,mention,1,-0.0516
oliverhealduk,@robertbuckland,mention,1,-0.0516
oliverhealduk,@sirgrahambrady,mention,1,-0.0516
oliverhealduk,defragovuk,mention,1,-0.0516
oliverhealduk,gmb,mention,1,-0.0516
oliverhealduk,hocpetitions,mention,1,-0.0516
oliverhealduk,joooollleeeee,mention,1,-0.0516
oliverhealduk,karenwroeartist,mention,1,-0.0516
oliverhealduk,mennewsdesk,mention,1,-0.0516
oliverhealduk,mojgovuk,mention,1,-0.0516
oliverhealduk,morton_wendy,mention,1,-0.0516
oliverhealduk,oliverhealduk,mention,1,-0.0516
oliverhealduk,robertbuckland,mention,1,-0.0516
oliverhealduk,sirgrahambrady,mention,1,-0.0516
onnmel,@daily_express,mention,1,0.8555
onnmel,@morthnjustasong,mention,1,-0.8227
onnmel,@nelcouncil,mention,1,-0.8227
onnmel,@onnmel,mention,1,-0.8227
onnmel,@trussliz,mention,1,0.8555
onnmel,daily_express,mention,1,0.8555
onnmel,morthnjustasong,mention,1,-0.8227
onnmel,nelcouncil,mention,1,-0.8227
onnmel,onnmel,mention,1,-0.8227
onnmel,trussliz,mention,1,0.8555
owenpaterson,@yorkracecourse,mention,1,0.5719
owenpaterson,yorkracecourse,mention,1,0.5719
patmcfaddenmp,@sicklecelluk,mention,1,-0.2846
patmcfaddenmp,sicklecelluk,mention,1,-0.2846
paulasherriff,@arron_banks,mention,1,-0.3462
paulasherriff,@lizorme,mention,1,0.4023
paulasherriff,@suehayman1,mention,1,-0.8384
paulasherriff,arron_banks,mention,1,-0.3462
paulasherriff,lizorme,mention,1,0.4023
paulasherriff,suehayman1,mention,1,-0.8384
paulblomfieldmp,@bestforbritain,mention,1,0.0352
paulblomfieldmp,@parliament.uk,mention,1,0.0352
paulblomfieldmp,@suzikaz,mention,1,0.0352
paulblomfieldmp,bestforbritain,mention,1,0.0352
paulblomfieldmp,parliament,mention,1,0.0352
paulblomfieldmp,suzikaz,mention,1,0.0352
pauljsweeney,@aaronbastani,mention,1,0.4019
pauljsweeney,@ajenglish,mention,1,-0.1779
pauljsweeney,@aliveandkicking,mention,1,0.4019
pauljsweeney,@anndranicolson,mention,1,0.4019
pauljsweeney,@baaadbitch,mention,1,-0.128
pauljsweeney,@campbellclaret,mention,1,0.6486
pauljsweeney,@crossreach,mention,1,0.7574
pauljsweeney,@danirowley,mention,2,0.29995
pauljsweeney,@darrenmclean_uk,mention,1,-0.7081
pauljsweeney,@david_jamieson7,mention,1,0.3291
pauljsweeney,@euanmackay1,mention,1,-0.1779
pauljsweeney,@firstinglasgow,mention,1,0.6588
pauljsweeney,@garnethill_drg,mention,1,0.3182
pauljsweeney,@getglesgamoving,mention,1,0.8873
pauljsweeney,@gkcollege.,mention,1,0.8481
pauljsweeney,@glasgowheritage,mention,1,0.8934
pauljsweeney,@grahamogilvy,mention,1,0.0
pauljsweeney,@irene89383961,mention,1,0.0772
pauljsweeney,@jeremycorbyn,mention,3,0.33393333333333336
pauljsweeney,@joswinson,mention,1,-0.128
pauljsweeney,@kennyfarq,mention,1,0.0
pauljsweeney,@labfreemvmt,mention,1,0.0
pauljsweeney,@labourlewis⁩,mention,1,0.8357
pauljsweeney,@labourrichard,mention,2,0.29995
pauljsweeney,@lesleylaird,mention,2,0.29995
pauljsweeney,@liannweir,mention,1,0.7574
pauljsweeney,@liberaldespot,mention,1,0.6486
pauljsweeney,@mark_mclaughlin,mention,1,0.8126
pauljsweeney,@miss_snuffy,mention,1,-0.1171
pauljsweeney,@mohammadasif_1.,mention,1,-0.1779
pauljsweeney,@murphyniallgla,mention,1,0.8934
pauljsweeney,@nicolasturgeon.,mention,1,-0.7515
pauljsweeney,@nitishramparsad,mention,1,0.8873
pauljsweeney,@pauline4glasgow,mention,1,0.3182
pauljsweeney,@pauljsweeney,mention,4,0.152025
pauljsweeney,@peoplesassyscot,mention,1,0.015
pauljsweeney,@proftomkins,mention,1,0.3182
pauljsweeney,@redflag3rd,mention,1,0.0
pauljsweeney,@scotlandtonight,mention,1,-0.3892
pauljsweeney,@scotrefcouncil,mention,1,-0.1779
pauljsweeney,@scotsyounglab,mention,1,0.5849
pauljsweeney,@scpo_,mention,1,0.7574
pauljsweeney,@springburn,mention,1,0.4019
pauljsweeney,@stuart_stumcg,mention,1,0.8126
pauljsweeney,@thecommonspace,mention,1,-0.4019
pauljsweeney,@thunderousabra1,mention,1,0.0
pauljsweeney,@timeandspace3,mention,1,0.4939
pauljsweeney,@tuckerclemens,mention,1,0.0
pauljsweeney,@vonnsand,mention,1,0.8873
pauljsweeney,@yesmaryhill,mention,1,0.0
pauljsweeney,aaronbastani,mention,1,0.4019
pauljsweeney,ajenglish,mention,1,-0.1779
pauljsweeney,aliveandkicking,mention,1,0.4019
pauljsweeney,anndranicolson,mention,1,0.4019
pauljsweeney,baaadbitch,mention,1,-0.128
pauljsweeney,campbellclaret,mention,1,0.6486
pauljsweeney,crossreach,mention,1,0.7574
pauljsweeney,danirowley,mention,2,0.29995
pauljsweeney,darrenmclean_uk,mention,1,-0.7081
pauljsweeney,david_jamieson7,mention,1,0.3291
pauljsweeney,euanmackay1,mention,1,-0.1779
pauljsweeney,firstinglasgow,mention,1,0.6588
pauljsweeney,garnethill_drg,mention,1,0.3182
pauljsweeney,getglesgamoving,mention,1,0.8873
pauljsweeney,gkcollege,mention,1,0.8481
pauljsweeney,glasgowheritage,mention,1,0.8934
pauljsweeney,grahamogilvy,mention,1,0.0
pauljsweeney,irene89383961,mention,1,0.0772
pauljsweeney,jeremycorbyn,mention,3,0.33393333333333336
pauljsweeney,joswinson,mention,1,-0.128
pauljsweeney,kennyfarq,mention,1,0.0
pauljsweeney,labfreemvmt,mention,1,0.0
pauljsweeney,labourlewis,mention,1,0.8357
pauljsweeney,labourrichard,mention,2,0.29995
pauljsweeney,lesleylaird,mention,2,0.29995
pauljsweeney,liannweir,mention,1,0.7574
pauljsweeney,liberaldespot,mention,1,0.6486
pauljsweeney,mark_mclaughlin,mention,1,0.8126
pauljsweeney,miss_snuffy,mention,1,-0.1171
pauljsweeney,mohammadasif_1,mention,1,-0.1779
pauljsweeney,murphyniallgla,mention,1,0.8934
pauljsweeney,nicolasturgeon,mention,1,-0.7515
pauljsweeney,nitishramparsad,mention,1,0.8873
pauljsweeney,pauline4glasgow,mention,1,0.3182
pauljsweeney,pauljsweeney,mention,4,0.152025
pauljsweeney,peoplesassyscot,mention,1,0.015
pauljsweeney,proftomkins,mention,1,0.3182
pauljsweeney,redflag3rd,mention,1,0.0
pauljsweeney,scotlandtonight,mention,1,-0.3892
pauljsweeney,scotrefcouncil,mention,1,-0.1779
pauljsweeney,scotsyounglab,mention,1,0.5849
pauljsweeney,scpo_,mention,1,0.7574
pauljsweeney,springburn,mention,1,0.4019
pauljsweeney,stuart_stumcg,mention,1,0.8126
pauljsweeney,thecommonspace,mention,1,-0.4019
pauljsweeney,thunderousabra1,mention,1,0.0
pauljsweeney,timeandspace3,mention,1,0.4939
pauljsweeney,tuckerclemens,mention,1,0.0
pauljsweeney,vonnsand,mention,1,0.8873
pauljsweeney,yesmaryhill,mention,1,0.0
pennymordaunt,@comdamphibtg,mention,1,0.7777
pennymordaunt,@hms_westminster,mention,1,0.7777
pennymordaunt,@nato_marcom,mention,1,0.7777
pennymordaunt,@navalservicefps,mention,1,0.7777
pennymordaunt,@navylookout,mention,1,0.7777
pennymordaunt,@pennymordaunt,mention,1,0.4404
pennymordaunt,@portsmouthport,mention,1,0.4404
pennymordaunt,@portsmthnewshub,mention,1,0.7777
pennymordaunt,@royalnavy,mention,1,0.7777
pennymordaunt,comdamphibtg,mention,1,0.7777
pennymordaunt,hms_westminster,mention,1,0.7777
pennymordaunt,nato_marcom,mention,1,0.7777
pennymordaunt,navalservicefps,mention,1,0.7777
pennymordaunt,navylookout,mention,1,0.7777
pennymordaunt,pennymordaunt,mention,1,0.4404
pennymordaunt,portsmouthport,mention,1,0.4404
pennymordaunt,portsmthnewshub,mention,1,0.7777
pennymordaunt,royalnavy,mention,1,0.7777
peter_dowd,@angelarayner,mention,1,0.0534
peter_dowd,@bbcpolitics,mention,1,0.4404
peter_dowd,@rmtunion,mention,1,0.7096
peter_dowd,angelarayner,mention,1,0.0534
peter_dowd,bbcpolitics,mention,1,0.4404
peter_dowd,rmtunion,mention,1,0.7096
peterboneuk,@chriswarburton_,mention,1,0.3701
peterboneuk,@lrcwilkes,mention,1,0.7901
peterboneuk,@peterboneuk,mention,1,0.3701
peterboneuk,chriswarburton_,mention,1,0.3701
peterboneuk,lrcwilkes,mention,1,0.7901
peterboneuk,peterboneuk,mention,1,0.3701
petergrantmp,@feorlean,mention,1,-0.4588
petergrantmp,@ianmurraymp,mention,1,0.7506
petergrantmp,@labourrichard's,mention,1,-0.8602
petergrantmp,@plaid_cymru,mention,1,-0.296
petergrantmp,@shetlandtimes,mention,1,0.6786
petergrantmp,@thesnp,mention,3,-0.08560000000000001
petergrantmp,@tprwills,mention,1,0.6786
petergrantmp,feorlean,mention,1,-0.4588
petergrantmp,ianmurraymp,mention,1,0.7506
petergrantmp,labourrichard,mention,1,-0.8602
petergrantmp,plaid_cymru,mention,1,-0.296
petergrantmp,shetlandtimes,mention,1,0.6786
petergrantmp,thesnp,mention,3,-0.08560000000000001
petergrantmp,tprwills,mention,1,0.6786
peterkyle,@diageoliam,mention,1,-0.0182
peterkyle,@ishousecroft,mention,1,0.807
peterkyle,@labourstudents,mention,1,0.807
peterkyle,@mikeajturner,mention,1,0.3612
peterkyle,@tom_watson,mention,1,-0.4588
peterkyle,@unwinstanley,mention,1,-0.3612
peterkyle,diageoliam,mention,1,-0.0182
peterkyle,ishousecroft,mention,1,0.807
peterkyle,labourstudents,mention,1,0.807
peterkyle,mikeajturner,mention,1,0.3612
peterkyle,tom_watson,mention,1,-0.4588
peterkyle,unwinstanley,mention,1,-0.3612
peternorthdevon,@peternorthdevon.,mention,1,0.6249
peternorthdevon,peternorthdevon,mention,1,0.6249
petewishart,@alcs_uk,mention,1,0.5719
petewishart,@joannechocolat,mention,1,0.5719
petewishart,@petewishart,mention,1,0.5719
petewishart,alcs_uk,mention,1,0.5719
petewishart,joannechocolat,mention,1,0.5719
petewishart,petewishart,mention,1,0.5719
philipdaviesuk,@bbcr4today,mention,1,0.3818
philipdaviesuk,@jacob_rees_mogg,mention,1,0.3818
philipdaviesuk,@lmw_hospital,mention,1,0.4019
philipdaviesuk,@mailonline,mention,1,0.0772
philipdaviesuk,@naylorwintersg,mention,1,0.7964
philipdaviesuk,bbcr4today,mention,1,0.3818
philipdaviesuk,jacob_rees_mogg,mention,1,0.3818
philipdaviesuk,lmw_hospital,mention,1,0.4019
philipdaviesuk,mailonline,mention,1,0.0772
philipdaviesuk,naylorwintersg,mention,1,0.7964
philwilsonxmp,@joswinson,mention,1,0.3612
philwilsonxmp,@tom_watson,mention,1,0.3612
philwilsonxmp,joswinson,mention,1,0.3612
philwilsonxmp,tom_watson,mention,1,0.3612
preetkgillmp,@ageukbirmingham,mention,1,0.25
preetkgillmp,@ageuksandwell,mention,1,0.25
preetkgillmp,@bhamcitycouncil,mention,1,0.8271
preetkgillmp,@comres,mention,1,0.0
preetkgillmp,@harborne_jayne,mention,1,0.8271
preetkgillmp,@harbornelabour,mention,1,-0.3415
preetkgillmp,@liambyrnemp,mention,1,0.7334
preetkgillmp,@mr_w_carpenter,mention,1,0.0
preetkgillmp,@neenagmep⁩,mention,1,0.8481
preetkgillmp,@parliament.uk,mention,1,0.8271
preetkgillmp,@peterjfowler7,mention,1,0.8271
preetkgillmp,@preetkgillmp,mention,3,-0.22346666666666667
preetkgillmp,@preetkgillmp⁩,mention,1,0.8481
preetkgillmp,@sthompson_jp,mention,1,0.7334
preetkgillmp,@tom_watson,mention,1,0.25
preetkgillmp,@whfgreengrafter,mention,1,0.8271
preetkgillmp,ageukbirmingham,mention,1,0.25
preetkgillmp,ageuksandwell,mention,1,0.25
preetkgillmp,bhamcitycouncil,mention,1,0.8271
preetkgillmp,comres,mention,1,0.0
preetkgillmp,harborne_jayne,mention,1,0.8271
preetkgillmp,harbornelabour,mention,1,-0.3415
preetkgillmp,liambyrnemp,mention,1,0.7334
preetkgillmp,mr_w_carpenter,mention,1,0.0
preetkgillmp,neenagmep,mention,1,0.8481
preetkgillmp,parliament,mention,1,0.8271
preetkgillmp,peterjfowler7,mention,1,0.8271
preetkgillmp,preetkgillmp,mention,4,0.04442499999999999
preetkgillmp,sthompson_jp,mention,1,0.7334
preetkgillmp,tom_watson,mention,1,0.25
preetkgillmp,whfgreengrafter,mention,1,0.8271
rachelreevesmp,@alexsobel,mention,1,0.7316
rachelreevesmp,@fabianleedsne,mention,1,0.7316
rachelreevesmp,@hilarybennmp,mention,1,0.7316
rachelreevesmp,@jazz_o72,mention,1,0.7316
rachelreevesmp,@richardburgon,mention,1,0.7316
rachelreevesmp,alexsobel,mention,1,0.7316
rachelreevesmp,fabianleedsne,mention,1,0.7316
rachelreevesmp,hilarybennmp,mention,1,0.7316
rachelreevesmp,jazz_o72,mention,1,0.7316
rachelreevesmp,richardburgon,mention,1,0.7316
realstephenkerr,@lottogoodcauses,mention,1,0.9214
realstephenkerr,@stephenkerrmp!,mention,1,0.2942
realstephenkerr,lottogoodcauses,mention,1,0.9214
realstephenkerr,stephenkerrmp,mention,1,0.2942
rebeccaharrismp,@borisjohnson,mention,2,0.42955
rebeccaharrismp,@carriesymonds,mention,1,0.0
rebeccaharrismp,@conservatives,mention,1,0.0
rebeccaharrismp,@essexpoliceuk,mention,1,0.8591
rebeccaharrismp,@hirst4essexpfcc,mention,1,0.8591
rebeccaharrismp,@thamesvp,mention,1,-0.1531
rebeccaharrismp,@ukgovbluebelt,mention,1,0.8555
rebeccaharrismp,borisjohnson,mention,2,0.42955
rebeccaharrismp,carriesymonds,mention,1,0.0
rebeccaharrismp,conservatives,mention,1,0.0
rebeccaharrismp,essexpoliceuk,mention,1,0.8591
rebeccaharrismp,hirst4essexpfcc,mention,1,0.8591
rebeccaharrismp,thamesvp,mention,1,-0.1531
rebeccaharrismp,ukgovbluebelt,mention,1,0.8555
redditchrachel,@mash1973,mention,1,0.3182
redditchrachel,@redditchrachel!,mention,1,0.6588
redditchrachel,@rsa_arrowvale,mention,1,0.9318
redditchrachel,@ucas_online,mention,1,0.9318
redditchrachel,mash1973,mention,1,0.3182
redditchrachel,redditchrachel,mention,1,0.6588
redditchrachel,rsa_arrowvale,mention,1,0.9318
redditchrachel,ucas_online,mention,1,0.9318
rees4neath,10downingstreet,mention,1,-0.4019
rees4neath,@10downingstreet,mention,1,-0.4019
rees4neath,@bevanfestival,mention,1,0.7579
rees4neath,@fabiberrettoni⁩,mention,1,0.802
rees4neath,@jackiejoneswal1⁩,mention,1,0.802
rees4neath,@matthewdorrance⁩,mention,1,0.802
rees4neath,@pridecymru⁩,mention,1,0.802
rees4neath,@rees4neath,mention,2,0.70835
rees4neath,@rees4neath⁩,mention,1,0.802
rees4neath,@tredegarcouncil,mention,1,0.7579
rees4neath,@unitewales,mention,1,0.7579
rees4neath,@welshlabour,mention,1,-0.1027
rees4neath,bevanfestival,mention,1,0.7579
rees4neath,fabiberrettoni,mention,1,0.802
rees4neath,jackiejoneswal1,mention,1,0.802
rees4neath,matthewdorrance,mention,1,0.802
rees4neath,pridecymru,mention,1,0.802
rees4neath,rees4neath,mention,3,0.7395666666666667
rees4neath,tredegarcouncil,mention,1,0.7579
rees4neath,unitewales,mention,1,0.7579
rees4neath,welshlabour,mention,1,-0.1027
rhonddabryant,@andymcdonaldmp’s,mention,1,0.0
rhonddabryant,@borisjohnson,mention,1,-0.5511
rhonddabryant,@borisjohnson⁩,mention,1,0.8402
rhonddabryant,@grahamsmith_,mention,1,-0.3182
rhonddabryant,@kingmanhelen,mention,1,-0.5511
rhonddabryant,@revdavidcoles,mention,1,-0.5511
rhonddabryant,@welshgovernment,mention,1,0.4588
rhonddabryant,@welshlabour,mention,1,0.4588
rhonddabryant,andymcdonaldmp,mention,1,0.0
rhonddabryant,borisjohnson,mention,2,0.14454999999999996
rhonddabryant,grahamsmith_,mention,1,-0.3182
rhonddabryant,kingmanhelen,mention,1,-0.5511
rhonddabryant,revdavidcoles,mention,1,-0.5511
rhonddabryant,welshgovernment,mention,1,0.4588
rhonddabryant,welshlabour,mention,1,0.4588
richardgrahamuk,@davidedrew,mention,1,0.5719
richardgrahamuk,@doinacornell,mention,1,0.5719
richardgrahamuk,@sclubbethan,mention,1,0.4767
richardgrahamuk,@stroud_labour,mention,1,0.5719
richardgrahamuk,@strouddc,mention,1,0.5719
richardgrahamuk,davidedrew,mention,1,0.5719
richardgrahamuk,doinacornell,mention,1,0.5719
richardgrahamuk,sclubbethan,mention,1,0.4767
richardgrahamuk,stroud_labour,mention,1,0.5719
richardgrahamuk,strouddc,mention,1,0.5719
richardhrbenyon,@borisjohnson⁩,mention,1,0.6808
richardhrbenyon,@defragovuk⁩,mention,1,0.6808
richardhrbenyon,@marklancastermk,mention,1,0.128
richardhrbenyon,borisjohnson,mention,1,0.6808
richardhrbenyon,defragovuk,mention,1,0.6808
richardhrbenyon,marklancastermk,mention,1,0.128
robertbuckland,@badboysbakery,mention,1,0.4019
robertbuckland,@cellworkout,mention,1,0.4019
robertbuckland,@hmp_brixton,mention,1,0.4019
robertbuckland,@prisonersed,mention,1,0.4019
robertbuckland,@robertbuckland,mention,1,0.8718
robertbuckland,@the_bounce_back,mention,1,0.4019
robertbuckland,@theclinkcharity,mention,1,0.4019
robertbuckland,badboysbakery,mention,1,0.4019
robertbuckland,cellworkout,mention,1,0.4019
robertbuckland,hmp_brixton,mention,1,0.4019
robertbuckland,prisonersed,mention,1,0.4019
robertbuckland,robertbuckland,mention,1,0.8718
robertbuckland,the_bounce_back,mention,1,0.4019
robertbuckland,theclinkcharity,mention,1,0.4019
robertjenrick,@borisjohnson,mention,1,0.2247
robertjenrick,@highpeakbc,mention,1,0.8591
robertjenrick,@mhclg,mention,1,0.8591
robertjenrick,@robertjenrick,mention,1,0.0
robertjenrick,borisjohnson,mention,1,0.2247
robertjenrick,highpeakbc,mention,1,0.8591
robertjenrick,mhclg,mention,1,0.8591
robertjenrick,robertjenrick,mention,1,0.0
robertsyms,@ronaldbailey,mention,1,0.3716
robertsyms,ronaldbailey,mention,1,0.3716
rogergodsiff,@dominicraab.,mention,1,0.2748
rogergodsiff,dominicraab,mention,1,0.2748
ronniecowan,@gmbscotorg,mention,1,0.656
ronniecowan,@scottishcnd,mention,1,-0.4588
ronniecowan,@ststephenspap,mention,1,-0.2617
ronniecowan,gmbscotorg,mention,1,0.656
ronniecowan,scottishcnd,mention,1,-0.4588
ronniecowan,ststephenspap,mention,1,-0.2617
rorystewartuk,@mjt999heart,mention,1,0.3612
rorystewartuk,@mykelo,mention,1,0.3612
rorystewartuk,@rorystewartuk,mention,1,0.7906
rorystewartuk,mjt999heart,mention,1,0.3612
rorystewartuk,mykelo,mention,1,0.3612
rorystewartuk,rorystewartuk,mention,1,0.7906
rossthomson_abz,@scottories,mention,1,0.8402
rossthomson_abz,scottories,mention,1,0.8402
rthondavehanson,@moldtowncouncil,mention,1,0.8122
rthondavehanson,moldtowncouncil,mention,1,0.8122
rupahuq,@felixprojectuk,mention,1,0.6369
rupahuq,@mollymep,mention,1,0.0
rupahuq,@robertjenrick,mention,1,0.9118
rupahuq,@rupahuq,mention,1,0.9118
rupahuq,@scnathan,mention,1,0.0
rupahuq,@suewood60,mention,1,0.6369
rupahuq,felixprojectuk,mention,1,0.6369
rupahuq,mollymep,mention,1,0.0
rupahuq,robertjenrick,mention,1,0.9118
rupahuq,rupahuq,mention,1,0.9118
rupahuq,scnathan,mention,1,0.0
rupahuq,suewood60,mention,1,0.6369
rushanaraali,@amberruddhr,mention,1,0.128
rushanaraali,amberruddhr,mention,1,0.128
ruthcadbury,@brentfordfccst,mention,1,0.9186
ruthcadbury,@mrgeorgeclarke,mention,1,0.8953
ruthcadbury,@ruthcadbury,mention,1,0.8805
ruthcadbury,@watermansarts,mention,1,0.9186
ruthcadbury,brentfordfccst,mention,1,0.9186
ruthcadbury,mrgeorgeclarke,mention,1,0.8953
ruthcadbury,ruthcadbury,mention,1,0.8805
ruthcadbury,watermansarts,mention,1,0.9186
sajidjavid,@sajidjavid:,mention,1,0.5634
sajidjavid,@scottories,mention,1,0.2732
sajidjavid,sajidjavid,mention,1,0.5634
sajidjavid,scottories,mention,1,0.2732
sandbach,@arhselk,mention,1,0.4019
sandbach,@jeremy_hunt,mention,1,0.8555
sandbach,@manushrafatjah,mention,1,0.0
sandbach,@resurgentsheep,mention,1,0.4019
sandbach,arhselk,mention,1,0.4019
sandbach,jeremy_hunt,mention,1,0.8555
sandbach,manushrafatjah,mention,1,0.0
sandbach,resurgentsheep,mention,1,0.4019
sarahchampionmp,@affordableleath,mention,1,-0.8591
sarahchampionmp,@appg_safefaith,mention,1,0.4215
sarahchampionmp,@appgsextrade,mention,1,-0.8591
sarahchampionmp,@bbcr4sunday,mention,1,0.4215
sarahchampionmp,@bond71590,mention,1,-0.8591
sarahchampionmp,@emjay1968,mention,1,-0.8591
sarahchampionmp,@hk_watch⁩,mention,1,0.4939
sarahchampionmp,@janus_romanus,mention,1,-0.8591
sarahchampionmp,@labourrotherham,mention,1,0.6249
sarahchampionmp,@meltankardreist,mention,1,-0.1531
sarahchampionmp,@oneandonlymr0,mention,1,-0.5267
sarahchampionmp,@reecewhayes,mention,1,-0.5267
sarahchampionmp,@rmbcpress,mention,1,0.8122
sarahchampionmp,@rotherham_clp,mention,1,0.6249
sarahchampionmp,@rotherhamadvert,mention,1,0.8122
sarahchampionmp,@rothtowncentre,mention,1,0.8122
sarahchampionmp,@sarahchampionmp,mention,4,0.249875
sarahchampionmp,@sarahchampionmp.,mention,1,-0.1531
sarahchampionmp,@skinnock,mention,1,-0.5267
sarahchampionmp,affordableleath,mention,1,-0.8591
sarahchampionmp,appg_safefaith,mention,1,0.4215
sarahchampionmp,appgsextrade,mention,1,-0.8591
sarahchampionmp,bbcr4sunday,mention,1,0.4215
sarahchampionmp,bond71590,mention,1,-0.8591
sarahchampionmp,emjay1968,mention,1,-0.8591
sarahchampionmp,hk_watch,mention,1,0.4939
sarahchampionmp,janus_romanus,mention,1,-0.8591
sarahchampionmp,labourrotherham,mention,1,0.6249
sarahchampionmp,meltankardreist,mention,1,-0.1531
sarahchampionmp,oneandonlymr0,mention,1,-0.5267
sarahchampionmp,reecewhayes,mention,1,-0.5267
sarahchampionmp,rmbcpress,mention,1,0.8122
sarahchampionmp,rotherham_clp,mention,1,0.6249
sarahchampionmp,rotherhamadvert,mention,1,0.8122
sarahchampionmp,rothtowncentre,mention,1,0.8122
sarahchampionmp,sarahchampionmp,mention,5,0.16928
sarahchampionmp,skinnock,mention,1,-0.5267
sarahwollaston,@bremaininspain⁩,mention,1,0.7783
sarahwollaston,@libdems,mention,1,0.0
sarahwollaston,@rorystewartuk,mention,1,0.5719
sarahwollaston,@suewilson91⁩,mention,1,0.7783
sarahwollaston,bremaininspain,mention,1,0.7783
sarahwollaston,libdems,mention,1,0.0
sarahwollaston,rorystewartuk,mention,1,0.5719
sarahwollaston,suewilson91,mention,1,0.7783
sdoughtymp,@aluncairns,mention,1,0.9371
sdoughtymp,@annamcmorrin,mention,1,0.69
sdoughtymp,@bbcnewsnight,mention,1,-0.3182
sdoughtymp,@bbcradiowales,mention,1,0.9371
sdoughtymp,@bbcwalesnews,mention,1,0.9371
sdoughtymp,@bel4thevale,mention,1,0.9371
sdoughtymp,@charlotteadele_,mention,1,0.7096
sdoughtymp,@femi_sorry,mention,1,0.9371
sdoughtymp,@itvwales,mention,2,0.6695
sdoughtymp,@jennymcharles,mention,1,0.9324
sdoughtymp,@jeremycorbyn,mention,1,0.9371
sdoughtymp,@jostevenslabour!,mention,1,0.69
sdoughtymp,@kevinbrennanmp,mention,1,0.69
sdoughtymp,@lgbtlabourwales,mention,1,0.9324
sdoughtymp,@mikegalsworthy,mention,1,0.9371
sdoughtymp,@ojcoombe,mention,1,0.4019
sdoughtymp,@paulbranditv,mention,1,0.4019
sdoughtymp,@plaid_cymru,mention,1,0.9371
sdoughtymp,@sdoughtymp,mention,3,0.7789
sdoughtymp,@skinnock,mention,1,-0.7781
sdoughtymp,@valeforeurope,mention,1,0.9371
sdoughtymp,@walesforeurope,mention,1,0.9371
sdoughtymp,aluncairns,mention,1,0.9371
sdoughtymp,annamcmorrin,mention,1,0.69
sdoughtymp,bbcnewsnight,mention,1,-0.3182
sdoughtymp,bbcradiowales,mention,1,0.9371
sdoughtymp,bbcwalesnews,mention,1,0.9371
sdoughtymp,bel4thevale,mention,1,0.9371
sdoughtymp,charlotteadele_,mention,1,0.7096
sdoughtymp,femi_sorry,mention,1,0.9371
sdoughtymp,itvwales,mention,2,0.6695
sdoughtymp,jennymcharles,mention,1,0.9324
sdoughtymp,jeremycorbyn,mention,1,0.9371
sdoughtymp,jostevenslabour,mention,1,0.69
sdoughtymp,kevinbrennanmp,mention,1,0.69
sdoughtymp,lgbtlabourwales,mention,1,0.9324
sdoughtymp,mikegalsworthy,mention,1,0.9371
sdoughtymp,ojcoombe,mention,1,0.4019
sdoughtymp,paulbranditv,mention,1,0.4019
sdoughtymp,plaid_cymru,mention,1,0.9371
sdoughtymp,sdoughtymp,mention,3,0.7789
sdoughtymp,skinnock,mention,1,-0.7781
sdoughtymp,valeforeurope,mention,1,0.9371
sdoughtymp,walesforeurope,mention,1,0.9371
seemamalhotra1,5050parliament,mention,1,0.7959
seemamalhotra1,@5050parliament,mention,1,0.7959
seemamalhotra1,@affinitywater,mention,1,0.5389
seemamalhotra1,@bigtentideas,mention,1,0.7959
seemamalhotra1,@cllralanmitch,mention,1,0.5389
seemamalhotra1,@gangariga,mention,1,0.5389
seemamalhotra1,@helenbrits,mention,1,0.5389
seemamalhotra1,@keir_starmer,mention,1,-0.0258
seemamalhotra1,@labourwomensnet,mention,1,0.7959
seemamalhotra1,@networkrail,mention,1,-0.4122
seemamalhotra1,@raildeliverygrp,mention,1,-0.4122
seemamalhotra1,@seemamalhotra1,mention,1,0.7959
seemamalhotra1,@transportgovuk,mention,1,-0.4122
seemamalhotra1,affinitywater,mention,1,0.5389
seemamalhotra1,bigtentideas,mention,1,0.7959
seemamalhotra1,cllralanmitch,mention,1,0.5389
seemamalhotra1,gangariga,mention,1,0.5389
seemamalhotra1,helenbrits,mention,1,0.5389
seemamalhotra1,keir_starmer,mention,1,-0.0258
seemamalhotra1,labourwomensnet,mention,1,0.7959
seemamalhotra1,networkrail,mention,1,-0.4122
seemamalhotra1,raildeliverygrp,mention,1,-0.4122
seemamalhotra1,seemamalhotra1,mention,1,0.7959
seemamalhotra1,transportgovuk,mention,1,-0.4122
shaileshvara,@belfastharbour,mention,1,0.3818
shaileshvara,@borisjohnson,mention,1,0.6369
shaileshvara,@michaelgove,mention,1,0.3818
shaileshvara,belfastharbour,mention,1,0.3818
shaileshvara,borisjohnson,mention,1,0.6369
shaileshvara,michaelgove,mention,1,0.3818
sharonhodgsonmp,@forchange_now,mention,1,-0.296
sharonhodgsonmp,@hendas76,mention,1,0.7286
sharonhodgsonmp,@keeleymp,mention,1,0.0258
sharonhodgsonmp,@libdems,mention,1,-0.296
sharonhodgsonmp,@plaid_cymru,mention,1,-0.296
sharonhodgsonmp,@sharonhodgsonmp,mention,2,0.3643
sharonhodgsonmp,@thegreenparty,mention,1,-0.296
sharonhodgsonmp,@thesnp,mention,1,-0.296
sharonhodgsonmp,@uklabour,mention,1,-0.296
sharonhodgsonmp,forchange_now,mention,1,-0.296
sharonhodgsonmp,hendas76,mention,1,0.7286
sharonhodgsonmp,keeleymp,mention,1,0.0258
sharonhodgsonmp,libdems,mention,1,-0.296
sharonhodgsonmp,plaid_cymru,mention,1,-0.296
sharonhodgsonmp,sharonhodgsonmp,mention,2,0.3643
sharonhodgsonmp,thegreenparty,mention,1,-0.296
sharonhodgsonmp,thesnp,mention,1,-0.296
sharonhodgsonmp,uklabour,mention,1,-0.296
simon4ndorset,@campaignerkate,mention,1,0.4019
simon4ndorset,campaignerkate,mention,1,0.4019
simonclarkemp,@bbclaurak,mention,1,0.3197
simonclarkemp,@benhouchen,mention,1,0.0
simonclarkemp,@borisjohnson,mention,1,-0.3724
simonclarkemp,@carolewatkins44,mention,1,0.0
simonclarkemp,@simonclarkemp,mention,1,-0.5106
simonclarkemp,bbclaurak,mention,1,0.3197
simonclarkemp,benhouchen,mention,1,0.0
simonclarkemp,borisjohnson,mention,1,-0.3724
simonclarkemp,carolewatkins44,mention,1,0.0
simonclarkemp,simonclarkemp,mention,1,-0.5106
siobhain_mc,@adesola86,mention,1,0.0
siobhain_mc,@un,mention,1,0.7845
siobhain_mc,adesola86,mention,1,0.0
siobhain_mc,un,mention,1,0.7845
stellacreasy,@edbookfest,mention,1,0.7644
stellacreasy,@jamiefonzarelli,mention,1,-0.1043
stellacreasy,@julie4nw,mention,1,0.7644
stellacreasy,@keatsandchapman,mention,1,-0.1043
stellacreasy,@kingscollegelon,mention,1,0.7644
stellacreasy,@mrtcharris,mention,1,-0.1043
stellacreasy,@shirkerism,mention,1,0.4215
stellacreasy,@warmongerhodges,mention,1,0.872
stellacreasy,@wkgrainger1,mention,1,0.872
stellacreasy,edbookfest,mention,1,0.7644
stellacreasy,jamiefonzarelli,mention,1,-0.1043
stellacreasy,julie4nw,mention,1,0.7644
stellacreasy,keatsandchapman,mention,1,-0.1043
stellacreasy,kingscollegelon,mention,1,0.7644
stellacreasy,mrtcharris,mention,1,-0.1043
stellacreasy,shirkerism,mention,1,0.4215
stellacreasy,warmongerhodges,mention,1,0.872
stellacreasy,wkgrainger1,mention,1,0.872
stephengethins,@bbcnewsnight,mention,1,0.0
stephengethins,@dundeeunitedfc,mention,1,0.3343
stephengethins,@hibernianfc,mention,1,0.3343
stephengethins,bbcnewsnight,mention,1,0.0
stephengethins,dundeeunitedfc,mention,1,0.3343
stephengethins,hibernianfc,mention,1,0.3343
stephenmorganmp,@hmnbportsmouth,mention,1,0.0
stephenmorganmp,@hms_westminster,mention,1,0.0
stephenmorganmp,@jonashworth,mention,1,-0.3818
stephenmorganmp,@labourclg’s,mention,1,0.4019
stephenmorganmp,@oceancolourscene,mention,1,0.4939
stephenmorganmp,@stephenmorganmp,mention,1,0.4019
stephenmorganmp,hmnbportsmouth,mention,1,0.0
stephenmorganmp,hms_westminster,mention,1,0.0
stephenmorganmp,jonashworth,mention,1,-0.3818
stephenmorganmp,labourclg,mention,1,0.4019
stephenmorganmp,oceancolourscene,mention,1,0.4939
stephenmorganmp,stephenmorganmp,mention,1,0.4019
stephentwigg,@annegulland,mention,1,-0.8807
stephentwigg,@stephentwigg,mention,1,-0.8807
stephentwigg,@telglobalhealth,mention,1,-0.8807
stephentwigg,annegulland,mention,1,-0.8807
stephentwigg,stephentwigg,mention,1,-0.8807
stephentwigg,telglobalhealth,mention,1,-0.8807
stevebakerhw,@borisjohnson,mention,2,-0.2113
stevebakerhw,@educannotwait,mention,1,-0.5859
stevebakerhw,@gmb,mention,1,0.8519
stevebakerhw,@grahamstuart,mention,1,0.5994
stevebakerhw,@grantshapps,mention,1,0.0
stevebakerhw,@mhclg,mention,1,0.8519
stevebakerhw,@michaelgove,mention,1,0.0
stevebakerhw,@nmdacosta,mention,1,0.5423
stevebakerhw,@patel4witham,mention,1,0.0
stevebakerhw,@prosperityuk_,mention,1,0.6705
stevebakerhw,@samcoatessky,mention,1,0.5423
stevebakerhw,@telegraph,mention,1,-0.296
stevebakerhw,@vp,mention,2,0.75145
stevebakerhw,@yeekwanicecream,mention,1,0.5994
stevebakerhw,borisjohnson,mention,2,-0.2113
stevebakerhw,educannotwait,mention,1,-0.5859
stevebakerhw,gmb,mention,1,0.8519
stevebakerhw,grahamstuart,mention,1,0.5994
stevebakerhw,grantshapps,mention,1,0.0
stevebakerhw,mhclg,mention,1,0.8519
stevebakerhw,michaelgove,mention,1,0.0
stevebakerhw,nmdacosta,mention,1,0.5423
stevebakerhw,patel4witham,mention,1,0.0
stevebakerhw,prosperityuk_,mention,1,0.6705
stevebakerhw,samcoatessky,mention,1,0.5423
stevebakerhw,telegraph,mention,1,-0.296
stevebakerhw,vp,mention,2,0.75145
stevebakerhw,yeekwanicecream,mention,1,0.5994
stevedouble,@tonyjolagoodman,mention,1,-0.4767
stevedouble,tonyjolagoodman,mention,1,-0.4767
stevereedmp,@guyverhofstadt,mention,1,0.0
stevereedmp,@stevebarclay,mention,1,0.0
stevereedmp,guyverhofstadt,mention,1,0.0
stevereedmp,stevebarclay,mention,1,0.0
stewartmcdonald,@broadcastscot,mention,1,0.4199
stewartmcdonald,@calumrkerr,mention,1,0.8016
stewartmcdonald,@cosaraf),mention,1,0.7964
stewartmcdonald,@ianblackfordmp,mention,1,-0.886
stewartmcdonald,@jamespomfret,mention,1,0.8113
stewartmcdonald,@jamieglackin1,mention,1,0.0
stewartmcdonald,@jessphillips,mention,1,-0.4497
stewartmcdonald,@kpmguk,mention,1,0.7964
stewartmcdonald,@mitie,mention,1,0.4019
stewartmcdonald,@nancyclench,mention,1,-0.7769
stewartmcdonald,@networkrail,mention,1,0.4019
stewartmcdonald,@rmt_scotland,mention,1,0.4019
stewartmcdonald,@rmtunion,mention,1,0.4019
stewartmcdonald,@stewartmcdonald,mention,1,0.7964
stewartmcdonald,@ukremblondon,mention,2,0.61075
stewartmcdonald,broadcastscot,mention,1,0.4199
stewartmcdonald,calumrkerr,mention,1,0.8016
stewartmcdonald,cosaraf,mention,1,0.7964
stewartmcdonald,ianblackfordmp,mention,1,-0.886
stewartmcdonald,jamespomfret,mention,1,0.8113
stewartmcdonald,jamieglackin1,mention,1,0.0
stewartmcdonald,jessphillips,mention,1,-0.4497
stewartmcdonald,kpmguk,mention,1,0.7964
stewartmcdonald,mitie,mention,1,0.4019
stewartmcdonald,nancyclench,mention,1,-0.7769
stewartmcdonald,networkrail,mention,1,0.4019
stewartmcdonald,rmt_scotland,mention,1,0.4019
stewartmcdonald,rmtunion,mention,1,0.4019
stewartmcdonald,stewartmcdonald,mention,1,0.7964
stewartmcdonald,ukremblondon,mention,2,0.61075
suehayman1,@labourdefra,mention,2,0.4221
suehayman1,@lukepollard.,mention,1,-0.4228
suehayman1,@suehayman1,mention,3,0.5732666666666667
suehayman1,@uklabour,mention,1,-0.4228
suehayman1,@uklabour's,mention,1,0.8442
suehayman1,@uklabour’s,mention,1,0.0
suehayman1,labourdefra,mention,2,0.4221
suehayman1,lukepollard,mention,1,-0.4228
suehayman1,suehayman1,mention,3,0.5732666666666667
suehayman1,uklabour,mention,3,0.14046666666666666
tandhesi,@airindiain,mention,1,0.2732
tandhesi,@amritmaanldn,mention,1,0.2732
tandhesi,@dratiq,mention,1,0.9186
tandhesi,@dropinderjit,mention,1,0.8779
tandhesi,@everythings_13,mention,1,0.8779
tandhesi,@flyamritsar,mention,1,0.2732
tandhesi,@metrouk,mention,1,0.0
tandhesi,@pennyappeal,mention,1,0.8316
tandhesi,@ptcnews,mention,1,0.8779
tandhesi,@pti_news,mention,1,0.8779
tandhesi,@satyendra7,mention,1,0.8779
tandhesi,@sikhnet,mention,1,0.8779
tandhesi,@sikhsforsikhs,mention,1,0.8779
tandhesi,@sikhsiyasat,mention,1,0.8779
tandhesi,@singhlions,mention,1,0.8779
tandhesi,@tandhesi,mention,2,0.4806
tandhesi,@thetribunechd,mention,1,0.8779
tandhesi,@tourdehajj,mention,1,0.8316
tandhesi,@valariekaur,mention,1,0.8779
tandhesi,airindiain,mention,1,0.2732
tandhesi,amritmaanldn,mention,1,0.2732
tandhesi,dratiq,mention,1,0.9186
tandhesi,dropinderjit,mention,1,0.8779
tandhesi,everythings_13,mention,1,0.8779
tandhesi,flyamritsar,mention,1,0.2732
tandhesi,metrouk,mention,1,0.0
tandhesi,pennyappeal,mention,1,0.8316
tandhesi,ptcnews,mention,1,0.8779
tandhesi,pti_news,mention,1,0.8779
tandhesi,satyendra7,mention,1,0.8779
tandhesi,sikhnet,mention,1,0.8779
tandhesi,sikhsforsikhs,mention,1,0.8779
tandhesi,sikhsiyasat,mention,1,0.8779
tandhesi,singhlions,mention,1,0.8779
tandhesi,tandhesi,mention,2,0.4806
tandhesi,thetribunechd,mention,1,0.8779
tandhesi,tourdehajj,mention,1,0.8316
tandhesi,valariekaur,mention,1,0.8779
thangammp,@carolynharris24,mention,1,0.8584
thangammp,@cosaraf),mention,1,0.7964
thangammp,@daysoutnow,mention,1,0.8977
thangammp,@iandunt,mention,1,-0.2263
thangammp,@jeremycorbyn,mention,1,-0.2263
thangammp,@kglasss,mention,1,0.716
thangammp,@kpmguk,mention,1,0.7964
thangammp,@libdems,mention,1,-0.2263
thangammp,@lina26186036,mention,1,-0.2263
thangammp,@margaretkeenan,mention,1,0.8584
thangammp,@momentumbristol,mention,1,0.716
thangammp,@parkerciccone,mention,1,0.716
thangammp,@peoplesmomentum,mention,1,0.716
thangammp,@robinkellett,mention,1,0.716
thangammp,@southvillerob,mention,1,0.716
thangammp,@thangammp,mention,1,0.7964
thangammp,@toniaantoniazzi,mention,1,0.8584
thangammp,carolynharris24,mention,1,0.8584
thangammp,cosaraf,mention,1,0.7964
thangammp,daysoutnow,mention,1,0.8977
thangammp,iandunt,mention,1,-0.2263
thangammp,jeremycorbyn,mention,1,-0.2263
thangammp,kglasss,mention,1,0.716
thangammp,kpmguk,mention,1,0.7964
thangammp,libdems,mention,1,-0.2263
thangammp,lina26186036,mention,1,-0.2263
thangammp,margaretkeenan,mention,1,0.8584
thangammp,momentumbristol,mention,1,0.716
thangammp,parkerciccone,mention,1,0.716
thangammp,peoplesmomentum,mention,1,0.716
thangammp,robinkellett,mention,1,0.716
thangammp,southvillerob,mention,1,0.716
thangammp,thangammp,mention,1,0.7964
thangammp,toniaantoniazzi,mention,1,0.8584
thelma_dwalker,@bbcr4today.,mention,1,0.0
thelma_dwalker,@thelma_walkermp,mention,1,0.1984
thelma_dwalker,bbcr4today,mention,1,0.0
thelma_dwalker,thelma_walkermp,mention,1,0.1984
theresecoffey,@bbcsuffolk,mention,1,0.4019
theresecoffey,@borisjohnson,mention,2,-0.1977
theresecoffey,@buryfree,mention,1,0.7845
theresecoffey,@canalrivertrust,mention,1,0.3612
theresecoffey,@chadmmurray,mention,1,-0.5267
theresecoffey,@derbyshirecc,mention,1,0.3612
theresecoffey,@derbyshirefrs,mention,1,0.3612
theresecoffey,@derbyspolice,mention,1,0.3612
theresecoffey,@eadt24,mention,1,0.7845
theresecoffey,@greeneking,mention,1,0.7845
theresecoffey,@judithshallow,mention,1,0.7845
theresecoffey,@markglennmurphy,mention,1,0.4019
theresecoffey,@naomihodges28,mention,1,-0.5267
theresecoffey,@norwichcityfc,mention,1,0.4019
theresecoffey,@ruthgeorgemp,mention,1,0.3612
theresecoffey,bbcsuffolk,mention,1,0.4019
theresecoffey,borisjohnson,mention,2,-0.1977
theresecoffey,buryfree,mention,1,0.7845
theresecoffey,canalrivertrust,mention,1,0.3612
theresecoffey,chadmmurray,mention,1,-0.5267
theresecoffey,derbyshirecc,mention,1,0.3612
theresecoffey,derbyshirefrs,mention,1,0.3612
theresecoffey,derbyspolice,mention,1,0.3612
theresecoffey,eadt24,mention,1,0.7845
theresecoffey,greeneking,mention,1,0.7845
theresecoffey,judithshallow,mention,1,0.7845
theresecoffey,markglennmurphy,mention,1,0.4019
theresecoffey,naomihodges28,mention,1,-0.5267
theresecoffey,norwichcityfc,mention,1,0.4019
theresecoffey,ruthgeorgemp,mention,1,0.3612
thomasbrake,@libdems,mention,1,-0.3107
thomasbrake,@thatginamiller.,mention,1,-0.3107
thomasbrake,libdems,mention,1,-0.3107
thomasbrake,thatginamiller,mention,1,-0.3107
timfarron,@hendopolis,mention,1,-0.0772
timfarron,@mattietk,mention,1,-0.0772
timfarron,hendopolis,mention,1,-0.0772
timfarron,mattietk,mention,1,-0.0772
timloughton,@borisjohnson,mention,1,0.296
timloughton,@hazel_thorpe,mention,1,0.9231
timloughton,@lunguk,mention,1,0.9231
timloughton,@timloughton,mention,2,0.774
timloughton,borisjohnson,mention,1,0.296
timloughton,hazel_thorpe,mention,1,0.9231
timloughton,lunguk,mention,1,0.9231
timloughton,timloughton,mention,2,0.774
tobyperkinsmp,@aarondfirth,mention,1,0.3818
tobyperkinsmp,aarondfirth,mention,1,0.3818
tom_watson,@cftrust,mention,1,0.9287
tom_watson,@dannyjpalmer,mention,1,0.0
tom_watson,@iandunt,mention,1,0.0
tom_watson,@jgurling,mention,1,0.9287
tom_watson,@lumos,mention,1,0.9287
tom_watson,@markhenryglover,mention,1,0.9287
tom_watson,@nickymorgan01:,mention,1,0.4019
tom_watson,@oiaukceo,mention,1,0.9287
tom_watson,@ruthcadbury,mention,1,0.9287
tom_watson,@specialeffect.,mention,1,0.9287
tom_watson,@wbafoundation,mention,1,0.9287
tom_watson,cftrust,mention,1,0.9287
tom_watson,dannyjpalmer,mention,1,0.0
tom_watson,iandunt,mention,1,0.0
tom_watson,jgurling,mention,1,0.9287
tom_watson,lumos,mention,1,0.9287
tom_watson,markhenryglover,mention,1,0.9287
tom_watson,nickymorgan01,mention,1,0.4019
tom_watson,oiaukceo,mention,1,0.9287
tom_watson,ruthcadbury,mention,1,0.9287
tom_watson,specialeffect,mention,1,0.9287
tom_watson,wbafoundation,mention,1,0.9287
tomtugendhat,21engr,mention,1,-0.5574
tomtugendhat,@21engr,mention,1,-0.5574
tomtugendhat,@borisjohnson,mention,1,0.2732
tomtugendhat,@commonsforeign,mention,1,0.7506
tomtugendhat,@haynesdeborah,mention,1,0.2732
tomtugendhat,@lordrickettsp,mention,1,-0.1531
tomtugendhat,@normanlamb,mention,1,0.3597
tomtugendhat,@patel4witham,mention,1,0.7506
tomtugendhat,@proftimbale,mention,1,0.6808
tomtugendhat,@proud_sappers,mention,1,-0.5574
tomtugendhat,@ric_cole,mention,1,-0.5574
tomtugendhat,@scottories,mention,1,0.8126
tomtugendhat,@tomtugendhat,mention,1,-0.8316
tomtugendhat,@tomtugendhat:,mention,1,0.7269
tomtugendhat,borisjohnson,mention,1,0.2732
tomtugendhat,commonsforeign,mention,1,0.7506
tomtugendhat,haynesdeborah,mention,1,0.2732
tomtugendhat,lordrickettsp,mention,1,-0.1531
tomtugendhat,normanlamb,mention,1,0.3597
tomtugendhat,patel4witham,mention,1,0.7506
tomtugendhat,proftimbale,mention,1,0.6808
tomtugendhat,proud_sappers,mention,1,-0.5574
tomtugendhat,ric_cole,mention,1,-0.5574
tomtugendhat,scottories,mention,1,0.8126
tomtugendhat,tomtugendhat,mention,2,-0.05235000000000001
toniaantoniazzi,@acgrayling,mention,1,0.0
toniaantoniazzi,@alexcallender3,mention,1,0.8934
toniaantoniazzi,@angusmacneilsnp,mention,1,0.0
toniaantoniazzi,@annclwyd,mention,1,0.743
toniaantoniazzi,@baileysshakes,mention,1,0.0
toniaantoniazzi,@baybistrogower,mention,1,0.7783
toniaantoniazzi,@breconlabour,mention,1,0.7345
toniaantoniazzi,@briangr59263249,mention,1,0.0
toniaantoniazzi,@british_airways,mention,1,0.3182
toniaantoniazzi,@campbellclaret,mention,1,0.0
toniaantoniazzi,@carolynharris24,mention,1,0.0
toniaantoniazzi,@cllrtomdavies,mention,1,0.7345
toniaantoniazzi,@dis_ppl_protest,mention,1,-0.2716
toniaantoniazzi,@dpacsheffield,mention,1,-0.2716
toniaantoniazzi,@frankfieldteam,mention,1,0.0
toniaantoniazzi,@geraintdaviesmp,mention,1,0.0
toniaantoniazzi,@gmb_union,mention,1,0.7345
toniaantoniazzi,@gowernt,mention,1,0.7783
toniaantoniazzi,@hanseizuremum,mention,1,0.0
toniaantoniazzi,@hilarybennmp,mention,1,0.0
toniaantoniazzi,@jmac_wir,mention,1,0.0
toniaantoniazzi,@lovegower,mention,1,0.7783
toniaantoniazzi,@mikegalsworthy,mention,1,0.0
toniaantoniazzi,@mssocietyuk,mention,1,0.2732
toniaantoniazzi,@nationaltrust,mention,1,0.7783
toniaantoniazzi,@normanlamb,mention,1,0.0
toniaantoniazzi,@refill,mention,1,0.7783
toniaantoniazzi,@saferswansea,mention,1,0.7749
toniaantoniazzi,@sajidjavid,mention,1,0.2732
toniaantoniazzi,@scott_arthur,mention,1,0.7345
toniaantoniazzi,@simon4ndorset,mention,1,0.2732
toniaantoniazzi,@spelmanc,mention,1,0.0
toniaantoniazzi,@surfsidecafes.,mention,1,0.7749
toniaantoniazzi,@swansea4europe,mention,1,0.0
toniaantoniazzi,@swpvolunteers,mention,1,0.7749
toniaantoniazzi,@thatginamiller,mention,1,0.0
toniaantoniazzi,@themumblesrnli,mention,1,0.7749
toniaantoniazzi,@toniaantoniazzi,mention,1,0.0
toniaantoniazzi,@trusselltrust,mention,1,0.0
toniaantoniazzi,@visitswanseabay,mention,1,0.7783
toniaantoniazzi,@visitwales,mention,1,0.7783
toniaantoniazzi,@walesforeurope,mention,1,0.0
toniaantoniazzi,@yvettecoopermp,mention,1,0.0
toniaantoniazzi,acgrayling,mention,1,0.0
toniaantoniazzi,alexcallender3,mention,1,0.8934
toniaantoniazzi,angusmacneilsnp,mention,1,0.0
toniaantoniazzi,annclwyd,mention,1,0.743
toniaantoniazzi,baileysshakes,mention,1,0.0
toniaantoniazzi,baybistrogower,mention,1,0.7783
toniaantoniazzi,breconlabour,mention,1,0.7345
toniaantoniazzi,briangr59263249,mention,1,0.0
toniaantoniazzi,british_airways,mention,1,0.3182
toniaantoniazzi,campbellclaret,mention,1,0.0
toniaantoniazzi,carolynharris24,mention,1,0.0
toniaantoniazzi,cllrtomdavies,mention,1,0.7345
toniaantoniazzi,dis_ppl_protest,mention,1,-0.2716
toniaantoniazzi,dpacsheffield,mention,1,-0.2716
toniaantoniazzi,frankfieldteam,mention,1,0.0
toniaantoniazzi,geraintdaviesmp,mention,1,0.0
toniaantoniazzi,gmb_union,mention,1,0.7345
toniaantoniazzi,gowernt,mention,1,0.7783
toniaantoniazzi,hanseizuremum,mention,1,0.0
toniaantoniazzi,hilarybennmp,mention,1,0.0
toniaantoniazzi,jmac_wir,mention,1,0.0
toniaantoniazzi,lovegower,mention,1,0.7783
toniaantoniazzi,mikegalsworthy,mention,1,0.0
toniaantoniazzi,mssocietyuk,mention,1,0.2732
toniaantoniazzi,nationaltrust,mention,1,0.7783
toniaantoniazzi,normanlamb,mention,1,0.0
toniaantoniazzi,refill,mention,1,0.7783
toniaantoniazzi,saferswansea,mention,1,0.7749
toniaantoniazzi,sajidjavid,mention,1,0.2732
toniaantoniazzi,scott_arthur,mention,1,0.7345
toniaantoniazzi,simon4ndorset,mention,1,0.2732
toniaantoniazzi,spelmanc,mention,1,0.0
toniaantoniazzi,surfsidecafes,mention,1,0.7749
toniaantoniazzi,swansea4europe,mention,1,0.0
toniaantoniazzi,swpvolunteers,mention,1,0.7749
toniaantoniazzi,thatginamiller,mention,1,0.0
toniaantoniazzi,themumblesrnli,mention,1,0.7749
toniaantoniazzi,toniaantoniazzi,mention,1,0.0
toniaantoniazzi,trusselltrust,mention,1,0.0
toniaantoniazzi,visitswanseabay,mention,1,0.7783
toniaantoniazzi,visitwales,mention,1,0.7783
toniaantoniazzi,walesforeurope,mention,1,0.0
toniaantoniazzi,yvettecoopermp,mention,1,0.0
tony4rochdale,@ccringing,mention,1,-0.3182
tony4rochdale,@cllrwendy,mention,1,-0.3182
tony4rochdale,@diomanchester,mention,1,-0.3182
tony4rochdale,@jemsoc,mention,1,-0.3182
tony4rochdale,@rochdalecouncil,mention,2,0.28759999999999997
tony4rochdale,@rochdalemayor,mention,1,-0.3182
tony4rochdale,@saferrochdale,mention,1,0.8934
tony4rochdale,@tony4rochdale,mention,1,-0.3182
tony4rochdale,@touchstones,mention,1,0.765
tony4rochdale,ccringing,mention,1,-0.3182
tony4rochdale,cllrwendy,mention,1,-0.3182
tony4rochdale,diomanchester,mention,1,-0.3182
tony4rochdale,jemsoc,mention,1,-0.3182
tony4rochdale,rochdalecouncil,mention,2,0.28759999999999997
tony4rochdale,rochdalemayor,mention,1,-0.3182
tony4rochdale,saferrochdale,mention,1,0.8934
tony4rochdale,tony4rochdale,mention,1,-0.3182
tony4rochdale,touchstones,mention,1,0.765
tpearce003,@bexley.gov.uk,mention,1,0.4767
tpearce003,@bexleybirding,mention,1,0.4767
tpearce003,@danfrancis02,mention,1,0.4767
tpearce003,@dannyhackett,mention,1,0.4767
tpearce003,@davehill,mention,1,0.8387
tpearce003,@davidevennett,mention,1,0.7184
tpearce003,@drew1403,mention,1,0.0
tpearce003,@erith_marshes,mention,1,0.4767
tpearce003,@jbrokenshire,mention,1,0.7184
tpearce003,@lbbexley,mention,1,0.4767
tpearce003,@lbofbexley,mention,1,0.0
tpearce003,@ldn_environment,mention,1,0.4767
tpearce003,@lewbexrail,mention,1,0.0
tpearce003,@londonbirdclub,mention,1,0.4767
tpearce003,@onlondon,mention,1,0.8387
tpearce003,@parliament.uk,mention,1,0.7184
tpearce003,@peabodyldn,mention,1,0.0
tpearce003,@rspbbexleygroup,mention,1,0.4767
tpearce003,@stefborella,mention,1,0.4767
tpearce003,@team4nature,mention,1,0.4767
tpearce003,@tomcopley,mention,1,0.8387
tpearce003,@tpearce003,mention,1,0.4767
tpearce003,@xrbexley,mention,1,0.7184
tpearce003,@zimmer_donna,mention,1,0.4767
tpearce003,bexley,mention,1,0.4767
tpearce003,bexleybirding,mention,1,0.4767
tpearce003,danfrancis02,mention,1,0.4767
tpearce003,dannyhackett,mention,1,0.4767
tpearce003,davehill,mention,1,0.8387
tpearce003,davidevennett,mention,1,0.7184
tpearce003,drew1403,mention,1,0.0
tpearce003,erith_marshes,mention,1,0.4767
tpearce003,jbrokenshire,mention,1,0.7184
tpearce003,lbbexley,mention,1,0.4767
tpearce003,lbofbexley,mention,1,0.0
tpearce003,ldn_environment,mention,1,0.4767
tpearce003,lewbexrail,mention,1,0.0
tpearce003,londonbirdclub,mention,1,0.4767
tpearce003,onlondon,mention,1,0.8387
tpearce003,parliament,mention,1,0.7184
tpearce003,peabodyldn,mention,1,0.0
tpearce003,rspbbexleygroup,mention,1,0.4767
tpearce003,stefborella,mention,1,0.4767
tpearce003,team4nature,mention,1,0.4767
tpearce003,tomcopley,mention,1,0.8387
tpearce003,tpearce003,mention,1,0.4767
tpearce003,xrbexley,mention,1,0.7184
tpearce003,zimmer_donna,mention,1,0.4767
tracey_crouch,@nicevennett,mention,1,0.8402
tracey_crouch,@paulgermaney,mention,1,0.8271
tracey_crouch,@rochesterbridge,mention,1,0.8271
tracey_crouch,@rochestercathed,mention,1,0.8271
tracey_crouch,nicevennett,mention,1,0.8402
tracey_crouch,paulgermaney,mention,1,0.8271
tracey_crouch,rochesterbridge,mention,1,0.8271
tracey_crouch,rochestercathed,mention,1,0.8271
trussliz,@trussliz,mention,1,0.784
trussliz,trussliz,mention,1,0.784
vernon_coaker,@louhaigh,mention,1,0.0379
vernon_coaker,louhaigh,mention,1,0.0379
vickyford,@accandyprophet,mention,1,0.8502
vickyford,@bbcessex,mention,1,0.5106
vickyford,@benstokes38,mention,1,0.8502
vickyford,@englandcricket,mention,1,0.8502
vickyford,@essexcricket,mention,1,0.8502
vickyford,@greateranglia,mention,1,0.5106
vickyford,@s2tee2,mention,1,0.5106
vickyford,accandyprophet,mention,1,0.8502
vickyford,bbcessex,mention,1,0.5106
vickyford,benstokes38,mention,1,0.8502
vickyford,englandcricket,mention,1,0.8502
vickyford,essexcricket,mention,1,0.8502
vickyford,greateranglia,mention,1,0.5106
vickyford,s2tee2,mention,1,0.5106
vickyfoxcroft,@addeys300,mention,1,0.8779
vickyfoxcroft,@damienegan,mention,1,0.8779
vickyfoxcroft,@vickyfoxcroft,mention,2,0.47755000000000003
vickyfoxcroft,addeys300,mention,1,0.8779
vickyfoxcroft,damienegan,mention,1,0.8779
vickyfoxcroft,vickyfoxcroft,mention,2,0.47755000000000003
victoriaprentis,@andrealeadsom,mention,1,0.9078
victoriaprentis,@ianhudspeth,mention,1,0.6908
victoriaprentis,@matthancock,mention,1,0.6908
victoriaprentis,@ouh_horton,mention,1,0.6908
victoriaprentis,@ouhospitals,mention,1,0.6908
victoriaprentis,@robertcourts,mention,1,0.6908
victoriaprentis,@sajidjavid,mention,1,0.6908
victoriaprentis,@saveourhorton,mention,1,0.6908
victoriaprentis,@victoriaprentis,mention,1,0.6908
victoriaprentis,andrealeadsom,mention,1,0.9078
victoriaprentis,ianhudspeth,mention,1,0.6908
victoriaprentis,matthancock,mention,1,0.6908
victoriaprentis,ouh_horton,mention,1,0.6908
victoriaprentis,ouhospitals,mention,1,0.6908
victoriaprentis,robertcourts,mention,1,0.6908
victoriaprentis,sajidjavid,mention,1,0.6908
victoriaprentis,saveourhorton,mention,1,0.6908
victoriaprentis,victoriaprentis,mention,1,0.6908
votepursglove,@afcoleicester,mention,1,0.8221
votepursglove,@bethmiller91,mention,1,0.8221
votepursglove,@borisjohnson⁩,mention,1,0.0
votepursglove,@corbyradio,mention,1,0.6467
votepursglove,@corbytownfc,mention,1,0.8221
votepursglove,@impossible_elf,mention,1,0.0258
votepursglove,@justwhous,mention,1,0.0
votepursglove,@katie_cronin,mention,1,0.6467
votepursglove,@lakelandscorby,mention,1,0.8221
votepursglove,@martinborley,mention,1,0.6467
votepursglove,@mickhux,mention,1,-0.296
votepursglove,@ntelegraph,mention,1,0.6467
votepursglove,@piperpaul280172,mention,1,0.7506
votepursglove,@seanyboy_e,mention,1,-0.3804
votepursglove,@skynews,mention,1,0.0
votepursglove,@stncdrrafwitt,mention,1,0.8221
votepursglove,@stubailie,mention,1,0.5093
votepursglove,@tompjourno,mention,1,0.6467
votepursglove,@tonypddd,mention,1,0.0
votepursglove,@votepursglove,mention,2,0.7344
votepursglove,afcoleicester,mention,1,0.8221
votepursglove,bethmiller91,mention,1,0.8221
votepursglove,borisjohnson,mention,1,0.0
votepursglove,corbyradio,mention,1,0.6467
votepursglove,corbytownfc,mention,1,0.8221
votepursglove,impossible_elf,mention,1,0.0258
votepursglove,justwhous,mention,1,0.0
votepursglove,katie_cronin,mention,1,0.6467
votepursglove,lakelandscorby,mention,1,0.8221
votepursglove,martinborley,mention,1,0.6467
votepursglove,mickhux,mention,1,-0.296
votepursglove,ntelegraph,mention,1,0.6467
votepursglove,piperpaul280172,mention,1,0.7506
votepursglove,seanyboy_e,mention,1,-0.3804
votepursglove,skynews,mention,1,0.0
votepursglove,stncdrrafwitt,mention,1,0.8221
votepursglove,stubailie,mention,1,0.5093
votepursglove,tompjourno,mention,1,0.6467
votepursglove,tonypddd,mention,1,0.0
votepursglove,votepursglove,mention,2,0.7344
wera_hobhouse,@libdems,mention,1,-0.7783
wera_hobhouse,libdems,mention,1,-0.7783
wesstreeting,@chunkymark,mention,1,0.743
wesstreeting,@jenlloyd001,mention,1,0.0
wesstreeting,@jewishchron,mention,1,0.0
wesstreeting,@lydiarosebright!,mention,1,0.9593
wesstreeting,@mpi_uk,mention,1,0.6808
wesstreeting,@telegraph,mention,1,-0.3947
wesstreeting,@weggis66,mention,2,0.62615
wesstreeting,chunkymark,mention,1,0.743
wesstreeting,jenlloyd001,mention,1,0.0
wesstreeting,jewishchron,mention,1,0.0
wesstreeting,lydiarosebright,mention,1,0.9593
wesstreeting,mpi_uk,mention,1,0.6808
wesstreeting,telegraph,mention,1,-0.3947
wesstreeting,weggis66,mention,2,0.62615
willquince,@alliburkephoto,mention,1,0.0
willquince,@bigronstevenson,mention,1,0.0
willquince,@borisjohnson,mention,1,0.891
willquince,@carabao_cup,mention,1,0.3802
willquince,@colchesterviews,mention,2,0.0
willquince,@dwp,mention,2,0.0
willquince,@jackdwest,mention,1,0.7344
willquince,@liampdwyer,mention,1,0.0
willquince,@lonelyplanet,mention,1,0.0
willquince,@mndpatients,mention,1,0.0
willquince,@robertjenrick,mention,1,0.128
willquince,@sajidjavid,mention,1,0.7344
willquince,@sandras_smith,mention,1,0.0
willquince,@ukdean1970,mention,1,-0.1361
willquince,@unholytom1980,mention,1,-0.1361
willquince,@vidvicii,mention,1,0.0
willquince,alliburkephoto,mention,1,0.0
willquince,bigronstevenson,mention,1,0.0
willquince,borisjohnson,mention,1,0.891
willquince,carabao_cup,mention,1,0.3802
willquince,colchesterviews,mention,2,0.0
willquince,dwp,mention,2,0.0
willquince,jackdwest,mention,1,0.7344
willquince,liampdwyer,mention,1,0.0
willquince,lonelyplanet,mention,1,0.0
willquince,mndpatients,mention,1,0.0
willquince,robertjenrick,mention,1,0.128
willquince,sajidjavid,mention,1,0.7344
willquince,sandras_smith,mention,1,0.0
willquince,ukdean1970,mention,1,-0.1361
willquince,unholytom1980,mention,1,-0.1361
willquince,vidvicii,mention,1,0.0
yasminqureshimp,@urbanoutreachuk,mention,1,0.4951
yasminqureshimp,urbanoutreachuk,mention,1,0.4951
zacgoldsmith,@ascension_gov,mention,1,0.9732
zacgoldsmith,ascension_gov,mention,1,0.9732
