date,username,party_value,tweet,reftweet_username,ments,year_month
2019-08-01,hywelplaidcymru,Plaid Cymru,"Wales: impoverished, like Latvia, Bulgaria.
Southern Ireland: booming, like London, Bavaria.
How much longer can Wales afford to be in England's union? https://t.co/bnZu3Nds1x",pathinthewood,,2019-08
2019-08-01,karen_karenelee,Labour,"This is public money @LincolnshireCC @CllrmHill &amp; 75% of respondents to the public consultation are against the proposals #notavocalminority More Tory cuts, despite reserves, which harm my #Lincoln constituents &amp; are contrary to taxpayers clearly stated wishes #savetheusher https://t.co/PdVonFvmRe",SLUGcampaign,"@LincolnshireCC, @CllrmHill",2019-08
2019-08-01,daviddavismp,Conservative,It's time for the new PM @BorisJohnson to instruct @sajidjavid to scrap the unfair Loan Charge - a retrospective tax which is thought to have led to suicides. https://t.co/M6kNOSoYWb,MPIainDS,"@BorisJohnson, @sajidjavid",2019-08
2019-08-01,jessphillips,Labour,"Just voted for ⁦@KatieCurtis⁩ &amp; ⁦@judibilling⁩ in #CACelection. 
Great women who support ⁦@peoplesvote_uk⁩ 
RT if you do too! https://t.co/RoWscJtoxs",MaryCreagh_,"@KatieCurtis⁩, @judibilling⁩, @peoplesvote_uk⁩",2019-08
2019-08-01,stewartmcdonald,Scottish National Party,"""I'm basically the agony aunt that nobody asked for"" We chatted to Scotland's most eminent drag queen 🏳️‍🌈 @NancyClench about her upcoming #EdFringe show ""Nancy Clench: Agony Aunt"". Read our interview at https://t.co/6KkdYOHpDJ #SomewhereAtTheFringe #MakeYourFringe https://t.co/NDRdZgTfjb",SomewhereEDI,@NancyClench,2019-08
2019-08-01,heidiallen75,Conservative,@mafevema @unitetoremain @greenmiranda @FinancialTimes @ElectCalculus Spread the word about @unitetoremain,mafevema,"@mafevema, @unitetoremain, @greenmiranda, @FinancialTimes, @ElectCalculus, @unitetoremain",2019-08
2019-08-01,conormcginn,Labour,"I joined a Parliamentary delegation to Estonia to visit the NATO Baltic air-policing mission, currently led by the RAF. It was good to see at first-hand the important work being done to uphold international law, security and democratic values. 
https://t.co/Rl0hynON1Y",,,2019-08
2019-08-01,angelasmithmp,Labour,"This is nice.
Thanks for the nomination. https://t.co/9Nf3wRAf2T",LordIanAustin,,2019-08
2019-08-01,siobhain_mc,Labour,"Do you know any charities/community groups looking for funding? Three trusts funded by players of People’s Postcode Lottery have opened for funding applications up to £20,000. The deadline is August 14th - please see below for more info:
https://t.co/CdMXEvqu1U",,,2019-08
2019-08-01,lukepollard,Labour (Co-op),Clever bit of lobbying by ⁦@RailLeaders⁩ with a jigsaw puzzle of the #HS2 route. As a #plymouth MP this map shows what’s wrong - billions for the midlands and north and nothing for the south west despite our train line being fragile and precarious... https://t.co/OEgf2FF0CO,,@RailLeaders⁩,2019-08
2019-08-01,lordianaustin,Labour,Oh dear ... https://t.co/j2HLf0beXK,,,2019-08
2019-08-01,mimsdavies,Conservative,The 10th birthday edition of the annual European Aerial Dance Festival is being supported by @SOU_Airport . Held at @PointEastleigh it runs from 5 to 17 August. https://t.co/3axqcDAkNR https://t.co/aQcnh7j9OJ,EastleighBC,"@SOU_Airport, @PointEastleigh",2019-08
2019-08-01,carolynharris24,Labour,@BreconWater please can you donate water to our Swansea East #kidslunchclub. If you can help can you contact us on Carolyn.harris.mp@parliament.uk or 01792 462054 please.,,"@BreconWater, @parliament.uk",2019-08
2019-08-01,liliangreenwood,Labour,Btw I’d guess this is off Grangewood Road but I’m sure you can help the Council fix it by telling them which street it is.,LilianGreenwood,,2019-08
2019-08-01,lukepollard,Labour (Co-op),The boss of BMW is spot on. Boris Johnson must “listen to the economy and listen to the people”- who are clear that a ‘no deal’ Brexit will have a devastating impact.  https://t.co/BJITgBtYVH,AnnelieseDodds,,2019-08
2019-08-01,carolinenokes,Conservative,"I’m encouraging small shops in Romsey, Stockbridge, Bassett and Swaythling to enter the UK Best Small Shops Competition. More details here: https://t.co/vxoV9HnAfj #indieretail",,,2019-08
2019-08-01,joswinson,Liberal Democrat,"Great to be back in Brecon for the final push to get @DoddsJane elected as the next MP for #BreconandRadnorshire. Jane will be a huge asset to the communities in Powys. This is a pivotal moment in politics, so let’s make history together and win this by-election. https://t.co/qDvj9MSqBw",,@DoddsJane,2019-08
2019-08-01,joannaccherry,Scottish National Party,@joycemcm @BBCRadioScot You are quite right Letts is a right wing little Englander troll &amp; a ghastly small minded bore,joycemcm,"@joycemcm, @BBCRadioScot",2019-08
2019-08-01,mgreenwoodww,Labour,Labour attacks 'appalling waste' as Johnson adds £2.1bn to no-deal fund https://t.co/R5msUUo7rn,GdnPolitics,,2019-08
2019-08-01,vickyfoxcroft,Labour,"Until the PM makes youth violence a priority teenagers will continue to be at extreme risk. It needs an ambitious plan - thousands of new youth workers to inspire and divert, schools open longer, exclusions cut &amp; help for families as well as police action. https://t.co/VrIfi5J31X",annelongfield,,2019-08
2019-08-01,sarahwollaston,Conservative,@tristanmichell Thanks Tristan,,@tristanmichell,2019-08
2019-08-01,geraldjoneslab,Labour,@gprhymney Great to see you both there supporting the event. Many thanks.,,@gprhymney,2019-08
2019-08-01,drrosena,Labour,Excuse me? https://t.co/k6kxxUAsrd,RandallNortham,,2019-08
2019-08-01,nsoames,Conservative,RT @Teen_Moodie: We @nature_scot are all set up at Moy Game Fair @HFSFMoy Looking forward to meeting everyone. We are the first stand on th…,,"@Teen_Moodie:, @nature_scot, @HFSFMoy",2019-08
2019-08-01,drrosena,Labour,This is a very powerful piece by @DrRosena https://t.co/2uKrxZM8Gt,schooltruth,@DrRosena,2019-08
2019-08-01,angusmacneilsnp,Scottish National Party,@RichardJMurphy Yet the BBC will allow Bannon on without anyone to oppose him,davidrobbo66,@RichardJMurphy,2019-08
2019-08-01,dr_philippaw,Scottish National Party,@bnorval48 @andygunnmusic @ShonaRobison @NicolaSturgeon @bloodinquiry @Haemosexual Blood pressure rising!,bnorval48,"@bnorval48, @andygunnmusic, @ShonaRobison, @NicolaSturgeon, @bloodinquiry, @Haemosexual",2019-08
2019-08-01,wesstreeting,Labour,"@Weggis66 This will come as news to the many lesbians I marched with at Pride and to the women I support in Parliament on a broad range of feminist issues, but 🤷🏻‍♂️",Weggis66,@Weggis66,2019-08
2019-08-01,heidiallen75,Conservative,Just think how else we could be spending that money - a shocking waste of hard earner tax payers’ money. @unitetoremain https://t.co/xO2A5JgKNn,sajidjavid,@unitetoremain,2019-08
2019-08-01,rushanaraali,Labour,Has anyone sorted what passport and customs queues we and EU citizens will use post 31 October both in the UK and in EU air/ports if there's no deal?,RhonddaBryant,,2019-08
2019-08-01,joplattleigh,Labour (Co-op),"Government insist any NHS worker getting a redundancy payment has to pay some of it back if they get another job in the NHS within a year, the same rules don’t appear to apply to Ministers though https://t.co/t95jO02ysk",justinmadders,,2019-08
2019-08-01,angusmacneilsnp,Scottish National Party,"After today's budget deal was announced, Republicans were quick to blame the growing deficit on Social Security and Medicare. Our video explains the truth about the deficit. https://t.co/37Ur0wot6g",RBReich,,2019-08
2019-08-01,marcusfysh,Conservative,@BeccyRyan Depends whether you put Esq before it,BeccyRyan,@BeccyRyan,2019-08
2019-08-01,hammersmithandy,Labour,"EXC: On Sky News now: we’ve obtained a “sensitive” internal Whitehall slide which makes sober reading about the first month of a no deal brexit. It warns of 
- “consumer panic”
- “law and order challenges” in NI
- security gaps
- Brits abroad return

Produced before BJ became PM https://t.co/2liueLqqeE",SamCoatesSky,,2019-08
2019-08-01,ruthcadbury,Labour,"Today we were delighted to welcome Ruth Cadbury, MP for Brentford and Isleworth to The Mulberry Centre. Ruth is a long standing supporter and spent time with Executive Director, Raj Athwal, discussing new initiatives and our plans for the future. Thank you! @RuthCadbury https://t.co/XZWYKuIsAz",MulberryCentre,@RuthCadbury,2019-08
2019-08-01,greghands,Conservative,"@yankeebravo Ask your friend, if he or she is a constituent to email me mail@greghands.com and can send my latest update.",yankeebravo,"@yankeebravo, @greghands.com",2019-08
2019-08-01,nicktorfaen,Labour,Jogging along the beautiful Monmouthshire and Brecon Canal this morning. Our canals are such a great resource @CanalRiverTrust @CRTWalesandSW (the T-Shirt is yours @friends_unit - proud to be your Patron arguing for the very best care for cancer patients)! https://t.co/UHis5wKnhC,,"@CanalRiverTrust, @CRTWalesandSW, @friends_unit",2019-08
2019-08-01,catharinehoey,Labour,"I am on the border between NI and ROI. Travelling in a straight line, one enters and exits the RoI a number of times. There could never be a hard border here. The UK has declared it would never seek to impose one. The whole thing is a red herring. https://t.co/w7kRTzGeOM",benhabib6,,2019-08
2019-08-01,cgreenuk,Conservative,@jaynehunsley @BBCRadio2 We agree Jayne. Local radio is growing. We have increased our audience by 45% in the last 12 months which goes to show there is a demand for it.,GHRManchester,"@jaynehunsley, @BBCRadio2",2019-08
2019-08-01,henrysmithuk,Conservative,Are you fascinated by how things work? Do you love solving problems? Our engineering courses are bound to be a perfect fit! Find out more here: https://t.co/ybRwGZoFK7 https://t.co/mDvV2CjMFi,CrawleyCollege,,2019-08
2019-08-01,dr_philippaw,Scottish National Party,"#savethewaverley

The Waverley paddle steamer has not been able to sail this season due to problems with the boilers. 

The Boiler Refit Appeal is raising the funds required to purchase &amp; fit new boilers, and help with the costs of recommissioning the ship in 2020.

Can you help? https://t.co/6HwBX5Gzow",,,2019-08
2019-08-01,lordjohnmann,Labour,The report into child abuse intoNottinghamshire includes every aspect that I raised on behalf of around 30 constituents. And still they cannot get compensation or in one case even their redacted  files.,LordJohnMann,,2019-08
2019-08-01,geraintdaviesmp,Labour (Co-op),"Swansea's High Street is a gateway to our city so needs to be a friendly and inviting environment for visitors, shoppers &amp; residents so good to join the Council, police &amp; other agencies at a public meeting on how best to tackle problems and move forward  https://t.co/KNzlWsnJjq",GeraintDaviesMP,,2019-08
2019-08-01,emmalewellbuck,Labour,@stephy_licous @My_Metro Sorry they haven’t listened,,"@stephy_licous, @My_Metro",2019-08
2019-08-01,william_wragg,Conservative,Residents living near the River Goyt are understandably concerned by a possible rise in the water level because of events at Toddbrook in Whaley Bridge. Please check https://t.co/Qn8unQpd2P for updates and advice. Please stay calm and safe.,,,2019-08
2019-08-01,ianblackford_mp,Scottish National Party,"Heartfelt congratulations to @FortWilliamFC  on an emphatic victory after a 840 day wait. A great story of perseverance and dedication. No matter how many times they got knocked down, they dusted themselves down and went again. Good luck moving forward!

https://t.co/lN5tWvXz8N",,@FortWilliamFC,2019-08
2019-08-01,alecshelbrooke,Conservative,Happy #YorkshireDay to all in Elmet &amp; Rothwell. https://t.co/D7hMAFa1jV,,,2019-08
2019-08-01,lukepollard,Labour (Co-op),"£2.1 billion is equivalent to:

💥70,000 NHS nurses
💥60,000 teachers
💥50,000 police officers
💥40,000 council houses

It could raise carers allowance by £1,600 or scrap 2-child limit on tax credits that pushed 300,000 kids into poverty

Scrap Brexit. Rebuild Britain Instead? https://t.co/JHxGb9mi1M",TomKibasi,,2019-08
2019-08-01,lukehall,Conservative,"340,900 first time buyers and counting have benefited from our cut in Stamp Duty. 👇 https://t.co/WFIINWdpbU",RobertJenrick,,2019-08
2019-08-01,fitz_xmp,Labour,"Result!! Thanks again to all those who made the @LimehouseFest such a great event this year, including @millwallrugby! https://t.co/IuvqpkZMu7",,"@LimehouseFest, @millwallrugby!",2019-08
2019-08-01,cmackinlay,Conservative,"So pleased that with help from @kent_police, local &amp; town council, and local businesses, #Broadstairs Water Gala &amp; Fireworks went off flawlessly last night following the fracas that threatened these events a couple of weeks ago. Great news! https://t.co/TZBMDuqGtF",,"@kent_police,",2019-08
2019-08-01,cj_dinenage,Conservative,"RT We think social care  professionals really are 𝐎𝐮𝐭 𝐨𝐟 𝐭𝐡𝐢𝐬 𝐖𝐨𝐫𝐥𝐝!

Nominations are now open for 2019 Regional Awards! Help us celebrate excellence in #socialcare  Nominate at https://t.co/xM7ASHyUxO #unsungheroes https://t.co/ZOlzkDa71g",GBcareawards,,2019-08
2019-08-01,deidrebrock,Scottish National Party,@melanie_brock Haha will do but have horrible feeling it won’t rise to even half the size of that one! xx,melaniebrockjpn,@melanie_brock,2019-08
2019-08-01,julianknight15,Conservative,Too right @BlytheMatters this isn't about being bellicose it's about respecting ourselves and our democracy! https://t.co/vOrJCknB7c,BlytheMatters,@BlytheMatters,2019-08
2019-08-01,toniaantoniazzi,Labour,"Good luck today to @GMB_union member @CllrTomDavies in his campaign to be elected the next @BreconLabour MP for Brecon and Radnorshire.

We've got our fingers crossed for you! 🤞🤞🤞🤞 https://t.co/AKjTZGvGMN",GMBWSW,"@GMB_union, @CllrTomDavies, @BreconLabour",2019-08
2019-08-01,dlidington,Conservative,"@chrisphillips76 @bucks_herald Never too young to start! Seriously, I hope Tom, whatever opinions he develops, continues to take an interest in local, national &amp; international news. It'll soon be for him &amp; his generation to try to change the world for the better.",chrisphillips76,"@chrisphillips76, @bucks_herald",2019-08
2019-08-01,mimsdavies,Conservative,Vital organisation time off from CO in #HedgeEnd &amp; #Westminster  @HouseofCommons office = essential Wardrobe tidy = find old scarf 🧣 which equals new scarf again 😁 👊👍#countydressing #Hampshire https://t.co/pNHTZuSp6Y,,@HouseofCommons,2019-08
2019-08-01,nickhurduk,Conservative,"With 91 days until #Brexit, it’s vital that we intensify our planning so we're ready to leave the EU on 31 October. I’ve announced £2.1 billion additional no deal funding for this year to ensure we are ready - deal or no deal. https://t.co/cvF6mu9PK4",sajidjavid,,2019-08
2019-08-01,neildotobrien,Conservative,"Some incredible new ONS stats out today:

""The crude birth rate decreased from 11.6 to 11.1 live births per 1,000 total population in 2018; this is the lowest rate since records began in 1938.""

https://t.co/UXuvWENwmv",,,2019-08
2019-08-01,thelma_dwalker,Labour,"Today is #YorkshireDay!

Last night local people in Colne Valley came together with @Thelma_WalkerMP
to plan a #GreenIndustrialRevolution campaign.

From a teacher to a carpenter to business owners and students, they are fired up to win change locally. RT if you're with them! https://t.co/Q0dOWZJVwB",LabourByTheMany,@Thelma_WalkerMP,2019-08
2019-08-01,julianknight15,Conservative,"And so it begins - best of luck @englandcricket in the #Ashes, starting today in #Birmingham at a sold out @Edgbaston 🏏 #ENGvAUS 🏴󠁧󠁢󠁥󠁮󠁧󠁿🇦🇺 https://t.co/lZ4njs5zpL",ThePaulFaulkner,"@englandcricket, @Edgbaston",2019-08
2019-08-01,labourlewis,Labour,Boris Johnson has shown time and time again that he is not fit to run this country. His brand of hatred and division will never unite this country. Only a Labour Government can. #NotMyPrimeMinister #NotMyPM https://t.co/oITSQ3rwnV,TotnesCLP,,2019-08
2019-08-01,marshadecordova,Labour,"Congratulations @MarshadeCordova on being shortlisted for our #MPoftheYearAwards.

Voting for your People's Choice MP of the Year (kindly sponsored by @kpmguk &amp; @COSARAF) is open until 18 Aug. Cast your vote today: https://t.co/JJqB15hh0N  #GetInvolved https://t.co/Bl4285yZda",UKPatchwork,"@MarshadeCordova, @kpmguk, @COSARAF)",2019-08
2019-08-01,sarahchampionmp,Labour,"Ipswich prostitution strategy, which criminalises buyers, is more effective than Managed Zone, inquiry finds @appgsextrade https://t.co/1WxSAEQoFq",,@appgsextrade,2019-08
2019-08-01,afzal4gorton,Labour,"We can’t let the racists divide us through their #FakeNews ✊🏼
#SloughGeneral: 

https://t.co/7G2SOFpjeC",TanDhesi,,2019-08
2019-08-01,jostevenslabour,Labour,On @CommonsCMS we’ll keep going until we get to the truth of what #Zuckerberg @Facebook knew about #CambridgeAnalytica and when. https://t.co/a46cHFpxHa,CommonsDCMS,"@CommonsCMS, @Facebook",2019-08
2019-08-01,martyndaysnp,Scottish National Party,"Linlithgow and East Falkirk has a great entrepreneurial spirit, that’s why I’m encouraging all small shops in my constituency to enter the Best Small Shops Competition. Nominate yourself at https://t.co/7l6tCf7igt #indieretail",,,2019-08
2019-08-01,gileswatling,Conservative,"Living without existential threat is a basic human right - to live in freedom from oppression is vital. I have met with all sides - PLO, Arab, Israeli - both Jew and Palestinian. People here just want to live in peace. Great leaders are desperately needed - it must be done! https://t.co/wG4oziOtVN",CFoI,,2019-08
2019-08-01,hugoswire,Conservative,Batting for the English Cricket team today. Good luck @englandcricket #ashes2019 https://t.co/YLPgqM86Ha,BorisJohnson,@englandcricket,2019-08
2019-08-01,lordianaustin,Labour,"I think Sawyers is a good buy for the Baggies. 
He was very good when we played Brentford away last year.
Mind you, we were so poor we made them look like Barcelona. https://t.co/vsUcl506hp",ExpressandStar,,2019-08
2019-08-01,karen_karenelee,Labour,"..so Johnson has found the magic money tree &amp; will use taxpayers money to provide 20,000 extra Police Officers. That’s fewer than the 21,000 cut since the Tories came to govt in 2010. Still looks like a cut to me 🙄",,,2019-08
2019-08-01,andrew4pendle,Conservative,A hike up Pendle Hill is always a good start to the day although we think we made it a little bit better with our choice of refreshments! https://t.co/ABD4GdugqF,Moorhousesbrew,,2019-08
2019-08-01,rupahuq,Labour,"We're delighted to have welcomed the new Secretary of State for Housing, Communities and Local Government @RobertJenrick to Acton Gardens today.

Robert, alongside @RupaHuq and Tony Clements (Exec Director for Place, Ealing Council), toured the award winning regeneration scheme. https://t.co/1Xvb4CPbRF",LQHomesMatter,"@RobertJenrick, @RupaHuq",2019-08
2019-08-01,cpjelmore,Labour,"£2.1 billion is equivalent to:

💥70,000 NHS nurses
💥60,000 teachers
💥50,000 police officers
💥40,000 council houses

It could raise carers allowance by £1,600 or scrap 2-child limit on tax credits that pushed 300,000 kids into poverty

Scrap Brexit. Rebuild Britain Instead? https://t.co/JHxGb9mi1M",TomKibasi,,2019-08
2019-08-01,angelaeagle,Labour,".@patrik_h: ""In the beginning, you are shocked about everything. And after a while you are shocked about nothing… how easy it is to normalise is one of the scariest bits.”

This is a MUST READ of Patrik Hermansson's time inside the alt-right:
https://t.co/1K9mQ56WRc",hopenothate,@patrik_h:,2019-08
2019-08-01,lucianaberger,Labour (Co-op),Weird autocorrect - it’s reckless,lucianaberger,,2019-08
2019-08-01,nsoames,Conservative,Scores of celebrities and the rich have arrived in Sicily for a Google conference. They came in 114 private jets and a flotilla of super yachts. The conference is on global warming.,afneil,,2019-08
2019-08-01,nicdakin55,Labour,Oh dear! https://t.co/hOWqR5rdfh,thatginamiller,,2019-08
2019-08-01,tandhesi,Labour,Spoke to @TanDhesi earlier today about the non-existent #Sloughgeneral https://t.co/uvB1VqRjV2 via @MetroUK,JamesHockaday_,"@TanDhesi, @MetroUK",2019-08
2019-08-01,lukepollard,Labour (Co-op),Sigh... https://t.co/fWIaitYndI,Kishan_Devani,,2019-08
2019-08-01,rebeccaharrismp,Conservative,"Socialism is a wonderful idea. It is only as a reality that it has been disastrous. Among people of every race, color, and creed, all around the world, socialism has led to hunger in countries that used to have surplus food to export.",ThomasSowell,,2019-08
2019-08-01,sajidjavid,Conservative,"📢 £2.1bn no deal preparations boost to ensure we're ready to leave on 31 October with or without a deal.

🗣 @SajidJavid: ""We want to get a good deal that abolishes the anti-democratic backstop. But if we can't get a good deal, we'll have to leave without one""

RT if you agree👇 https://t.co/meW4cHomRO",Conservatives,@SajidJavid:,2019-08
2019-08-01,wesstreeting,Labour,'Truth accused of inconvenience' https://t.co/Sh1u4D9ZdQ,MatthewOToole2,,2019-08
2019-08-01,chionwurah,Labour,"Let me know if your objecting f I'm your MP &amp; if not, let your Mp know and ask them to rise it too https://t.co/ry7Cxo6MtH",Toonymctoonface,,2019-08
2019-08-01,gordonmarsden,Labour,"Today marks the 21st anniversary of the National Minimum Wage.

Despite fierce opposition, Labour introduced it and saw millions get a pay rise ✊

Now the fight to end poverty pay continues 💷👇 https://t.co/J28pNIPQV7",GMB_union,,2019-08
2019-08-01,patmcfaddenmp,Labour,"My call for fairer treatment in benefits assessment for those living with Sickle Cell.  Their periods of severe pain may not always be visible, but they are still very real. @SickleCellUK https://t.co/61F2DxHnPx",SickleCellUK,@SickleCellUK,2019-08
2019-08-01,petergrantmp,Scottish National Party,"Boris Johnson has a wafer thin majority - and @theSNP are working across parties to stop Brexit and prevent a no-deal disaster.

If the 13 Scottish Tory MPs stopped voting to keep no-deal on the table, and instead joined us in voting against, we could block it. https://t.co/6abxUUmQ5k",tomfrench85,@theSNP,2019-08
2019-08-01,alisonthewliss,Scottish National Party,"Read our report on the single parent families and disabled people hardest hit in overall picture of “target-busting savings” borne by poorest with extra struggles at this time of year, as we heard on our visit to an inner London school in this inquiry: 
https://t.co/Xb3LtGPZyQ https://t.co/6KKFVRXxDP",CommonsWorkPen,,2019-08
2019-08-02,kevanjonesmp,Labour,My next set of Advice Surgeries are tomorrow (3 August) https://t.co/tNF1Q2jigC,,,2019-08
2019-08-02,cskidmoreuk,Conservative,Today we were pleased to welcome Minister of State for Health @CSkidmoreUK to visit our Emergency Department in #Croydon and talk to our staff about the incredible work they do and the challenges they face. https://t.co/GMHzivr4hB,croydonhealth,@CSkidmoreUK,2019-08
2019-08-02,dianajohnsonmp,Labour,"""Johnson’s Brexit spending spree confirms what 'no money' really means: there is always money for what – or who – those in power think counts.""

Austerity was always a political choice. https://t.co/sQLxcxoo14",Another_Europe,,2019-08
2019-08-02,dianajohnsonmp,Labour,Having another attempt to get a response from the new Prime Minister to the letter sent about @bloodinquiry  and need for compensation to be paid now with 1 victim dying on average every 4 days. @HaemoSocUK @HaemophiliaScot @Factor8Campaign @CBCBlooduk @CampaignTB @cazjwheeler https://t.co/OgKkOutcR5,,"@bloodinquiry, @HaemoSocUK, @HaemophiliaScot, @Factor8Campaign, @CBCBlooduk, @CampaignTB, @cazjwheeler",2019-08
2019-08-02,wesstreeting,Labour,@Weggis66 Am happy to read professional briefings on this. Won’t be engaging on it in any great depth unless and until legislation comes forward.,Weggis66,@Weggis66,2019-08
2019-08-02,petergrantmp,Scottish National Party,"The Liberals have held sway in Shetland for 70 years. 

All @tprwills is asking for is 18 months. 18 months as @theSNP MSP to prove he can do so much better for Shetland. 

And it’s all to play too, as @shetlandtimes 
survey shows. 

#VoteSNP #tideisturning https://t.co/dT8Pn6p40Z",erikgeddes,"@tprwills, @theSNP, @shetlandtimes",2019-08
2019-08-02,cwhittaker_mp,Conservative,Proud that #Leeds has been chosen to host the prestigious Massachusetts Institute of Technology @MIT innovation programme in 2020. @MIT_REAP is bringing together worldwide leaders to support the #NorthernPowerhouse's growing economy. https://t.co/iwGih2ZDKB,JakeBerry,"@MIT, @MIT_REAP",2019-08
2019-08-02,ianclucas,Labour,The idea that Simon Milner had “never heard that analysis before” is beyond belief. https://t.co/ymHQrbBuT6,IanCLucas,,2019-08
2019-08-02,joannaccherry,Scottish National Party,@jj_bruce @MichelleThomson @JamTarts @TynecastlePark_ @edintfest @LAPhil @ASInvestmentsUK Oy! Steady on! 😉,jj_bruce,"@jj_bruce, @MichelleThomson, @JamTarts, @TynecastlePark_, @edintfest, @LAPhil, @ASInvestmentsUK",2019-08
2019-08-02,jamescleverly,Conservative,Great session on the doors yesterday campaigning for @HGinnett &amp; @ShaunBaileyUK in #ClaphamCommon ward. A big thanks to @JamesCleverly for coming to help. #Streatham https://t.co/pLXuemsqms,StreathamCons,"@HGinnett, @ShaunBaileyUK, @JamesCleverly",2019-08
2019-08-02,keir_starmer,Labour,The majority in parliament against no deal is bigger&amp; more resolute than ever. https://t.co/gAFoM19Md7,standardnews,,2019-08
2019-08-02,angelarayner,Labour,"The next Labour government will invest in every school, with a genuinely fair funding formula that allows every child to flourish in education.",AngelaRayner,,2019-08
2019-08-02,greghands,Conservative,In Berlin today. Fun? https://t.co/crGKowHS8U,christianmutter,,2019-08
2019-08-02,rupahuq,Labour,Good luck @azadehmusic who will be playing at the sold out ⁦@Gunnersbury1⁩ lates tonight. Park has hosted ⁦@LoveboxFestival⁩ and ⁦@CitadelFestival⁩ already this Summer but my constituent playing chilled out set in Manor House tonight https://t.co/Y09bOJMKay,,"@azadehmusic, @Gunnersbury1⁩, @LoveboxFestival⁩, @CitadelFestival⁩",2019-08
2019-08-02,heidiallen75,Conservative,Utterly brilliant result- we are stronger when we work together and put country first @LibDems @Plaid_Cymru @TheGreenParty @unitetoremain https://t.co/LiWb3sbJPd,joswinson,"@LibDems, @Plaid_Cymru, @TheGreenParty, @unitetoremain",2019-08
2019-08-02,martinjdocherty,Scottish National Party,"Scotland #Fintech Festival 2019 announced - 3 weeks of conferences, meet-ups and other great events. Looking forward to seeing many of you in September. https://t.co/2kSO3LXVyd #ScotFinFest #fintechscotland",FinTechScotland,,2019-08
2019-08-02,oliverhealduk,Conservative,@KarenWroeArtist @DefraGovUK @HoCpetitions @morton_wendy @SirGrahamBrady @MoJGovUK @GMB @OliverHealdUK @RobertBuckland @MENnewsdesk @Joooollleeeee The Committee has been calling for an increased maximum sentence for animal cruelty for several years - that's why our Chair supported the Bill currently going through Parliament https://t.co/EmxJ8sdgrb,CommonsEFRA,"@KarenWroeArtist, @DefraGovUK, @HoCpetitions, @morton_wendy, @SirGrahamBrady, @MoJGovUK, @GMB, @OliverHealdUK, @RobertBuckland, @MENnewsdesk, @Joooollleeeee",2019-08
2019-08-02,pennymordaunt,Conservative,"Meeting with City Council today re air pollution. I’m clear that we must provide practical incentives to make vehicles emission compliant, not price people off the road via charging. Many families reliant their car. Good that Council Officials recognise this. https://t.co/YQxqTl7Gd2",,,2019-08
2019-08-02,rupahuq,Labour,"Managed to gatecrash ministerial visit at last minute but on the 100th anniversary of the Addison Act that gave us social housing we urgently need more publicly funded stock affordable for those on modest incomes to buy and rent
Starting prices here are £650,000 
#CouncilHouse100 https://t.co/kp9KqjyzgR",LQHomesMatter,,2019-08
2019-08-02,karlturnermp,Labour,"Also no deal warning by civil servants warns of 
- “possible friction at sea” between UK and EU vessels 
- NI cross border agriculture “virtually stops”
- Britain unable to meet EU residency requirements 

A government spokesman says they do not comment on leaked documents https://t.co/UT9w9HspbB",SamCoatesSky,,2019-08
2019-08-02,pennymordaunt,Conservative,Update from @HighwaysEngland re Port Solent sound barrier. Work will start this winter (due to presence of species that would be adversely affected). Should be up for next summer 👍🏼,,@HighwaysEngland,2019-08
2019-08-02,rushanaraali,Labour,"Cuts have consequences - and this cross-party report is yet more evidence of the link between serious youth violence &amp; young Londoners affected by poverty &amp; lack of opportunity. 

City Hall is investing in young people through our Young Londoners Fund - but Govt need to step up. https://t.co/E1HRI07kmE",SadiqKhan,,2019-08
2019-08-02,tom_watson,Labour,@dannyjpalmer @IanDunt Gamer’s voice! What a thing that was.,dannyjpalmer,"@dannyjpalmer, @IanDunt",2019-08
2019-08-02,johnmcdonnellmp,Labour,"As Johnson’s top advisor says Tory MPs don’t care about the NHS:

💥 Hospitals falling apart, equipment out of date.

💥 Tory ‘smash &amp; grab’ raid on NHS capital budgets has seen over £4bn slashed.

💥 NHS facing £6bn repair bill putting patients at risk.

https://t.co/2klz07Lrs4 https://t.co/Z86JGERniM",JonAshworth,,2019-08
2019-08-02,labourlewis,Labour,@AudreyAurus1 @UKLabour A pre electoral agreement to prioritise getting a PV through the next parliament. After that we go our separate ways. Confidence and supply for anything else arising in that relatively short time. Clearly not a five year project. More like 5 weeks,AudreyMagel,"@AudreyAurus1, @UKLabour",2019-08
2019-08-02,borisjohnson,Conservative,"My thoughts are with those who have had to leave their homes and all of those who are affected in #WhaleyBridge. First responders, engineers and RAF crews are working around the clock to fix the dam.",,,2019-08
2019-08-02,stewartmcdonald,Scottish National Party,"Congratulations @StewartMcDonald on being shortlisted for our #MPoftheYearAwards.

Voting for your People's Choice MP of the Year (kindly sponsored by @kpmguk &amp; @COSARAF) is open until 18 Aug. Cast your vote today: https://t.co/JJqB14ZFCd  #GetInvolved https://t.co/Btm2EDbTKj",UKPatchwork,"@StewartMcDonald, @kpmguk, @COSARAF)",2019-08
2019-08-02,stewartmcdonald,Scottish National Party,Bring it on 🏴󠁧󠁢󠁳󠁣󠁴󠁿🇪🇺 https://t.co/sxdQ2su7Ls,reformparty_uk,,2019-08
2019-08-02,gordonmarsden,Labour,"That he was universally booed wherever he went, he sneaked through a back door in Scotland, refused to answer questions from journalists in Wales and failed to meet Harland&amp;Woolf employees in NI whose famous shipbuilding yard is due to close (but managed a meeting with the DUP)🙄 https://t.co/ML2AOEtTb0",AngelaRayner,,2019-08
2019-08-02,anna_soubry,Conservative,Congratulations @DoddsJane @LibDems Electing a #NoToNoDeal @peoplesvote_uk #Revoke MP is critical as the #Brexit crisis deepens. Respect &amp; congrats too to @Plaid_Cymru @TheGreenParty for getting behind Jane. We also played our part @ForChange_Now #BreconByelection https://t.co/jfQYHlvtEe,,"@DoddsJane, @LibDems, @peoplesvote_uk, @Plaid_Cymru, @TheGreenParty, @ForChange_Now",2019-08
2019-08-02,lsrplaid,Plaid Cymru,@suzydaviesam @Dunadan9 @Plaid_Cymru I’d say it’s safe to consider that supporters of other parties who voted LibDem in #BreconandRadnorshire are all pro #Remain. Hard Brexit vote dropped by a quarter in two years.,lsuzydavies,"@suzydaviesam, @Dunadan9, @Plaid_Cymru",2019-08
2019-08-02,debbie_abrahams,Labour,Excellent piece on what needs to happen to improve our bus services  https://t.co/FhRoZrzxoB,,,2019-08
2019-08-02,ruthcadbury,Labour,"Check out this map with a list of great programs for young people over the summer- including lots of great local programs like @BrentfordFCCST, Hogarth youth club, @WatermansArts centre and Hounslow Action for Youth.

Make sure to check out below 👇 https://t.co/hQgfWB16yD",SadiqKhan,"@BrentfordFCCST,, @WatermansArts",2019-08
2019-08-02,pow_rebecca,Conservative,Having grown up on a farm rounding up escaped cattle was a regular occurrence. Hope they got  those animals safely back ! https://t.co/eHngOiJI5z,TomTugendhat,,2019-08
2019-08-02,robertbuckland,Conservative,"Last week @HMP_Brixton held its 200th anniversary street party, showcasing the community on both sides of the fence coming together to #unlockopportunity. #BrixtonTurns200 #Changinglivestogether @TheClinkCharity @the_bounce_back @BadBoysBakery @PrisonersEd @cellworkout https://t.co/YtZBIzRK0L",hmpps,"@HMP_Brixton, @TheClinkCharity, @the_bounce_back, @BadBoysBakery, @PrisonersEd, @cellworkout",2019-08
2019-08-02,trussliz,Conservative,"Read my piece for the @Daily_Express on how freeports will put our great port cities at the the centre of global trade and investment as we leave the EU. 👇

‘Gateways to prosperity!’ Brexit can transform out port cities, says LIZ TRUSS https://t.co/Ksen4GYA3U",,@Daily_Express,2019-08
2019-08-02,meaglemp,Labour,"Warm welcome to @sharonconnor28  cabinet member for Regeneration and Highways and Cllr Laura Robertson Collins cabinet member for Climate Change to your first Cabinet this morning, looking forward to working with you https://t.co/F5CXHu0QKf",1lynniewilliams,@sharonconnor28,2019-08
2019-08-02,cskidmoreuk,Conservative,UCLH welcomes new health minister https://t.co/GB7RYdMOOX,,,2019-08
2019-08-02,nigelmp,Conservative,Frank Field To Stand In Next Election As 'Birkenhead Social Justice Party' Candidate https://t.co/6cbynOtJmO via @GuidoFawkes     My recommendation is we should not stand against Frank-,,@GuidoFawkes,2019-08
2019-08-02,jessphillips,Labour,@mallen_87 @ladyhaja I don't sleep much tbf,,"@mallen_87, @ladyhaja",2019-08
2019-08-02,stevereedmp,Labour (Co-op),@SteveBarclay @guyverhofstadt The backstop was a compromise your Government asked for in the first place as an alternative to keeping the whole UK in the customs union  #brexitshambles,SteveBarclay,"@SteveBarclay, @guyverhofstadt",2019-08
2019-08-02,labourlewis,Labour,No 10’a new ‘Ministry of Truth’ makes first foray into media relations... https://t.co/VscAD03KY0,PippaCrerar,,2019-08
2019-08-02,cpjelmore,Labour,"@HolidayBoyMark @swpolice @DCCRichLewis @CCMattJukes Fair enough, couldn’t think of the right word, will happily change.",,"@HolidayBoyMark, @swpolice, @DCCRichLewis, @CCMattJukes",2019-08
2019-08-02,alistairburtuk,Conservative,The OTT cultish rhetoric gets more and more ridiculous https://t.co/EltN5IsrSx,mehdirhasan,,2019-08
2019-08-02,thangammp,Labour,"Congratulations @ThangamMP on being shortlisted for our #MPoftheYearAwards.

Voting for your People's Choice MP of the Year (kindly sponsored by @kpmguk &amp; @COSARAF) is open until 18 Aug. Cast your vote today: https://t.co/JJqB14ZFCd  #GetInvolved https://t.co/tY27SGJZAd",UKPatchwork,"@ThangamMP, @kpmguk, @COSARAF)",2019-08
2019-08-02,lsrplaid,Plaid Cymru,This is a fantastic example of election coverage on Twitter from @adrianmasters84 last night 👏🏻👏🏻👏🏻 Shows what can be achieved by a talented individual https://t.co/kJ7qniyoUG,nationalwales,@adrianmasters84,2019-08
2019-08-02,nicdakin55,Labour,"There‘s no money for disability benefits. 
There’s no money for social care. 
There’s no money for schools.
There’s no money for child poverty. 
But the Tories found another £2.1bn for a No-Deal Brexit. 

Welcome to Britain: the land of warped priorities. https://t.co/o6epnlSB1M",DrFrancesRyan,,2019-08
2019-08-02,greghands,Conservative,My article in the Evening Standard tonight: Hammersmith &amp; Fulham Council and TfL have the money to repair &amp; re-open #HammersmithBridge and they should be getting on with it. End the dithering now.  https://t.co/FsrTn5dMOk,,,2019-08
2019-08-02,dr_philippaw,Scottish National Party,"@Dr_PhilippaW You did indeed, so well that back in 2017 I had to go and look up one of your debate speeches and posted it wherever I got the chance. https://t.co/OFvM8rPnhx",scuffsy,@Dr_PhilippaW,2019-08
2019-08-02,stewartmcdonald,Scottish National Party,"@jessphillips This is a short play about my friend Kirsty’s life with Cystic Fibrosis. Witty, human and sad in parts but also uplifting. You won’t regret seeing it https://t.co/cFiLBdfHYG",jessphillips,@jessphillips,2019-08
2019-08-02,jakeberry,Conservative,Thanks @beerandpub for my #Beer Champion trophy. Delighted that my hard work at the @_robinhoodinn In #Helmshore has finally been recognised. Let’s keep doing all we can to support our great local pubs #longlivethelocal https://t.co/rlA5Xuln1Z,,"@beerandpub, @_robinhoodinn",2019-08
2019-08-02,lucianaberger,Labour (Co-op),"I raised the issue of access to medical radioisotopes in the event of a no deal Brexit with @MattHancock @CommonsHealth a year ago. 

His responses then were less than reassuring. And he said all contingency plans would be in place for 3 months ago. 

(Video below). https://t.co/0ZYajUjc6y",BBCNewsnight,"@MattHancock, @CommonsHealth",2019-08
2019-08-02,lukepollard,Labour (Co-op),"Good meeting with the new Chief Executive of ⁦@Only1Argyle⁩ today. Great to see the progress with the grandstand and to talk about ⁦@ArgyleLFC⁩, parking, the ice rink and promotion #plymouth #lukeMP #proudtobeajanner https://t.co/bvjgsZ8MAA",,"@Only1Argyle⁩, @ArgyleLFC⁩,",2019-08
2019-08-02,tandhesi,Labour,"@amritmaanldn @flyamritsar Well said @amritmaanldn - @airindiain need to finally operate this route again, especially in the run up to the 550th birth anniversary celebrations of Guru Nanak Dev ji in November.",amritmaanldn,"@amritmaanldn, @flyamritsar, @amritmaanldn, @airindiain",2019-08
2019-08-02,paulblomfieldmp,Labour,And this is the Johnson government’s policy choice ... https://t.co/HMzhOW13ef,Keir_Starmer,,2019-08
2019-08-02,gordonmarsden,Labour,Thanks to @jeremycorbyn for joining me down at #PRN to meet the anti fracking protesters and at my old high school for our #GreenIndustrialRevolution meeting #Chris4BNC https://t.co/n09l4QFxsn,ChrisPWebb,@jeremycorbyn,2019-08
2019-08-02,cgreenuk,Conservative,*It's 😉🌹 https://t.co/qt4SRSHLzJ,LancasterUni,,2019-08
2019-08-02,labourlewis,Labour,"Record heatwave 'made much more likely' by human impact on climate&gt; G7 states spend nearly 12 times more on their militaries than on mitigating and adapting to the #ClimateCrisis 
https://t.co/YGjH9pfxE5",,,2019-08
2019-08-02,guyopperman,Conservative,"""A Tory MP from Yorkshire called William Wilberforce""

🗣 Party Chairman @JamesCleverly speaking on the anniversary of the Abolition of Slavery Act (1833). https://t.co/LMgYi8Xi5u",Conservatives,@JamesCleverly,2019-08
2019-08-02,alexsobel,Labour (Co-op),"Open Labour’s @alexsobel has also been shortlisted for the MP of the Year Award.   Voting closes on 18th August, so if you havent voted yet, you can do so here!  https://t.co/zpFrmg6vZx",OpenLabour,@alexsobel,2019-08
2019-08-02,grahamemorris,Labour,"This information leaflet on group B Strep is recommended by both the Royal College of Obstetricians &amp; Gynaecologists to be provided to ALL pregnant women.

You can read/download it from https://t.co/aVKOJnj9Lj or order a copy (free to families/NHS) from our online shop. https://t.co/jeGIG5qBSh",GBSSupport,,2019-08
2019-08-02,derbychrisw,Labour,"Chris Williamson's comments about secretive government-funded smears show why the establishment fears him

By @v_zilber
HT @DerbyChrisW
https://t.co/CFVqaJ0WfL",TheCanaryUK,"@v_zilber, @DerbyChrisW",2019-08
2019-08-02,alexburghart,Conservative,"“My thoughts are with those who have had to leave their homes and all of those who are affected in #WhaleyBridge. First responders, engineers and RAF crews are working around the clock to fix the dam.”",10DowningStreet,,2019-08
2019-08-02,kate_hollernmp,Labour,How long is BBC1 going to get away with just reading out statements from the Government which are blatantly false! Watch in disbelief &amp; RT if you agree BBC1 needs to get its act together &amp; start holding this Government to account! https://t.co/Hiv5pxp0DG,PeterStefanovi2,,2019-08
2019-08-02,carolynharris24,Labour,"We've just finished our first week of #KidsLunchClub and what a week it's been! We've fed 780 kids so far and numbers are growing day on day. We're on the look out for bottled water for our packed lunches, if you're able to help us please do get in touch. https://t.co/VS6HnZ7bRT",,,2019-08
2019-08-02,carolynharris24,Labour,"So excited, ive found a tonic with no carbs and no sugar..
Tonight I'm having a G&amp;T. Get me in mood for @LlanelliPride xx https://t.co/8hKu3n2835",,@LlanelliPride,2019-08
2019-08-02,kate_hollernmp,Labour,"Newly appointed International Trade Secretary Liz Truss says 

“We are now at the highest level of home building in 31 years!”

House building in England is actually on course for its worst decade since the Second World War! RT the TRUTH https://t.co/gyHEPjfC0A",PeterStefanovi2,,2019-08
2019-08-02,nadhimzahawi,Conservative,It's #market day in #Stratford: lots of stalls at Rother Street – come and take a look and check out the town's great range of independent shops and eateries too @StratfordTC1  @Markets_LSD https://t.co/2VoIwwlfWq,StratfordDC,"@StratfordTC1, @Markets_LSD",2019-08
2019-08-02,nsoames,Conservative,🤩👇WOW - Stuff dreams are made of!! Saw Khadijah on GMB saying she was thinking she would give it a go but wasn’t sure of her winning chances - well what a result - Just fantastic - brilliant stuff 🐎👏🎉 https://t.co/tjMjEItPwz,mimsdavies,,2019-08
2019-08-02,lordwalney,Labour,"EXC: On Sky News now: we’ve obtained a “sensitive” internal Whitehall slide which makes sober reading about the first month of a no deal brexit. It warns of 
- “consumer panic”
- “law and order challenges” in NI
- security gaps
- Brits abroad return

Produced before BJ became PM https://t.co/2liueLqqeE",SamCoatesSky,,2019-08
2019-08-02,hughgaffneyccb,Labour,Great staff night out in Jungle Adventure Mini Golf Glasgow with @LewisCapaldi  😎 https://t.co/MopBeyYeO9,,@LewisCapaldi,2019-08
2019-08-02,nadhimzahawi,Conservative,"Twelve? Four? None? According to a new @YouGovUS poll, 22 percent of millennials say they have “no friends” at all (via @thecut and @edithzimmerman): https://t.co/ecshtUYVdG",YouGovAmerica,"@YouGovUS, @thecut, @edithzimmerman):",2019-08
2019-08-02,conorburnsuk,Conservative,@SusanBromley16 Thank you Susan. That is very kind of you,SusanBromley16,@SusanBromley16,2019-08
2019-08-02,ruthcadbury,Labour,"We are less than 10,000 signatures away from hitting our 100,000 target. To reach this amazing milestone on the 100th anniversary of the Addison Act would be truly special! Can we do it before midnight?! #CouncilHouse100 @MrGeorgeClarke https://t.co/XhVTiyGnT8",CHouseScandal,@MrGeorgeClarke,2019-08
2019-08-02,tracey_crouch,Conservative,@PaulGermaney @RochesterBridge @RochesterCathed Or just using space that's otherwise not used to provide free entertainment for families during the school holidays...,PaulGermaney,"@PaulGermaney, @RochesterBridge, @RochesterCathed",2019-08
2019-08-02,marycreagh_,Labour,"Defra Secretary Theresa Villiers was at Blenheim Palace y’day with Countryfile while massive emergency engulfed #WhaleyBridge.

Looks like PM has just woken up &amp; seen it on the news.
No grip, no plan, no clue. https://t.co/iNc3PcOU38",MaryCreagh_,,2019-08
2019-08-03,valerie_vazmp,Labour,"Whatever Johnson announces for the NHS in coming days remember:

🚨 The Tory smash &amp; grab raid on budgets has seen over £4bn slashed.

🚨NHS left struggling with a £6bn repair bill.

🚨 Hancock has delivered less than 3% of existing Tory upgrade promises. https://t.co/2klz07Lrs4",JonAshworth,,2019-08
2019-08-03,onnmel,Labour,"@trussliz @Daily_Express 1/. We had Freeport’s until 2012.  We stopped for a reason.
2/unlikely to create new aggregate economic activity 
3/might lead to existing economic activity in UK moving to free port, creating local benefits
4/won’t reduce friction at border (creates two borders rather than one)",fascinatorfun,"@trussliz, @Daily_Express",2019-08
2019-08-03,bill_esterson,Labour,"Congratulations @GrassrootsMick1 and good luck for the election, hopefully soon! @UniteNWPolitics https://t.co/5mxyjWxYtO",LabourNorthWest,"@GrassrootsMick1, @UniteNWPolitics",2019-08
2019-08-03,jonashworth,Labour (Co-op),"Johnson desperately spinning NHS his priority tonight. But reality is:

🚨Tory smash &amp; grab raid seen over £4bn cut from NHS budgets 

🚨NHS now struggling with £6bn repair bill putting patient safety at risk

🚨Hancock’s incompetence failed to deliver on previous cash promises",,,2019-08
2019-08-03,karlturnermp,Labour,"Wendy Nichols is Labour through and through. If you are in UNISON Yorkshire &amp; Humberside Region, vote for Wendy in the Labour Link Elections to ensure you are best represented. https://t.co/sem7am47Np",,,2019-08
2019-08-03,emmalewellbuck,Labour,@steviecairns No problem Steve,steviecairns,@steviecairns,2019-08
2019-08-03,normanlamb,Liberal Democrat,I’m going to make a modest monthly contribution to support @DannyVet in his campaign to win the North Cornwall parliamentary seat. Politics aside we need more science and animal welfare rationalists in the house. Would you do the same?,HargreavesRobin,@DannyVet,2019-08
2019-08-03,joswinson,Liberal Democrat,"You simply can’t trust Jeremy Corbyn when it comes to Brexit. Our by-election victory shows that @LibDems are the strongest pro-Remain party, so if you want to #StopBrexit then join us! https://t.co/AVniTntnkK",,@LibDems,2019-08
2019-08-03,tandhesi,Labour,@TourdeHajj @pennyappeal Congratulations guys - that’s a magnificent achievement. 👍🏼,TourdeHajj,"@TourdeHajj, @pennyappeal",2019-08
2019-08-03,ronniecowan,Scottish National Party,A wallet containing hundreds of pounds was lost in central Greenock this morning (Saturday). It was misplaced somewhere between the Esplanade/Campbell Street area and Killochend Drive via Lynedoch Street. Anyone who finds the wallet is asked to contact police on 101.,inverclyde_now,,2019-08
2019-08-03,alistairburtuk,Conservative,"Match Update
FT

@BuckinghamAth  0  

@StotfoldFC  1",stotfoldfc,"@BuckinghamAth, @StotfoldFC",2019-08
2019-08-03,jesse_norman,Conservative,@JSHeappey Oh I am so glad to hear this. Congratulations. Well done @BorisJohnson,JSHeappey,"@JSHeappey, @BorisJohnson",2019-08
2019-08-03,chrisstephens,Scottish National Party,Was delighted to attend the 25th Anniversary celebrations for @GYIP1994 who have provided Youth Services to young people in Govan for the last 25 years.....Here's to the next 25! https://t.co/43jbbwjOtB,,@GYIP1994,2019-08
2019-08-03,redditchrachel,Conservative,Great to have you back @redditchrachel! https://t.co/JYhOHjH6iP,AmberRuddUK,@redditchrachel!,2019-08
2019-08-03,lukehall,Conservative,Very impressive first today programme outing for new cabinet minister @RobertJenrick,MrHarryCole,@RobertJenrick,2019-08
2019-08-03,jbrokenshire,Conservative,"Wonderful to receive the support for the building of Holocaust Memorial next to Parliament from: 

Archbishop of Canterbury

The Cardinal Archbishop of Westminster,

Chief Rabbi,

Chair of the Mosques and Imams National Advisory Board
 https://t.co/2X2mm7PbYw",EricPickles,,2019-08
2019-08-03,imran_hussainmp,Labour,Yesterday in Bradford UNISON members taking strike action in defence of the NHS were galvanised by the incredible support of @Imran_HussainMP - thank you for standing with us in solidarity. ✊🏾💪🏼💜 #100percentNHS https://t.co/cAMgmb5kL4,unisonyh,@Imran_HussainMP,2019-08
2019-08-03,georgefreemanmp,Conservative,"All set for Day 3 #ENGvsAUS #Ashes The mowers have been out. The grass is cut and ready. Stretching done. Pot of tea to hand. Radio on. 

@bbctms #TMS on @bbc5live 🏏 https://t.co/mAnyuxoMFg",,"@bbctms, @bbc5live",2019-08
2019-08-03,toniaantoniazzi,Labour,@British_Airways for the second year in a row you have lost my bag between London and Bologna. I am told it is arriving later today but you cannot courier it to our hotel until Monday. I am 6 months pregnant and it has things for me &amp; my 4 year old. Please contact me ASAP.,elliereeves,@British_Airways,2019-08
2019-08-03,julianknight15,Conservative,Solid start for the Moors! https://t.co/qLV0HL6PtS,SolihullMoors,,2019-08
2019-08-03,petewishart,Scottish National Party,What you have to remember is that the Liberals will line up with Farage and the Tories to keep Scotland in Brexit Britain and outside the EU in an Indy ref. They will ostensibly become a party of ‘leave’. That is their true commitment to Scotland in the EU. https://t.co/t2ISW7oKji,agcolehamilton,,2019-08
2019-08-03,catharinehoey,Labour,If only more politicians from Great Britain would spend as much time as you did meeting the victims of terrorist atrocities and listening to them -THANKYOU https://t.co/eCOKxhF4E5,benhabib6,,2019-08
2019-08-03,carolynharris24,Labour,@SwanseaOnline10 What is wrong with some people. It beggers belief that they do this and makes no sense why they would want to. 😤,SwanseaOnline10,@SwanseaOnline10,2019-08
2019-08-03,dianajohnsonmp,Labour,"I have overseen the prosecution of nearly a million crimes &amp; NO criminal was terrified while they committed a crime because the chances of being caught were so low
That was because her Govt took away 21000 police, 20k police staff &amp; 20k other justice staff
https://t.co/GOZZqUqQiZ",nazirafzal,,2019-08
2019-08-03,dr_philippaw,Scottish National Party,@KKaaazz14 @molyneux_msj Next time - stop me and say hello.,KKaaazz14,"@KKaaazz14, @molyneux_msj",2019-08
2019-08-03,tandhesi,Labour,Congratulations on your nomination. This is a great opportunity and being a Sikh MP who is paving ways for the next generation of Sikhs to consider  politics as a career is inspiring. Good luck @TanDhesi . https://t.co/oQTTdqYibc,nspauk,@TanDhesi,2019-08
2019-08-03,brendanoharamp,Scottish National Party,Our two new whisky stills are in and they really are a thing of beauty!  Not too long to wait until these are fired up again! 😍 https://t.co/MIRlahLA3X,TobDistillery,,2019-08
2019-08-03,cskidmoreuk,Conservative,"@ArronThind @croydonhealth Thank you Arron, I learnt a lot and found the discussion really helpful- entirely agree with you- the future of the NHS depends on its workforce",ArronThind,"@ArronThind, @croydonhealth",2019-08
2019-08-03,jackdromeymp,Labour,Stockland Green Methodist Church lies at the heart of the community and is very much a community Church. A pleasure and fun to attend the Annual Summer Fete and to meet the Toddler’s Group https://t.co/q82U5pssCT,,,2019-08
2019-08-03,angusmacneilsnp,Scottish National Party,Looks like independence Plan B pressure has Tories demanding #indyref2 ... We have to keep pressure on https://t.co/T2eO66CKKs,ScotTories,,2019-08
2019-08-03,paulasherriff,Labour,"The surprising thing isn’t how easily Liz Truss collapses in this Eddie Mair interview, it’s that it doesn’t happen all the time. The whole cabinet is full of complete lightweights. Scrutiny is their Kryptonite https://t.co/7xBIbkqyNy",rodkelly50,,2019-08
2019-08-03,hywelplaidcymru,Plaid Cymru,@DelythJewellAM @childcomwales @wgmin_education @wgmin_deputy Delyth Pwy ydy ei AS. Dylai o neu hi fedru gweithredu,DelythJewellAM,"@DelythJewellAM, @childcomwales, @wgmin_education, @wgmin_deputy",2019-08
2019-08-03,angusmacneilsnp,Scottish National Party,Looks like independence Plan B pressure has Tories demanding #indyref2 ... We have to keep pressure on https://t.co/T2eO66CKKs,AngusMacNeilSNP,,2019-08
2019-08-03,toniaantoniazzi,Labour,Happy Pride! Have a fabulous day! 😍🌈🎉⭐ https://t.co/5nRZ8GKrNQ,LlanelliLGBTQ,,2019-08
2019-08-03,angelarayner,Labour,"I call on Boris Johnson to rule out a no-deal Brexit, this would pile more misery on a school system that had already suffered from years of Tory austerity cuts. https://t.co/1aqSPxZxDe",,,2019-08
2019-08-03,georgefreemanmp,Conservative,"📢💬🎪 One month to go @BigTentIdeas @mudchute where we're delighted to host session ""Defending democracy - tackling intimidation + abuse in public life""

Panel incl @Jacqui_Smith1 @angelaeagle Cdr Adrian Usher @metpoliceuk Lord Evans @PublicStandards

https://t.co/ZWXpQh8qLi",JoCoxFoundation,"@BigTentIdeas, @mudchute, @Jacqui_Smith1, @angelaeagle, @metpoliceuk, @PublicStandards",2019-08
2019-08-03,pgibsonsnp,Scottish National Party,Lovely weather for the #Stevenston Gala Day with the fabulously dressed Royal party and excellent piper https://t.co/73OGgBCtaK,,,2019-08
2019-08-03,robertjenrick,Conservative,Communities Secretary @RobertJenrick has today announced £20m for councils to prepare for #Brexit and asked them each to appoint a Brexit lead to work with central government. https://t.co/ENbbjSU0HH https://t.co/L8KtiqgtKc,mhclg,@RobertJenrick,2019-08
2019-08-03,karlturnermp,Labour,Two pilots arrested over failed breath test before Glasgow to America flight https://t.co/sWdabQQ4Qz,HuffPostUK,,2019-08
2019-08-03,stephenmorganmp,Labour,"Yes. Anyone actually talking to business, trade unions &amp; community groups knows this. But for a Johnson government ideology trumps evidence ... https://t.co/aKyQ13uC6i",Keir_Starmer,,2019-08
2019-08-03,neildotobrien,Conservative,"Trees in your neighbourhood are good for you! One reason we need more street trees @createstreets 

https://t.co/ueszDXh68P",,@createstreets,2019-08
2019-08-03,pauljsweeney,Labour (Co-op),"#Glasgow 1955, looking east. Park Circus is in the bottom left, follow the diagonal road to Charing Cross with the dome of the Mitchell Library to its right. Continue on that line down North St to the gushet of Anderston Cross where Argyle St and Stobcross St met at the station🚂 https://t.co/jXHUV4j4zS",OssianLore,,2019-08
2019-08-03,karlturnermp,Labour,.⁦@WendyNi07471674⁩ ⁦@unisontweets⁩ ⁦@UNISON_HumbPol⁩ ⁦@Mr_Tony_Green⁩ ⁦@OnnMel⁩ https://t.co/8poJI9MXVI,,"@WendyNi07471674⁩, @unisontweets⁩, @UNISON_HumbPol⁩, @Mr_Tony_Green⁩, @OnnMel⁩",2019-08
2019-08-03,gordonmarsden,Labour,Good luck to @BlackpoolFC today in their season opener at Bloomfield Rd. Nice to see tangerine shirts around town again and a buzz about the new owners and team. #utmp https://t.co/TVa871y9ZF,BlackpoolSthLab,@BlackpoolFC,2019-08
2019-08-03,sarahchampionmp,Labour,"That’s an awful thing to say. Try to be kind, it always repays you. https://t.co/cxqPBsosEn",ashleighrosehar,,2019-08
2019-08-03,robertjenrick,Conservative,"""I thought it was very important to come up and see for myself the seriousness of the situation here in #WhaleyBridge."" – PM @BorisJohnson https://t.co/6awZu6wugw",10DowningStreet,@BorisJohnson,2019-08
2019-08-03,kevinhollinrake,Conservative,Uncannily accurate forecast (unlike PPI which was reviewed independently and led to total compensation many times the original estimate) - perhaps setting a target figure for an internal compensation scheme led to a somewhat biased process? Who knew? #JusticeMustBeSeenToBeDone https://t.co/1m3tuyONDp,jameshurley,,2019-08
2019-08-03,marcus4nuneaton,Conservative,"""I thought it was very important to come up and see for myself the seriousness of the situation here in #WhaleyBridge."" – PM @BorisJohnson https://t.co/6awZu6wugw",10DowningStreet,@BorisJohnson,2019-08
2019-08-03,alison_mcgovern,Labour,"'Since 2005 we have lost 10,000 library workers' and yet those libraries that remain provide somewhere safe to go, a supportive environment and, often, a friendly chat for people who may not see anyone else all week. Important article by @dawnafinch https://t.co/xax99Z2w2j",RachelWardbooks,@dawnafinch,2019-08
2019-08-03,nadhimzahawi,Conservative,Live animal exports are cruel. Plain and simple. The cramped and gruelling conditions that animals have to endure for hours on end is horrendous https://t.co/R7I0zM8xMs,carriesymonds,,2019-08
2019-08-03,tandhesi,Labour,"Regardless of the vitriol in public discourse, nobody should feel empowered to threaten the life of a sitting MP - everyone of my colleagues has the right to represent their seat in safety. 

I’m very glad that the police, CPS and courts all stepped up.  https://t.co/CKhzs0mNuD",LindsayHoyle_MP,,2019-08
2019-08-04,dianajohnsonmp,Labour,Here she goes - the first time the Arctic Corsair has sailed for 20 years! On her way to Alexandra Dock where she'll have a full refurbishment before returning as the centrepiece of our @Hullccnews &amp; @HeritageFundUK #HullYorkshiresMaritimeCity project! #TeamHull 👏👏👍 https://t.co/hgF40i7X2G,CEXHCC,"@Hullccnews, @HeritageFundUK",2019-08
2019-08-04,cliveefford,Labour,"I give to you our immensely talented Secretary of State for International Trade...#BorisShamblesCabinet

RT if this petrifies you... https://t.co/yntfgRebnJ",Kishan_Devani,,2019-08
2019-08-04,edvaizey,Conservative,"Great turnout today for the Association Shrivenham garden party. Kindly hosted by Chris and Carrie Parker. Thanks to @edvaizey, @dr_simon and everyone else here today https://t.co/bctr2Hem4q",WDCAcomms,"@edvaizey,, @dr_simon",2019-08
2019-08-04,preetkgillmp,Labour (Co-op),"Westminster voting intention: 

LAB: 30% (+3)
CON: 29% (+1)
LDEM: 16% (-3)
BREX: 15% (-1)
GRN: 5% (+1)

via @ComRes, 26 - 28 Jul
Chgs. w/ 25 Jul",BritainElects,"@ComRes,",2019-08
2019-08-04,owenpaterson,Conservative,"“What is the extent of the free trade agreement between Britain and the US? We ain’t got one. And yet America is Britain’s single biggest export market.

“Only 12% of the UK’s GDP consists of exports to the EU which I think means that 88% does not” Roger Bootle

#StandUp4Brexit https://t.co/LOIom8lGwb",StandUp4Brexit,,2019-08
2019-08-04,alexsobel,Labour (Co-op),@sam_jja @miketomillar Progress use the Centre Left frame and started using it at the end of 2915/start of 2016. So its hardly surprising everyone wants to use centre/soft left framing it seems https://t.co/EbsiNktovs,sam_jja,"@sam_jja, @miketomillar",2019-08
2019-08-04,tom_watson,Labour,"@OIAUKCEO @JGurling @MarkHenryGlover @RuthCadbury Along the way we are raising money for four fabulous charities @lumos @WBAFoundation @cftrust @SpecialEffect. 
Thanks for all the support so far. If you would like to donate you can do so here. https://t.co/dCgk8iTFEs",tom_watson,"@OIAUKCEO, @JGurling, @MarkHenryGlover, @RuthCadbury, @lumos, @WBAFoundation, @cftrust, @SpecialEffect.",2019-08
2019-08-04,angusmacneilsnp,Scottish National Party,@AngusMacNeilSNP @guyverhofstadt Right - He's all big mouth right up until the point a big mouth is needed. Catalonia is The Shame of the EU.,indycrowdscot,"@AngusMacNeilSNP, @guyverhofstadt",2019-08
2019-08-04,nickymorgan01,Conservative,Such a brave article by @rcolvile https://t.co/K6WzaFk2LP,,@rcolvile,2019-08
2019-08-04,martinjdocherty,Scottish National Party,You have all done  #Alba  #Scotland #proud !!! Our @EurovisionChoir  in fine feckel!!! 🏴󠁧󠁢󠁳󠁣󠁴󠁿🎶🎵🎶 https://t.co/AgFuw4Wapo,coinneachmac,@EurovisionChoir,2019-08
2019-08-04,laurapidcock,Labour,"Shockingly, the Govt made 10k severely disabled people worse off as they moved onto Universal Credit. Thanks to @UKLabour highlighting this injustice &amp; the brave disabled claimants who went to the High Court, the Govt has finally started paying compensation to those affected. 1/2 https://t.co/6CV3etaWDv",,@UKLabour,2019-08
2019-08-04,dr_philippaw,Scottish National Party,@Imillar13 @Blauweerie Knocking doors is key to speaking to those who don’t approach a stall or attend meetings - we need to have conversations with people who didn’t support IScot last time.,Imillar13,"@Imillar13, @Blauweerie",2019-08
2019-08-04,cskidmoreuk,Conservative,"Terrific piece in today’s Sunday Times by the PM on his commitment to tackling the pressing challenges facing our health &amp; care system - with a new £1.8bn to boost our hospitals right across the country
https://t.co/KaIYQYSOAh",MattHancock,,2019-08
2019-08-04,ruthcadbury,Labour,"Government playing smoke &amp; mirrors with NHS spending...... Surely not?!
""the equivalent of giving someone cash then banning them from spending it, only to expect cheers of jubilation when you later decide they can spend it after all"" https://t.co/tpTrTymTDC",sallygainsbury,,2019-08
2019-08-04,ronniecowan,Scottish National Party,"Sat Aug 3- the Yes Inverclyde campaign shop in Newton Street marked the 74th anniversary of those two days, August 6th and 9th 1945, when nuclear bombs were used to kill hundreds of thousands of men, women and children. https://t.co/0UYLw7WF6Y

#hiroshima #nagasaki 

@ScottishCND",YesInverclyde,@ScottishCND,2019-08
2019-08-04,andrewrosindell,Conservative,https://t.co/PP7sTz4E28,,,2019-08
2019-08-04,laboursj,Labour,"BBC reports extra £1bn for NHS capital spending this yr. There’s a catch: The £1bn is cash hospitals and other NHS trusts already have but have been forbidden to spend. They earned it last yr in incentive payments for cutting their costs [thread, 1/8ish]",sallygainsbury,,2019-08
2019-08-04,iowbobseely,Conservative,"Andrew, I don’t mean to be grumpy, but I find it a little frustrating when folks who've had real power ask why the Island hasn’t had its share. If we didn’t have funding in past when you were in power and prior to me as MP, that’s for you to tell us, not ask us. @Andrew_Adonis https://t.co/1GCdCUqoFl",Andrew_Adonis,@Andrew_Adonis,2019-08
2019-08-04,votepursglove,Conservative,"I’ll be talking about this on @skynews a little later this morning. 

⁦@BorisJohnson⁩ “Another £1.8bn for the NHS, then I’ll tackle social care” https://t.co/OrfzPkE8Yi",JamesCleverly,"@skynews, @BorisJohnson⁩",2019-08
2019-08-04,karlturnermp,Labour,I am indeed ”deeply disturbed” about the fact that these hate and conspiracy campaigns are allowed to go on and on and on just because we children communicate and act on the science. Where are the adults? https://t.co/xDSlN0VgtZ,GretaThunberg,,2019-08
2019-08-04,dr_philippaw,Scottish National Party,"@murrinholi Lots of information, from HoC library, Parly Office of Science &amp; Tech, Royal College etc etc. I have been raising since autumn 2016.  They just don’t want to hear. Even if alternative routes work - will take longer so doses lost = cancelled patients &amp; inc NHS costs. #BrexitMess",murrinholi,@murrinholi,2019-08
2019-08-04,pauljsweeney,Labour (Co-op),@hallen_a The Green Book.,,@hallen_a,2019-08
2019-08-04,davidlinden,Scottish National Party,"@kenny_murray It’s a pain. I often joke “tonight, Matthew I’m going to be”...",kenny_murray,@kenny_murray,2019-08
2019-08-04,stewartmcdonald,Scottish National Party,"A dangerous time to be an enemy of Vlad the Venomous

https://t.co/up53V5xJCW",,,2019-08
2019-08-04,dr_philippaw,Scottish National Party,And so it begins #powergrab #indyref2 https://t.co/LChyrQ1j8u,cs_nash,,2019-08
2019-08-04,marcus4nuneaton,Conservative,Having a break from scanning old photos so went little walk with the camera - amazing what is within 3 minutes of your front door #Nuneaton #ukwildlife https://t.co/crGz9ybyDc,nuneatonmems,,2019-08
2019-08-04,nickymorgan01,Conservative,‘..we are putting superb healthcare at the heart of this Government’s mission.’ @BorisJohnson @10DowningStreet in today’s @thetimes https://t.co/7noV933AIy,,"@BorisJohnson, @10DowningStreet, @thetimes",2019-08
2019-08-04,nsoames,Conservative,@MattHancock #goodnewsbutextremeskillneededtomakesureitsspenteffectively,MattHancock,@MattHancock,2019-08
2019-08-04,stevebakerhw,Conservative,President Trump just signed a deal  to let American beef farmers export more of their product to the European Union! https://t.co/OsQjda71NN,WhiteHouse45,,2019-08
2019-08-04,emmahardymp,Labour,"Message of support from the Member of Parliament for Kingston upon Hull West and Hessle, Emma Hardy MP (@emmahardymp), for the 53rd Jalsa Salana (Annual Convention) of Ahmadiyya Muslim Community UK. #JalsaUK

For Press and Media Enquiries: https://t.co/Ki8DbnoWC9 https://t.co/NCtXFJd9zM",AhmadiyyaUK,"@emmahardymp),",2019-08
2019-08-04,danjarvismp,Labour,"It’s been an wonderful w/end of music @festunderstars including a stunning performance of Halt the Wagons by @katerusby &amp; @BarnsleyChoir. 
World class performances from world class performers.👏🏼
#Barnsley #Yorkshire #UTSf19 😎 #BreadandRoses🌹
https://t.co/xevelHs6PE https://t.co/rlv2guY7cl",katerusby,"@festunderstars, @katerusby, @BarnsleyChoir.",2019-08
2019-08-04,joswinson,Liberal Democrat,".@LibDems are winning again.

Our best ever gains in local elections. 

Our best ever European election results. 

A new MP in the amazing @DoddsJane. 

There is no limit to my ambition, and if you want a better future for our country, join us: https://t.co/ZkcEMzxJin 

#JoinJo https://t.co/WRZqZdf2iQ",,"@LibDems, @DoddsJane.",2019-08
2019-08-04,karen_karenelee,Labour,Costs of some common treatments could rise sevenfold with US trade deal as Trump looks to crackdown on “foreign freeloading” - The Labour Party https://t.co/wzSR17YV1K,,,2019-08
2019-08-04,preetkgillmp,Labour (Co-op),"Extraordinary spin from Priti Patel- 'I will be tough on crime... by re-hiring the 20,000 police my government cut since 2010'.

Increased resources for police is welcome, but let's remember the Conservatives ridiculed Diane Abbott for proposing exactly this in 2017 @PreetKGillMP https://t.co/Yhz7fuZv5V",dnepo,@PreetKGillMP,2019-08
2019-08-04,jamescleverly,Conservative,"I’ll be talking about this on @skynews a little later this morning. 

⁦@BorisJohnson⁩ “Another £1.8bn for the NHS, then I’ll tackle social care” https://t.co/OrfzPkE8Yi",,"@skynews, @BorisJohnson⁩",2019-08
2019-08-04,karen_karenelee,Labour,"On this day in 1892, Keir Hardie took up his seat as the MP for West Ham South. He advocated a graduated income tax, free schooling, pensions, the abolition of the House of Lords and for women's right to vote. https://t.co/MiYdd4h3o7",KeirHardieSoc,,2019-08
2019-08-04,pauljsweeney,Labour (Co-op),@grahamogilvy @KennyFarq Absolutely.,grahamogilvy,"@grahamogilvy, @KennyFarq",2019-08
2019-08-04,nigeldoddsdup,Democratic Unionist Party,"Shocking of Irish Times. Kevin McKenna was an unrepentant mass murderer who unwittingly helped disgust the then terrorist Sean O'Callaghan into becoming an informer by saying apropos the murder of a policewoman: ""With luck she was pregnant &amp; we'll get 2 Prods for the price of 1"" https://t.co/4GQ5NwkCst",RuthDE,,2019-08
2019-08-04,stellacreasy,Labour (Co-op),It’s India vs Pakistan at the kabbadi here - definitely going to be a competitive match….referee asking us all not to intervene for our own safety ….and warning us about the slapping to come….✋🤚✋!,,,2019-08
2019-08-04,gloriadepiero,Labour,🤷‍♀️ https://t.co/jsK2PLN5dK,NickCohen4,,2019-08
2019-08-04,karlturnermp,Labour,"Today I've announced the next Labour government will launch a public inquiry into Britain's financial industry. 

We will root out immoral and unlawful practices and ensure finance serves the wider economy.

Will Boris Johnson support the inquiry?

https://t.co/cfLZKrYW1G https://t.co/evRNqAJ44S",johnmcdonnellMP,,2019-08
2019-08-04,bbradley_mans,Conservative,"Today I’m announcing an extra £1.8 billion for the NHS - that means more beds, better care and lives saved. 

https://t.co/28dZfLMFOm",BorisJohnson,,2019-08
2019-08-04,dawnbutlerbrent,Labour,"Happy Birthday Mr President!

How different would the world be if @BarackObama was still President? https://t.co/2x5cBO6sxi",Essence,@BarackObama,2019-08
2019-08-04,petewishart,Scottish National Party,This new subset of Tories are totally obsessed with flags. They really do believe that if they ‘brand’ all manners of stuff ‘correctly’ we’ll suddenly all start to love them. Might I point to a couple of obvious flaws in this strategy.....? https://t.co/pvQo2ogs7h,SunScotNational,,2019-08
2019-08-04,davidlammy,Labour,@ceclindgren Professor Lindgren thank you for your contribution to our national life. The extreme nationalists shame us but I have no doubt that the majority of us who believe in an open multicultural society will prevail.,,@ceclindgren,2019-08
2019-08-04,lucympowell,Labour (Co-op),Really moving and scary. https://t.co/oubTgG16JT,NickyMorgan01,,2019-08
2019-08-04,ronniecowan,Scottish National Party,"My story on fighting to access medical cannabis for Cole 

https://t.co/p0OsNpvXtA",lisaquarrell26,,2019-08
2019-08-05,danjarvismp,Labour,@Gargarin @northernassist I’ll put it on the agenda for my next meeting with them.,Gargarin,"@Gargarin, @northernassist",2019-08
2019-08-05,rupahuq,Labour,@suewood60 @felixprojectuk Best to go on https://t.co/G3UAICXuMU,suewood60,"@suewood60, @felixprojectuk",2019-08
2019-08-05,davidlammy,Labour,"If Boris Johnson is convinced his No Deal Brexit plan has the support of the people, why is he afraid to ask them in a referendum? https://t.co/jDJHc6Awva",thetimes,,2019-08
2019-08-05,gareththomasmp,Labour (Co-op),@GaijinRonin3 Away at the moment so can’t access links etc but Mayor of London publicised the work of an independent study in this space a month or two ago,,@GaijinRonin3,2019-08
2019-08-05,thangammp,Labour,"@KGlasss @MomentumBristol @SouthvilleRob @robinkellett @PeoplesMomentum @ParkerCiccone And if you are comfortable wasting this money, time and energy, be honest and say you don't care that instead of fighting Tories in Westminster and talking to voters in order to win the GE you want all MPs focussing on reselection.",ThangamMP,"@KGlasss, @MomentumBristol, @SouthvilleRob, @robinkellett, @PeoplesMomentum, @ParkerCiccone",2019-08
2019-08-05,bill_esterson,Labour,That new cash for hospitals Johnson promised today?  Turns out its spin 👇 https://t.co/2B01MCnRuE,JonAshworth,,2019-08
2019-08-05,lordwalney,Labour,@HennyBraund Aw thanks Henny nice to hear from you,HennyBraund,@HennyBraund,2019-08
2019-08-05,cskidmoreuk,Conservative,Fantastic to have a Health Minister who understands the vital role that universities play in training #NHSworkforce as well as in health research and innovation - all essential to delivery of NHS #LongTermPlan https://t.co/v12MbMsDvl,JohndePury,,2019-08
2019-08-05,keeleymp,Labour,40 new learning disability beds! #nottransformingcare https://t.co/RL0SpJ1BxN,RightfulLives,,2019-08
2019-08-05,bill_esterson,Labour,"@annaturley @fliceverett Can’t remember whether we played Leybourne. I was at Balfour, albeit that was a few years earlier....",annaturley,"@annaturley, @fliceverett",2019-08
2019-08-05,tom_watson,Labour,"We’re backing #cycletoworkday – are you? Grab your bike and get ready to cycle on Thursday, 8 August. Find out more at https://t.co/XQhUOCNmeF https://t.co/dZ8lzPTFbc",WeAreCyclingUK,,2019-08
2019-08-05,wesstreeting,Labour,Five things you need to know about our new Chancellor &gt;&gt;&gt; https://t.co/AMVnbrZ77F,UKLabour,,2019-08
2019-08-05,borisjohnson,Conservative,"Today we’re announcing 20 new hospital upgrades across the country.

I visited Pilgrim Hospital in Boston to see for myself the difference this will make to people’s lives. https://t.co/ybGU8xtb48",,,2019-08
2019-08-05,paulblomfieldmp,Labour,Pleased to back this as a member of the #Kashmir APPG https://t.co/yOqCP7ZToF,Debbie_abrahams,,2019-08
2019-08-05,seemamalhotra1,Labour (Co-op),@HelenBrits @AffinityWater @Gangariga Hi Helen is the water back now? Buddleia were back on late last night. @affinitywater have been working with FirstPort to restore to Azalea and Camelia House. (Thx also to @CllrAlanMitch and Cllr Hina Mir for following this up). Anyone else still without water pls get in touch 📞,HelenBrits,"@HelenBrits, @AffinityWater, @Gangariga, @affinitywater, @CllrAlanMitch",2019-08
2019-08-05,maryrobinson01,Conservative,Pleased to see that by working with local healthcare providers and @DHSCgovuk we have ensured Stepping Hill gets the level of investment needed for our doctors and nurses to have the best facilities and patients continue to receive world class care.,MaryRobinson01,@DHSCgovuk,2019-08
2019-08-05,nicdakin55,Labour,Post Offices continue to rank as having most positive impact on their communities. Meanwhile the Tories are continuing to shred our network! #SaveourPostoffices https://t.co/1kLOlbPk2U,GillFurnissMP,,2019-08
2019-08-05,rupahuq,Labour,"At least I stopped the photos all being a bit ""Reservoir Dogs"" https://t.co/I05q3sjjW4",CountrysideProp,,2019-08
2019-08-05,matthancock,Conservative,@ShaunLintern Not true. The whole £1.8bn is new from Treasury - some of it going on funding hospitals’ existing projects - which we couldn’t fund because we didn’t have the budget - some on new projects announced today. All is new money for the NHS,ShaunLintern,@ShaunLintern,2019-08
2019-08-05,annaturley,Labour (Co-op),The price of Brexit: £66 billion and an impending recession https://t.co/ukEEeKqFGU,,,2019-08
2019-08-05,jesse_norman,Conservative,"Ahead of the filing deadline on 7 August, Making Tax Digital will allow people more time to spend on their business and less time dealing with administration. Here’s one fabulous case study... with cake 😀 #MTD https://t.co/3cJieOxlg9",,,2019-08
2019-08-05,iowbobseely,Conservative,👍Isle of Wight NHS Trust says huge £48m funding boost ­will pay for building and IT improvements https://t.co/JAN4PiYXjR,,,2019-08
2019-08-05,keeleymp,Labour,He’s trying to take the British people for fools. It’s cash that was already earmarked for hospitals but ministers blocked. You simply can’t trust the Tories with the NHS. https://t.co/rJAWGLCvh3,JonAshworth,,2019-08
2019-08-05,pauljsweeney,Labour (Co-op),"I have just signed the @GMB_Union letter calling on the government to nationalise the iconic Harland &amp; Wolff shipyard in Belfast, save skilled engineering jobs, and invest in high value manufacturing. 

Join me and sign the letter now ↓ 
 https://t.co/BbNKuUWHZG #SaveOurShipyard",,@GMB_Union,2019-08
2019-08-05,ianclucas,Labour,"Same in North Wales too. Under Labour, we had a community beat officer in every ward. https://t.co/7g0NfGCbe7",jessicamordenmp,,2019-08
2019-08-05,sharonhodgsonmp,Labour,"Ignore Tory spin:
💥Its cash hospitals already had but ministers blocked them from spending. 
🚨Hancock has failed to deliver on existing promises.
💥Tory smash &amp; grab raids cut over £4bn from NHS budgets.
🚨NHS left struggling with £6bn repair backlog. https://t.co/HrBlp9RF6G",JonAshworth,,2019-08
2019-08-05,keeleymp,Labour,Sad news - Man found dead at Salford flat https://t.co/GiGNjMkAO1,,,2019-08
2019-08-05,marycreagh_,Labour,I have written to Michael Gove - the man now in charge of transparency in digital election campaigning in the UK -  asking him when he was told about the £600k donation made by the Vote Leave campaign to BeLeave https://t.co/ouJlDsJPRm,IanCLucas,,2019-08
2019-08-05,dougchapmansnp,Scottish National Party,@BallotBoxScot Now we know where the target seats are #IndyRefNow,BallotBoxScot,@BallotBoxScot,2019-08
2019-08-05,jostevenslabour,Labour,@greendaisy11 @UKParliament @BorisJohnson @jeremycorbyn @SODEMAction I absolutely do believe it! #stopBrexit #remainandreform,forourplanetnow,"@greendaisy11, @UKParliament, @BorisJohnson, @jeremycorbyn, @SODEMAction",2019-08
2019-08-05,dianajohnsonmp,Labour,"Well done #NewZealnd and @jacindaardern 
A lesson for the UK (and for many other countries).

#Abortion  #Access  #Women  #Choice 
https://t.co/gV7P6Ayt8U",Dhammikax,@jacindaardern,2019-08
2019-08-05,grahamemorris,Labour,L👀K!!! Radiotherapy is receiving some much needed recognition and investment in New Zealand. Well done @jacindaardern! 👏👏👏 Perhaps @BorisJohnson will take note? #Radiotherapy4Life https://t.co/BgdFu6BNH0,RTherapy4Life,"@jacindaardern!, @BorisJohnson",2019-08
2019-08-05,gwynnemp,Labour,@Bubblejet @krishgm @UKLabour It’s true!,Bubblejet,"@Bubblejet, @krishgm, @UKLabour",2019-08
2019-08-05,gillfurnissmp,Labour,He’s trying to take the British people for fools. It’s cash that was already earmarked for hospitals but ministers blocked. You simply can’t trust the Tories with the NHS. https://t.co/rJAWGLCvh3,JonAshworth,,2019-08
2019-08-05,nicdakin55,Labour,"Excellent thread that explains why welcome though the NHS cash announced today is, it happens to be money already given to the NHS https://t.co/R6QwViTie4",sallygainsbury,,2019-08
2019-08-05,nadhimzahawi,Conservative,"We want to leave the EU with a deal, but @BorisJohnson has made it clear that if the EU can’t or won’t be flexible we are making every preparation to leave on the 31st of October without a deal. https://t.co/NfssCTYNw4",JamesCleverly,@BorisJohnson,2019-08
2019-08-05,jessicamordenmp,Labour,"Day 1 of the @BritishCycling Youth &amp; Junior Track Championships get underway today @WalesVelodrome from 10am with
•Sprints
•Pursuits
•Scratch Races
Come on down and watch the action for free
https://t.co/IEMcWdHfCb https://t.co/AeCrRzUVxk",WelshCycling,"@BritishCycling, @WalesVelodrome",2019-08
2019-08-05,nsoames,Conservative,"This Friday, Commissioning Course 181 will mark the end of their training with their Sovereigns Parade on the Old College parade square.
#army #training #sandhurst https://t.co/SninYi1V3k",RMASandhurst,,2019-08
2019-08-05,drewhendrysnp,Scottish National Party,"If you had a #PowerCut, would you know who to call? – Well now you do! Regardless of who you pay your bills to, it’s your distributor you need to speak with. If you call 105 from any mobile or landline you’ll be put through to the right people, and it’s free! https://t.co/GkiGWUd2IF",ssencommunity,,2019-08
2019-08-05,chionwurah,Labour,"After a fantastic start to Newcastle's Best Summer Ever, Newcastle Central MP @ChiOnwurah paid a visit to one of the projects taking place.
Read more here: https://t.co/8XneG2ePa9
#NBSE https://t.co/be2bMjnQXp",NewcastleCC,@ChiOnwurah,2019-08
2019-08-05,cpjelmore,Labour,A 'people v politicians' election in which you can only vote for politicians. Have I got this right?,mrjamesob,,2019-08
2019-08-05,georgefreemanmp,Conservative,@IsabelHardman Brilliant job Isabel.  Many congrats.,IsabelHardman,@IsabelHardman,2019-08
2019-08-05,annemariemorris,Conservative,https://t.co/mnVbP6SIem,,,2019-08
2019-08-05,kevin_j_foster,Conservative,@SamanthaPengil3 Thanks,SamanthaPengil3,@SamanthaPengil3,2019-08
2019-08-05,heatherwheeler,Conservative,Well done @LintonPrimary! Brilliant news and congratulations to all involved for your hard work. 🤸‍♂️⚽️🎾 https://t.co/ckwUJj4paN,SouthDerbysASP,@LintonPrimary!,2019-08
2019-08-05,toniaantoniazzi,Labour,"Just some dolphins to cheer up your Monday 🐬

Thanks to our passenger Cath Arnold for coming on a trip with us and sending us this footage 👍

#dolphins #gower https://t.co/8xCm6vsN0X",gower_boat_trip,,2019-08
2019-08-05,carolynharris24,Labour,We've had a lovely delivery of fruit and snacks all the way from Westminster! Thank you James for your thoughtful donation and thank you to our Tesco delivery driver for delivering the goods #KidsLunchClub https://t.co/2KZI6LcHmP,,,2019-08
2019-08-05,debbie_abrahams,Labour,I have also written to Foreign Sec @DominicRaab asking him what action he is taking in light of India’s threat to remove Article 370 from their constitution &amp; to United Nations Secretary General on the legality of India’s action under UN Security Council resolution 47. #Kashmir https://t.co/GY5H95oEHf,Debbie_abrahams,@DominicRaab,2019-08
2019-08-05,shaileshvara,Conservative,This £1.8bn capital expenditure is on top of the revenue budget increase by £33.9bn in cash terms (£20.5bn in real terms) over the next five years. https://t.co/eORyjrQKe8,,,2019-08
2019-08-05,henrysmithuk,Conservative,"10th &amp; 11th August - Charity Music Festival organised by MPCC Maidenbower Park Community Club #fundraising for @OliveTreeCSC.  Local musicians and bands, raffle, free children's Arts &amp; Crafts, BBQ &amp; lots more! @crawleynews24 @crawley_news @HenrySmithUK @CHTonline https://t.co/qoGwJr7E98",OliveTreeCSC,"@OliveTreeCSC., @crawleynews24, @crawley_news, @HenrySmithUK, @CHTonline",2019-08
2019-08-05,thangammp,Labour,"@daisycarter__ Go ahead and share these thoughts, I can't imagine how you think me spending all my time focussed on the 4,000 members of Bristol West helps us to, you know, fight Tories in Parliament and win Labour support for the GE. Feel free to let us all know how that works",,@daisycarter__,2019-08
2019-08-05,mike_fabricant,Conservative,"@NHSEngland @GMMH_NHS @Mersey_Care @StockportNHS @NHSWirralCCG @tandgicft @RCHTWeCare @SYBhealthcare @NewcastleHosps @LeedsHospitals @croydonhealth @NELFT In the Midlands, capital funding projects include:
▶️ @UHBTrust
▶️ @ULHT_News
▶️ @WyeValleyNHS

More info: https://t.co/5RqrzlJhfS

#OurNHS | @NHSEngland | #OurNHSPlaces https://t.co/x3jAo72NbC",DHSCgovuk,"@NHSEngland, @GMMH_NHS, @Mersey_Care, @StockportNHS, @NHSWirralCCG, @tandgicft, @RCHTWeCare, @SYBhealthcare, @NewcastleHosps, @LeedsHospitals, @croydonhealth, @NELFT, @UHBTrust, @ULHT_News, @WyeValleyNHS, @NHSEngland",2019-08
2019-08-05,benpbradshaw,Labour,"@stephenfrogers @schooltruth Another worry is that we will be having knife-edge votes in Parliament in Sept/Oct to try to stop a crash out no deal Brexit, but Labour MPs might be absent, fighting for survival in their constituencies. #BrexitShambles #FinalSay #peoplesvote",stephenfrogers,"@stephenfrogers, @schooltruth",2019-08
2019-08-05,maryrobinson01,Conservative,Other boroughs in Greater Manchester will also benefit from the Government led upgrades. The announcement today also includes £72.3m to build a new adult mental health inpatient unit at the Greater Manchester Mental Health NHS Foundation Trust in Prestwich @MENnewsdesk,MaryRobinson01,@MENnewsdesk,2019-08
2019-08-05,annaturley,Labour (Co-op),"NHS ""£1.8bn"" funding latest

No10: It's ""new money""

Whitehall source: 
- Up to £1bn comes from surplus money NHS already generated, now re-allocated. Such surpluses often re-allocated in past. 
- £800m not allocated yet - that'll happen in the ""Autumn"" (prob spending review)",SamCoatesSky,,2019-08
2019-08-05,alecshelbrooke,Conservative,"Honoured &amp; delighted to be appointed Vice Chairman of the Conservative Party by Prime Minister @BorisJohnson
Looking forward to working with @JamesCleverly @Helen_Whately @paulscullymp @AndrewBowieMP @DavidEvennett @HelenGrantMP @ranil @AlecShelbrooke

#winningteam #Conservatives https://t.co/42pO7VSHpR",drcarolinej,"@BorisJohnson, @JamesCleverly, @Helen_Whately, @paulscullymp, @AndrewBowieMP, @DavidEvennett, @HelenGrantMP, @ranil, @AlecShelbrooke",2019-08
2019-08-05,gwynnemp,Labour,"This morning in Whaley Bridge, I saw people coming together in adversity. https://t.co/tQBQ6OL6ak",jeremycorbyn,,2019-08
2019-08-05,harrietharman,Labour,"As chair of Kashmir APPG, I have written to India’s High Commissioner to the UK to express grave concerns regarding the Indian Government’s proposed removal of Article 370 from their constitution, which grants special status to Indian-controlled #Kashmir. https://t.co/YdLJ7yUHL4",Debbie_abrahams,,2019-08
2019-08-05,willquince,Conservative,"Another thank you card added to the board, we never expect them but the team and I love it when we do receive one. Over 30,000 cases opened since my election in 2015 on all sorts of issues affecting people in Colchester, some big and some small. My team and I are here to help. https://t.co/S0bxOalNXr",,,2019-08
2019-08-05,willquince,Conservative,"Yesterday, Prime Minister @BorisJohnson announced another £1.8 billion for our NHS, meaning:

💙 Vital new kit for nurses and doctors.
💙 Upgrading 20 hospitals across the UK.

Let others know 🔁 https://t.co/hOjQ3GS63U",Conservatives,@BorisJohnson,2019-08
2019-08-05,liambyrnemp,Labour,"At our recent manifesto roundtable, Dr Tom Davenport, maths professor at Aston, joined us to talk about air quality in our region.

Our air is as bad now as in the 1950s and requires urgent action so that our children can grow up healthy. Thanks for backing our campaign, Tom! https://t.co/6JKUjvlqiL",,,2019-08
2019-08-05,marionfellows,Scottish National Party,"A clear direction of travel towards independence to make decisions here to build a more equal and prosperous Scotland. Tories’ denial of democracy is unsustainable. With Johnson in power, austerity and Westminster-centrism will continue to drive UK Gov. 
https://t.co/P4yLAyLQpR",,,2019-08
2019-08-05,shabanamahmood,Labour,"As chair of Kashmir APPG, I have written to India’s High Commissioner to the UK to express grave concerns regarding the Indian Government’s proposed removal of Article 370 from their constitution, which grants special status to Indian-controlled #Kashmir. https://t.co/YdLJ7yUHL4",Debbie_abrahams,,2019-08
2019-08-05,nicktorfaen,Labour,"I am very grateful to my constituents who dropped off this “Thank You” card and other gifts - addressed not just to me, but to my team as well: MPs’ staff work incredibly hard and often do not get the credit they deserve. https://t.co/vZbgaNPX9e",,,2019-08
2019-08-05,nickymorgan01,Conservative,"Queen's Park is one of our town's treasures.

I was delighted to hear that our wonderful park has been nominated for the @FieldsInTrust Best Park 2019 award.
 
You can vote for Queen's Park to win at https://t.co/PjfJI3xAKa until 19th August.
 
#LoveYourLocalPark #LoveQueensPark https://t.co/Y4MWRYPlqX",,@FieldsInTrust,2019-08
2019-08-05,karinsmyth,Labour,"Congratulations @karinsmyth on being shortlisted for our #MPoftheYearAwards.

Voting for your People's Choice MP of the Year (kindly sponsored by @kpmguk &amp; @COSARAF) is open until 18 Aug. Cast your vote today: https://t.co/JJqB14ZFCd  #GetInvolved https://t.co/8rmeZLoafq",UKPatchwork,"@karinsmyth, @kpmguk, @COSARAF)",2019-08
2019-08-05,labourlewis,Labour,"Absolute pleasure to speak today at the @theRSAorg session ‘Ideas to Fix the Future’ at @WildernessHQ with @labourlewis @johnharris1969 and @ian_goldin. HEAT: housing, energy, agriculture, transport: 4 key green steps for starters to #FixTheFuture! 🌿🌻🌍 https://t.co/2CmJxAbKXs",EllieChowns,"@theRSAorg, @WildernessHQ, @labourlewis, @johnharris1969, @ian_goldin.",2019-08
2019-08-05,jamescleverly,Conservative,"👏 Congratulations to @AndrewBowieMP, who has been appointed Vice Chairman of the Conservative Party 🔵🌳🇬🇧 https://t.co/rLjxRTIYPB",Conservatives,"@AndrewBowieMP,",2019-08
2019-08-05,emmalewellbuck,Labour,"I will be on @BBCNEandCumbria tonight talking about the changes to children’s A&amp;E, maternity and SCBU at our hospital. My constituents need these services to be maintained in Shields, I will never stop fighting for their right to good, safe, healthcare. Thank you @SaveSTHospital https://t.co/VVPivyqOi3",,"@BBCNEandCumbria, @SaveSTHospital",2019-08
2019-08-05,rupahuq,Labour,"Took the tube in with great grandmother Lynne aged 82 who reminded me of how EU was a peace project after two world wars. She’s going to ⁦give ⁦@snb19692⁩ a hand with activities. 

Only way out of this mess that takes power from politicians to public is a #peoplesvote https://t.co/q5wEhgsY3p",,@snb19692⁩,2019-08
2019-08-05,valerie_vazmp,Labour,"This morning in Whaley Bridge, I saw people coming together in adversity. https://t.co/tQBQ6OL6ak",jeremycorbyn,,2019-08
2019-08-05,angelaeagle,Labour,"A government of psychopaths on steroids

Boris Johnson has no intention of renegotiating Brexit deal, EU told https://t.co/JHvdZITupG",JohnJCrace,,2019-08
2019-08-05,nicdakin55,Labour,@MotorCarnage Thank you. Just a fluke!!!,,@MotorCarnage,2019-08
2019-08-05,emilythornberry,Labour,"I am constantly impressed by the brilliance of our consular staff around the world, the latest example being @robin_shackell, head of our @UKinNZ service in Auckland. Looking forward to meeting Robin’s colleagues in Wellington in the coming days. https://t.co/ysgxBAeNqM",,"@robin_shackell,, @UKinNZ",2019-08
2019-08-05,julialopezmp,Conservative,"This is a major breakthrough for our local health &amp; social care system.
Once delivered the St George’s Health &amp; Well-being Hub will:
✅reduce pressure on Queen’s 
✅integrate council &amp; NHS services
✅provide more services in community
✅improve access to GPs &amp; mental health care",JuliaLopezMP,,2019-08
2019-08-05,chukaumunna,Labour,.@ChukaUmunna 👇                       https://t.co/qtqAKyB3H7,LibDemPress,@ChukaUmunna,2019-08
2019-08-06,heidi_ldn,Labour,"The all-electric trains on the new Gospel Oak to Barking line will double capacity for passengers and provide free Wi-Fi, air-conditioning, USB charging ports and a month of free travel on this new line from 31 August https://t.co/y0yJ99E8sp",MayorofLondon,,2019-08
2019-08-06,barrysheerman,Labour (Co-op),And will stop it! https://t.co/OahV9py7zb,RichardGCorbett,,2019-08
2019-08-06,chukaumunna,Labour,"Dominic Cummings is wrong. As long as Parliament is sitting, which it will be, MPs can prevent a No Deal Brexit by mandating government to request an extension to Article 50. #DemandBetter #StopBrexit https://t.co/rAEf87JAwG",,,2019-08
2019-08-06,meaglemp,Labour,Summers is spot on https://t.co/kMBcxbBZ5F,Kevin_Maguire,,2019-08
2019-08-06,eleanor_smith55,Labour,"Boris Johnson's government has already shown it is only governing in the interests of the 1%.

Pass on this important piece from @HackneyAbbott on why we need a #GeneralElectionNow &amp; a @jeremycorbyn government #FortheMany not the few ↓

https://t.co/DDYHWM6wYu",LabourHomeTeam,"@HackneyAbbott, @jeremycorbyn",2019-08
2019-08-06,kerrymp,Labour,@jonadowning @ThePoke @callumcollins Twice now I’ve accidentally said it Callum’s way when making speeches on food policy in front of pretty big crowds.,,"@jonadowning, @ThePoke, @callumcollins",2019-08
2019-08-06,nsoames,Conservative,Wonderful interview by @IainDale with @NSoames  @edinburghfest. A real giant of an MP with so much depth and history  #privilegetobetheretoseeoneofourfinestpoliticalleaders as Nicholas would say.. https://t.co/IhAlX2roIS,charles_hendry,"@IainDale, @NSoames, @edinburghfest.",2019-08
2019-08-06,nadhimzahawi,Conservative,"If you are looking to get involved with business networking locally here in #stratforduponavon then what better place to start! Put the next #stratfordtweetup date in your diary, Thurs 19th Sept 7.30pm @WhiteSwan_Hotel Casual networking at it's best. https://t.co/7Vut7uMQDf",sonapublishing,@WhiteSwan_Hotel,2019-08
2019-08-06,hackneyabbott,Labour,A  community request to those planning to come to #nhc2019 https://t.co/3qTePrt5BT,ldr_gregory,,2019-08
2019-08-06,jessicamordenmp,Labour,"♻ We're proud that Wales is a world leader in recycling but there is so much more we must do.

🏴󠁧󠁢󠁷󠁬󠁳󠁿🌹 Welsh Labour is committed to tackling the real threat that plastics pose to our oceans, wildlife and environment.

#StandingUpForWales https://t.co/VDiGAwTUBJ",WelshLabour,,2019-08
2019-08-06,jimfromoldham,Labour (Co-op),"Since 2017, £850,000 has been spent on payoffs for Ministers who’ve been sacked or quit for personal ambition, including @BorisJohnson

All whilst they inflicted austerity on the rest of society.

If they have any sense of public duty they will pay back every penny to the public. https://t.co/B5mPUArH17",JoPlattLeigh,@BorisJohnson,2019-08
2019-08-06,dawnbutlerbrent,Labour,"@peachsandgrades Shut up! You are amazing! Success is not by magic it’s by work. No one taught a perfect lesson on their first try. Excellence is a process and it’s achieved by trying. Try, fail, learn repeat, that’s the only way to make life sweet. This community has got you girl...👊🏽",Actionjackson,@peachsandgrades,2019-08
2019-08-06,margarethodge,Labour,"BREAKING 📣 Luxury-loving son of President of 🇨🇬 #Congo #Brazzaville appears to have pocketed over $50 million of public funds and funnelled it through 6 European countries, the US and the British Virgin Islands.
Our new investigation ➡️ https://t.co/zOnPa8SgtF https://t.co/zfs9IR1O1h",Global_Witness,,2019-08
2019-08-06,emilythornberry,Labour,"It’s fantastic to come more than 10,000 miles across the world to be met by passionate @UKLabour supporters in Sydney and Auckland. Thanks so much to Matthew Austin and Janet Marks respectively for organising our meetings https://t.co/F9tWIZAWEG",,@UKLabour,2019-08
2019-08-06,hackneyabbott,Labour,Haggerston youngsters to visit Rwanda and rebuild church that was struck by lightning https://t.co/msbR9q7XtW,hackneygazette,,2019-08
2019-08-06,tpearce003,Labour,"@zimmer_donna @Erith_Marshes @tpearce003 @DannyHackett @StefBorella @danfrancis02 @Team4Nature @RSPBBexleyGroup @BexleyBirding @LondonBirdClub @LDN_environment @LBBexley There is still live planning application in respect of the data centres. Residents can email their comments, concerns or questions to planning. To find out how visit https://t.co/jKo1gAJ8bp or email DevelopmentControl@bexley.gov.uk",LBofBexley,"@zimmer_donna, @Erith_Marshes, @tpearce003, @DannyHackett, @StefBorella, @danfrancis02, @Team4Nature, @RSPBBexleyGroup, @BexleyBirding, @LondonBirdClub, @LDN_environment, @LBBexley, @bexley.gov.uk",2019-08
2019-08-06,ianclucas,Labour,Ask him about the Vote Leave money please. https://t.co/inelrSirs4,brexit_sham,,2019-08
2019-08-06,alisonthewliss,Scottish National Party,10th anniversary of the Glasgow Qurbani Project.  Feeding the needy people of Glasgow @NicolaSturgeon @alisonthewliss  @AnasSarwar @HumzaYousaf https://t.co/2RyAltpOBt,Tahir_Mohammed,"@NicolaSturgeon, @alisonthewliss, @AnasSarwar, @HumzaYousaf",2019-08
2019-08-06,jessphillips,Labour,@Lewis_ALee It truly is unbelievable the first time you go in,Lewis_ALee,@Lewis_ALee,2019-08
2019-08-06,jessphillips,Labour,@Vague_Biscuit @michaeljswalker @TomDeery_ There are only 6 days for this to happen   and an election to be called before it passed over the 31st mark. So no conf doesn't necessarily lead to pre no deal election in fact it's really unlikely https://t.co/cVeEGssQXD,jessphillips,"@Vague_Biscuit, @michaeljswalker, @TomDeery_",2019-08
2019-08-06,mike_fabricant,Conservative,"@WaiLeeHo @brexitparty_uk . I believed in #Brexit before the word was invented!
Having exported and travelled all over the world, I could see why Little Europe wasn’t the answer.",WaiLeeHo,"@WaiLeeHo, @brexitparty_uk",2019-08
2019-08-06,heidi_ldn,Labour,Pleased to announce details of a month’s free travel for users of the Gospel Oak to Barking Line this September to say thank you for everyone’s patience whilst we have got the new electric trains up and running. More details at: https://t.co/XVmgZb7jCR https://t.co/q8XeIWAQpX,,,2019-08
2019-08-06,debbie_abrahams,Labour,"📰 READ: New research shows shocking levels of regional inequality, with wealth concentrated in London and the South East - we need a Labour government to tackle this growing problem. https://t.co/Q7rOXGTkxZ",GwynneMP,,2019-08
2019-08-06,coyleneil,Labour,"@wolfgang1052 I don't play politics with people's lives and livelihoods. I've stood up for my constituents, my country and my conscience and am proud of my votes.",,@wolfgang1052,2019-08
2019-08-06,barrysheerman,Labour (Co-op),@HollyLynch5 @UKPatchwork @wesstreeting @ToniaAntoniazzi Well done Holly!,HollyLynch5,"@HollyLynch5, @UKPatchwork, @wesstreeting, @ToniaAntoniazzi",2019-08
2019-08-06,jessphillips,Labour,"@evie1evie @DannyStone1 @jessphillips It's @CharterisCentre - its on The Pleasance, two minutes up from the Courtyard, old church.

https://t.co/64hbTAhQs9",supergutman,"@evie1evie, @DannyStone1, @jessphillips, @CharterisCentre",2019-08
2019-08-06,alison_mcgovern,Labour,"Doing some research on poverty including the Child Trust Fund. This is what Iain Duncan Smith said in 2003. A reminder that it is not what people say, but what people do with power that matters...
#makingendsmeet #UniversalCredit https://t.co/LiXCMaoaTi",,,2019-08
2019-08-06,ianlaverymp,Labour,"Holiday hunger is a reality for millions of our own children. What an inspiring visit to the Windhill Community Centre in Shipley today with @UKLabour ppc @JoPike3 👋👋👋

How does it look when kids are starving in the 5th richest country in the world ? https://t.co/Zo5H2EMRGr",JoPike3,"@UKLabour, @JoPike3",2019-08
2019-08-06,petergrantmp,Scottish National Party,Johnson’s lies laid bare once again https://t.co/yrqQKak4Iw,OHenleyAlex,,2019-08
2019-08-06,georgefreemanmp,Conservative,"En route to Watton today for the funeral of dear JanGodfreyMBE: much loved teacher, community leader, youth support pioneer &amp; one woman Watton powerhouse. And one of the nicest people you’ll ever meet. RIP Jan. ⁦@WSTimes24⁩ ⁦@derehamtimes⁩  https://t.co/oKlGuY45Fo",,"@WSTimes24⁩, @derehamtimes⁩",2019-08
2019-08-06,richardburden27,Labour,"As chair of Kashmir APPG, I have written to India’s High Commissioner to the UK to express grave concerns regarding the Indian Government’s proposed removal of Article 370 from their constitution, which grants special status to Indian-controlled #Kashmir. https://t.co/YdLJ7yUHL4",Debbie_abrahams,,2019-08
2019-08-06,angusmacneilsnp,Scottish National Party,"Good letter by Mr Galloway in Dumbarton here👇- 'Ironically, perhaps the higher support [for independence] becomes, so the likelihood of a Sec 30 Order diminishes.""
Plus if 100% in favour of indy what could Scot Gov do without Plan B? -as UK can say No
https://t.co/JuMdj8Goqa",AngusMacNeilSNP,,2019-08
2019-08-06,timloughton,Conservative,"SATURDAY 10th AUGUST 10:00-12:00- @timloughton is holding his regular Shoreham Farmers’ Market Street Surgery. 
Pop along and meet local councillors. 
It will be great to see some of you there☀️ https://t.co/lDNyFREXCz",emharris33,@timloughton,2019-08
2019-08-06,stephentwigg,Labour (Co-op),"International aid workers are being attacked with “impunity” with little being done to hold the perpetrators of violence to account, MPs have warned - via @annegulland @TelGlobalHealth https://t.co/KSyO2vGLZm @StephenTwigg",sneweyy,"@annegulland, @TelGlobalHealth, @StephenTwigg",2019-08
2019-08-06,angusmacneilsnp,Scottish National Party,Liberals again sticking with the Tory policies when chips are down ...they have learnt nothing and forgotten everything. 👇🙄 https://t.co/IUH8EDO6pJ,willie_rennie,,2019-08
2019-08-06,jessphillips,Labour,I missed the whole hog thing. So weird.,,,2019-08
2019-08-06,barrysheerman,Labour (Co-op),@UniversitiesUK @WilliamJHague Grow up @UUKIntl You should be ashamed to link yourselves to this man!,UniversitiesUK,"@UniversitiesUK, @WilliamJHague, @UUKIntl",2019-08
2019-08-06,angusmacneilsnp,Scottish National Party,"Good that Labour MSP, Neil Findlay, accepts the mandate from the Scottish Elections of 2016 and the Parliament of March 2017 for a referendum on independence. @NeilFindlay_MSP https://t.co/NUATQcEaVq",Neilsocialist,@NeilFindlay_MSP,2019-08
2019-08-06,rhonddabryant,Labour,"@RevDavidColes @KingmanHelen @BorisJohnson No, you misunderstand. Your only argument for supporting Boris Johnson is that he has a plan. I think that is truly dangerous. This is not about party politics, it's about democracy.",RevDavidColes,"@RevDavidColes, @KingmanHelen, @BorisJohnson",2019-08
2019-08-06,benmlake,Plaid Cymru,"Pleser cael cyfle i siarad â thrigolion Aberarth gyda @BenMLake heno. Diolch am y croeso cynnes.
-
A pleasure to speak with Aberarth residents this evening with Ben Lake MP. Thank you for the warm welcome. https://t.co/WlySjyeoP7",CangenPCLlannon,@BenMLake,2019-08
2019-08-06,debbie_abrahams,Labour,@upasnakakroo https://t.co/za17u4QBot,upasnakakroo,@upasnakakroo,2019-08
2019-08-06,thomasbrake,Liberal Democrat,"Police funding cuts aren’t just a problem in London.

Nationwide total government funding to 43 forces fell from £8.48 billion in 2015-16 to £7.99 billion in 2019-20.

If the Govt doesn’t take action, more and more Britons won’t be able to live safely in their own communities.",,,2019-08
2019-08-06,gavnewlandssnp,Scottish National Party,@lisawil66103501 @mya_wilsonx @NicolaSturgeon Much better than visiting that Hogwarts on stilts in London anyway!,lisawil66103501,"@lisawil66103501, @mya_wilsonx, @NicolaSturgeon",2019-08
2019-08-06,john2win,Conservative,"I like @IanMurrayMP but he doesn’t speak for anyone in a position of power in the Labour Party. As we’ve seen with Brexit, the leader’s office decides policy—not conference, not MPs—and Corbyn’s second-in-command has said it explicitly today: Labour will give the SNP #Indyref2. https://t.co/Sty3EavMl2",JournoStephen,@IanMurrayMP,2019-08
2019-08-06,tomtugendhat,Conservative,"Are you in Heathrow Terminal 5 today ? The main part, somewhere between Harrods, WH Smith’s and gate A7; this precious scruffy monkey was just lost. If you see him please get in touch! You’ll make a three year old very happy. (Or give him to Lost and found) https://t.co/DTqBtwvXmA",daraobriain,,2019-08
2019-08-06,rthondavehanson,Labour,"You know this ""extra"" £1.8 billion for the NHS? Is there a consequential amount for Scotland, Wales and Northern Ireland? Thought not. Proof positive that it's not extra money at all.",RhonddaBryant,,2019-08
2019-08-06,edvaizey,Conservative,"British military turns to video games to help personnel improve strategic combat skills 🎮

Bespoke versions of ""Flashpoint Campaigns"" and ""Combat Mission"" are set to be created for Army, after @dstlmod signed £1.5m contract with UK game publisher Slitherine. https://t.co/mpr2QVbhwh",LOS_Fisher,@dstlmod,2019-08
2019-08-06,huwmerriman,Conservative,Knocking on the doors and speaking to residents in Pebsham #Bexhill for our local survey. https://t.co/advbG22pC1,,,2019-08
2019-08-06,andrewbowie_mp,Conservative,Well done @ben_greenstone! Great to see this. https://t.co/AnNDLlRkU6,TasoAdvisory,@ben_greenstone!,2019-08
2019-08-06,debbie_abrahams,Labour,Vote #Debbie4MPoftheYear here 👇 https://t.co/Yp1PeGQMdB Thank you! https://t.co/RGcoQJVkOw,Debbie_abrahams,,2019-08
2019-08-06,esthermcvey1,Conservative,"Having become an MP in a Labour stronghold, Peter Bottomley backs Blue Collar Conservatism because of our efforts to ensure the Conservative Party works for the people #BlueCollarBottomley

Do you agree?  We want to hear from you: https://t.co/hJk0LdgfYl https://t.co/uOrxJaSVo5",bluecollartory_,,2019-08
2019-08-06,lesleylaird,Labour,"Dear @ukhomeoffice I have emailed you re my constituent, an #EUcitizen deported by you in error, as you admit, w Stage 4 Cancer.  He needs to be returned to Newcastle so he can receive proper treatment in his last few weeks. You are not responding so resorting to social media",ChiOnwurah,@ukhomeoffice,2019-08
2019-08-06,chionwurah,Labour,Really great to meet &amp; chat w the @NU_Foundation @ncs Group during their social action week supporting @WEFoodbank - they've raised over £600 &amp; learned important life skills. Newcastle's future is bright w young ppl of this calibre! https://t.co/1ylZaJDOUC,,"@NU_Foundation, @ncs, @WEFoodbank",2019-08
2019-08-06,tomtugendhat,Conservative,This moment in our history reminds me of covering the Civil Rights movement. Sometimes there is a right and a wrong. It is the job of the journalist to not distort or hide that truth.,DanRather,,2019-08
2019-08-06,willquince,Conservative,"@sandras_smith @MNDPatients @DWP @BigRonStevenson @liampdwyer Hi Sandra, this is not my area but if you email me I will forward the correspondence onto the Minister for Disabled People, Health &amp; Work.",SandraSmithmnd,"@sandras_smith, @MNDPatients, @DWP, @BigRonStevenson, @liampdwyer",2019-08
2019-08-06,laboursj,Labour,"Happy unbirthday to us! 6 months since we launched our mission to bring together over 100 women from all colours, identities &amp; background united by talent and stories. We're nearly half way there so please share, shout and sure up our funding Info here 👉https://t.co/9fWkfmggS0 https://t.co/lWyjaKjRNe",100voices100ye1,,2019-08
2019-08-06,edvaizey,Conservative,Interesting read from @UNESCOUK. Investment in innovation from UK cultural heritage is “creating exceptional outcomes”. Increasingly embracing tech and greater collaboration with the tech sector will keep the UK at the front of the pack https://t.co/qZAWAbSfgU,UNESCOUK,@UNESCOUK.,2019-08
2019-08-06,hackneyabbott,Labour,"Toni Morrison was a national treasure, as good a storyteller, as captivating, in person as she was on the page. Her writing was a beautiful, meaningful challenge to our conscience and our moral imagination. What a gift to breathe the same air as her, if only for a while. https://t.co/JG7Jgu4p9t",BarackObama,,2019-08
2019-08-06,barrysheerman,Labour (Co-op),A desperate UK will be an easy prey for an American President with no chance of a favourable trade agreement Larry Summers brutal honesty about Britain’s desperate situation! @BBCr4today,,@BBCr4today,2019-08
2019-08-06,edvaizey,Conservative,A great read from @chichinwanoku on how her trailblazing @Chineke4Change orchestra is boosting female and BAME representation in classical music https://t.co/2AWuajmVKo,,"@chichinwanoku, @Chineke4Change",2019-08
2019-08-06,andrewrosindell,Conservative,🇬🇧 Trade Envoy to 🇹🇿 @AndrewRosindell said on arrival “I’m extremely excited to be visiting Tanzania. I’m impressed with the quality of the UK-Dutch @BAMinternationl constructed and @UKEF supported Terminal 3. I want to explore how we can increase 🇬🇧🇹🇿 trade and investment. https://t.co/doXkMlT8Kd,UKinTanzania,"@AndrewRosindell, @BAMinternationl, @UKEF",2019-08
2019-08-06,mpiainds,Conservative,"“May misrepresented to the public what she was agreeing to. She opted for the backstop to lock her citizens into something they’d never have consented to. For the EU, a confrontation summed up best by Iain Duncan Smith: ‘The days of supplication are over’”
https://t.co/RnneozNnsJ",StandUp4Brexit,,2019-08
2019-08-06,chukaumunna,Labour,Don’t let Boris Johnson's puppeteers fool you – parliament can still absolutely stop no-deal Brexit | @ChukaUmunna https://t.co/H4SkqEKxWG,IndyVoices,@ChukaUmunna,2019-08
2019-08-06,aluncairns,Conservative,RT @djcardiff: Public car charging points in Cardiff - getting better 🚗🔌 https://t.co/obEtbTMrZ0,,@djcardiff:,2019-08
2019-08-06,gradysnp,Scottish National Party,Big day for everyone getting their exam results today. Good luck everyone. What next after your results? If you’re not sure call the Exam Results Helpline on 0808 100 8000 Advisers can also be contacted via Twitter and Facebook at @mywowscotland and https://t.co/OuLr9JxyxA https://t.co/M8Fg4dxgKe,BobDorisSNP,@mywowscotland,2019-08
2019-08-06,harrietharman,Labour,"Toni Morrison was not just a great writer, she was an inspiration to black women in any walk of life. She could have been daunted by the opposition that she encountered early in her career but she stuck to her values &amp; her vision. A great woman &amp; a personal heroine of mine. RIP. https://t.co/VQAXPo8vxl",HackneyAbbott,,2019-08
2019-08-06,lizmcinnes60,Labour,"This is a good summary of the current situation in Kashmir from ⁦Jason Burke ⁦@guardian⁩ “The decision by Modi’s Government to remove the special status is no legal technicality, but a statement of intent and ideology.” https://t.co/63B45t45Q2",,@guardian⁩,2019-08
2019-08-06,labourlewis,Labour,"Taking on the corporates &amp; oligarchs driving the #ClimateCrisis will take the broadest coalition humanity has seen. Global, organised Labour must be at the heart of this fightback.We must also acknowledge stopping #brexit is a key fight in this battle with them #FridaysForFuture https://t.co/KB2UtL3CBO",Luisamneubauer,,2019-08
2019-08-06,louhaigh,Labour,I don't retweet this stuff (because why would you) but I am getting SO fed up of people telling me what my job is. I'm a reporter. Watch the live/read the article and stop being so incredibly patronising. https://t.co/hXF2OlsbSf,KateEMcCann,,2019-08
2019-08-06,lordianaustin,Labour,"@utopian_red @margarethodge @tomwatsonESQ @UKPatchwork @DerbyChrisW Let’s try again.
When, specifically, did I scream abuse at female MPs?
Tell me when I did that?",utopian_red,"@utopian_red, @margarethodge, @tomwatsonESQ, @UKPatchwork, @DerbyChrisW",2019-08
2019-08-06,cpjelmore,Labour,"☕🗣️ Like good coffee and good comms?

Come and work with me and @LukeOHolland at #CathodDu 👇

#CardiffJobs #Communications #CommsJobs
✍️https://t.co/aIyoxUOF1A https://t.co/Z1dcrOmDRS",Will_Hingley,@LukeOHolland,2019-08
2019-08-06,robertbuckland,Conservative,"The Victims' Code is there to support you - whether you decide to report a crime or not.

Have your say on how we can better meet the needs of victims of crime in England and Wales.

Take part in our consultation: https://t.co/QhUqySbO1a

#SpeakOut https://t.co/tAeclmRwFO",MoJGovUK,,2019-08
2019-08-06,timloughton,Conservative,"Confused what you can #recycle?

❓Plastic Lids
❓Shredded Paper
❓Coloured Plastics

Join our #recycling project officer Andy Mugan in the second edition of our AskAndy series, as we continue to prepare for the alternate weekly collections coming this September. https://t.co/yhuAV9C5Vo",adurandworthing,,2019-08
2019-08-06,gradysnp,Scottish National Party,"Very excited to announce my first ever #glasgow solo gig at the @oldhai 🎻🎙🎤 Just me, my fiddle and a rollercoaster ride of tunes and tales of some of the mad things that have happened to me travelling the… https://t.co/aVWJGvWgBe https://t.co/yGGYMP2bRH",adamfiddle,@oldhai,2019-08
2019-08-06,peterkyle,Labour,"@DiageoLiam I’m so sorry your family went through this. And I’m sorry but it’ll take more than 24hrs to fully get to the bottom of things, please be understanding the team are shattered and need to pay focussed attention to any issues like this - and they will",peterkyle,@DiageoLiam,2019-08
2019-08-06,angusmacneilsnp,Scottish National Party,"📣 Labour Shadow Chancellor John McDonnell says Scotland should have a choice.

🗳 The SNP has a mandate to hold an independence referendum, voted through in @scotparl by 69-59 and backed up in three consecutive elections.

✍ Pledge your support at https://t.co/1TBOd5pYT1 https://t.co/fMiJBigsVx",YesScot,@scotparl,2019-08
2019-08-06,mattwestern_,Labour,"Turns out the majority of Johnson's 'new money' is in fact... old money! He cannot be trusted to run our health service - while hospitals are crumbling he's favouring rhetoric over the reality we need: genuine, significant investment in public services. https://t.co/zDe4TLu282",,,2019-08
2019-08-06,danjarvismp,Labour,@NJD1112 That’s a great shame. I’ll take a look and see what can be done.,NJD1112,@NJD1112,2019-08
2019-08-06,hywelplaidcymru,Plaid Cymru,Diolch yn fawr i chi @HywelPlaidCymru a @siangwenfelin am eich cefnogaeth a brwdfrydedd. #celfyddydau #poblifanc #adfywio https://t.co/arZuJeBGAh,CwmniFranWen,"@HywelPlaidCymru, @siangwenfelin",2019-08
2019-08-06,robertbuckland,Conservative,"We’re taking action on concerns raised about protecting children and victims of #domesticabuse and other harms in #familycourts. 

Share your experience of how family courts manage the safety, health &amp; well-being of children.

Have your say: https://t.co/g0ce0HdlM8 https://t.co/FUb4EoCngt",MoJGovUK,,2019-08
2019-08-06,bill_esterson,Labour,If you agree its completely unacceptable for BBC1 to report pledges broken by the Government as promises broken by the “NHS” Please RT https://t.co/u9eshxzhQG,PeterStefanovi2,,2019-08
2019-08-06,gavnewlandssnp,Scottish National Party,"74 years ago today, the United States dropped an atomic bomb called “Little Boy” on #Hiroshima in Japan. 100,000 to 180,000 people were killed out of a population of 350,000.

We must never allow this to happen again.

Learn more https://t.co/3TKwujWPLl • #NeverAgain https://t.co/BVIX8M4Znh",CNDuk,,2019-08
2019-08-07,timloughton,Conservative,Shoreham https://t.co/iNvonMl5Y9,MarlipinsMuseum,,2019-08
2019-08-07,barrysheerman,Labour (Co-op),It isn’t just export of goods that will be hit by leaving the EU it will be our massive services sector too in which most of our people work! @BBCr4today,,@BBCr4today,2019-08
2019-08-07,cskidmoreuk,Conservative,"Yesterday I visited Heartlands Hopsital @uhbtrust to see how £97.1m announced for its Ambulatory Care and Diagnostic Centre- part of new £850m investment by @borisjohnson in 20 hospital upgrades- will deliver extra outpatients, endoscopy and radioscopy facilities #ourNHSplaces https://t.co/zXIA3tmgxK",,"@uhbtrust, @borisjohnson",2019-08
2019-08-07,lukepollard,Labour (Co-op),Good work Bill https://t.co/W8Aq55IKpY,CouncillorBill,,2019-08
2019-08-07,seemamalhotra1,Labour (Co-op),This is utterly absurd. Can @RailDeliveryGrp @networkrail @transportgovuk explain this?! Are we just deliberately trying to cut ourselves off from the world?#Intrerrail #RailEurope https://t.co/ZBggwFLTdF,SDoughtyMP,"@RailDeliveryGrp, @networkrail, @transportgovuk",2019-08
2019-08-07,dr_philippaw,Scottish National Party,So maybe German car makers won’t be pulling UK out of #NoDealBrexit wreckage after all! https://t.co/vUMWZ2diit,NvOndarza,,2019-08
2019-08-07,karlturnermp,Labour,.⁦@BorisJohnson⁩ backed plan to send British troops to Yemen ⁦@Independent⁩  https://t.co/X12G81b5R7,,"@BorisJohnson⁩, @Independent⁩",2019-08
2019-08-07,nsoames,Conservative,Thanks to @GrahamSpiers for his smooth handling of today's festival Q&amp;A. Nice thrones. https://t.co/0oDWnrYs8r,RuthDavidsonPC,@GrahamSpiers,2019-08
2019-08-07,willquince,Conservative,"@Colchesterviews @DWP We aren't allowed to travel with them, they are dropped off by Royal Mail courier in a large zip tied bag and then collected when completed and returned to the Department. They have two keys, one I hold and one held by the Department. https://t.co/dXkU6SdQ6G",Colchesterviews,"@Colchesterviews, @DWP",2019-08
2019-08-07,rhonddabryant,Labour,This is @AndyMcDonaldMP’s response to the interrail announcement. https://t.co/77NeCL23AD,tom_watson,@AndyMcDonaldMP’s,2019-08
2019-08-07,edwardjdavey,Liberal Democrat,@SaleyhaAhsan Welcome to the family Saleyha!,SaleyhaAhsan,@SaleyhaAhsan,2019-08
2019-08-07,willquince,Conservative,We are going to restore trust in our democracy and leave the EU by 31 October. https://t.co/cDjnSYriBf,BorisJohnson,,2019-08
2019-08-07,dominicraab,Conservative,"Great meeting with UK Foreign Secretary Dominic Raab and US Ambassador to the UK Woody Johnson today. The US-UK special relationship is strong and will become stronger yet, including on trade, global security, and cutting edge technologies such as 5G. https://t.co/BkvvLhPXAh",AmbJohnBolton,,2019-08
2019-08-07,leodochertyuk,Conservative,We are going to restore trust in our democracy and leave the EU by 31 October. https://t.co/cDjnSYriBf,BorisJohnson,,2019-08
2019-08-07,aloksharma_rdg,Conservative,"#UKaid allows NHS medics, like Becky, to respond to crises around the world. The experience and skills they bring home are a huge benefit to our #NHS 

#100WaysAidWorks for the UK and the world

#GlobalBritain https://t.co/LuLuVi6xUP",,,2019-08
2019-08-07,stevebakerhw,Conservative,"Honoured to meet @VP Mike Pence after arriving in Washington for first visit as Foreign Sec. 🇬🇧🇺🇸 alliance is essential for global security &amp; defending international rules-based system. Held wide-ranging talks, inc on China, Iran &amp; huge potential for a post-Brexit trade deal https://t.co/UhSic0futf",DominicRaab,@VP,2019-08
2019-08-07,catherinewest1,Labour,Just a few days to go until Finsbury Park turns 150!! 🎂🍾🎊 we hope you can join us in the park on Saturday! https://t.co/Humptwytst,FinsParkFriends,,2019-08
2019-08-07,annamcmorrin,Labour,"""If you can only be tall because somebody is on their knees, then you have a serious problem. And my feeling is white people have a very, very serious problem, and they should start thinking about what they can do about it.” 

Rest In Power Toni Morrison

https://t.co/KD0mukv4x0",keithboykin,,2019-08
2019-08-07,joswinson,Liberal Democrat,"Applications are open to join our team as Administrator, providing vital day to day support at a hugely exciting time.

Looking for someone who is very organised and has a great eye for detail. If that's you, apply here #JoinJo

https://t.co/zwPsposgyG",,,2019-08
2019-08-07,stellacreasy,Labour (Co-op),@WKGrainger1 @WarmongerHodges I'm glad to hear you have some friends- I'd wager life would be even better if you spent more time with them enjoying life than on here calling people silly names because you disagree with them..,WKGrainger1,"@WKGrainger1, @WarmongerHodges",2019-08
2019-08-07,derbychrisw,Labour,"Wow, this is a brazen-faced tweet from @CA_TimB. He wants the right to use dogs to chase, maim and mutilate wildlife.

Let me be clear for the record Tim; I'm proud of my time as a hunt saboteur, protecting wild animals from cruelty, and I have the utmost respect for today's sabs https://t.co/Jd6QoIbjb4",CA_TimB,@CA_TimB.,2019-08
2019-08-07,chionwurah,Labour,"This is so funny, whilst being scarily symbolic. How many sides do you think one country deciding to go it alone should  have? You want to leave the EU &amp; still be on the same side as the EU in negotiations w the EU? Just how entitled does your sense of entitlement get? https://t.co/dJmaMGCTNb",Jacob_Rees_Mogg,,2019-08
2019-08-07,madeleinemoon,Labour,"55,435 people signed our petition calling on the Govt to #Scrap6Months. There is clear public appetite to improve the system for terminally ill people, it's time @BorisJohnson got on with it. @mndcampaigns @MarieCuriePA https://t.co/BGe84jq5AF",MarieCuriePA,"@BorisJohnson, @mndcampaigns, @MarieCuriePA",2019-08
2019-08-07,tony4rochdale,Labour,"Tory ‘NHS week’ really is a shambles:

🤦🏻‍♂️Trying to unpick Osborne’s Tory pension rules for doctors.

🤦🏻‍♂️Cash announcement unravelled as not new money. 

🚨Still no credible plan to deal with 100,000 staff shortages &amp; falling GP numbers.
 https://t.co/02M0KhkIGz",JonAshworth,,2019-08
2019-08-07,toniaantoniazzi,Labour,"Have you seen the amazing @nationaltrust sunflowers at Rhossili yet? 😍 
You can get a @Refill at the outside water taps at the NT shop and @BayBistroGower, and inside The Causeway opposite, by the car park.

#rhossilisunflowers  @GowerNT @lovegower @visitwales @VisitSwanseaBay https://t.co/0J77Pq3Hg4",RefillGower,"@nationaltrust, @Refill, @BayBistroGower,, @GowerNT, @lovegower, @visitwales, @VisitSwanseaBay",2019-08
2019-08-07,victoriaprentis,Conservative,@VictoriaPrentis @MattHancock @robertcourts @sajidjavid @OUH_Horton @OUHospitals @saveourhorton We are grateful to @VictoriaPrentis and @robertcourts and @ianhudspeth for their support of @OUH_Horton and look forward to jointly making the case for future investment in the Horton General Hospital.,BrunoHolthof,"@VictoriaPrentis, @MattHancock, @robertcourts, @sajidjavid, @OUH_Horton, @OUHospitals, @saveourhorton, @VictoriaPrentis, @robertcourts, @ianhudspeth, @OUH_Horton",2019-08
2019-08-07,rossthomson_abz,Conservative,"Scottish Labour members were vital in keeping our Union together in 2014. Many will be looking on in horror today.

Labour is clearly willing to break up the Union in the hunt for power, leaving only the @ScotTories  as the party defending a strong Scotland in the United Kingdom. https://t.co/Qqae9CoO8I",StephenKerrMSP,@ScotTories,2019-08
2019-08-07,debbie_abrahams,Labour,Today all Labour MPs in Greater Manchester wrote to the new Fire Minister calling on government to end austerity and invest in @manchesterfire in the forthcoming Spending Review. Investment in the fire service should not be a political choice but a moral imperative. https://t.co/ZnDfZE37Bb,LucyMPowell,@manchesterfire,2019-08
2019-08-07,andymcdonaldmp,Labour,"We have a new Transport Secretary but the same failing policies. 

The decision to gift a contract extension to Go-Ahead despite the company's abysmal track record is rewarding failure &amp; shows the Tories have no idea how to improve Britain’s railway. https://t.co/Bw6CqTX9Ev",,,2019-08
2019-08-07,trussliz,Conservative,Moving UK-US trade forward with Ambassador Lighthizer. #freetrade #stateside #stateofreadiness #traders 🇬🇧🇺🇸 @ US Trade Representative https://t.co/BpxaF2eBjE,,,2019-08
2019-08-07,rebeccaharrismp,Conservative,One of my favourite Toni Morrison’s quotes - ‘If you have some power then your job is empower somebody else’. Which is why I mentor working class @Conservatives Parliamentary candidates. #ExtendTheLadder https://t.co/UQ8KuOJc83,Nus_Ghani,@Conservatives,2019-08
2019-08-07,stephenlloydebn,Liberal Democrat,"Cheryl Foreman of Mucky Mermaids @ DC1 (67 Seaside Road). Exhibition of her work and others, with Learning disabilities, showing with creativity the detritus collected from Eastbourne beach. Fri/Sat this week. Thx to Wyntercon &amp; Devonshire West Big Local for their support. https://t.co/1KrXF0DaCn",,,2019-08
2019-08-07,laboursj,Labour,You can watch @JackieLongc4’s full report here: https://t.co/4ClpjQWGig,Channel4News,@JackieLongc4’s,2019-08
2019-08-07,lukepollard,Labour (Co-op),Plymouth has such a good story to tell about all things Marine. Really pleased there are events throughout the summer about the sea as we build up the campaign for Plymouth Sound to be the UK’s first National Marine Park https://t.co/dTd2XNsuy9,Bluemarinef,,2019-08
2019-08-07,pauljsweeney,Labour (Co-op),"@LiberalDespot @campbellclaret And the same is true of some SNP colleagues, like Pete Wishart, who didn't vote for a confirmatory referendum.",LiberalDespot,"@LiberalDespot, @campbellclaret",2019-08
2019-08-07,cpjelmore,Labour,"Pleased to pop along to @LlanharanDropi1's play day today where over 600 local families were taking part in a quite incredible array of activities on offer. 

A big thank you to everyone at #Llanharan Drop-in for everything they continue to do for our local communities. https://t.co/kpyM8uKMoz",,@LlanharanDropi1's,2019-08
2019-08-07,preetkgillmp,Labour (Co-op),@WHFGreenGrafter @BhamCityCouncil @PeterJFowler7 @Harborne_Jayne Happy to help please email me preet.gill.mp@parliament.uk or call the office 0121-392-8426.,WHFGarden,"@WHFGreenGrafter, @BhamCityCouncil, @PeterJFowler7, @Harborne_Jayne, @parliament.uk",2019-08
2019-08-07,annaturley,Labour (Co-op),Pizza chain Domino's has spent £7 million ($8.5 million) to stockpile imported ingredients that might not be available if Britain crashes out of the European Union https://t.co/Q1qhcwxo9Z,CNN,,2019-08
2019-08-07,chukaumunna,Labour,"Dominic Cummings is wrong. As long as Parliament is sitting, which it will be, MPs can prevent a No Deal Brexit by mandating government to request an extension to Article 50. #DemandBetter #StopBrexit https://t.co/7sPfcjALvs",,,2019-08
2019-08-07,alisonthewliss,Scottish National Party,@Wais_together @KirstyStricklan You can't possibly know if it's possible to store anything in that. 😂,Wass2020,"@Wais_together, @KirstyStricklan",2019-08
2019-08-07,lsrplaid,Plaid Cymru,"From where will you be travelling to the March for Independence in Merthyr on 7 September? #AUOBMerthyr

O ble fyddwch chi'n teithio i'r Orymdaith dros Annibyniaeth ym Merthyr Tudful ar 7 Medi? #AUOBMerthyr https://t.co/utN9yLhutv",AUOBCymru,,2019-08
2019-08-07,angusmacneilsnp,Scottish National Party,"Emma Barnett pointing out to Ian Murray MP that Scot Lab with 9% in recent Euro election can't offer much to Lab in London &amp; are written off.. 
Also note Murray supports second Brexit Ref without a mandate but not 2nd for Scot despite Brexit change.  
#bbcnewsnight @BBCNewsnight",,@BBCNewsnight,2019-08
2019-08-07,douglas4moray,Conservative,Coverage of the £350million contract signed by @DefenceHQ Minister @annietrev to maintain Typhoon engines across the UK. The contract will secure jobs at @RAFLossiemouth and have a positive impact at the base and the wider Moray community. https://t.co/Z44YYWuy8E,,"@DefenceHQ, @annietrev, @RAFLossiemouth",2019-08
2019-08-07,stevebakerhw,Conservative,"Could a dark horse replace Mark Carney at the Bank of England? As the governor himself proved, it isn't always the front runner who wins the race https://t.co/bdjV6E4BvP https://t.co/VQ90ybNRSP",telebusiness,,2019-08
2019-08-07,lukehall,Conservative,Thank you @LukeHall for visiting our @CamdenRTS service to see how we are working to end street homelessness in Camden. https://t.co/MROYr20f69,changegrowlive,"@LukeHall, @CamdenRTS",2019-08
2019-08-07,angusmacneilsnp,Scottish National Party,#bbcgms strange how Lab MP Ian Murray at times goes on about internationalism but then can't even agree with Labour from England on a second independence referendum. 🤷😁,,,2019-08
2019-08-07,peterkyle,Labour,"@UnwinStanley No such thing, sorry. At each election voters choose who to represent them, at that time parliament becomes sovereign.",UnwinStanley,@UnwinStanley,2019-08
2019-08-07,victoriaprentis,Conservative,"We have moved! Our new office is ready for its first official working week. You can now find us at Wykham Park Farm, Banbury, OX16 9UP. All our other contact details remain the same 🖥📦💙 #newdigs #officemove https://t.co/vP2rCv4YY2",NorthOxonCons,,2019-08
2019-08-07,neill_bob,Conservative,"Following partnership working with @MPSBromley, the unauthorised encampment on #Chislehurst Common is coming to an end, with vehicles and caravans leaving later today.",LBofBromley,"@MPSBromley,",2019-08
2019-08-07,edvaizey,Conservative,Call for research proposals! We're seeking projects that will contribute to independent evidence to support the continued success of the UK's creative industries. We've identified four main areas of research need. Deadline: 30/09/19. Find out more &amp; apply: https://t.co/5dtxFj4CeP https://t.co/sstOVA0sxi,CreativePEC,,2019-08
2019-08-07,petergrantmp,Scottish National Party,"This is @LabourRichard's pivotal moment.  If he asserts Labour's existing policy (against a referendum), the Shadow Chancellor's position becomes untenable.   McDonnell won't have to resign, but it is a catastrophic fail.  Just think of the next SNP election broadcast... https://t.co/3QOHA6FCXN",iainmacwhirter,@LabourRichard's,2019-08
2019-08-07,pauljsweeney,Labour (Co-op),"Absolute nonsense from @NicolaSturgeon.  The SNP have voted over 30times with Labour this year as we tried to avoid No Deal  

No mention of the SNP voting against things that could've taken No Deal off the table: 
- Common Market 2.0
- A customs Union
- Labour's alternative Plan https://t.co/Se7LYvCYgS",ThinkSharpe,@NicolaSturgeon.,2019-08
2019-08-07,lucyallan,Conservative,"Meeting Dawley Bank residents today to talk about impact of new build on their lives: constant noise, vibrations, dust, construction traffic, loss of amenity, ⁦@TaylorWimpey⁩ ⁦@TelfordWrekin⁩ we need to talk about rights of existing residents @NewTownsAPPG⁩ https://t.co/Yg1zVOuUbU",lucyallan,"@TaylorWimpey⁩, @TelfordWrekin⁩, @NewTownsAPPG⁩",2019-08
2019-08-07,peterkyle,Labour,"@Blueacres11 Dr Stupid please, pfftt 🤷🏻‍♂️",,@Blueacres11,2019-08
2019-08-07,thomasbrake,Liberal Democrat,"""It's very, very frightening... but I will not let the bullies win""

MPs describe the abuse they receive online – from racist insults and rape threats, to pictures of decapitated bodies

[tap to expand] https://t.co/0pRHevN2eu https://t.co/kYv1nHbXpx",BBCPolitics,,2019-08
2019-08-07,rushanaraali,Labour,"Tory ‘NHS week’ really is a shambles:

🤦🏻‍♂️Trying to unpick Osborne’s Tory pension rules for doctors.

🤦🏻‍♂️Cash announcement unravelled as not new money. 

🚨Still no credible plan to deal with 100,000 staff shortages &amp; falling GP numbers.
 https://t.co/02M0KhkIGz",JonAshworth,,2019-08
2019-08-07,david_duguid,Conservative,"@AlanBrownSNP @Christia_Allard @jrclarkbf800 @scotgov @theSNP @sff_uk That was in Dec 18. Before the first vote on the WA - which, even if we had entered the backstop would have meant coming out of the CFP.
However, @theSNP voted against THAT.
Here is the LATEST amendment (Apr 19) to the BIll. Can I count on your support for that @AlanBrownSNP ? https://t.co/4iw0zPVwWo",AlanBrownSNP,"@AlanBrownSNP, @Christia_Allard, @jrclarkbf800, @scotgov, @theSNP, @sff_uk, @theSNP, @AlanBrownSNP",2019-08
2019-08-07,debbie_abrahams,Labour,"Over 50% of all refugees are children.
👧🏾👶🏻🧑🏽🧒🏻👩🏾👶🏼👦🏿👧🏻👶🏾🧑🏿👦🏽👧🏿🧑🏾👱🏼‍♀️👦🏾👧🏽 https://t.co/QKuhms178B",Refugees,,2019-08
2019-08-07,yasminqureshimp,Labour,"It’s almost unbelievable that some children in #Bolton will be going back to school in September malnourished. Help @UrbanOutreachUK do something about it. £1, per child, per day.

https://t.co/L1ufy2LG1m

#schoolholidayhunger #packedlunchproject #iloveboltonbecause https://t.co/ngcN08RoVE",Boo_Global,@UrbanOutreachUK,2019-08
2019-08-07,stevebakerhw,Conservative,"Home Secretary @patel4witham, Chancellor of the Duchy of Lancaster @MichaelGove and Transport Secretary @GrantShapps visited Dover today to see how border and port agencies are preparing for #Brexit. https://t.co/idxAgs0j92",ukhomeoffice,"@patel4witham,, @MichaelGove, @GrantShapps",2019-08
2019-08-07,stellacreasy,Labour (Co-op),"@shirkerism Yours is an argument about the power each institution has and how they interact, not for separation. It is possible to construct a form of devolution that truly empowers people beyond town halls and parliaments and enables them to cooperate on shared goals.",shirkerism,@shirkerism,2019-08
2019-08-07,alisonthewliss,Scottish National Party,"""I have tried really hard not to come with the baby, but today I had an emergency - what was I supposed to do?""

MP and mother Zuleika Hassan calls on Kenya's parliament to create a more ""family-friendly atmosphere""

https://t.co/l0sOl52lyj",BBCWorld,,2019-08
2019-08-07,nsoames,Conservative,@JimmyRDee @IainDale #thankyousomuchJames,JimmyRDee,"@JimmyRDee, @IainDale",2019-08
2019-08-07,coyleneil,Labour,Can anyone recognise the team who signed this cricket bat from their signatures? Help me out Twitter! https://t.co/UBCRvSyVyF,,,2019-08
2019-08-07,joanryanenfield,Labour,Congratulations @LouiseEllman you will be a brilliant chair of LFI.  I am very much looking forward to continue working with you. https://t.co/nPM8XGsRxP,_LFI,@LouiseEllman,2019-08
2019-08-07,jessphillips,Labour,If you’ve been a victim of crime can I urge you to take part in this consultation to get a Victims code that’s fit for purpose @AppgCsa https://t.co/rIELRptcZ7,SarahChampionMP,@AppgCsa,2019-08
2019-08-07,laboursj,Labour,"Tory ‘NHS week’ really is a shambles:

🤦🏻‍♂️Trying to unpick Osborne’s Tory pension rules for doctors.

🤦🏻‍♂️Cash announcement unravelled as not new money. 

🚨Still no credible plan to deal with 100,000 staff shortages &amp; falling GP numbers.
 https://t.co/02M0KhkIGz",JonAshworth,,2019-08
2019-08-07,pauljsweeney,Labour (Co-op),"@R_McCormack @LloydAMelville @DouglasDaniel Alas, I fear there isn't a malt whisky potent enough to anesthetise us from your insipid condescension.",,"@R_McCormack, @LloydAMelville, @DouglasDaniel",2019-08
2019-08-07,mike_fabricant,Conservative,"These #remainers are not only rude and foul mouthed, they are boringly unoriginal too. Sad. https://t.co/i2QRenHoS3",,,2019-08
2019-08-07,jamesduddridge,Conservative,Congratulations on your appointment @ChrisPincher.  Looking forward to working with you on matters #Gibraltar and #Brexit.  More formal congrats letter in the post!  Very best wishes. https://t.co/tebfwpj2Yz,FabianPicardo,@ChrisPincher.,2019-08
2019-08-07,sharonhodgsonmp,Labour,"Tory ‘NHS week’ really is a shambles:

🤦🏻‍♂️Trying to unpick Osborne’s Tory pension rules for doctors.

🤦🏻‍♂️Cash announcement unravelled as not new money. 

🚨Still no credible plan to deal with 100,000 staff shortages &amp; falling GP numbers.
 https://t.co/02M0KhkIGz",JonAshworth,,2019-08
2019-08-07,gwynnemp,Labour,@RoyDriver1 @stockportnews @SosValeview Thanks Roy!,,"@RoyDriver1, @stockportnews, @SosValeview",2019-08
2019-08-07,normanlamb,Liberal Democrat,"@PaulaMc007 @TRMcGow @ShaunLintern @leder_team @cj_dinenage @KeeleyMP @normanlamb @dan_scorer @HSJnews Well done Paula, but at the same time so sad that you had have to fight for what should have happened straight away - a proper, honest, expert investigation (involving you at every stage) into why Oliver died &amp; what changes are needed to stop it happening again.",JamesTitcombe,"@PaulaMc007, @TRMcGow, @ShaunLintern, @leder_team, @cj_dinenage, @KeeleyMP, @normanlamb, @dan_scorer, @HSJnews",2019-08
2019-08-07,lucyallan,Conservative,Well done! https://t.co/MqKiyhLTiv,LoveStGeorges,,2019-08
2019-08-07,jeremycorbyn,Labour,Toni Morrison undoubtedly one of the greatest writers of her generation #RIPToniMorrison  https://t.co/YB9barVbSE,HackneyAbbott,,2019-08
2019-08-07,rossthomson_abz,Conservative,"Jeremy Corbyn and John McDonnell would happily sell Scotland down the river if they thought it could give them a sniff of power. 

That's a betrayal of the 2 million Scots - including thousands of Labour voters -  who voted to stay part of the UK. https://t.co/KmEelVEiOg",ScotTories,,2019-08
2019-08-07,theresecoffey,Conservative,Minister Thérèse Coffey visited Whaley Bridge today to thank #TeamEA and partners @DerbysPolice @DerbyshireCC @DerbyshireFRS @CanalRiverTrust for their multi-agency response @RuthGeorgeMP https://t.co/e3BojCsDGQ,EnvAgencyNW,"@DerbysPolice, @DerbyshireCC, @DerbyshireFRS, @CanalRiverTrust, @RuthGeorgeMP",2019-08
2019-08-07,lucyallan,Conservative,@thehumpher Two nights in a row!!?,,@thehumpher,2019-08
2019-08-07,ianclucas,Labour,This is the fifth year we have worked on this project in Wrexham. It was not necessary when we had a Labour Government. https://t.co/OPBvXMSrgt,,,2019-08
2019-08-07,anna_soubry,Conservative,"The real question is how much more will moderate Labour MPs, members &amp; supporters take before they follow the lead of former colleagues and leave the #Labour party? https://t.co/qio9iIAuSC",PeterHoskinsTV,,2019-08
2019-08-07,andymcdonaldmp,Labour,And a generation of young adventurers lose out because of privatised interests. Copying in @AndyMcDonaldMP who I’m sure will be appalled by this isolationist and self-defeating announcement https://t.co/btvJ7ovcwW,tom_watson,@AndyMcDonaldMP,2019-08
2019-08-07,alanmakmp,Conservative,Good to catch up with @Pompey Chief Executive Mark Catlin to discuss their great community engagement work. Portsmouth FC enjoy great support across the #Havant constituency and I'm looking forward to working more with Mark and his team! #PUP https://t.co/J7uU9sCm9c,,@Pompey,2019-08
2019-08-07,drewhendrysnp,Scottish National Party,"Highland Council response to overnight extreme weather – Inverness, Badenoch and Strathspey https://t.co/29v3L2F8AH",HighlandCouncil,,2019-08
2019-08-07,debbie_abrahams,Labour,"More on the embarrassing shambles that is Tory ‘NHS week’.  

🤦🏻‍♂️ First they make a mess misleading everyone with their supposed new cash announcement.

🙀Now if turns out they can’t even competently u-turn on the Osborne pension changes they themselves imposed. https://t.co/SlNGJa4NBh",JonAshworth,,2019-08
2019-08-08,hywelplaidcymru,Plaid Cymru,"Unrhyw un arall yn defnyddio ""shout on"" (e.e.go and shout on Elsi to say her dinner is ready)? Wedi ei glywed yn cael ei ddefnyddio yn gyson yn Ne Affrica ac yn ei glywed yn amlach gan siaradwyr Cymraeg iaith gyntaf. ""Gweiddi ar"" yn cael ei gyfieithu i ""shout on"", mae'n debyg.",ManonRadge,,2019-08
2019-08-08,gwynnemp,Labour,"Update: This line is now running a good service.
https://t.co/OLZ493vNzU",MCRMetrolink,,2019-08
2019-08-08,judithcummins,Labour,Festival will bring music and food from around the world to Bradford this weekend https://t.co/gmSMRJ5eYR,CllrRalphBerry,,2019-08
2019-08-08,shabanamahmood,Labour,"📻 LISTEN: The UK Government has a unique responsibility to help ensure the rights of the Kashmiri people are upheld.

@DominicRaab must take a strong stance against the deeply provocative action taken by the Indian Government.

🎙️ @bbcasiannetwork | #Kashmir https://t.co/cybWjAHmi4",,"@DominicRaab, @bbcasiannetwork",2019-08
2019-08-08,dr_philippaw,Scottish National Party,@ChildOfAlba @JonathanElford @Lstedmanbryce @JamesfWells @Grouse_Beater And best performing NHS,ChildOfAlba,"@ChildOfAlba, @JonathanElford, @Lstedmanbryce, @JamesfWells, @Grouse_Beater",2019-08
2019-08-08,dr_philippaw,Scottish National Party,"@madeye611 @D_G_Alexander AYE
Right up the workers🤬
Labour GCC maliciously shafted workers for a Decade in denying women Equal Pay 
Aided &amp; Abetted by Labour’s Richard Leonard who was Union Officer 
Not forgetting Mr Gaffney who played a starring role &amp; forgot he was a Labour MP
https://t.co/NeCOSlmyvD https://t.co/V9f4qZonmg",Sheilam19534814,"@madeye611, @D_G_Alexander",2019-08
2019-08-08,borisjohnson,Conservative,"""The NHS is revered for the world-class care it provides every day. Today's funding is not just about the future of care though. It will also boost the frontline by automating admin tasks and freeing up staff to care for patients."" – PM @BorisJohnson https://t.co/GBx3heAAMc",10DowningStreet,@BorisJohnson,2019-08
2019-08-08,rogergodsiff,Labour,"Very concerned about what is happening in Kashmir. The intentions by PM Modi and the BJP to change the special status of Kashmir is unwarranted and, I regret to say, is likely to be fiercely resisted by the Muslim community in Indian-occupied Kashmir.",,,2019-08
2019-08-08,sdoughtymp,Labour (Co-op),"Gaps on our supermarket shelves a week after No Deal Brexit.

30-40% of our produce comes from the EU.

This is not ""project fear"". This is the former CEO of Sainsbury's.

https://t.co/UxDgp8lCBq",DavidLammy,,2019-08
2019-08-08,mike_fabricant,Conservative,"@AmbJohnBolton Looking very smart there, @AmbJohnBolton! @trussliz is too, with her bright red, means business dress! Cheers to U.S.-U.K. great alliance!",CrisYorke,"@AmbJohnBolton, @AmbJohnBolton!, @trussliz",2019-08
2019-08-08,gavnewlandssnp,Scottish National Party,@MackieJonathan Excellent! Really enjoying my holiday but looking forward to watching this on iplayer when I get back.,MackieJonathan,@MackieJonathan,2019-08
2019-08-08,stevebakerhw,Conservative,You can’t beat British beef https://t.co/qeao8g8IZI,michaelgove,,2019-08
2019-08-08,carolynharris24,Labour,@carolynharris24 can you RT to help find a host? Many thanks 🤞🏼 https://t.co/fTPVTCplEO,tozagurl,@carolynharris24,2019-08
2019-08-08,simon4ndorset,Conservative,"Some of the reasons we're backing #Farm24 today...

🌍World-leading standards
🍲Roast beef and Yorkshire pud
👩‍🌾Four million jobs
🍳Fried egg in the morning
🌿Stunning countryside
🐏Sheep!
💷£122bn to the economy
🧀Cheese

What do you love about #British #food and #farming? https://t.co/AZ42jCGHOB",NFUCountryside,,2019-08
2019-08-08,nsoames,Conservative,@katieculture @ChartwellNT #youwerebrilliantonChartwellprogramme,katieculture,"@katieculture, @ChartwellNT",2019-08
2019-08-08,thelma_dwalker,Labour,"Dark Woods will be hosting a supper club on the eve of Sat 10th August. We’ll be handing over the reigns to Miriam of Miriam’s Kitchen in Kirkburton. Her forte is honest home cooking with sophisticated flavours &amp; elegant presentation.
BYOB!
Bookings here: 
https://t.co/t6ldLgQ4Qy https://t.co/IZRWdYOckG",DarkWoodsCoffee,,2019-08
2019-08-08,stevebakerhw,Conservative,"ICYMI 👇

""If Remainer Conservatives drive us to a general election we are going to need a pact with the Brexit Party in order to survive. The manifesto for that will have to be one which the Brexit Party and its voters approve of.""

https://t.co/MnFP9wCV1K",SteveBakerHW,,2019-08
2019-08-08,dr_philippaw,Scottish National Party,@alijmcc @Cllr_McVitie Not being well enough is a clinical reason - but getting cancelled because of lack of beds or theatre time or surgeon illness etc are the ‘hospital reasons’,alijmcc,"@alijmcc, @Cllr_McVitie",2019-08
2019-08-08,annietrev,Conservative,"An opportunity to shape Leadership Thinking 

Leadership Workshop
8-11 Oct at DCDC 

High calibre CPO/PO/LH/AB Naval Servicemwomen to be part of RNLA team. Volunteers should have strong leadership qualities and be comfortable doing something different! 
Details on Modnet NSN page",navy_women,,2019-08
2019-08-08,angusmacneilsnp,Scottish National Party,Thanks Paisley Tannahil ... Individual members have until 9am tomorrow to email National Sec that they support the McEleny/MacNeil amendment! https://t.co/EGSrku7B4n,kennymaclaren,,2019-08
2019-08-08,pauljsweeney,Labour (Co-op),Fantastic news! https://t.co/bHZ5NiB8de,scotrefcouncil,,2019-08
2019-08-08,chionwurah,Labour,My statement on the return of my constituent deported in error who has  Stage 4 Cancer   https://t.co/BDlUqypMTQ,,,2019-08
2019-08-08,cpjelmore,Labour,"Asda shoppers will be horrified by this.

It's time Asda listened to it's workers and backed @GMB_union's demand for a better deal ↓
https://t.co/Tx8UaXn73u",,@GMB_union's,2019-08
2019-08-08,jamie4north,Liberal Democrat,"The lessons of Brexit are the lessons for independence – breaking up is hard to do.  

My new piece on Scottish Labour and why Scotland’s place in our country should never be a subsidiary part of a deal to get the keys to Downing Street. 

https://t.co/Or6jYiXrji",willie_rennie,,2019-08
2019-08-08,nicdakin55,Labour,Useful article pointing out that rich members of the nobility are not seen to be part of the establishment by new Chief Govt adviser’s who is a self-appointed genius Pretty clear he’s on the side of the well heeled. | The Independent https://t.co/FhPgThnyjz,,,2019-08
2019-08-08,toniaantoniazzi,Labour,@BrianGr59263249 @BaileysShakes @Hanseizuremum Detailled cost analysis of cases is being done...,BrianGr59263249,"@BrianGr59263249, @BaileysShakes, @Hanseizuremum",2019-08
2019-08-08,richardburgon,Labour,@jamespaylor32 Well spotted!,,@jamespaylor32,2019-08
2019-08-08,tpearce003,Labour,"THE TIMES: Don’t take us for fools, top scientist warns PM #tomorrowspaperstoday https://t.co/wQr1pmKURx",hendopolis,,2019-08
2019-08-08,cgreenuk,Conservative,Great to see new visa plans from @No10 and @HomeOffice. These will help us attract even more great talent in our fast-growing tech sector - from data scientists to AI pioneers - @DCMS look forward to playing our part in making this happen https://t.co/l0Dwed3Rul,NickyMorgan01,"@No10, @HomeOffice., @DCMS",2019-08
2019-08-08,joanryanenfield,Labour,"Slain student Dvir Sorek, 19, had a ‘heart of gold,’ teachers say

May his memory be a blessing 
https://t.co/Y3MErurHCe",WeBelieveIsrael,,2019-08
2019-08-08,borisjohnson,Conservative,"A very happy #InternationalCatDay to our Chief Mouser, Larry. https://t.co/9tkVdsBdEr",,,2019-08
2019-08-08,cskidmoreuk,Conservative,"@MattHancock @NHSX .@TheCrick are already using cutting-edge computing and artificial intelligence to develop health innovations.

With £250m funding, @NHSX will use groundbreaking technology like this to deliver further improvements for patients and clinicians.

More info👉https://t.co/AxoUXluMLO https://t.co/1bBPEbMvqB",DHSCgovuk,"@MattHancock, @NHSX, @TheCrick, @NHSX",2019-08
2019-08-08,wesstreeting,Labour,Rows on Twitter are going to make people switch off from Labour antisemitism https://t.co/PbpLmGdQmm via @jewishchron,lmharpin,@jewishchron,2019-08
2019-08-08,hugoswire,Conservative,"The new PM has a negative net favourability rating across the whole country. He is most unpopular in Scotland (-48) and London (-31), and least unpopular in the East of England (-7) and the South West (-8) https://t.co/IkZOInhxpN https://t.co/zMNbQN4dQt",YouGov,,2019-08
2019-08-08,edvaizey,Conservative,Very excited to reveal our latest #SheStartedIt100 list: top 10 women to watch in the arts 2019. These women are *so* inspiring: https://t.co/HI3UtMffKF 💥💥💥 https://t.co/iyZeJ5pjPj,jellymalin,,2019-08
2019-08-08,peterkyle,Labour,"#OTD 1997. Labour reach 100th day in Gov. They list achievements as: 

BOE Independence
Land Mines ban
Hand guns ban
Social Chapter
£1.3bn hospital building programme
Healthy school meal for every child
VAT fuel cut
NI Peace talks 
£1bn for education
Devolution 

Poll lead is 34% https://t.co/ZvHb7tKYdw",labour_history,,2019-08
2019-08-08,karlturnermp,Labour,"Aggressive seagulls trying to snatch people's food have long been a nuisance in Britain. Now, a new study proposes a different approach: staring them down. https://t.co/vrOTklymmf",nytimesworld,,2019-08
2019-08-08,nicdakin55,Labour,Along with many other MPs I have signed this letter to UN Secretary General in relation to #Kashmir https://t.co/GAyPHHdlvr,Faisal__Rashid,,2019-08
2019-08-08,mpiainds,Conservative,"""We certainly don't anticipate culling dairy cows"" UFU president Ivor Ferguson has said, adding that the figure of 45k cows appeared to have been ""plucked out of the air""

""I don't agree with it and nobody in the Ulster Farmers' Union would agree with it,"" https://t.co/o4eXiaAjgK",StandUp4Brexit,,2019-08
2019-08-08,gradysnp,Scottish National Party,Leaving #Shetland on @NLFerries MV Hjaltland after a great couple of days on the campaign trail w @theSNP @tprwills - really hope to see the isles elect a genuine local champion #voteSNP #activeSNP #TideisTurning https://t.co/4B1G3xWSKY,,"@NLFerries, @theSNP, @tprwills",2019-08
2019-08-08,paulasherriff,Labour,"In week Tories tried to mislead on NHS cash, we get verdict on Tory NHS:
💥4 hour A&amp;E target not met for 4 years.
💥436 patients left waiting longer on trolleys in July, compared to just 6 in 2011.
💥Failed to meet 6 out of 8 cancer targets. 
💥4.4million waiting for treatment. https://t.co/n4NHUXF5Ly",JonAshworth,,2019-08
2019-08-08,alanbrownsnp,Scottish National Party,"A brief roundup of the Newmilns Food Festival for 2018 with Special Guest Chef, Gary Maclean, 2016 Masterchef Winner and Scotland's First National Chef - 15 and 16 September 2018!! @LoveNewmilns Chef Gary Maclean #Scotfooddrink #Scotfoodfort #Events #Festival #Scotland https://t.co/hrHZI3RcrJ",LoveNewmilns,@LoveNewmilns,2019-08
2019-08-08,toniaantoniazzi,Labour,"Epileptic children &amp; adults suffer every day, we have a watchdog that is spineless &amp; pathetic.I've seen with my own eyes the difference #MedicalCannabis makes. It's undeniable the potential this medicine has, but who will show some backbone? @Hanseizuremum https://t.co/Qveb4W3jLE",,@Hanseizuremum,2019-08
2019-08-08,thangammp,Labour,Goodwill repeatedly said Ministers had conversations with devolved Assemblies. There is no NI Assembly so who have they talked to ? https://t.co/kiwi1Gfyi9,karinsmyth,,2019-08
2019-08-08,grahamemorris,Labour,"We can't let child hunger and school poverty become normalised. We mustn't accept this. Political austerity engineered, perpetuated and defended by the Tories and the LibDems has led to this national scandal. Only Labour will tackle this 🌹🌹🌹 https://t.co/faraJdNNkW",gletherby,,2019-08
2019-08-08,brandonlewis,Conservative,As it is #InternationalCatDay ..... our own Bobster doing his best ‘I’m good really’ pose😀 https://t.co/IUlo6mCxMk,,,2019-08
2019-08-08,stevebakerhw,Conservative,"Gorgeous Dixie was only a year old when she went missing. It only took a few seconds for Dixie to realise this was her family.
Thankful she was micro chipped, this was up to date and registered. 
Dixie is finally going home. The tears were not mine, promise. #P6027 https://t.co/N1i5w2ZDbz",TVP_Wycombe,,2019-08
2019-08-08,ianmurraymp,Labour,"""McDonnell has run rough-shod over the leadership and policymaking bodies of the party in Scotland."" @DJohnsonMSP in @TheScotsman 

https://t.co/TVHe56P9eg",wornoutmumhack,"@DJohnsonMSP, @TheScotsman",2019-08
2019-08-08,catmckinnell,Labour,Asda needs to work with @GMB_Union to ensure that staff get a fair deal  https://t.co/OOXWMbCnDE,,@GMB_Union,2019-08
2019-08-08,debbie_abrahams,Labour,"Not going so well then for liar Johnson and his appalling, barely legitimate government. Shortest honeymoon in history? About a week? Time for the people to have the #FinalSay on #Brexit and this bunch... https://t.co/TQSGQKQAVB",SDoughtyMP,,2019-08
2019-08-08,ianlaverymp,Labour,"The attacks and threats on the workforce at ASDA is beyond belief in 2019. This type of intimidation should be resisted at every juncture. I fully support the @GMB_union in their campaign to fight back against this company ✊
 https://t.co/3gxc94Qghj",,@GMB_union,2019-08
2019-08-08,petergrantmp,Scottish National Party,This is how decent white people who tell the truth about slavery on plantations are reviewed by white people. https://t.co/xiomBzPpWl,sairasameerarao,,2019-08
2019-08-08,hugoswire,Conservative,"💙 Prime Minister @BorisJohnson has announced £250 million to boost the use of AI in the NHS.

👩‍⚕️🏥 This will reduce pressure on NHS staff and ultimately save people's lives.

What else matters to you? 
Let Boris know here 👉 https://t.co/gcBK5AKiM0

https://t.co/sdxJr3uXsL",Conservatives,@BorisJohnson,2019-08
2019-08-08,timloughton,Conservative,Bingo. Vital decision from @BorisJohnson for UK science. https://t.co/cW278aXeDo,GeorgeFreemanMP,@BorisJohnson,2019-08
2019-08-08,hywelplaidcymru,Plaid Cymru,We agree with @akalamusic! https://t.co/pOmx6Wprty,We_OwnIt,@akalamusic!,2019-08
2019-08-08,nicdakin55,Labour,@paulscunny No problem unless you live in Islington!!!!,paulscunny,@paulscunny,2019-08
2019-08-08,edvaizey,Conservative,Here is Paul McCartney’s original sketch of his idea for the Abbey Road cover. https://t.co/Eiq8oXKPyP,FXMC1957,,2019-08
2019-08-08,sajidjavid,Conservative,Tonight I announced live on Facebook that we’re changing immigration rules to make it easier for scientists to live and work in the UK. https://t.co/Q6ehSZzivs,BorisJohnson,,2019-08
2019-08-08,annaturley,Labour (Co-op),Positive conference call with the Secretary of State and EY on @BritishSteelUK. Three existing steelmakers are in the running to buy the whole business &amp; an exclusivity agreement will hopefully be signed with the preferred bidder in a few days. Read more: https://t.co/tQGcEyP5nT https://t.co/U85oDOms6d,,@BritishSteelUK.,2019-08
2019-08-08,richardhrbenyon,Conservative,It's @InternatCatDay - who knew? Fundraising in Northbrook Street for @CatsProtection @parky_puss #catsprotection #sheltercats #newbury https://t.co/LbfTZDeUJZ,,"@InternatCatDay, @CatsProtection, @parky_puss",2019-08
2019-08-08,debbie_abrahams,Labour,"Kashmir: India’s ‘draconian’ blackout sets worrying precedent, warns UN

https://t.co/YBNr1VBswC",,,2019-08
2019-08-08,peterboneuk,Conservative,Still time to #VoteConservative to elect a brilliant new local councillor in #Irthlingborough in @LRCWilkes and get good things done for our community! https://t.co/KTCyu2BzlB,VotePursglove,@LRCWilkes,2019-08
2019-08-08,hackneyabbott,Labour,"Thoughts, prayers and best wishes to the PC and his loved ones. The welfare of all officers is extremely important, and is crucial for us all in the fight against serious and violent crime

https://t.co/603bmb6KYr",,,2019-08
2019-08-08,lordwalney,Labour,Well duh https://t.co/hX4SfqlEUE,Channel4News,,2019-08
2019-08-08,pauljsweeney,Labour (Co-op),"@David_Jamieson7 Not the first time I've been accused of being a Trotskyist to be fair. I personally have a clear linkage that underpins my social and economic policy vision with a utopian end state, perhaps I'll write a book one day if I have time, but I'm trying to assist constituents just now.",David_Jamieson7,@David_Jamieson7,2019-08
2019-08-08,peterkyle,Labour,"My timeline‘s chokka with Tweets saying ‘parliament isn’t sovereign the people are’.

This is so important:

Until ‘the people’ can make laws in their homes, sovereignty rests with parliament: not government, not the Queen, you or me, only parliament  👇 

https://t.co/ueMa8IcsV0",peterkyle,,2019-08
2019-08-08,bill_esterson,Labour,So the LibDems would allow No Deal to happen just to prevent Corbyn leading a government whose only task is to stop No Deal and call an election. So much for being a Remain party. https://t.co/dnLKlOMsjI,sjwrenlewis,,2019-08
2019-08-08,joanryanenfield,Labour,Increasingly clear that Corbyn Labour want Johnson to achieve his No Deal Brexit.  They can then blame the Tories for it.  And then hope to capitalise on it.  This is true Leninist Disaster Socialism in practice.,MikeGapes,,2019-08
2019-08-08,nadhimzahawi,Conservative,Positive meeting of the @BritishSteelUK support group this am. Let’s keep working to secure the future.,,@BritishSteelUK,2019-08
2019-08-08,jostevenslabour,Labour,"📰 My 2018/19 annual report is now making its way out to #Cardiff Central constituents and is a taster of what i've been working hard on as your MP over the past year.

You can also read it online using the link below 👇
https://t.co/n81WtYcxuy https://t.co/iiVGGzBrCN",,,2019-08
2019-08-08,paulasherriff,Labour,"Great to visit the Eye Clinic at Dewsbury Hospital yesterday to discuss the work they're doing to assist people living with sight conditions. Many eye conditions cannot be reversed but, with treatment, can be slowed down so if your eye test is overdue, don't delay, book it today! https://t.co/IY4mQhw6Hr",,,2019-08
2019-08-08,petergrantmp,Scottish National Party,"@IanMurrayMP Yes, correct. Opposing an Independence referendum was in your manifesto. Holding an Independence referendum was in ours.

Who won the election?",IanMurrayMP,@IanMurrayMP,2019-08
2019-08-08,gareththomasmp,Labour (Co-op),"Many thanks to all the residents of Twyford Road in West Harrow who turned out for a discussion with police officers about drug dealing, anti social behaviour etc in their ward. Many thanks to Mrs Shah in partic for chairing the ward panel @kairul_kareema @MPSHarrow @adamswersky",,"@kairul_kareema, @MPSHarrow, @adamswersky",2019-08
2019-08-08,tracybrabin,Labour (Co-op),"Shameful that Asda bosses are threatening hard-working staff with the sack if they don’t agree to a punishing contract.

Shoppers will be horrified.

It's time for Asda to listen to its workers 👇 https://t.co/m0tyKsbDHg",GMB_union,,2019-08
2019-08-08,mark_spencer,Conservative,Apologise looks like I’ve been hacked,,,2019-08
2019-08-08,hywelplaidcymru,Plaid Cymru,"@stellacreasy 1 self-determination is enshrined in UN law. 2 there’s nowt ‘egalitarian’ about the UK. 3 Ukgov has ignored Scotland over brexit. 4 Labour's ""stronger immigration control"" mugs, u need passports for that. 5 A democracy that doesn't let ppl change their minds isn't a democracy.👍🏻",Brynllys1,@stellacreasy,2019-08
2019-08-08,carolynharris24,Labour,"Today, as part of #Farm24, I want to say thank you to British farmers for the fantastic food and drink they produce for us all. https://t.co/zPM8jMzerY",,,2019-08
2019-08-08,alisonthewliss,Scottish National Party,"Most visits I do, we can chat through challenges &amp; problems and I pledge to try and fix them. Today I feel utterly helpless hearing about folk living a life without status or right to remain. A life lived in limbo, not just for a few months but years. A life without dignity. (1) https://t.co/VYBzkILJrq",ClydesdAileen,,2019-08
2019-08-08,hugoswire,Conservative,Appalled by situation in Idlib and how Assad backed by Russia revoked a “conditional” ceasefire just days after announcing it - a repeated pattern of behaviour. Attacks on civilian targets are a violation of international humanitarian law – this must stop. #NotaTarget,DominicRaab,,2019-08
2019-08-08,normanlamb,Liberal Democrat,Nations Report for Early Intervention in Psychosis - 2018/19 highlighting improvements in care for people with emerging psychosis - available https://t.co/K5DXJ6YYOA @jay_nairn @Davidiris1 @BobbyPratapMH @ViralKMH @normanlamb @timkendall1 @DrG_NHS @PatMcGorry @IEPAnetwork,pfrench123,"@jay_nairn, @Davidiris1, @BobbyPratapMH, @ViralKMH, @normanlamb, @timkendall1, @DrG_NHS, @PatMcGorry, @IEPAnetwork",2019-08
2019-08-08,emmalewellbuck,Labour,"Ray speaks sense, Govt should listen to him. Outsourcing children's services is wrong and a waste of money | Ray Jones | Society | The Guardian https://t.co/YvXCKa3NyG",,,2019-08
2019-08-08,robertbuckland,Conservative,"I’ve just voted for Swindon children’s Scrapstore in the @PersimmonHomes Building Futures campaign for a chance to win up to £100,000. Support Swindon children’s Scrapstore by voting at https://t.co/mkiBr2YRXq",,@PersimmonHomes,2019-08
2019-08-08,pauljsweeney,Labour (Co-op),"@stuart_stumcg @mark_mclaughlin On a matter of such massive constitutional significance, and when the power to do so is reserved to the UK Parliament, then yes, one would have to demonstrate a clear and decisive mandate from the people at an election to undertake it.",stuart_stumcg,"@stuart_stumcg, @mark_mclaughlin",2019-08
2019-08-08,greghands,Conservative,That is quick and very welcome! “UK to stay in Interrail scheme after U-turn” - BBC News https://t.co/5UckvccHik,,,2019-08
2019-08-08,halfon4harlowmp,Conservative,"There are cats, and then there's @Number10Cat

Happy #InternationalCatDay to Westminster's finest 🐱👮

[tap to expand] https://t.co/AJQcPiUnyl https://t.co/YaSHWzt3sC",BBCPolitics,@Number10Cat,2019-08
2019-08-08,jostevenslabour,Labour,"@JoStevensLabour Perhaps worth mentioning @RCMAmarkets and others helping local #realfood producers get out, meet and sell directly to their customers.",cdfmuseandviews,"@JoStevensLabour, @RCMAmarkets",2019-08
2019-08-08,tpearce003,Labour,"Shameful that Asda bosses are threatening hard-working staff with the sack if they don’t agree to a punishing contract.

Shoppers will be horrified.

It's time for Asda to listen to its workers 👇 https://t.co/m0tyKsbDHg",GMB_union,,2019-08
2019-08-08,nadhimzahawi,Conservative,Happy #InternationalCatDay to the best cat in the biz 🐅 https://t.co/RHwixUtGBm,Princeton,,2019-08
2019-08-08,rachelreevesmp,Labour,"I've written to Foreign Secretary Dominic Raab, to ask that the Government call on the Indian security services to act with restraint and respect the human rights of all Kashmiris. We must show solidarity with the people of Kashmir. https://t.co/hI440S0thR",,,2019-08
2019-08-08,mimsdavies,Conservative,Tonight I announced live on Facebook that we’re changing immigration rules to make it easier for scientists to live and work in the UK. https://t.co/Q6ehSZzivs,BorisJohnson,,2019-08
2019-08-08,nicktorfaen,Labour,".@asda bosses are threatening staff with the sack if they don’t agree to a new contract that cuts holiday entitlement and slashes bank holiday and night shift pay.

@GMB_Union is right, Asda can afford to treat their staff better than this.
https://t.co/MXky8ecAOo",KarlTurnerMP,"@asda, @GMB_Union",2019-08
2019-08-08,tomtugendhat,Conservative,Looks like someone was listening when we wrote the India report on easing migration from qualified professionals. Thanks @patel4witham for enacting what we discussed when you were on @CommonsForeign https://t.co/u8HRJfX4Xg,ukhomeoffice,"@patel4witham, @CommonsForeign",2019-08
2019-08-08,drewhendrysnp,Scottish National Party,"Imagine trying to explain to someone who knows nothing about Scottish politics that the proposition Labour is currently, and very publicly, tearing itself asunder over is as simple as ‘it should be up to the Scottish people to decide Scotland’s future’. Utterly absurd. https://t.co/zpiRR1t50G",NicolaSturgeon,,2019-08
2019-08-08,votepursglove,Conservative,"@StuBailie Yeah, yeah, you've got it. All aided and abetted by the hard left!",StuBailie,@StuBailie,2019-08
2019-08-08,dr_philippaw,Scottish National Party,"@docrobperry @Dr_PhilippaW @trishgreenhalgh Giving numbers tends to have more impact. Like when they talk about the “underspend” &amp; give a figure of “£450M”, but if they said 1% people might think that was actually quite good going. Just the proof that media care more about clicks than facts these days.",PoliticsScot,"@docrobperry, @Dr_PhilippaW, @trishgreenhalgh",2019-08
2019-08-08,barrysheerman,Labour (Co-op),@HollyLynch5 @WYP_Halifax @WYFRSCaldTeam @Calderdale @TogetherHousing Time to ban disposable barbecue kits?,HollyLynch5,"@HollyLynch5, @WYP_Halifax, @WYFRSCaldTeam, @Calderdale, @TogetherHousing",2019-08
2019-08-08,dlidington,Conservative,@thistlejohn Peter May's Lewis trilogy whodunnits. Kildonan Museum on S Uist worth a visit. Hushinish area of N Harris &amp; Uig area of Lewis both remote but stunning beauty.,thistlejohn,@thistlejohn,2019-08
2019-08-08,preetkgillmp,Labour (Co-op),Pleased to join celebrations for #GuruNanak550 at University of Birmingham last night along with colleagues ⁦@PreetKGillMP⁩ (great speech) &amp; ⁦@NeenaGmep⁩ https://t.co/MYYkJEXxMw,steve_mccabe,"@PreetKGillMP⁩, @NeenaGmep⁩",2019-08
2019-08-09,angusmacneilsnp,Scottish National Party,"“We must always remember that we are the SNP – the Scottish National Party – not the SSBP – the Scottish Stop Brexit Party.

For goodness sake, if the time is not right now, when will it be?”

@AngusMacNeilSNP @ScotNational https://t.co/y2uvj8PCi6",NikitaTHarkin,"@AngusMacNeilSNP, @ScotNational",2019-08
2019-08-09,tom_watson,Labour,"The #SafeStanding review is taking too long - the Government aren’t listening to fans.

The new season kicks off today - I’m giving the Government until the end of the season to introduce Safe Standing.

Join the campaign here - spread the word:
https://t.co/WYxTEUcHKN https://t.co/Oh3Z1nTujJ",DrRosena,,2019-08
2019-08-09,emilythornberry,Labour,"In my interview with @AudreyNZH from the New Zealand Morning Herald, I've made clear it is @UKLabour's patriotic duty to fight against a disastrous no-deal Brexit, demand a public vote, and lead the campaign to Remain. You can see and read it here: https://t.co/8FCEnlfAlI",,"@AudreyNZH, @UKLabour's",2019-08
2019-08-09,brandonlewis,Conservative,"Inspired by Gorleston seafront's starring role in Danny Boyle's new Beatles-themed movie, talented local singers and musicians are being offered the special opportunity to perform at Gorleston Bandstand this summer. More: https://t.co/IafHoMyBDr @GreaterYarmouth https://t.co/jQ7LgSsrVb",greatyarmouthbc,@GreaterYarmouth,2019-08
2019-08-09,barrygardiner,Labour,"Forcing through No Deal in a General Election campaign would be an unprecedented, unconstitutional and anti-democratic abuse of power by a Prime Minister who hasn't been elected by the public but chosen by a small number of unrepresentative Tory members.

https://t.co/MqZHKI32mK",jeremycorbyn,,2019-08
2019-08-09,douglas4moray,Conservative,"Fatal RTC - A98 Fochabers to Buckie Road
Officers are appealing for witnesses to a fatal road traffic accident where a 34 year old male driver of a silver Ford Fiesta sadly died at the scene. Any person who can assist police are asked to contact 101 qouting inc 2789 9/8/19",NorthEPolice,,2019-08
2019-08-09,emmahardymp,Labour,"The last book written by my favourite author John Wyndham, published 1979, 10 years after his death. It’s not his best and appears to be an excuse for John to give his opinions on the world post nuclear bomb and colonialism. One to avoid if you’re scared of spiders! #SummerReads https://t.co/0QjuE7c53b",,,2019-08
2019-08-09,theresecoffey,Conservative,@MarkGlennMurphy @NorwichCityFC @BBCSuffolk you may get your wish,MarkGlennMurphy,"@MarkGlennMurphy, @NorwichCityFC, @BBCSuffolk",2019-08
2019-08-09,louhaigh,Labour,"How lovely, Rosalie is an absolute stalwart of our party and movement ❤🌹 https://t.co/xAeB7BBBcz",,,2019-08
2019-08-09,toniaantoniazzi,Labour,@Simon4NDorset @sajidjavid @mssocietyuk Well said Simon 👍,Simon4NDorset,"@Simon4NDorset, @sajidjavid, @mssocietyuk",2019-08
2019-08-09,alistairburtuk,Conservative,"Our @CrisisGroup Conflict Alert on fighting in Aden is now up. We outline recent events and perspectives and call for a ceasefire, steps to demilitarize Aden and ultimately UN led south-south dialogue. https://t.co/m3SZJnkGCL",peterjsalisbury,@CrisisGroup,2019-08
2019-08-09,cpjelmore,Labour,UK in far weaker position for another recession than in 2008: 1. Threat of no-deal Brexit. 2. Interest rates already just 0.75% (compared to 5% in 2008). 3. Government debt is 83.1% of GDP (compared to 35.2% pre-crisis). Less room for fiscal and monetary stimulus.,georgeeaton,,2019-08
2019-08-09,mimsdavies,Conservative,Fancy watching Back to the Future as part of the @EastleighFF ? Tickets are on sale now. https://t.co/zFxRQuu86X,SwanEastleigh,@EastleighFF,2019-08
2019-08-09,normanlamb,Liberal Democrat,"Fair point, on reflection - but he did buy it for me! https://t.co/2yFrIBgwA1",,,2019-08
2019-08-09,sharonhodgsonmp,Labour,"@Hendas76 @SharonHodgsonMP Because she wanted something better, not something destructive. Kate hoeys constituency voted 79 per cent to remain. We send representatives to parliament not delegates.",shieldsbrief,"@Hendas76, @SharonHodgsonMP",2019-08
2019-08-09,peterkyle,Labour,@MartinDavisMc Well I’ve heard of you Mr Fivethumbsfrank - who hasn’t! - and I think you’re an amazing guy,,@MartinDavisMc,2019-08
2019-08-09,alison_mcgovern,Labour,So happy to meet such brilliant women. And yes. Dignity in the social security system required. #makingendsmeet https://t.co/oetpnb96dM,nourishscotland,,2019-08
2019-08-09,mgreenwoodww,Labour,"Guardian front page, Friday 9 August 2019: Corbyn: Johnson plotting abuse of power to force no-deal Brexit https://t.co/7FyI8GMDYe",guardian,,2019-08
2019-08-09,grahamemorris,Labour,"Votes for 16yr olds ✅
https://t.co/IMgdGPyEpc",SocialistAnyDay,,2019-08
2019-08-09,cajardinemp,Liberal Democrat,"You want to negotiate an alternative deal to facilitate Brexit - we want to #StopBrexit.
You have ruled out participating in an emergency government - we have not.
Our @LibDems leader commands the support of all our MPs to become PM - your leader does not.
I rest my case 🙄. https://t.co/kuX4i7sM2n",ChukaUmunna,@LibDems,2019-08
2019-08-09,jostevenslabour,Labour,"Asda are forcing punitive new contracts on staff and threatening them with the sack if they do not sign.
 
Solidarity with Asda staff affected by these changes and @GMB_union who, as always, are standing up for their members. 
 
https://t.co/m9cMCKL9Er https://t.co/8H1Hd9legW",,@GMB_union,2019-08
2019-08-09,marcusfysh,Conservative,"Keep up the good work Melissa. @MarcusFysh You're my local MP but I know that you'll help by adding yourself and passing on the word. @JamesAcaster Come on chap, help out a beautiful, smiling girl and get your friends and colleagues to do the same. https://t.co/7dMjT4U9YJ",chasdavey19,"@MarcusFysh, @JamesAcaster",2019-08
2019-08-09,deidrebrock,Scottish National Party,"The Women's Tour of Scotland (road cycling) pedals off from Dundee today  and will end on Arthur's Seat in Edinburgh on Sunday. Cheer them on if you can - especially in this lovely Scottish summer weather - or follow @womenstourscot ☂️🚴‍♀️🚴‍♂️🚵‍♀️🚵‍♂️
https://t.co/yMyL4Nzv7y",,@womenstourscot,2019-08
2019-08-09,debbie_abrahams,Labour,@Albabe1969 @UKPatchwork Thanks Allison!,Albabe1969,"@Albabe1969, @UKPatchwork",2019-08
2019-08-09,jamescleverly,Conservative,"Our Chief, @BJH251, and officers from the #Braintree Community Policing Team and the newly-created Town Centre Team for the district were joined by Home Secretary @patel4witham in #Witham today, August 9.

They patrolled, engaged with the public &amp; spoke about policing in Witham. https://t.co/6DRUrxc3VI",EssexPoliceUK,"@BJH251,, @patel4witham",2019-08
2019-08-09,julianknight15,Conservative,"Negative GDP numbers are, obviously, bad news and Brexit uncertainty is clearly a factor. But it is worth noting this from @EdConwaySky https://t.co/EUtthQdCn3",JGForsyth,@EdConwaySky,2019-08
2019-08-09,pauljsweeney,Labour (Co-op),"Glasgow hosting COP26 will be a great opportunity for Scotland to showcase work already happening + the huge potential to be a world leader on climate action &amp; green jobs.

UK &amp; Scottish Governments must also use opp to step up on urgent work needed to avoid climate catastrophe.",DaniRowley,,2019-08
2019-08-09,rebeccaharrismp,Conservative,"Fantastic week:
▪️Bombardier: £4.5bn Cairo monorail contract
▪️Kensa: New Cornwall factory, 150 jobs
▪️Around Noon: £7m investment, 94 jobs
▪️McLaren: New Woking facility
▪️Coca-Cola: £23m factory investment
▪️Rolls-Royce: £346.7m Typhoon engine contract
#UKmfg #GBmfg🇬🇧",Jefferson_MFG,,2019-08
2019-08-09,peterkyle,Labour,@mikeajturner Thank you so very much Mike 🙏,mikeajturner,@mikeajturner,2019-08
2019-08-09,andymcdonaldmp,Labour,"My Brexit blog: No Deal, No Steel.

https://t.co/ZzF3vWxpbS",,,2019-08
2019-08-09,wesstreeting,Labour,And so the No Deal rehearsals begin. https://t.co/m1LWGusPUV,davidschneider,,2019-08
2019-08-09,kategreensu,Labour,It's disgraceful that many employees at #PremierLeague clubs struggle to make ends meet because they don't make enough to live on. Sign the @CitizensUK petition calling on CEOs of clubs who don't already do so to pay staff a real #LivingWage  here: https://t.co/mHERhmkDVh https://t.co/W3eHOSwcNt,BBCNews,@CitizensUK,2019-08
2019-08-09,angusmacneilsnp,Scottish National Party,"@rxangus @KennyMacAskill in Gaelic there is a saying ""a friend's eye is a good mirror"" had he said it 10months ago a different trajectory may have been chosen other than assuming we don't have to think cos we can abdicate all that to one person",rxangus,"@rxangus, @KennyMacAskill",2019-08
2019-08-09,carolynharris24,Labour,"I'm so proud that the @WelshLabour Government was the first to hear my call for a #ChildrensFuneralFund. 

Thanks to their early support, #MartinsFund is now available right across the UK. 

That's the difference a Labour Government makes 👇 https://t.co/4ePI2PdeOQ",WelshLabDeputy,@WelshLabour,2019-08
2019-08-09,gwynnemp,Labour,"📰 READ: I've been thinking recently about how lucky we are to live somewhere where people look out for each other, so in this month's @Denton_Corr I've written about some of the great community groups and activities in the area. https://t.co/uqyt1hY4oe",,@Denton_Corr,2019-08
2019-08-09,alexsobel,Labour (Co-op),"As Chairman of the #ULMWP, I welcome the support by #PacificIslandsForum members to highlight the call for a #humanrights mission to #WestPapua by the United Nations High Commissioner.  

New Press Release here. #PIF2019 #PIF #FreeWestPapua #ULMWP #BluePacific #PacificIslands https://t.co/9agVRzNxWd",BennyWenda,,2019-08
2019-08-09,khalid4pb,Labour,Civic Reception and the formal opening ceremony in celebration of Guru Nani Dev Ji’s 550th Birth Anniversary. https://t.co/JoMuFwmlji,,,2019-08
2019-08-09,toniaantoniazzi,Labour,Congratulations to the amazing @AlexCallender3 😍💪 #thisgirlcan https://t.co/GurL84Cl84,Scarlets_Ladies,@AlexCallender3,2019-08
2019-08-09,grahamemorris,Labour,"Renationalise Water ✅
5 reasons why we can't trust big companies to run our water 👇
https://t.co/Wrp9I9UU0x",SocialistAnyDay,,2019-08
2019-08-09,derbychrisw,Labour,"Excellent article by Fidel Narváez about the outrageous fake news on #JulianAssange

https://t.co/H0EsvjCz8o",,,2019-08
2019-08-09,chukaumunna,Labour,"You want to negotiate an alternative deal to facilitate Brexit - we want to #StopBrexit.
You have ruled out participating in an emergency government - we have not.
Our @LibDems leader commands the support of all our MPs to become PM - your leader does not.
I rest my case 🙄. https://t.co/kuX4i7sM2n",johnmcdonnellMP,@LibDems,2019-08
2019-08-09,nickhurduk,Conservative,"Excellent @tradenitweets @retail_ni @HospUlster working breakfast this morning with @NIOgov Minister @NickHurdUK @TitanicHotelBel. Useful discussion on reforming Business rates, Brexit, City Deals, Infrastructure investment and Tourism. https://t.co/DgQSjxOuX3",HospUlster,"@tradenitweets, @retail_ni, @HospUlster, @NIOgov, @NickHurdUK, @TitanicHotelBel.",2019-08
2019-08-09,angusmacneilsnp,Scottish National Party,Someone denying a mandate 👇 https://t.co/x1DC3xSXSu,streborhg,,2019-08
2019-08-09,stephenmorganmp,Labour,.@HMS_Westminster came home earlier today after a very busy 5 month deployment. Find out what she has been up to 🔗https://t.co/eZVi5vA3xz @HMNBPortsmouth https://t.co/dVj7pB4cR5,RoyalNavy,"@HMS_Westminster, @HMNBPortsmouth",2019-08
2019-08-09,grahamemorris,Labour,Free meals 4 kids at primary school ✅ https://t.co/VGO3l8SY2C,SocialistAnyDay,,2019-08
2019-08-09,marklancastermk,Conservative,"#BookLoversDay #DidYouKnow that The Library at Bletchley Park was home to GC&amp;CS (modern day @GCHQ) Naval Section during the early days of WW2? 📚📙✍️

Find out more about their work and it's impact on the war effort: https://t.co/FhNT6U6gJX https://t.co/bYoXKQP1ws",bletchleypark,@GCHQ),2019-08
2019-08-09,stevebakerhw,Conservative,"Nice find by @SamCoatesSky of this old clip of @nmdacosta 

Thanks to the “fixed term Parliament Act [a Prime Minister] could choose a date [for a General Election] into November, January. The legislation is silent on to that, there's no requirement there”

#StandUp4Brexit https://t.co/XkAprjd5uh",StandUp4Brexit,"@SamCoatesSky, @nmdacosta",2019-08
2019-08-09,barrysheerman,Labour (Co-op),How could a great country like our’s get into a mess like this? #Brexitchaos,,,2019-08
2019-08-09,georgefreemanmp,Conservative,"No. The Gov is clear we’re leaving the EU on Oct31, deal or no, as set out in Art50. The PM has rightly &amp; repeatedly set out his desire for a deal &amp; our willingness to negotiate. But if the EU is unwilling to negotiate, then we’ll still leave on Oct31.  I totally support this. https://t.co/4v8xUcGWmD",ITVNewsPolitics,,2019-08
2019-08-09,edvaizey,Conservative,"When we first asked people to pay for online, I was in charge as executive editor. I did loads of interviews in which everyone was sure that it wouldn’t work. I was confident it would and that there wasn’t an alternative. I am thrilled with this. https://t.co/Hsw674eGNt",Dannythefink,,2019-08
2019-08-09,angusmacneilsnp,Scottish National Party,"This song is bilingual humour genius 👇 To try to explain ""Co leig a mach thu?"" (who let you out?) is often used in humour for ""you shouldn't be out alone"" type saying.  #CracksMeUp  🤣🤣 https://t.co/as9Y837bB4",bbcalba,,2019-08
2019-08-09,derekthomasuk,Conservative,"The British Geological Survey have confirmed that a small earthquake struck the #Helston area around 6pm this evening.

We will have more on this on Breakfast with @Skentelbery &amp; @CornishKennedy",BBCCornwall,"@Skentelbery, @CornishKennedy",2019-08
2019-08-09,dr_philippaw,Scottish National Party,"@thefifer1314 @GraceBrodie Know that NOW but so many anti-Holyrood statements by Tories, and so much nonsense = hard to spot! #ParodyIsDead",,"@thefifer1314, @GraceBrodie",2019-08
2019-08-09,cskidmoreuk,Conservative,So far have visited three of the 20 hospitals receiving upgrades from the new £850m announced by @borisjohnson and @matthancock- great to speak to staff at @croydonhealth @uhbtrust @LandDHospital about how the upgrades will transform patient care- looking forward to more visits! https://t.co/DndIlfO07K,,"@borisjohnson, @matthancock-, @croydonhealth, @uhbtrust, @LandDHospital",2019-08
2019-08-09,gareththomasmp,Labour (Co-op),Always a joy to have lunch at ‘The Catch’ Sudbury’s best fish &amp; chip restaurant- pity about the company ⁦@Deangilli6⁩ ! https://t.co/KiM3YYxbTl,,@Deangilli6⁩,2019-08
2019-08-09,sharonhodgsonmp,Labour,"Guardian front page, Friday 9 August 2019: Corbyn: Johnson plotting abuse of power to force no-deal Brexit https://t.co/7FyI8GMDYe",guardian,,2019-08
2019-08-09,greghands,Conservative,The LHR expansion survey is not the easiest to fill out but it's really important to have your say! @GregHands @Tony_Devenish @FelicityBuchan @janetevansKCFC @MarshallQuentin @jthalassites @MaxChauhan @maxwellwoodger @tbenne88 @HamishAdourian @sofmcveigh @WalaaIdris @CemKemahli https://t.co/iT0mYMTy4K,GregHammond66,"@GregHands, @Tony_Devenish, @FelicityBuchan, @janetevansKCFC, @MarshallQuentin, @jthalassites, @MaxChauhan, @maxwellwoodger, @tbenne88, @HamishAdourian, @sofmcveigh, @WalaaIdris, @CemKemahli",2019-08
2019-08-09,rogergodsiff,Labour,I have signed Faisal's letter to the UN Secretary-General as well as a letter to the Foreign Secretary @DominicRaab. An extremely worrying situation which has been precipitated by the Indian government revoking the special status of Kashmir. https://t.co/f2rvPeD6Zl,Faisal__Rashid,@DominicRaab.,2019-08
2019-08-09,lee4ned,Conservative,"Thanks to everyone who came to our Barlow open meeting yesterday evening - great discussion on planning, the environment, education, adult care and, of course, Brexit.  Appreciate everyone giving up a Summer’s evening to discuss community issues and thanks to Barlow Parish!",,,2019-08
2019-08-09,lucianaberger,Labour (Co-op),@bobyflop Says the bot account,bobyflop,@bobyflop,2019-08
2019-08-09,pennymordaunt,Conservative,"Warm welcome for @HMS_Westminster despite the wet &amp; windy weather!

Back home in #Portsmouth after 5 months away, Joint Warrior,  #BalticProtector #JEF @NATO_MARCOM Dynamic Mongoose, #London etc.

#BusyShip

@RoyalNavy @PortsmthNewsHub @ComdAmphibTG @NavalServiceFPS @NavyLookout https://t.co/sLIzaZbMqj",PortsmouthProud,"@HMS_Westminster, @NATO_MARCOM, @RoyalNavy, @PortsmthNewsHub, @ComdAmphibTG, @NavalServiceFPS, @NavyLookout",2019-08
2019-08-09,mattwarman,Conservative,"@Fenbeagle @yellabelly6 @bikerrebel1 @Bostonboro @looknorthBBC @brexitparty_uk @BostonPoliceUK ‘We’ in the sense of the police, central and local government and of course the community.",Fenbeagle,"@Fenbeagle, @yellabelly6, @bikerrebel1, @Bostonboro, @looknorthBBC, @brexitparty_uk, @BostonPoliceUK",2019-08
2019-08-09,catherinewest1,Labour,"The Tories said that they need economic growth to fund the promises they’ve made.
But today, the economy shrank 0.2% – the worst performance since 2012. 
You can’t trust the Tories or Boris Johnson with our economy.
Share the facts. https://t.co/gh2GjFn62x",UKLabour,,2019-08
2019-08-09,eleanor_smith55,Labour,@Eleanor_SmithMP Thank you so much for your kind words and support Eleanor. We are very much looking forward to bringing this to Westminster &amp; discussing the impact this has in terms of education &amp; prevention. Here's a sneak preview for those that havent seen the play yet https://t.co/wSXbitcHDy,GazeboTheatre,@Eleanor_SmithMP,2019-08
2019-08-09,david_duguid,Conservative,"Pleasure to join @claireperrymp in final push to secure #UNCOP26 for UK, with Glasgow perfect host city. At heart of UK strategy is our commitment to #NetZero by 2050. Time to get everyone on board. @beisgovuk @UKGovScotland #LetGlasgowFlourish https://t.co/0bowRztHke",IanDuncanHMG,"@claireperrymp, @beisgovuk, @UKGovScotland",2019-08
2019-08-09,willquince,Conservative,"Really positive meeting with @CInspHuddleston at Colchester Police Station tonight discussing tackling crime in Colchester, the work of the Colchester Town Team and the huge difference @ColProactive is making. https://t.co/10qn0TNTDN",,"@CInspHuddleston, @ColProactive",2019-08
2019-08-09,toniaantoniazzi,Labour,"@AnnClwyd Sending lots of love, get well soon Ann x",AnnClwyd,@AnnClwyd,2019-08
2019-08-09,toniaantoniazzi,Labour,"#GowerNPT ,@SWPVolunteers &amp; #westerncommunitysafety carrying out an operation in Langland&amp;Caswell beaches today encouraging surfers not to leave keys with their vehicles whilst in the water. Hand in your 🔑 to @Surfsidecafes. 
@SaferSwansea
@TheMumblesRNLI #stopandthink https://t.co/gjZ5ESnIxp",SWPSwansea,"@SWPVolunteers, @Surfsidecafes., @SaferSwansea, @TheMumblesRNLI",2019-08
2019-08-09,mpiainds,Conservative,@BBCHardtalk the full interview with @stephensackur  https://t.co/W3L6JBNO03,,"@BBCHardtalk, @stephensackur",2019-08
2019-08-09,rebeccaharrismp,Conservative,RT @CastlePointWild: @ChiefInspMiles @CPRochfordCPT Thank you. We welcome this after the large number of incidents including damage to our…,,"@CastlePointWild:, @ChiefInspMiles, @CPRochfordCPT",2019-08
2019-08-09,annaturley,Labour (Co-op),"@Duzza180 Happy to chat in my basic German when you’re learning if you need conversation practice. It may mostly consist of asking the way to the train station or what pets you have, but happy to assist!",Duzza180,@Duzza180,2019-08
2019-08-09,nadhimzahawi,Conservative,"To maximise our growth potential as we leave the EU, I’ll set out our plan for a step change in infrastructure investment through a new National Infrastructure Strategy this Autumn. We want every corner of our great nation to thrive. https://t.co/h2an2Ncs3f",sajidjavid,,2019-08
2019-08-09,mattwestern_,Labour,"The #LoveLocal fairs aims to showcase people's handmade items.
https://t.co/CydVtkuotb",leamcourier,,2019-08
2019-08-09,barrysheerman,Labour (Co-op),@BarackObama @JamesMelville Thank you for your thoughtful response to these tragic events.,BarackObama,"@BarackObama, @JamesMelville",2019-08
2019-08-09,mgreenwoodww,Labour,"After nearly a decade of Tory cuts to our NHS, £6 billion is needed just for the repairs our hospitals desperately need - let alone the investment needed to address the staff shortages and equipment upgrades.

This is a drop in the ocean of what's needed. https://t.co/390JSHVStX",jeremycorbyn,,2019-08
2019-08-09,karinsmyth,Labour,@TRESAcic @Totterdown_ @sbristolvoice @PigeonMagazine @road_project18 Thanks for sharing,TRESAcic,"@TRESAcic, @Totterdown_, @sbristolvoice, @PigeonMagazine, @road_project18",2019-08
2019-08-09,alexburghart,Conservative,"""We've been talking to parents today already and they are absolutely thrilled.""

This is what @BorisJohnson's new NHS funding means to people across the country. https://t.co/AaHlLt3VJb",Conservatives,@BorisJohnson's,2019-08
2019-08-09,wesstreeting,Labour,@jenlloyd001 Did you listen to what I said? https://t.co/gRyYkCXsya,jenlloyd001,@jenlloyd001,2019-08
2019-08-09,hywelplaidcymru,Plaid Cymru,Some at YesCaerffili are on holiday. But independence is never far away. Especially here in the soon to be Republic of Catalonia. https://t.co/Y4xR5Yu1NQ,YCaerffili,,2019-08
2019-08-09,wesstreeting,Labour,"City Hall is organising an event to help EU Londoners feel more settled &amp; welcome - with free legal advice on how Brexit affects them. The Tory mayoral candidate has called on me to scrap it. No way. He voted Leave, backs a catastrophic no-deal &amp; has the wrong values for London. https://t.co/NGz3gEINGA",SadiqKhan,,2019-08
2019-08-09,angelasmithmp,Labour,"Actually I am a journalist.  

I am NCTJ certified with qualifications in law; shorthand, English and public administration.  

I’ve been reporter working in newspaper, radio and television newsrooms for the past 41 years.

Stephen Yaxley-Lennon’s journalistic qualifications are? https://t.co/91m8FJVk9U",KayBurley,,2019-08
2019-08-09,nsoames,Conservative,"These pages are from the illuminated prayer book of Margaret Beaufort, Countess of Richmond, mother of Henry VII, founder of @christs_college and @stjohnscam and patron of England's first printer William Caxton. The scene depicted is Christ's procession to Calvary.
#BookLoversDay https://t.co/8qW78tPFAa",wabbey,"@christs_college, @stjohnscam",2019-08
2019-08-09,barrysheerman,Labour (Co-op),@HoCPress @PARLYapp @commonslibrary A brilliant team &amp; top quality service  for Members along with security the only parts of Parliament that haven’t  been diverted into entertainment commercialisation of catering tourism &amp; the selling of tat to tourists!,HoCPress,"@HoCPress, @PARLYapp, @commonslibrary",2019-08
2019-08-09,jeremycorbyn,Labour,"Forcing through No Deal in a General Election campaign would be an unprecedented, unconstitutional and anti-democratic abuse of power by a Prime Minister who hasn't been elected by the public but chosen by a small number of unrepresentative Tory members.

https://t.co/MqZHKI32mK",,,2019-08
2019-08-09,alisonthewliss,Scottish National Party,"The UK is preparing to leave the EU. This will affect EU citizens who have chosen to live here. To help you stay, we have produced a package of support to guide you through the steps you need to take.

Find out more ➡️ https://t.co/CppCmUbKvg https://t.co/HqKU10kb1p",scotgov,,2019-08
2019-08-09,debbie_abrahams,Labour,https://t.co/GErdOCQau9,,,2019-08
2019-08-09,chukaumunna,Labour,Now we have confirmation that the Tories’ plan to crash the UK out of the EU has crashed our economy. Pursing a ‘no deal’ Brexit is a political choice without a mandate – these figure show people’s jobs and livelihoods are being sacrificed at the altar of political ideology.👇 https://t.co/64z52mt0p9,ONS,,2019-08
2019-08-09,grahamemorris,Labour,"Ending homelessness ✅
https://t.co/0bbrkmFpI2",SocialistAnyDay,,2019-08
2019-08-09,jamesfrith,Labour,No Summer reading list? Well why not check out my Summer 2019 Newsletter!  https://t.co/dsf4Bzse9l,,,2019-08
2019-08-09,andrealeadsom,Conservative,"There are huge opportunities ahead, and this government will make the most of them https://t.co/zkL45X0yyX",beisgovuk,,2019-08
2019-08-09,dianajohnsonmp,Labour,Just heard from @TPExpressTrains that the Anlaby Road gate closure at Hull Paragon Station will be ended from today. So it clearly wasn’t an essential part of measures to combat anti-social behaviour! Well done to @tracydearing70 and @EmmaHardyMP.,,"@TPExpressTrains, @tracydearing70, @EmmaHardyMP.",2019-08
2019-08-09,carolynharris24,Labour,We've had a great time at another @BactaUK VIP Day in lovely #Swansea with @carolynharris24 🏴󠁧󠁢󠁷󠁬󠁳󠁿 Celebrating #Tickets2Wishes - a fantastic scheme that raises invaluable funds to grant magical wishes by donating tickets 🎡☀️✨ #ThankYou 🙌🏻 https://t.co/gBzr0zVvmN,RaysofSunshine,"@BactaUK, @carolynharris24",2019-08
2019-08-09,carolynharris24,Labour,"As ever, didn't manage to say everything that I wanted - but thanks very much to @VictoriaLIVE for the opportunity to comment widely. But why do gambling industry reps never appear, instead hiding behind a set of bland words - this time from the Remote Gambling Association? https://t.co/79xz73ztJH",GambleWithLives,@VictoriaLIVE,2019-08
2019-08-09,grahamemorris,Labour,Save our NHS ✅ https://t.co/PMuKSFdBbS,SocialistAnyDay,,2019-08
2019-08-09,petergrantmp,Scottish National Party,"Spain's most senior diplomat in Scotland stressed it had never been Spanish policy to veto Scotland's aspirations
https://t.co/B4NFI2CAen",ScotNational,,2019-08
2019-08-10,gradysnp,Scottish National Party,Cuppa &amp; bacon roll at Mario’s Plaice w Cllr @Kenny4PartickKd after Hillhead library surgery this morning - Mario’s is the only “plaice” in Scotland in @Deliveroo’s restaurant makeover poll - fingers crossed for success! https://t.co/q4zzRsug0P https://t.co/uT3MV38dDT,,"@Kenny4PartickKd, @Deliveroo’s",2019-08
2019-08-10,acunninghammp,Labour,"⚠️🚨 WARNING🚨⚠️

This hard-right Tory Government is a danger to our rights at work.

Join us now to beat them, and win the transformative Labour Government that will change working people's lives for the better.

We can't win without you! 🌹👇

https://t.co/zJ1K73v720",labourunionsuk,,2019-08
2019-08-10,nickymorgan01,Conservative,@USAmbUK Please do visit us in Loughborough - lots to see &amp; do including @LboroSport @GcrGreat @Lborobelltrust,USAmbUK,"@USAmbUK, @LboroSport, @GcrGreat, @Lborobelltrust",2019-08
2019-08-10,peternorthdevon,Conservative,"A giant bear made from artificial grass helped a small local business scoop a coveted award at the North Devon Show, in a competition judged by local MP @PeterNorthDevon. https://t.co/BG23hPwAh1",ToryPressSW,@PeterNorthDevon.,2019-08
2019-08-10,lucianaberger,Labour (Co-op),"he sustained over two weeks ago. The Police are investigating and the safeguarding review into this incident still hasn’t taken place. 
My constituent spends his days in his room. Other than 20-30 minutes a day with a psychologist he doesn’t have any other meaningful activity.",lucianaberger,,2019-08
2019-08-10,johnnymerceruk,Conservative,Me neither. @MarinaHyde https://t.co/tG2OD9UPV1,btharris93,@MarinaHyde,2019-08
2019-08-10,drrosena,Labour,Disappointed the ban on gambling ads before the watershed during live football that was promised by gambling companies only includes half time — and not the minutes just before a match. Saw a Ladbrokes ad just prior to Spurs v Villa kicking off. Why over promise &amp; under deliver?,mattzarb,,2019-08
2019-08-10,stevebakerhw,Conservative,"Our northern towns do not have a voice when all we do is listen to Manchester or, to a lesser extent, Leeds. We’re so much more than that. The North is a great and diverse place, which is at risk of losing out because of city focused dogma. We can do better!",BenHouchen,,2019-08
2019-08-10,dr_philippaw,Scottish National Party,"@ScotTories Whilst cutting subsidies for renewables, we see you!",johniduffy,@ScotTories,2019-08
2019-08-10,rhonddabryant,Labour,"Our hodge podge of a constitution is in a mess after so much tinkering, what with an overloaded Lords, a nonsensical Fixed Term Parliaments Act and a crazy paving of ignorable conventions. Time for reform.",,,2019-08
2019-08-10,pauljsweeney,Labour (Co-op),"@Miss_Snuffy In fairness @PaulJSweeney does offer caveats: 

“as an eventual goal for human civilisation over the next few centuries.”

I wouldn’t dismiss it so lightly. It strikes me as the sort of thoughtful provocation that you might ask your students to consider.

https://t.co/qTPNA6STJC",IanYorston,"@Miss_Snuffy, @PaulJSweeney",2019-08
2019-08-10,heidiallen75,Conservative,"@Davidpnolan Part of the job unfortunately- but most of it is automated algorithms, not real people.",Davidpnolan,@Davidpnolan,2019-08
2019-08-10,marshadecordova,Labour,"Real pay cut for millions since 2010, TUC study suggests https://t.co/faTL9XFQmY",,,2019-08
2019-08-10,nadhimzahawi,Conservative,"Sorry to share such a distressing video on #WorldLionDay. There can be zero excuse or justification for such cruelty. There are thought to be just 20,000 lions now left in the wild. We must do better. https://t.co/KWn1dPAyfx",carriesymonds,,2019-08
2019-08-10,dougchapmansnp,Scottish National Party,"👇@CitAdviceScot’s freephone advice service (initiated with @scotgov funding) for EU, EEA &amp; Swiss citizens in Scotland concerned about Brexit has now been enhanced to full-time, Mon-Fri, 09:00-17:00. 

Call 08009169847 if you need any assistance. #StayinScotland 🏴󠁧󠁢󠁳󠁣󠁴󠁿🇪🇺 @the3million https://t.co/Mr6nKcfD2W",BenMacpherson,"@CitAdviceScot’s, @scotgov, @the3million",2019-08
2019-08-10,angelarayner,Labour,Congratulations @NavPMishra on being selected as Labour’s Parliamentary candidate for Stockport. https://t.co/RSzCznJznf,LabourNorthWest,@NavPMishra,2019-08
2019-08-10,mikegapes,Labour (Co-op),On Theresa 2.0 Bagehot ⁦@adwooldridge⁩ is at his best #Machiavelli https://t.co/j4VHTPeP5X,lionelbarber,@adwooldridge⁩,2019-08
2019-08-10,alexburghart,Conservative,Well said @Hirst4EssexPFCC 👏 https://t.co/cz0yPt1vth,KeithRBarber,@Hirst4EssexPFCC,2019-08
2019-08-10,darrenpjones,Labour,"Keeping the lights on is important for day to day life, but as we move to more electric vehicles and smart cities and connected infrastructure it becomes even more important that our infrastructure is up to spec. Great to see @RachelReevesMP and @CommonsBEIS will be raising this. https://t.co/kZ6Oe78BQc",itvnews,"@RachelReevesMP, @CommonsBEIS",2019-08
2019-08-10,angusmacneilsnp,Scottish National Party,@BerthanPete @SNPChris Stick with Plan A and be reliant on Tory agreement 🤷,BerthanPete,"@BerthanPete, @SNPChris",2019-08
2019-08-10,andrewrosindell,Conservative,Stronger every day!  There is no limit to how much the U.S.-UK trade &amp; economic partnership can grow. #SharedProsperity 🇺🇸🇬🇧 https://t.co/9RsfY5EdHP,USAmbUK,,2019-08
2019-08-10,lukepollard,Labour (Co-op),“Good ideas” rarely come with bail out funds to prop up companies that will collapse because of your “good idea”. It’s time for a public vote to stop this. https://t.co/T0FWim40zm,hendopolis,,2019-08
2019-08-10,rebeccaharrismp,Conservative,"Thanks to the hard work of @Hirst4EssexPFCC and the great announcement from @BorisJohnson, within the next few years, the @EssexPoliceUK force will be the largest it's ever been. 

That means more officers on our streets, keeping us safe. 

#KeepingHarlowSafe https://t.co/q7TyTWLAmf",halfon4harlowMP,"@Hirst4EssexPFCC, @BorisJohnson,, @EssexPoliceUK",2019-08
2019-08-10,marcus4nuneaton,Conservative,"Take care on the roads today, leave earlier and leave plenty of space between you and the car in front. Anticipate sudden braking &amp; be vigilante for trees and other debris that may have blown on to the road. 
Call 999 / 112 for an emergency. For non emergencies call 101.
SN1995 https://t.co/SlLZKjhOCm",NWarksCops,,2019-08
2019-08-10,bbradley_mans,Conservative,"Almost exactly like the 2nd World War. English cities being bombed every night. Conscription. Millions of deaths. Concentration camps across Europe. It’s identical, basically. https://t.co/cOxKMQUq43",MarkJLittlewood,,2019-08
2019-08-10,paulwilliamslab,Labour,🔵 Briefed our Police and Crime Commissioner and Chief Constable on specific issues my constituents face and called for more support for our area.,PaulWilliamsLAB,,2019-08
2019-08-10,conorburnsuk,Conservative,Conor Burns vows to promote Bournemouth to businesses all around the world in new ministerial role https://t.co/8QFdWNZmnB https://t.co/I4TuKWEMcY,Bournemouthecho,,2019-08
2019-08-10,davidlammy,Labour,How convenient for the powerful and the rich who procured his horrendous services.  https://t.co/NqInIywQVV,,,2019-08
2019-08-10,pauljsweeney,Labour (Co-op),"@mc_neany Roads are primarily a matter for Glasgow City Council and Councillors; and it's also important to note that my party are not currently in Government at a Glasgow, Scottish or UK level, so as an opposition MP there isn't much I can do beyond advocacy, which I do energetically.",,@mc_neany,2019-08
2019-08-10,conormcginn,Labour,Huge crowds for the #StHelensPride #RainbowWalk from @sthelenscouncil Town Hall throughout the town centre and for singing &amp; dancing outside of @TheWorldofGlass ! #StHelens https://t.co/pRqUeV2Hiq,whatsonsthelens,"@sthelenscouncil, @TheWorldofGlass",2019-08
2019-08-10,toniaantoniazzi,Labour,"@Scott_Arthur Yes, enjoy Greece! See you soon",Scott_Arthur,@Scott_Arthur,2019-08
2019-08-10,mikegapes,Labour (Co-op),EXCLUSIVE: Redbridge Council keeping no log of racist or sexual abuse in schools nor of pays-out for schoolyard accidents https://t.co/TpWFVHmEJS,IlfordRecorder,,2019-08
2019-08-10,jonashworth,Labour (Co-op),"To all celebrating in Leicester and elsewhere a happy, peaceful, joyful and blessed Eid Mubarak to you and your family #EidAlAdha #EidMubarak",,,2019-08
2019-08-10,jostevenslabour,Labour,"PM Johnson’s #Brexit enforcer Dominic Cummings’ farm took €235,000 in EU handouts. Hypocrite. https://t.co/8kSLe91MTh",,,2019-08
2019-08-10,dianajohnsonmp,Labour,"I see that UKIP, in their perpetual leadership contest that is rivalled only by the DFS sale in its longevity, have now elected a triumph of nominative determinism, a Mr Dick Braine.",LizMcInnes60,,2019-08
2019-08-10,philipdaviesuk,Conservative,"I regularly have pupils from the constituency come into the office to do work experience. They get to see what an MP does, meet constituents, help out in the office &amp; come on visits. Here’s Cameron who wasn’t expecting to come eye to eye with a Eurasian Eagle Owl
@LMW_Hospital https://t.co/4eU5ycG73a",EstherMcVey1,@LMW_Hospital,2019-08
2019-08-10,sarahwollaston,Conservative,"50p coins AND blue passports folks to make up for Johnson trashing our economy, science, farming, supply chains &amp; currency. #BrexitReality https://t.co/gKSjtXvhkt",christopherhope,,2019-08
2019-08-10,ruthcadbury,Labour,"Key facts about Heathrow 3rd runway: total EXTRA CO2 emissions would be about 183 MtCO2 between 2022–2050 (above staying with 2 runways) https://t.co/mQRFpqfhph  Key facts all in one place, on Heathrow. This is what Heathrow &amp; DfT don't want people to know. MASSIVE CO2 increase",AirportWatch,,2019-08
2019-08-10,dr_philippaw,Scottish National Party,"A no-deal Brexit won’t be a clean break: this nightmare will go on for ever
https://t.co/Y2fHqyH1Xk @BBCNews @Independent @guardiannews @Scotland @BBCScotlandNews @ScotlandSky @scotlandinunion @SundayTimesScot @UKMoments @Europe1 @POLITICOEurope @France24_en @SkyNews @MailOnline",AdvocateIndian,"@BBCNews, @Independent, @guardiannews, @Scotland, @BBCScotlandNews, @ScotlandSky, @scotlandinunion, @SundayTimesScot, @UKMoments, @Europe1, @POLITICOEurope, @France24_en, @SkyNews, @MailOnline",2019-08
2019-08-10,lucianaberger,Labour (Co-op),"My constituent is in a facility that has recently been rated as requiring improvement. 
He has only just got a care plan. More than two months since he arrived.
He doesn’t have a discharge plan. 
It was very distressing to see a number of large bruises on his arms from injuries",lucianaberger,,2019-08
2019-08-10,willquince,Conservative,"Interesting Colchester FACT #7   

A Second World War pillbox in Colchester was the unlikely place where the immortal Second World War song ‘There’ll always be an England’ was written by Ross Parker. https://t.co/LGT5tukOsV",,,2019-08
2019-08-10,rthondavehanson,Labour,The Prime Minister needs to respond. He has the whole of the civil service at his disposal but has so far failed to reply to me about providing compensation for the victims of the biggest treatment disaster in the history of the NHS. One victim dies every 4 days they cannot wait. https://t.co/UcoLDPvgid,DianaJohnsonMP,,2019-08
2019-08-10,davidlammy,Labour,My eldest son just persuaded me to have this amazing Apple Pie with him at the Cider House Kitchen in West Sussex on first day of our long weekend family hols. Wow. Bang goes my diet! https://t.co/wxoeBqEHxo,,,2019-08
2019-08-10,robertjenrick,Conservative,"As part of today’s announcement on a package of recovery for #WhaleyBridge, @mhclg is giving £150k immediately to help @HighPeakBC to support community initiatives to help the local economy rebuild https://t.co/epsRvMOhAU",mhclg,"@mhclg, @HighPeakBC",2019-08
2019-08-10,preetkgillmp,Labour (Co-op),So many good people backing @LiamByrneMP @SThompson_JP - gives me hope that collectively we can deliver much-needed change in the West Mudkands https://t.co/XNtRIFvjYe,Harborne_Jayne,"@LiamByrneMP, @SThompson_JP",2019-08
2019-08-10,hackneyabbott,Labour,"In the face of indecisive Government and a Prime Minister with no mandate, I'm proud to lead the @LabourHomeTeam.

Every member of my team is committed to holding the Tories to account, fighting injustice and speaking up for the most vulnerable in our society. https://t.co/hWaAQ2008R",LabourHomeTeam,@LabourHomeTeam.,2019-08
2019-08-10,julieelliottmp,Labour,You can recycle in the city centre! Please put any waste you would normally put in your blue recycling bin at home in these bins. #cleangreencity https://t.co/N80dD5qZU4,SunderlandUK,,2019-08
2019-08-10,keeleymp,Labour,"Thankyou to everyone who came to Buile Hill to celebrate the success of our nursery campaign to keep us open and celebrate Salford’s five outstanding nurseries, the day was a great success @SalfordUnison @SalfordCouncil @salford_mayor @RLong_Bailey  @KeeleyMP @SamanthaJayneb4 https://t.co/fM9rfPOywg",Shellparsons,"@SalfordUnison, @SalfordCouncil, @salford_mayor, @RLong_Bailey, @KeeleyMP, @SamanthaJayneb4",2019-08
2019-08-10,julianknight15,Conservative,"Interesting that the Lib Dems are happy to go into partnership with Welsh Nationalists, who's ultimate aim and reason for existing is the same as the SNPs - to end the United Kingdom. Seems they'd happily do a deal with Nats north of the border too if they'd been interested https://t.co/BkygSkAYjA",pmasterton1985,,2019-08
2019-08-10,alisonthewliss,Scottish National Party,"Scotland WINS the EuroHockey Championship II 2019! A dominating performance over Italy gives Scotland the right to call them selfs CHAMPIONS! 🏆🏴󠁧󠁢󠁳󠁣󠁴󠁿😍

Catch-up with all the action: https://t.co/COPpv7iTdL 

#EHC2019 https://t.co/Wwv6lcffBB",ScottishHockey,,2019-08
2019-08-10,stewartmcdonald,Scottish National Party,"@JamieGlackin1 If you don’t wake up in, say, Paris then it’s tame.",JamieGlackin1,@JamieGlackin1,2019-08
2019-08-10,karlturnermp,Labour,"End this fight! Please! @MattHancock @BorisJohnson @VertexPharma.
Thank you @DrRaviJ for speaking out. Good luck @MotherhoodvsCF. 
#cysticfibrosis #LifeSavingDrugsNow #OrkambiNow #SymkeviNow 
Greatful to @Daily_Express @ChrisMRiches for keeping our fight in the media. 💛💛💛 https://t.co/eHWAp4C1c1",emmagadie2009,"@MattHancock, @BorisJohnson, @VertexPharma., @DrRaviJ, @MotherhoodvsCF., @Daily_Express, @ChrisMRiches",2019-08
2019-08-10,nadhimzahawi,Conservative,Yesterday’s power outages caused enormous disruption - National Grid must urgently review and report to Ofgem. I will also be commissioning the government’s Energy Emergencies Executive Committee to consider the incident.,andrealeadsom,,2019-08
2019-08-10,geraintdaviesmp,Labour (Co-op),UK-Canada trade talks are over as a no-deal Brexit gives all Britain’s cards away with reduced tariffs to all comers without concessions. No Deal Brexit would be an unconditional surrender and an unprecedented self-inflicted national humiliation. @Andrew_Adonis https://t.co/CUmAbVs6yH,GeraintDaviesMP,@Andrew_Adonis,2019-08
2019-08-10,steph_peacock,Labour,"Great music, food and fun fair at the Love Life Festival in Grimethorpe today. https://t.co/9KllVqVTsj",,,2019-08
2019-08-10,simonclarkemp,Conservative,Can’t wait #UTB https://t.co/IY7qHdcbUa,Boro,,2019-08
2019-08-11,rebeccaharrismp,Conservative,@carriesymonds Yuk,carriesymonds,@carriesymonds,2019-08
2019-08-11,angelarayner,Labour,".@LizEllenJacques, @1davisellesse, Elaine Garry and I joining the volunteers for the monthly @CanalRiverTrust clean up of the Failsworth section of the Rochdale Canal. Lots of rubbish collected. We are lucky to have the canal, wish it were treated with a little more respect! https://t.co/oPIxmwjtN7",sfielding90,"@LizEllenJacques,, @1davisellesse,, @CanalRiverTrust",2019-08
2019-08-11,joannaccherry,Scottish National Party,"Eid Mubarak to everyone celebrating across the world! Wishing peace, love and happiness upon all🙏🏽#EidAlAdha #Hajj2019 https://t.co/AM7PHKDuLe",TasminaSheikh,,2019-08
2019-08-11,nadhimzahawi,Conservative,"More good news from @10DowningStreet.

✔️20,000 more police officers on our streets.
✔️Giving police officers the powers to do their job.
✔️Ensuring that criminals get the punishment they deserve.

🔵@Conservatives are making our streets safer. https://t.co/tbBdPtqzAe",halfon4harlowMP,"@10DowningStreet., @Conservatives",2019-08
2019-08-11,timloughton,Conservative,"The British Lung Foundation is a close to home charity after loosing my grandfather last year.. 
Wishing a happy 20th anniversary to the Worthing Breathe Easy Group 🥂 glad to have local EW&amp;S MP @timloughton there along with mayor @hazel_thorpe @lunguk 🙏🏼❤️ https://t.co/GDv1cGnhl7",emharris33,"@timloughton, @hazel_thorpe, @lunguk",2019-08
2019-08-11,jamescleverly,Conservative,"🗳️ Politicians don't get to choose which votes they respect.

🇬🇧 That's why @BorisJohnson and the Conservatives are committed to delivering Brexit by October 31st.

✍️ Tell Labour and the Lib Dems they CAN'T ignore referendum results. ⤵️

https://t.co/sosWZSPztl",Conservatives,@BorisJohnson,2019-08
2019-08-11,hackneyabbott,Labour,Strong statement from the leader of @UKLabour Jeremy Corbyn speaking up for the rights of the Kashmiri people. I completely support his condemnation of the human rights abuses currently taking place in Kashmir #KashmirBleeds #KashmirWantsFreedom https://t.co/xSrCfoFfmA,jeremycorbyn,@UKLabour,2019-08
2019-08-11,louhaigh,Labour,Worth a read. A brief yet forensic destruction of Johnson's policy on policing. Its not just about officer's on the beat. Thanks @LouHaigh https://t.co/hd84CT57uU,misterrisk1,@LouHaigh,2019-08
2019-08-11,j_donaldson_mp,Democratic Unionist Party,"Interesting suggestion by Eoghan Harris. If we are to avoid a ‘no deal’ outcome, then Dublin can play a crucial role in helping broker an accommodation that both the UK &amp; EU can accept. There is still time to do this. https://t.co/YNT6lnnza1",,,2019-08
2019-08-11,nicdakin55,Labour,"Telling, damning sentence: Conservatives no longer ‘Conservative &amp; Unionist Party’ but now ‘Conservative &amp; Brexit Party’. Gordon Brown: Union is 'sleepwalking into oblivion' amid nationalism - BBC News https://t.co/wZW9nYrmN6",,,2019-08
2019-08-11,bill_esterson,Labour,"It will take more than a newspaper column to fix the crisis in law and order which has happened under the Conservatives. Boris Johnson was part of the government that let it happen and can’t be trusted to fix the problem. Brutal analysis from my colleague, @LouHaigh👇 https://t.co/95A1CiGNQU",Bill_Esterson,@LouHaigh👇,2019-08
2019-08-11,shaileshvara,Conservative,".@BelfastHarbour handles 67% of seaborne trade in Northern Ireland. 

Chancellor of the Duchy of Lancaster @MichaelGove was there yesterday to reinforce the UK Government’s commitment to continuity of trade &amp; preserving prosperity on the island of Ireland. https://t.co/XrNz7BhTfR",cabinetofficeuk,"@BelfastHarbour, @MichaelGove",2019-08
2019-08-11,mpiainds,Conservative,Canvassing in #monkhams talking to local residents about #crime #overdevelopment and other important issues @conservatives #torycanvass https://t.co/3KPrYjM1Fv,,@conservatives,2019-08
2019-08-11,alistairburtuk,Conservative,It’s all happening in #Bedfordshire today what a great picture of @tilly_trailer @chandlersfe working together. https://t.co/U669otPQNS,tilly_trailer,"@tilly_trailer, @chandlersfe",2019-08
2019-08-11,grahamemorris,Labour,"Attlee on the Conservatives:

""They are bankrupt of ideas. They seek to deck out that shabby garment of competitive capitalism and organised selfishness with shreds and patches from our programme. But they lack the essential inspiration: the moral ideal that informs our policy"" https://t.co/wOGuwjAzaT",labour_history,,2019-08
2019-08-11,pauljsweeney,Labour (Co-op),"@AnndraNicolson @AaronBastani The SNP abstained on option of maintaining a customs union, as a minimum. The only option that might have secured a majority in the indicative votes. Several also abstained on a confirmatory public vote. I and my Scottish Labour colleagues voted for all soft/stop Brexit options.",AnndraNicolson,"@AnndraNicolson, @AaronBastani",2019-08
2019-08-11,labourlewis,Labour,@eloisetodd Yup. Exactly what The El Todd says ☝🏾,eloisetodd,@eloisetodd,2019-08
2019-08-11,cskidmoreuk,Conservative,1/4 This week as Health Minister I’ve been visiting some of the twenty new hospital upgrades announced by @BorisJohnson and @MattHancock to see how this new £850m capital investment has made possible projects that can transform patient care- including £99.5m for @LandDHospital 👇 https://t.co/RbEkhhBXeI,,"@BorisJohnson, @MattHancock, @LandDHospital",2019-08
2019-08-11,realstephenkerr,Conservative,Out leafleting in #Dunblane this morning for @Stephenkerrmp! A warm day for it... https://t.co/Yp3gfwpFmE,stirling_tories,@Stephenkerrmp!,2019-08
2019-08-11,keeleymp,Labour,"No you haven't, you've reduced the authorisation from superintendent to inspector.

These are not more powers for the police, they're attention-seeking headlines because you've destroyed policing. https://t.co/0oS1bW0XKq",LouHaigh,,2019-08
2019-08-11,aloksharma_rdg,Conservative,"#UKaid is working to preserve the elephant's natural habitat, prevent poaching &amp; strengthen borders to stop ivory trafficking 
 
So we can all enjoy this beautiful animal for many years to come 🐘
 
#100WaysAidWorks for the UK and the world 

#GlobalBritain https://t.co/nZC9pQcQjR",,,2019-08
2019-08-11,andrewbowie_mp,Conservative,"@MRJKilcoyne @michaelgove If it hadn't been for @oldelpaso fajita kits, I would have starved at uni. 🤣",MRJKilcoyne,"@MRJKilcoyne, @michaelgove, @oldelpaso",2019-08
2019-08-11,jamescleverly,Conservative,@hijakejohnstone I think we all love her. She might not be a great-grandma but she is a great grandma.,,@hijakejohnstone,2019-08
2019-08-11,johnnymerceruk,Conservative,@jamesrbuk I genuinely don’t care what you think.,jamesrbuk,@jamesrbuk,2019-08
2019-08-11,richardburden27,Labour,Eid Mubarak to everyone celebrating Eid al -Adha https://t.co/vZyo5AqPab,,,2019-08
2019-08-11,thomasbrake,Liberal Democrat,Wishing the millions celebrating in the UK &amp; around the world a very happy #Eiduladha https://t.co/Cw1d1pbamH,LibDemDiversity,,2019-08
2019-08-11,gavnewlandssnp,Scottish National Party,"@DouglasDaniel Moving the direct negative 😉
Gerry Fisher's role to lose...",DouglasDaniel,@DouglasDaniel,2019-08
2019-08-11,thomasbrake,Liberal Democrat,"2016: @BorisJohnson rails against Govt for £9.3m spent on EU Ref info leaflets 

2019: he announces the Govt will spend up to £10m on TV ads &amp; leaflets about a No Deal #Brexit

Another example of our manboy PM flip-flopping!",,@BorisJohnson,2019-08
2019-08-11,louhaigh,Labour,"Spot on.  If you ruin something over many years then a few short term, and poorly thought out, bribes are not going to fix anything but your image in the minds of a few... https://t.co/buRd5kqaV9",crimebusterslug,,2019-08
2019-08-11,angelarayner,Labour,"Fantastic stuff from Labour Failsworth Cllr's working in the community they represent, here today working alongside @CanalRiverTrust cleaning up the canal of rubbish in Failsworth part of my constituency 👍@cllrsfielding @1davisellesse @cllrelainegarry @LizEllenJacques 🌹 https://t.co/HRhTIMUMXZ",,"@CanalRiverTrust, @cllrsfielding, @1davisellesse, @cllrelainegarry, @LizEllenJacques",2019-08
2019-08-11,sdoughtymp,Labour (Co-op),"@ValeforEurope @AlunCairns @SDoughtyMP @jeremycorbyn @WalesForEurope @BBCWalesNews @BBCRadioWales @ITVWales @Plaid_Cymru @Bel4theVale @mikegalsworthy @Femi_Sorry Great news. Well done @ValeforEurope and thank you for doing this in the rain and the wind yesterday. 
It was a bit blowy down the Island. You could really lean into the wind. 

The great people of #Barry have given you a clear message there. 

#StopBrexit https://t.co/8v8wsPmU62",glamorganshire,"@ValeforEurope, @AlunCairns, @SDoughtyMP, @jeremycorbyn, @WalesForEurope, @BBCWalesNews, @BBCRadioWales, @ITVWales, @Plaid_Cymru, @Bel4theVale, @mikegalsworthy, @Femi_Sorry, @ValeforEurope",2019-08
2019-08-11,nadhimzahawi,Conservative,“Wishing everyone celebrating the joyous festival of Eid al-Adha a very peaceful and prosperous time.”– PM @BorisJohnson #EidMubarak #EidAlAdha https://t.co/WzLiRJbPJx,10DowningStreet,@BorisJohnson,2019-08
2019-08-11,petergrantmp,Scottish National Party,@Feorlean That awful bigoted man.. .,Feorlean,@Feorlean,2019-08
2019-08-11,vernon_coaker,Labour,Let’s see Pledging to restore some of the things they cut eg Police Officers. As the son of a Police Officer can I say not a good start not to have as one of the headlines more money for youth and community work. Message to PM that helps.  O But you cut that as well @LouHaigh https://t.co/QETjIf8zeF,MoS_Politics,@LouHaigh,2019-08
2019-08-11,mgreenwoodww,Labour,Out in Portugal it is great to see on the beaches.... recycling stations ... and advice to reduce plastics use and waste!! Very in keeping with our Coast 2 Country message and aims!! @WirralC2C https://t.co/kXHkbLEdif,PensbySchool,@WirralC2C,2019-08
2019-08-11,spellar,Labour,"new Transport Sec Grant Shapps brags about buying a Tesla , why not buy an electric Jaguar ?! They still don't get it https://t.co/49SwcOZIlD",,,2019-08
2019-08-11,vickyfoxcroft,Labour,"Eid Mubarak to @LewishamMosque and to all Muslims celebrating around the world today. I wish you all a blessed Eid with your family and friends  

 #EidAlAdhaMubarak #EidAlAdha https://t.co/nZ4bLHKz0d",,@LewishamMosque,2019-08
2019-08-11,thangammp,Labour,"@DaysOutNow I do a walk or a big run event each year I am post-breast-cancer too - it is a lovely way of marking each year of recovery, with loved ones who helped me through it, to raise money for others. I salute you and hope you now have a bit of a sit down!",AncientPastTime,@DaysOutNow,2019-08
2019-08-11,huddlestonnigel,Conservative,Eveshan Town Council have done a great job with the flower beds and baskets all around the town including here: outside the Almonry @EveshamTC https://t.co/M5Fa8Xr6wS,,@EveshamTC,2019-08
2019-08-11,j_donaldson_mp,Democratic Unionist Party,@ColmDore @LeoVaradkar @simoncoveney @nealerichmond So Irish Government has sub contracted the Irish border to Brussels and is powerless to intervene?  Why then has the Taoiseach invited the Prime Minister to talk about this issue if he can do nothing to help resolve the current impasse? Is Dublin just hunkering down for no deal?,ColmDore,"@ColmDore, @LeoVaradkar, @simoncoveney, @nealerichmond",2019-08
2019-08-11,darrenpjones,Labour,"Now it’s been reported that Boris Johnson is drawing up plans for a bailout fund to prop up businesses in the event of a no-deal Brexit, would someone care to explain the supposed economic benefits to the UK of no deal? #ProjectNonsense",hilarybennmp,,2019-08
2019-08-11,mikegapes,Labour (Co-op),Seems that my tweet below has annoyed the Cult.  Troll factories  are active this weekend. https://t.co/jFoc8RqhUb,MikeGapes,,2019-08
2019-08-11,rhonddabryant,Labour,Holiday over. This particular unicorn is deflated and back in its box. https://t.co/LziLrJNEEi,DavidGauke,,2019-08
2019-08-11,margarethodge,Labour,Eid Mubarak to all my friends and everyone celebrating #EidAlAdha today around the world. https://t.co/6BBjTnVzPI,tom_watson,,2019-08
2019-08-11,brandonlewis,Conservative,"@emilyhewertson Sorry to hear this, always v sad to loose a beloved pet. We lost our Jacob last year. https://t.co/5vKRFwGgHl",emilyhewertson,@emilyhewertson,2019-08
2019-08-11,esthermcvey1,Conservative,"Just watching the bee activity 🐝 in the back garden .... 
Anyone else ? 
#beemused https://t.co/MBBphWPFuX",,,2019-08
2019-08-11,wesstreeting,Labour,On this day in 2015. Absolutely the best photo caption ever written. https://t.co/JXjzRluQcV,TheMichaelMoran,,2019-08
2019-08-11,kevin_j_foster,Conservative,"@BayonetmediaUK @danwnews @cllrsdarling and ignored his suggestions and wider comments, plus unduly dismissive of his plans.",BayonetmediaUK,"@BayonetmediaUK, @danwnews, @cllrsdarling",2019-08
2019-08-11,liliangreenwood,Labour,"And great work by local @ng_labour councillors, getting things sorted for local residents! https://t.co/cSUd0beXvn",Khan4Wollaton,@ng_labour,2019-08
2019-08-11,julianknight15,Conservative,There are lots of local sports clubs in and around #Solihull . Why not give them a try and support our local sports teams? https://t.co/pvZUKxJVtQ,BlytheMatters,,2019-08
2019-08-11,louhaigh,Labour,This simply means that a lower rank can authorise a fixed time period where officers no longer require the reasonable grounds threshold to be met to search someone.,LouHaigh,,2019-08
2019-08-11,stuart_mcdonald,Scottish National Party,"Still just shy of the crowdfunding target for this important court case aiming to help prevent a #NoDeal #Brexit. So if you can help out, here’s the link - https://t.co/tPg43z7CrC https://t.co/rXoX6Jt36e",joannaccherry,,2019-08
2019-08-11,dianajohnsonmp,Labour,"If you're out about in Edinburgh this month, make sure you say a warm 'Hull-o' to our friendly #HullTakeover flyerers!

@edfringe #EdFest https://t.co/8i6NZ6kT2N",AbsCultured,@edfringe,2019-08
2019-08-11,thangammp,Labour,@Lina26186036 @IanDunt @jeremycorbyn @LibDems Literally helped stopped Brexit twice already and also mobilised votes for indicative votes and the second referendum option in that vote. I have absolutely and consistently made the remain case and represented my constituents accordingly,Lina26186036,"@Lina26186036, @IanDunt, @jeremycorbyn, @LibDems",2019-08
2019-08-11,laurasmithcrewe,Labour,I’m grateful for the positive relationship I have with @CheshireChief - since his appointment he has recognised the importance of maintaining firefighter numbers in Crewe and has stated publicly his desire to protect firefighter numbers and locate them where they're most needed,LauraSmithCrewe,@CheshireChief,2019-08
2019-08-11,kitmalthouse,Conservative,The mission is clear. https://t.co/L34mIqu1AL,BorisJohnson,,2019-08
2019-08-11,edvaizey,Conservative,"Yeah, if only we had a female Prime Minister trying to avert No-Deal... 
Remind us, Caroline, how did you vote when Theresa May asked you to vote for a deal? https://t.co/j8Va69lQLw",nigelfletcher,,2019-08
2019-08-11,smcpartland,Conservative,Still time for local community groups to apply for People's @PostcodeLottery funding ahead of closing date of August 14th https://t.co/Q9My3Py39A,,@PostcodeLottery,2019-08
2019-08-11,edvaizey,Conservative,Well said @stuartmurphy100 👏 https://t.co/heZ3uvlaks,JonathanBadyal,@stuartmurphy100,2019-08
2019-08-11,meaglemp,Labour,Excellent piece by @OfficeGSBrown #StopBrexit #NoToNoDeal https://t.co/paed0v7hee,guardian,@OfficeGSBrown,2019-08
2019-08-11,kevin_j_foster,Conservative,"Despite the negative slant in Dan's article and rather unfair presentation of @cllrsdarling plan to invest, major projects underway or imminent, inc for the building pictured which surprisingly is not mentioned in favour of coverage for Hartlepool's MP instead....... #TorbayHour https://t.co/T612FLglCY",danwnews,@cllrsdarling,2019-08
2019-08-11,emmalewellbuck,Labour,"Thank you Callum, I found your book at Lidl and have hidden it somewhere today in Shields. I also hid a book myself written by my good friend Yvonne Carlin -Page somewhere in Marine Park. Happy hunting and reading! #lookforabooknortheast 📚 https://t.co/6XaLrjdVCW",,,2019-08
2019-08-12,dougchapmansnp,Scottish National Party,"Honoring Andrew Carnegie and his commitment to entrepreneurship, philanthropy, and education in his hometown of #Dunfermline on the centenary of his death.  Thank you to a great Scottish American! 🇺🇸🏴󠁧󠁢󠁳󠁣󠁴󠁿 @CarnegieCorp @carnegiemuseum https://t.co/PaxEYOzwlb",USAinScotland,"@CarnegieCorp, @carnegiemuseum",2019-08
2019-08-12,carolynharris24,Labour,@Gdaniec_L_O_B @DannyCheetham @GamRegGB Wild west comes to mind. X,,"@Gdaniec_L_O_B, @DannyCheetham, @GamRegGB",2019-08
2019-08-12,lordianaustin,Labour,@convivir @JewishLabour It was established in 1903 and its members helped set up the Labour Party.,convivir,"@convivir, @JewishLabour",2019-08
2019-08-12,cgreenuk,Conservative,"We want to make our streets safer.

That’s why this morning PM @BorisJohnson hosted leaders from the police, probation and prison sectors to discuss how we can make the criminal justice system work to deter and prevent crime. https://t.co/GCZb3VxUWD",10DowningStreet,@BorisJohnson,2019-08
2019-08-12,keeleymp,Labour,Come to @Summerhallery today as we launch our #WhoCares Campaign and petition to support the needs of Young Carers. Incredible @LungTheatre with @The_Lowry get a ticket for the show afterwards 6:20pm. Come along https://t.co/gH31yK3BJi,barefeetadam,"@Summerhallery, @LungTheatre, @The_Lowry",2019-08
2019-08-12,karlturnermp,Labour,BREAKING: Saboteurs have just located a grouse shoot at Upper Snailsden Moss in the Northern Peaks and are closing in to shut the shoot down. #glorious12th https://t.co/c9ygFOX1Gh,HuntSabs,,2019-08
2019-08-12,annietrev,Conservative,The UK’s entire submarine fleet will be based at Faslane by 2020.  https://t.co/2fx98VJiFe,UKDefJournal,,2019-08
2019-08-12,iowbobseely,Conservative,"I suspect ur only interest, @andrew_Adonis, in the #IsleofWight now is due to our recent row, when you made a fool of yourself. If you are interested in supporting the Island, the following will give you a little information.",,"@andrew_Adonis,",2019-08
2019-08-12,wesstreeting,Labour,This is brilliant news for a very special charity that does amazing work for people right across East London and Essex. Huge thanks to @LydiaRoseBright! https://t.co/RlcGWAd8ja,ELHAP,@LydiaRoseBright!,2019-08
2019-08-12,bill_esterson,Labour,Is he talking about himself? 🤔 https://t.co/0zmFAJXJ40,Bill_Esterson,,2019-08
2019-08-12,benmlake,Plaid Cymru,"Diolch i bawb daeth i fore coffi @BenMLake yn #Aberporth Ddydd Iau diwethaf - braf codi arian i'r neuadd leol, a nifer o sgyrsiau difyr! ☕️🍰

Thanks to everyone who attended @BenMLake coffee morning at #Aberporth last Thursday - interesting conversations &amp; great cake!☕️🍰 https://t.co/gJyv5GpWRQ",PlaidCeredigion,"@BenMLake, @BenMLake",2019-08
2019-08-12,peterboneuk,Conservative,Thank YOU!! Blown away by the number of different suggestions – I’m inspired to get out and explore more of this great country! 🇺🇸🇬🇧 https://t.co/OeeNB4Nadx,USAmbUK,,2019-08
2019-08-12,grahamemorris,Labour,"Thank you to the brave @CheshireFire firefighters who attended the Beechmere fire.

Fire Regulations must be urgently reformed. High-risk buildings such as Beechmere should as a min have sprinklers installed.

The govt must stop dragging its feet &amp; prioritise communities' safety. https://t.co/UbMB933wXi",Karen_karenelee,@CheshireFire,2019-08
2019-08-12,pauljsweeney,Labour (Co-op),Prime example of @FirstinGlasgow axing services that are vital for communities! Locals will now need to take 2 shuttle buses to nearby hospital. We need a publicly-owned bus company that puts people before profit 🚍help us #TakeBackOurBuses 👇https://t.co/VmUyhW6Woe https://t.co/6XNH0iHJ8V,GetGlesgaMoving,@FirstinGlasgow,2019-08
2019-08-12,theresecoffey,Conservative,"Yesterday @BorisJohnson announced 10,000 new prison places to keep criminals behind bars.

📰 Read the Prime Minister's article: https://t.co/inNjUardDO https://t.co/0UKXpyMcsK",Conservatives,@BorisJohnson,2019-08
2019-08-12,gareth_snell,Labour (Co-op),"A pleasure to support the 'Help for Heroes' team in Tesco in Hanleyas part of Tesco National Collection Weekend . Last year, the Tesco National Collection weekend raised more than £200k for our Heroes. Thank you to all those  supporting the collections &amp; those who donated. https://t.co/PJTvTi0AB0",,,2019-08
2019-08-12,gordonmarsden,Labour,"Eugene: 
speaks about further education pedagogy as including a vital element that operates outside the classroom: an ethic of care for students as individuals.
@GordonMarsden
@mattwucu @R0b5m1th 
@AnnLimb @AngelaRayner @halfon4harlowMP @nicolahall332
https://t.co/GX9x6N0Wyv",FETransforms,"@GordonMarsden, @mattwucu, @R0b5m1th, @AnnLimb, @AngelaRayner, @halfon4harlowMP, @nicolahall332",2019-08
2019-08-12,pauljsweeney,Labour (Co-op),.@TheCommonSpace The 1971 film 'Glasgow 1980' by Oscar Marzaroli captured many of the problems we now face #OurLand  https://t.co/WTuRgXlFm6,PaulJSweeney,@TheCommonSpace,2019-08
2019-08-12,tony4rochdale,Labour,"My latest Letter from Parliament, which was published on Rochdale Online, is available to read now and contains the latest news, events, and campaigns I’ve been involved in. Please take a look 👇 https://t.co/EoMLQc9Q36",RochdaleOnline,,2019-08
2019-08-12,iowbobseely,Conservative,"I am not here to defend people who came before. Overall, and despite outstanding exceptions, we have failed to have good leadership on the Island for 50 years. I am changing that. @andrew_Adonis",,@andrew_Adonis,2019-08
2019-08-12,nadhimzahawi,Conservative,"Our latest newsletter is now online to view on the link below. As always if you have any information regarding these incidents please contact 101 and give the incident number and date as shown.

https://t.co/fJisYpZBZn",StratfordCops,,2019-08
2019-08-12,rebeccaharrismp,Conservative,"This was the Lib Dem perspective on the 2016 referendum, BEFORE the vote took place. ""A once-ever chance""

Then AFTER they lost, they tried to pretend it was one-of-two-chances... nuh-uh!! https://t.co/AdblXpMADA",Change_Britain,,2019-08
2019-08-12,skinnock,Labour,"No Deal would be a catastrophe for our economy, not least for manufacturing &amp; steel.

But unfortunately, say @InstitueForGov, that’s where we're heading.

An unholy alliance of purists on either side of the debate have handed all the power to Johnson.

https://t.co/1B2ruvCvTt",,"@InstitueForGov,",2019-08
2019-08-12,iowbobseely,Conservative,"Even in August I am busy working for my patch. If you have something serious to say, good for you, but if all you can do is troll, jog on. Every time you tweet, @andrew_Adonis, it’ll just remind people how little the last Labor Govt’ did for the #IsleofWight. Over and out. 😊👍",,"@andrew_Adonis,",2019-08
2019-08-12,realstephenkerr,Conservative,"⭐️Approx. 12,500 #UnpaidCarers in #Stirling are looking after loved ones with a disability, serious illness, frailty or addiction &amp; mental health issues. Help us win £10,000 in the @LottoGoodCauses #NLAwards to support them - tweet using #NLAStirlingCarers to vote! Thank you!⭐️ https://t.co/p0CRJCPPpM",StirlingCarers,@LottoGoodCauses,2019-08
2019-08-12,theresecoffey,Conservative,"The UK is a global leader on the protection of elephants 🐘 having introduced one of the world’s toughest ivory sale bans last year.

Make sure you know if your holiday souvenir doesn’t contain #endangeredspecies. #CITES #WorldElephantDay https://t.co/dPhiZaLgsa https://t.co/cLxjCx0fHL",DefraGovUK,,2019-08
2019-08-12,emmaereynolds,Labour,"I would like to wish #EidMubarak to the Muslim community in #Wolverhampton and across the country, as they celebrate Eid al-Adha. A happy and peaceful celebration to you all. #Eid #EidAlAdha https://t.co/ahwc9nO4xt",,,2019-08
2019-08-12,johnmcdonnellmp,Labour,"It is the #Inglorious12th!
Grouse will lose their life and the environment and other wildlife like hen harriers will suffer too!
The @LabourParty and @SueHayman1 want a review in view of the overwhelming evidence of the negative impact of grouse shooting.
https://t.co/3L5QxMVREQ https://t.co/oj2uqOcRsJ",LabourAnimalRG,"@LabourParty, @SueHayman1",2019-08
2019-08-12,justinmadders,Labour,"Now the average wait for a routine GP appointment is longer than two weeks for the first time.

As one GP surveyed said ‘dreadful funding’ is to blame.

Well we all know because Johnson’s top advisor told us; Tories don’t care about the NHS. https://t.co/6XI1kB0XwT",JonAshworth,,2019-08
2019-08-12,angelarayner,Labour,Labour demands review into grouse shooting over environmental damage concerns. Great work from colleague @SueHayman1 in this area #Inglorious12th https://t.co/z4xQBozRuw,,@SueHayman1,2019-08
2019-08-12,edvaizey,Conservative,"Fairly mischievous and looking rather unkempt here, so might benefit from some grooming. But that's no reason not to vote for @edvaizey &amp; Pepper for Westminster Dog of the Year. Though the Civil Service Code requires me to note that @MattHancock and @nadams are also competing. https://t.co/bmAroLSIjm",KeithNicholDCMS,"@edvaizey, @MattHancock, @nadams",2019-08
2019-08-12,dianajohnsonmp,Labour,Come to Hull and visit Wilberforce House to be informed of the horrors of slavery and hatred.@Hull_Museums https://t.co/GOh8SQvemn,hulltourguide,@Hull_Museums,2019-08
2019-08-12,hackneyabbott,Labour,"Building more and more prisons gets headlines but it is not the solution. 

To reduce the number of victims of crime, we need a Government with a proper strategy to address the causes of crime. 

Not a Government that will repeat the mistakes of the past. https://t.co/g33yVdkqgK",RichardBurgon,,2019-08
2019-08-12,sarahchampionmp,Labour,"Video clip of the amazing @MelTankardReist talking about effects of porn on boys.  Mentions report by @SarahChampionMP.  Scary times our children are growing up in.  
*Trigger alert - sexual violence #endVAWG #stoprape 
https://t.co/P98Yn4GoD0",jcstaff_,"@MelTankardReist, @SarahChampionMP.",2019-08
2019-08-12,khalid4pb,Labour,Eid Mubarak to all my Muslim friends.,sionsimon,,2019-08
2019-08-12,hilarybennmp,Labour,8. ”It is clear that a no deal exit would result in the UK automotive sector—a great British success story—being put at a competitive disadvantage.”,hilarybennmp,,2019-08
2019-08-12,grahamemorris,Labour,"More than 1,000 people are being made homeless every single month. 1 in 200 people are either living in temporary accommodation or sleeping rough - this is around 320,000 people. This is a national scandal which the government are wilfully fuelling through dire political choices.",Rachael_Swindon,,2019-08
2019-08-12,chukaumunna,Labour,Chuka Umunna: Don't let the reckless gamblers of Boris Johnson's ‘do or die’ Brexit gang pretend they speak for the people | @ChukaUmunna https://t.co/7BoBiNfgJq,IndyVoices,@ChukaUmunna,2019-08
2019-08-12,tandhesi,Labour,No one should be denied insurance because of their mental health condition and our forces veterans should not be treated like this - Insurers are failing our army veterans by refusing them life cover https://t.co/tKKmkKHuG4,KeeleyMP,,2019-08
2019-08-12,liambyrnemp,Labour,"I think we can found @uklabour's National Education Service here in our region. That's why I'm so, so grateful for the advice, expertise - and support! - of members like Cllr Jayne Francis, cabinet member for Education, Skills &amp; Culture in Birmingham
#LetsStartNow
@Harborne_Jayne https://t.co/bsyHqSm3Bv",,"@uklabour's, @Harborne_Jayne",2019-08
2019-08-12,kevin_j_foster,Conservative,@AlanD_TDA @beachlifemuma @cllrsdarling @danwnews To be fait to @cllrsdarling it appears Sky had a wish to just pump a national line and not bothered about any local info which might conflict......,AlanD_TDA,"@AlanD_TDA, @beachlifemuma, @cllrsdarling, @danwnews, @cllrsdarling",2019-08
2019-08-12,thomasbrake,Liberal Democrat,"Brilliant news that the GoSutton bus service has been extended to #Wallington, #Beddington and #NorthCheam!

Try it out for yourself and download the app at: https://t.co/E91QkRtECk https://t.co/lQJrsueHXl",,,2019-08
2019-08-12,tony4rochdale,Labour,To everyone celebrating Eid ul Adha across the world today &amp; tomorrow have a blessed Eid with your family &amp; friends #EidMubarak #Rochdale from all at RCOM @RochdaleCouncil @SaferRochdale https://t.co/MBC7JuUWij,RochdaleCoM,"@RochdaleCouncil, @SaferRochdale",2019-08
2019-08-12,bill_esterson,Labour,@LindsayMelia @LovelocksC Meet Jackson https://t.co/k63hpyEHwh,LindsayMelia,"@LindsayMelia, @LovelocksC",2019-08
2019-08-12,carolynharris24,Labour,@Dontlookback198 is calling for a meeting with @BorisJohnson and @patel4witham over the @Daily_Express #EndThisInjustice campaign. You can support the crusade and @LouHaigh's Bill by cutting out a coupon in today's paper Pls RT @ToniaAntoniazzi @baronessnewlove @carolynharris24 https://t.co/kUdBmzYwzY,lizperkinspost,"@Dontlookback198, @BorisJohnson, @patel4witham, @Daily_Express, @LouHaigh's, @ToniaAntoniazzi, @baronessnewlove, @carolynharris24",2019-08
2019-08-12,dr_philippaw,Scottish National Party,@rayner_susannah @KymYSmith @JamesMelville It is rubbish. https://t.co/gTYOUnZjgU,Sergi0068,"@rayner_susannah, @KymYSmith, @JamesMelville",2019-08
2019-08-12,jamie4north,Liberal Democrat,"Our politics is broken. Millions of people are faced with a choice between Jeremy Corbyn and Boris Johnson. The British people deserve better.

Join the Liberal Democrats and help us build a movement to change our system

https://t.co/uhtmkhaCuA",LibDems,,2019-08
2019-08-12,martinjdocherty,Scottish National Party,"👇£36k or £30k would be v damaging!
👉 https://t.co/HHvRP7VUfQ
“... 63% of workers in Scotland earn less than the proposed £30,000 salary threshold... In occupations such as textiles, social care, leisure &amp; travel, sales, &amp; elementary occupations, almost no jobs would qualify...” https://t.co/EMyMlL6dzx",BenMacpherson,,2019-08
2019-08-12,tpearce003,Labour,"Have your say on the future of Thamesmead and Abbey Wood.  Join the team at a drop-in event at the Information Hub on Weds 14th August, 11am – 4pm. Find out more here: 

https://t.co/tePaMLxadi https://t.co/z1DudpnUlg",LBofBexley,,2019-08
2019-08-12,karen_karenelee,Labour,"A busy constituency day with a number of meetings across #Lincoln.

I really enjoyed visiting the MS centre this afternoon. Thank you all for your warm welcome. https://t.co/gqIHKbelmZ",,,2019-08
2019-08-12,vickyford,Conservative,@S2Tee2 @greateranglia @BBCEssex can you email me please &amp; I will chance with GA.,s2tee30,"@S2Tee2, @greateranglia, @BBCEssex",2019-08
2019-08-12,liambyrnemp,Labour,Matt Lambert has been serving homeless communities in Wolverhampton for years. I've been so grateful for his insight in writing our manifesto and I'm proud to now have his endorsement. We can #MakeHomelessnessHistory so #LetsStartNow @camlambert2000 https://t.co/CPkdZNwb2j,liambyrnemp,@camlambert2000,2019-08
2019-08-12,yasminqureshimp,Labour,"Excellent news that 4 restaurants in Bolton have been nominated for the Best Curry Awards 2019. Good luck to @RoyalBaltiHouse in Farnworth - opened in 1969, Bolton's oldest curry house 

https://t.co/FgJNYknUCO",,@RoyalBaltiHouse,2019-08
2019-08-12,dougchapmansnp,Scottish National Party,"Amazed at @BBCScotland tonight. 6 minutes of an Edwina Currie party political broadcast. 7 easy questions &amp; 1 weak intervention. A quite pathetic answer on Scottish independence goes unchallenged. All very chatty.
The growling will start again when the next ScotGov Minister is on",,@BBCScotland,2019-08
2019-08-12,carolinelucas,Green Party,@OwenJones84 Green Party hasn’t lost any of its radicalism Owen &amp; I’m disappointed that you’re suggesting it.  Politics is poorer when people can’t be allowed to make mistakes. I made one  &amp; apologised.  That doesn’t make me neoliberal - just someone who’s trying to find a way through this,OwenJones84,@OwenJones84,2019-08
2019-08-12,tomtugendhat,Conservative,"@LordRickettsP When we leave we’ll need new ways of cooperating. Until then, why are we choosing not to have a say in decisions we will be bound by and pay for?",LordRickettsP,@LordRickettsP,2019-08
2019-08-12,annaturley,Labour (Co-op),"Such a patriot....
Nigel Farage attacks Prince Harry and Meghan Markle, jokes about 'overweight' Queen Mother https://t.co/U4AfPaHkO9",,,2019-08
2019-08-12,chhcalling,Conservative,Met this clean cut young chap this evening. He asked about the best way of getting to Lords on Wednesday - I obviously told him he needed to catch the ⁦@CalSleeper⁩ from ⁦@NetworkRailEUS⁩ on Tuesday evening to be sure he’s there in good time... https://t.co/Vj6MUju80C,,"@CalSleeper⁩, @NetworkRailEUS⁩",2019-08
2019-08-12,drrosena,Labour,"I’m about to go on @BBCr4today to talk about @UKLabour’s plans for a review into driven grouse shooting. This practice contributes to climate change, damages habitats, endangers birds and mammals and is cruel. #glorioustwelfth #inglorioustwelfth @LabourDefra",LukePollard,"@BBCr4today, @UKLabour’s, @LabourDefra",2019-08
2019-08-13,mimsdavies,Conservative,😱 Oh no! This chap has been left @SOU_Airport Have you lost a little 🐻 while flying this weekend👇 https://t.co/WJjeftScCc,SOU_Airport,@SOU_Airport,2019-08
2019-08-13,dr_philippaw,Scottish National Party,"@normanlamb @Dr_PhilippaW 

Another aspect of the NHS whistleblowing problem.

What happens to senior people in the NHS and trade unions that support a whistleblower? https://t.co/tOQnsL9vpZ",54kdoctors,"@normanlamb, @Dr_PhilippaW",2019-08
2019-08-13,sarahchampionmp,Labour,"“She was inexperienced, odd and nervous — showed no real interest.”

Just look at what sex buyers say about women to see the violent misogyny and racism that is rife in the sex trade in Ireland. The only progressive solution is the Equality Model! https://t.co/KoLLw3o4il https://t.co/NnXF1xJTzz",RuhamaAgency,,2019-08
2019-08-13,carolinenokes,Conservative,Constructive discussion this morning @Specsavers and Airways Optical - lots of post Brexit challenges https://t.co/ymLjSaVFfl,,@Specsavers,2019-08
2019-08-13,liambyrnemp,Labour,"Good people across our region are outraged by rising homelessness - it's a true moral emergency. Miya Jhamat knows this and has helped raise money for the YMCA in Wolverhampton by sleeping out for the night.

I'm proud to have her support.
#LetsStartNow
https://t.co/Ahm9rQO7cH https://t.co/hZJ4WKjZxn",,,2019-08
2019-08-13,jessphillips,Labour,"Predator Jeffrey Epstein killed himself. On behalf of the victims I represent, we would have preferred he lived to face justice.
Our civil cases can still proceed against his estate. Victims deserve to be made whole for the lifelong damage he caused. We’re just getting started.",LisaBloom,,2019-08
2019-08-13,louhaigh,Labour,"It's hard to trust a man who repeatedly made promises he knew he couldn't keep and has lied about his own record in office.

I hope I'm wrong but I'm deeply sceptical about the PM's commitments on policing.

https://t.co/EqVwaIkZoy",,,2019-08
2019-08-13,shaileshvara,Conservative,Truly dedicated and committed people doing fantastic work https://t.co/aHLGvVDOOe,10DowningStreet,,2019-08
2019-08-13,andrewrosindell,Conservative,"We’re leaving the EU on October 31st. No ifs, no buts, no Government of National Surrender!

#StandUp4Brexit https://t.co/QgSigDQFcD",StandUp4Brexit,,2019-08
2019-08-13,walkerworcester,Conservative,"Great visit to @EdArtFest at the beautiful Scottish National Portrait Gallery @NatGalleriesSco stunning exhibitions &amp; a real celebration of creativity, artistry, history &amp; culture - the Edinburgh festivals are of immense importance to the UK &amp; an international draw for Scotland https://t.co/Xn21PRWtL5",,"@EdArtFest, @NatGalleriesSco",2019-08
2019-08-13,wesstreeting,Labour,"“...this finding comes straight from the Sir Humphrey Appleby playbook on how to rig a poll.” 

Former YouGov President Peter Kellner DEMOLISHES @Telegraph #Brexit headlines. 

Yet more spin and lies from the Cummings / Johnson #fakenews machine. 

https://t.co/qxIgqqCMFj",SDoughtyMP,@Telegraph,2019-08
2019-08-13,willquince,Conservative,"👨‍💻👩‍💻 Workers in both the public and private sector are receiving well deserved pay increases.

👨‍🔧👩‍🔧 And our reforms, including the National Living Wage, mean it’s the lowest paid people benefiting the most.

👇 Good analysis here. https://t.co/lX3cDTB2hs",AmberRuddUK,,2019-08
2019-08-13,pauljsweeney,Labour (Co-op),"Agenda: Folly of hostile approach to Ferguson Marine

https://t.co/Af97SlFShi https://t.co/cbtofdOUll",heraldscotland,,2019-08
2019-08-13,drcarolinej,Conservative,"More than 5 million Labour voters voted Leave. The fact that three and a half years on you, as a Labour MP, don't understand why, tells us a lot. Especially when 66% of voters in your council area voted Leave! https://t.co/tb3uMEVjbO",IainDale,,2019-08
2019-08-13,heidiallen75,Conservative,"I'm holding four more pop up surgeries tomorrow in Girton, Bar Hill, Swavesey and Dry Drayton - no appointment necessary, come and say hello! Details here: https://t.co/JhzX70EF23",,,2019-08
2019-08-13,skinnock,Labour,"A New Deal for Steel: The Government must engage with the EU Commission to secure modifications to the EU’s steel safeguard regulation ensuring that in the event of a no-deal the UK is provided with its own tariff-free quotas.

https://t.co/ZSmjxIsMz3 https://t.co/7RlzIpyaEo",UKSteel__,,2019-08
2019-08-13,eastantrimmp,Democratic Unionist Party,Party representatives are currently speaking to the media following a meeting with PSNI senior officers to discuss the policing decisions in Londonderry on Saturday. https://t.co/dwNofYP6eW,duponline,,2019-08
2019-08-13,angelaeagle,Labour,They got it ‘wrong’ knowingly It’s anti democratic propaganda designed to tee up a false ‘people v Parliament’ general election by the Brextreemists who have captured the Tory Party https://t.co/eAxEetPbuk,OFOCBrexit,,2019-08
2019-08-13,lsrplaid,Plaid Cymru,Braf sgwrsio @Femi_Sorry am ddyfodol amaeth yn #sioemon2019 / Good to meet you at the Anglesey Show #WalesforEurope https://t.co/GGTgpGlHXY,LlyrGruffydd,@Femi_Sorry,2019-08
2019-08-13,alewermbe,Conservative,Partnership working every day - today's town centre hero is Market Officer Liz Bateman. Liz and her colleagues are always happy to assist @NorthantsPolice to help make your town centre a safer place. @NorthamptonBC @LoveNorthampton @LoveNNmarket #bethedifference #c7001 https://t.co/TkVTLJJkS2,NptonPolice,"@NorthantsPolice, @NorthamptonBC, @LoveNorthampton, @LoveNNmarket",2019-08
2019-08-13,nigeldoddsdup,Democratic Unionist Party,"Sporting &amp; Community groups can apply for £1000 (100% funded) through Sport NI Everybody Active Programme for physical activity projects targeting females, people with a disability, people living in areas of high social need.Ts&amp;Cs apply
leisuregrants@antrimandnewtownabbey.gov.uk https://t.co/H22EZs3jbV",ANBorough,@antrimandnewtownabbey.gov.uk,2019-08
2019-08-13,annaturley,Labour (Co-op),@sandra4646 @IainDale @AIDANTURNER4 Do you not care about this? The impact on jobs and livelihoods here? Haven’t we been hammered enough? https://t.co/6Y6jMNOcrO,sandra4646,"@sandra4646, @IainDale, @AIDANTURNER4",2019-08
2019-08-13,johnmcdonnellmp,Labour,"A Labour Government will invest in our public services, establish a National Transformation Fund, and set up a National Investment Bank, to boost our economy and tackle the productivity crisis so badly neglected by the Tories. https://t.co/dU883T5hV9",,,2019-08
2019-08-13,henrysmithuk,Conservative,"🌳 The Conservatives are the party of law and order: 

✍️ 20,000 new police officers.
✍️ Powers for stop and search.
✍️ Tougher sentencing.

Like if you agree👇 https://t.co/8j3OJPl3Eg",Conservatives,,2019-08
2019-08-13,hollylynch5,Labour,"Tell us the truth over #police numbers #BorisJohnson because we don't believe you - hard-hitting piece by Labour's @LouHaigh as PM visits #Yorkshire
https://t.co/EngcLuZCoq
@IanDayPix @RobParsonsYP @wizbates @LauraCollinsYPN @RachelReevesMP @paulasherriff @yorkshirelabour",OpinionYP,"@LouHaigh, @IanDayPix, @RobParsonsYP, @wizbates, @LauraCollinsYPN, @RachelReevesMP, @paulasherriff, @yorkshirelabour",2019-08
2019-08-13,drlisacameronmp,Scottish National Party,"As promised, our videos from our recent prize-giving reception in conjunction with @DuncanrigScndry are now available...Hope you enjoy 🤩🦈♻️
Here's a link to the shorter version - https://t.co/TwKn8GVFNB
Here's a link to the longer version - 
https://t.co/zkodutsBbK https://t.co/sdmVwaNeRs",weshredpaper,@DuncanrigScndry,2019-08
2019-08-13,louhaigh,Labour,@jackbuck123 @samfoster99 @PeoplesMomentum You're exactly right. I'm simply exposing the fact the Home Sec is lying about increasing powers. Not calling for said powers. Stop and search is complicated legislation so easy for people to manipulate and misunderstand.,jackbuck123,"@jackbuck123, @samfoster99, @PeoplesMomentum",2019-08
2019-08-13,tpearce003,Labour,Wednesday’s METRO: City living bad as 20 fags a day #tomorrowspaperstoday https://t.co/8iSKClgyEs,MsHelicat,,2019-08
2019-08-13,tomtugendhat,Conservative,@F3Ptu @CommonsForeign Many fewer are eligible. Only those who secured their right as British Overseas Citizens would be.,,"@F3Ptu, @CommonsForeign",2019-08
2019-08-13,tpearce003,Labour,Wednesday’s i: A-Level results: universities criticised over admissions #tomorrowspaperstoday https://t.co/J8EXb95F7s,MsHelicat,,2019-08
2019-08-13,nsoames,Conservative,"@RichardBenyonMP @BenGoldsmith @NOMSM7 Well said,Richard,we all feel deeply for Ben &amp; family and @twitter should be ashamed .....no point mentioning the perpetrators",goedhuis_laura,"@RichardBenyonMP, @BenGoldsmith, @NOMSM7, @twitter",2019-08
2019-08-13,helengrantmp,Conservative,"Superb to chat with @JournoTijou from @KentLiveNews about all things #MaidstoneandTheWeald including reducing homelessness, tackling crime, improving our train services and speeding up broadband connections https://t.co/oeQ2mwGlFS",,"@JournoTijou, @KentLiveNews",2019-08
2019-08-13,annaturley,Labour (Co-op),@Samsoprano30 @JasnaBadzak @hoppy1848 Thanks Sam,Samsoprano30,"@Samsoprano30, @JasnaBadzak, @hoppy1848",2019-08
2019-08-13,alistairburtuk,Conservative,"Development must be smart - if it's not risk informed, it's not #sustainable. See how @UNDP is supporting countries to make the #SDGs a reality. 👉 https://t.co/SFvYOWEY28 https://t.co/69G3BOvh5V",ASteiner,@UNDP,2019-08
2019-08-13,jostevenslabour,Labour,"Please re-tweet! 
We are looking for pen pals who live around the world! 🌍 
We would like to connect with schools in Scotland, Ireland, South America, China, India, Africa and Russia. 
If you can help please send us a message! 📝🖊📮
Diolch 🌍🏴󠁧󠁢󠁷󠁬󠁳󠁿
#aimhigh #globallinks #penpals https://t.co/fHSxglXEpv",AdamsdownPrm,,2019-08
2019-08-13,david_duguid,Conservative,"🌟 NEW UK RECORD 🌟

⬆️ There is a new record 32.81 million people employed in the UK.
⬆️ Average weekly pay grew by 3.9% in the year to June, highest in 11 years.

🇬🇧 Conservatives are growing the economy so we can pay for great public services.

Join us: https://t.co/l9xQnioNDj https://t.co/W7erfyA1Y0",Conservatives,,2019-08
2019-08-13,emmahardymp,Labour,@_ESP_2012 That’s a really interesting point. @SteelSusie,_ESP_2012,"@_ESP_2012, @SteelSusie",2019-08
2019-08-13,jeffsmithetc,Labour,"Tell us the truth over #police numbers #BorisJohnson because we don't believe you - hard-hitting piece by Labour's @LouHaigh as PM visits #Yorkshire
https://t.co/EngcLuZCoq
@IanDayPix @RobParsonsYP @wizbates @LauraCollinsYPN @RachelReevesMP @paulasherriff @yorkshirelabour",OpinionYP,"@LouHaigh, @IanDayPix, @RobParsonsYP, @wizbates, @LauraCollinsYPN, @RachelReevesMP, @paulasherriff, @yorkshirelabour",2019-08
2019-08-13,pauljsweeney,Labour (Co-op),"My @heraldscotland column on the issues at Ferguson Shipyard in Port Glasgow. If Scottish Govt took the advice of people like @MazzucatoM, on how to actually deliver mission oriented industrial development of shipbuilding, it wouldn't be in this situation: https://t.co/mPT5AMrBUq https://t.co/XUgaWtdayC",,"@heraldscotland, @MazzucatoM,",2019-08
2019-08-13,philwilsonxmp,Labour,I agree @tom_watson @joswinson Country first. https://t.co/6PIQHmuCaC,joswinson,"@tom_watson, @joswinson",2019-08
2019-08-13,emmalewellbuck,Labour,@DogManStar @ShieldsMPSAFC That’s because I am at work not sat in front of twitter all day! You aren’t looking hard enough..,,"@DogManStar, @ShieldsMPSAFC",2019-08
2019-08-13,normanlamb,Liberal Democrat,Our National Inquiry into Asset Based Health will be launched early Oct by @normanlamb good stories to share about what scale for what SP work with @FromeMedPractic @Alvanleyfp @Creat1ve_M1nds @GrenfellUnited @CharlotteAugst @al2getherbetter @AlisonTrimble  #primarycarenetworks,BeckyMalby,"@normanlamb, @FromeMedPractic, @Alvanleyfp, @Creat1ve_M1nds, @GrenfellUnited, @CharlotteAugst, @al2getherbetter, @AlisonTrimble",2019-08
2019-08-13,dianajohnsonmp,Labour,Thank you for a very enjoyable afternoon discussing @HullHeadStart with HeadStart volunteers. Really very impressive group of young people and great services @TNLComFund @Hullccnews https://t.co/LUfOAfS5qa,HeadStartHull,"@HullHeadStart, @TNLComFund, @Hullccnews",2019-08
2019-08-13,lsrplaid,Plaid Cymru,"Waw. Mae'r Dref Werdd ym Mlaenau Ffestiniog yn gynllun gwych! Syniadau a gweledigaeth glir am ddatblygu'r gymuned a phawb yn rhanddaeliaid cyfartal. Roedd heddiw'n agoriad llygad ac yn ysbrydoliaeth. Diolch i Annwen, Cynghorydd gweithgar Bowydd a Rhiw, am fy hebrwng. https://t.co/Tv6eYqMe05",mabonapgwynfor,,2019-08
2019-08-13,tomtugendhat,Conservative,"Since we published, things have degraded. The protests against the extradition law have spread. Young people worried they're losing their City have been joined by many more. The police response and the involvement of thugs has worsened the situation so much... 2/9 https://t.co/Lil2ATrETX",TomTugendhat,,2019-08
2019-08-13,gilliankeegan,Conservative,"Calling all St Richard's staff and volunteers: Did you not get your Thank You cup yesterday? Then head down to the main reception from today to pick one up.

We will be at Worthing on the 22 Aug (10am-3pm) and Southlands on the 23 Aug (11am-1pm). See our intranet page for more. https://t.co/5HXOpqAtU0",westernsussex,,2019-08
2019-08-13,andrewbowie_mp,Conservative,"Brilliant to see Sir Ian Wood, who has done so much for the North East of Scotland and, indeed, the wider world through the Wood Foundation, recognised by being awarded the Carnegie Medal for Philanthropy. So well deserved.
https://t.co/eiQDW7JInX via @pressjournal",,@pressjournal,2019-08
2019-08-13,cpjelmore,Labour,The most senior Conservative MP on the Public Accounts Committee couldn’t answer the question about how all of Boris Johnson’s spending pledges are being funded. Have a watch... https://t.co/feoAWBS0kj,Emmabarnett,,2019-08
2019-08-13,anneliesedodds,Labour (Co-op),My statement to all those attending the Solidarity with Kashmir protest today in Oxford https://t.co/f3ehfQ3EmG,,,2019-08
2019-08-13,willquince,Conservative,"@alliburkephoto Holy Trinity Church on Trinity Street and I believe it is owned by Colchester Borough Council. It is Grade I listed, part Saxon and William Gilberd is buried there.",alliburkephoto,@alliburkephoto,2019-08
2019-08-13,peterkyle,Labour,"""This finding comes straight from the Sir Humphrey Appleby playbook on how to rig a poll""
https://t.co/A9IUQlAEvp",OFOCBrexit,,2019-08
2019-08-13,faisal__rashid,Labour,https://t.co/z1HLY6ByV9,,,2019-08
2019-08-13,karenpbuckmp,Labour,"Finally something of an answer on where this policing money is going to come from - cuts elsewhere or increase in taxation.

Care to tell us where exactly you'll be cutting or increasing tax @patel4witham? https://t.co/4z18WsSujD",LouHaigh,@patel4witham?,2019-08
2019-08-13,karenpbuckmp,Labour,The ‘sharing economy’ is fine but sometime soon government will need to wake up to what the professionalised short-let sector is doing to housing supply. https://t.co/RShm4kFhGl,POLITICOEurope,,2019-08
2019-08-13,stephenmorganmp,Labour,Plans for new coastal defences along the Southsea seafront are now live on the local authority planning platform. You can view the application and make comments both online or at the Civic Offices. Read the full article here: https://t.co/bVDu5zdVOG https://t.co/vXgx2QBjzS,SouthseaCS,,2019-08
2019-08-13,rees4neath,Labour (Co-op),Great campaigning day with members of Clwyd West CLP and Shadow Secretary of State for Wales @Rees4Neath  in Colwyn Bay yesterday. Listening to the many concerns raised by the people we spoke to it’s obvious we need a Labour Government - now! https://t.co/Ki18vgJ0Cn,JoThomas4CW,@Rees4Neath,2019-08
2019-08-13,tracey_crouch,Conservative,https://t.co/z41SrIJ9Br,,,2019-08
2019-08-13,keeleymp,Labour,"Wanna hear a crazy story? I’m a new mom &amp; I had protein in my urine during and after pregnancy, which is bad. A doctor told me to “lose weight” &amp; it would go away. Didn’t want me to see me back for months. So I got a second opinion. Turns out I have bone marrow cancer. THREAD: 1/",jencurran,,2019-08
2019-08-13,andreajenkyns,Conservative,"@OutdoorWarrior1 @AnimalEquality Look on my website, if you followed my animal rights work you would have seen I have spoken in Parliament about non-stun slaughter of animals.",,"@OutdoorWarrior1, @AnimalEquality",2019-08
2019-08-13,sarahchampionmp,Labour,The UK Government needs to be doing all it can to uphold the rule of law in Hong Kong. We owe them a duty of care. Doing nothing hands their democracy to China ⁦@hk_watch⁩  https://t.co/HD63TP6v9T,SarahChampionMP,@hk_watch⁩,2019-08
2019-08-13,carolynharris24,Labour,"Thank you to everyone who has brought food donations in recently. Care and Repair, @CefnHengoed Deputy Head Darren McGinley &amp; son Morgan, Tegwen and Linda, you're all amazing! ⭐️ https://t.co/PdPecXwQ3K",,@CefnHengoed,2019-08
2019-08-13,louhaigh,Labour,"The consultation is here; there have been real concerns raised about how accessible it is for survivors as it seems the questions have been designed with professionals in mind but if you can answer any of the questions please do make your voice heard:

https://t.co/2nK26WrWq2",LouHaigh,,2019-08
2019-08-13,dianajohnsonmp,Labour,Thank you @HumberbeatHULL for inviting me and @HumbersidePCC to walk the beat this morning on Orchard Park in Hull North. https://t.co/kcCevB0yz9,,"@HumberbeatHULL, @HumbersidePCC",2019-08
2019-08-13,lsrplaid,Plaid Cymru,Cyfle i gefnogi gwaith ein cronfa trwy ddod i un o’n cymanfaoedd canu gwerin er cof am #Merêd. Manylion i ddilyn yn fuan! #yagym #Cymraeg @RhHWilliams @GwilymBowenRhys @LisaGwilym @georgiaruth @bwncathband @9Bach @AcademiHTeifi @Rhuanedd @Lleuwen 🎻 https://t.co/CR1xIuqMLy,CronfaGWS,"@RhHWilliams, @GwilymBowenRhys, @LisaGwilym, @georgiaruth, @bwncathband, @9Bach, @AcademiHTeifi, @Rhuanedd, @Lleuwen",2019-08
2019-08-13,debbie_abrahams,Labour,Do you actually have any idea how trade policy works with the US @trussliz ? 🙄 There’s a thing called CONGRESS. Even if John Bolton was in charge (which he isn’t) - perhaps you ought to remind yourself of his America First agenda? #Bonkers #Brexit https://t.co/W6RB90bTAn,SDoughtyMP,@trussliz,2019-08
2019-08-13,nadhimzahawi,Conservative,"Today PM @BorisJohnson visited Leeds General Infirmary, one of 20 hospitals across the country that are being upgraded as part of an extra £1.8 billion of support for the NHS #OurNHS https://t.co/9Fd1FOrffy",10DowningStreet,@BorisJohnson,2019-08
2019-08-13,drphilliplee,Conservative,"2016: We must restore parliamentary sovereignty.

2019: We must shut down parliament.

Apparently, it must be forced to be free. https://t.co/truhN6Trv9",lewis_goodall,,2019-08
2019-08-13,guyopperman,Conservative,I would have more respect for Lucas if she made it clear that her votes in @HouseofCommons seek to block #Brexit purely for personal / political reasons. She does not accept a democratic decision of the people ... it’s that simple. End of. 3/,GuyOpperman,@HouseofCommons,2019-08
2019-08-13,sajidjavid,Conservative,"Jobs stats today are another sign that the fundamentals of the UK economy are strong. Employment is at a new record high, wages are growing faster than inflation, and people are keeping more of what they earn. https://t.co/5JjR00tpdO",,,2019-08
2019-08-13,benmlake,Plaid Cymru,"***SWYDD***
Dwi'n chwilio am Weithiwr Achos llawn amser i ymuno â'r tîm yn fy swyddfa yn Llambed.
Dyddiad cau: 27/08/19
Rhagor o wybodaeth yma: https://t.co/u6PmkUfLHh https://t.co/4tzeNRjzrg",,,2019-08
2019-08-13,kevinbrennanmp,Labour,"In all my political career, I’ve never seen anything as reckless as this UK Government’s determination to pursue a #NoDealBrexit. It’s time for @10DowningStreet to stop the bluster &amp; the bluff, &amp; change course immediately to avoid the damage a no deal would cause Wales &amp; the UK. https://t.co/bOhJEfnb34",fmwales,@10DowningStreet,2019-08
2019-08-13,annaturley,Labour (Co-op),7 self-confessed law-breakers in Johnson's 'tough on crime' cabinet https://t.co/BBYQIVwF3S,LeftFootFwd,,2019-08
2019-08-13,grahamemorris,Labour,🚨🦠🎯🧬 Half of us will suffer from cancer at sometime in our lives and 1 in 4 of us will need radiotherapy.  Please follow the link to find out you how can support the campaign to end the current NHS postcode lottery in the availability of precision radiotherapy. @RTherapy4Life https://t.co/A0dJwGdsrr,RTherapy4Life,@RTherapy4Life,2019-08
2019-08-13,dianajohnsonmp,Labour,"@DianaJohnsonMP and PCC @Keithhunter50 have joined officers in north Hull this morning in #orchardpark to speak about the work our neighbourhood teams are doing in that part of the city, and the continued work we do to address concerns and keep communities across north Hull safe https://t.co/2aw2m15JXU",Humberbeat,"@DianaJohnsonMP, @Keithhunter50",2019-08
2019-08-13,sdoughtymp,Labour (Co-op),"@CharlotteAdele_ @SDoughtyMP Hi Charlotte, if you could DM your phone number an anti-social behaviour officer will contact you to help. Thanks #QuickQueryCDF https://t.co/rtzNHKlkqw",cardiffcouncil,"@CharlotteAdele_, @SDoughtyMP",2019-08
2019-08-13,sdoughtymp,Labour (Co-op),The @LGBTLabourWales committee is pleased to give our endorsement to @JennyMCharles to be the Labour PPC for Monmouth. Jenny is a tireless campaigner and would be a fantastic candidate and MP for the constituency. Good luck! https://t.co/R2mzieYvid,LGBTLabourWales,"@LGBTLabourWales, @JennyMCharles",2019-08
2019-08-13,jamesfrith,Labour,"Good luck @buryfcofficial Hope @JamesFrith powers of persuasion are successful. If anyone can, James can! https://t.co/zjk5P0rOZ1",Bill_Esterson,"@buryfcofficial, @JamesFrith",2019-08
2019-08-13,owenpaterson,Conservative,"Great to catch up with @MarchesMAT_Head Sarah Longville at The @MarchesSchool, doing really inspiring work improving education across a family of Shropshire schools. @SJT_School @groveschooleu https://t.co/s5yLJAkZiQ",,"@MarchesMAT_Head, @MarchesSchool,, @SJT_School, @groveschooleu",2019-08
2019-08-13,alanmakmp,Conservative,"A privilege to spend a day with our local police officers seeing the frontline work they do to keep residents safe across the #Havant constituency. Having already helped secure an extra £25m for Hampshire police, I'll continue campaigning for more resources #GiveADayToPolicing https://t.co/VVZI2oCj9r",,,2019-08
2019-08-13,richardburgon,Labour,"Despite the rhetoric, there are still thousands fewer prison officers than when the Tories came to power, with 10,000s of years of experience lost. There are too few officers to safely manage the existing prison population, never mind any planned expansion https://t.co/KZw5XLGDX5",RichardBurgon,,2019-08
2019-08-13,jessphillips,Labour,"5. They have mentioned diversion in case of youth violence which should be supported, but it takes real money &amp; the kind of schemes the Daily Mail would pillory for being a waste of tax payers money being spent on hoodlums. It also relies on a genuine grown up conversation on",jessphillips,,2019-08
2019-08-13,barrysheerman,Labour (Co-op),"A No Deal Brexit would be devastating to my constituents. 

I will do all that I can to oppose it.

#Brexit https://t.co/VSwjXL024l",,,2019-08
2019-08-13,cajardinemp,Liberal Democrat,"Great to be back in Shetland, joining ⁦@BeatriceWishart⁩ on the campaign trail. Positive response on the doorsteps. https://t.co/mG5EPbX5rs",jrwallace54,@BeatriceWishart⁩,2019-08
2019-08-13,dr_philippaw,Scottish National Party,Imagine being an independent country and asking to be ruled by Boris Johnson,dtaylor5633,,2019-08
2019-08-13,lizmcinnes60,Labour,"This is what happened at the last #LabourRoots - don’t miss the next one.

Come along on Saturday in Bolton to meet like minded people and for a day filled with conversation, music and art! 

https://t.co/TaiFwd6bm1 

#ByTheMany https://t.co/oULOELyQ9F",LabourByTheMany,,2019-08
2019-08-14,cwhittaker_mp,Conservative,"We are the party of law and order: 

✍️ 20,000 new police officers.
✍️ Powers for stop and search.
✍️ Tougher sentencing.

🇬🇧 Back Boris and join us today - https://t.co/QslfSNsIid https://t.co/IFT1tAdgzU",Conservatives,,2019-08
2019-08-14,tracey_crouch,Conservative,@NicEvennett I campaign for better mental health services as well having used them. I'm a mental health champion. It's just that something also needs to be done to prevent further suicides from the bridge,NicEvennett,@NicEvennett,2019-08
2019-08-14,sarahchampionmp,Labour,@oneandonlymr0 @reecewhayes @SKinnock Sorry 😞,oneandonlymr0,"@oneandonlymr0, @reecewhayes, @SKinnock",2019-08
2019-08-14,stephenctimms,Labour,Asda staff shouldn’t have to put up with this. I support GMB’s campaign. https://t.co/hXYadeucvh,GMB_union,,2019-08
2019-08-14,gareththomasmp,Labour (Co-op),"Missing Teenager Alert. A young 15 year old girl by the name of Aliyah Safi has gone missing from #Harrow - last seen on the 22nd of July. If you have any information or recognise her, please tell the police. More info here: https://t.co/Gmus1c8H78 @gdh1961  @GarethThomasMP",Peymasad,"@gdh1961, @GarethThomasMP",2019-08
2019-08-14,tracybrabin,Labour (Co-op),"Mind the gap – between train ticket prices and people’s wages.
Yet another rail hike means that the average train fares will increase by 40% by January. 
Labour will nationalise the railways and put passengers before profit 🚆
With us? Share this 👇 https://t.co/xUG6z1E2W0",UKLabour,,2019-08
2019-08-14,hilarybennmp,Labour,@Tris_Stock @dodofrost @votes_17 @hilarybennmp There is the little matter of this. The official Leave literature stating that the  leaves with a deal. See paragraphs 1&amp; 4 https://t.co/Nuca2csn5J,FrankieMac9,"@Tris_Stock, @dodofrost, @votes_17, @hilarybennmp",2019-08
2019-08-14,rlong_bailey,Labour,"Why is it going to take the Government 3 months to report on a blackout that brought chaos to the UK?

We need to know what went wrong and why - and urgently.

Our energy security is too important to leave to the Tories and their friends in big business.
https://t.co/Nz49lS8qa4",,,2019-08
2019-08-14,mgreenwoodww,Labour,"The H.E. admissions system isn’t working for students, and radical action is needed to change that. Predicted grades are wrong in the vast majority of cases, and disadvantaged students in particular are losing out on opportunities on the basis of those inaccurate predictions. https://t.co/ujETDVLtI5",AngelaRayner,,2019-08
2019-08-14,steph_peacock,Labour,"Tom Hicks is 💯 today! 

He’s an amazing character and a real stalwart of our #Veterans community who served with great distinction in #WW2. 

Thank you Tom for your outstanding service.👏🏼

Have a very happy Birthday!🎂🍾 https://t.co/rsofinIuki",DanJarvisMP,,2019-08
2019-08-14,amcarmichaelmp,Liberal Democrat,"New 30-minute podcast: @amcarmichaelMP and Ross Lowrie @EnvAgency discuss the risks, opportunities and environmental considerations associated with UK Tidal Power https://t.co/6DaAuvLVkd
#ITES2019 #tidal #cleanenergy #renewables",RE_Tidal,"@amcarmichaelMP, @EnvAgency",2019-08
2019-08-14,sdoughtymp,Labour (Co-op),Please keep voting guys!! If we win - the community wins!! 🥊 https://t.co/brdBfFfD9H,LlanrumneyPBC,,2019-08
2019-08-14,tommysheppard,Scottish National Party,"Great to meet new chief exec of @Link_Group_Ltd housing association Jon Turner - and delighted he showed me round their brand new development of social and affordable houses at Wauchope in Niddrie, helping deliver the homes our growing city needs. https://t.co/9R9RWG7boC",,@Link_Group_Ltd,2019-08
2019-08-14,liliangreenwood,Labour,@stushurlock @Captain_Deltic That was my first thought!,stushurlock,"@stushurlock, @Captain_Deltic",2019-08
2019-08-14,angusmacneilsnp,Scottish National Party,"Oh yes a bhalaich. 

@peat_diesel fans, ’s e ur beatha. 

#bbcbella https://t.co/CO69yLvNv7",bbcalba,@peat_diesel,2019-08
2019-08-14,neildotobrien,Conservative,Best of luck! https://t.co/OaP2JTVpys,F_A_F_C,,2019-08
2019-08-14,catharinehoey,Labour,"RT @AileenQuinton: @BrexitCentral @PhilipHammondUK I want a close trading relationship with the whole world, including the EU. Don't you da…",,"@AileenQuinton:, @BrexitCentral, @PhilipHammondUK",2019-08
2019-08-14,chrisstephens,Scottish National Party,@brianrjohnso @CMonaghanSNP good to see you Brain.,brianrjohnso,"@brianrjohnso, @CMonaghanSNP",2019-08
2019-08-14,rebeccaharrismp,Conservative,"Today PM @BorisJohnson hosted the first ever people's PMQs.

Watch the highlights here ⬇ #PeoplesPMQs https://t.co/OjdeoJei7D",10DowningStreet,@BorisJohnson,2019-08
2019-08-14,stephengethins,Scottish National Party,"It is called parliamentary democracy, Claire. Any UK Govt has to be accountable to the House of Commons &amp; have a majority. The expression of that majority isnt a coup; it is the exact opposite of it. #Newsnight @BBCNewsnight https://t.co/hqjRM121FH",GerryHassan,@BBCNewsnight,2019-08
2019-08-14,sharonhodgsonmp,Labour,"After Boris Johnson became PM in June this year, I used his first statement to the commons to ask him to rule out leaving the EU without a deal due to the impact it could have on the automotive industry: 

https://t.co/DOdQVMtj2T

7/9",SharonHodgsonMP,,2019-08
2019-08-14,conorburnsuk,Conservative,Enjoying my visit to Northern Ireland talking trade and exports @tradegovuk Thank you to @ThalesUK for hosting my first visit of the day https://t.co/IDuLaxGTOz,,"@tradegovuk, @ThalesUK",2019-08
2019-08-14,mtpennycook,Labour,@transportgovuk @TLRailUK They can do so via the text box at the end of the survey on the GTR Passenger Benefit Fund website (see here: (link: https://t.co/6LqNFIiapS) https://t.co/GuOfdKPOk2…). Local Rail User Groups/Community Organisations can contact my office for further information.,mtpennycook,"@transportgovuk, @TLRailUK",2019-08
2019-08-14,pauljsweeney,Labour (Co-op),@JazWoodbine @BAES_Maritime @UniteScotland @GMBScotOrg @BAESystemsplc @TheEveningTimes @Glasgow_Live @britainafloat @ianwaddell_CSEU @APPGShipbuild Yes.,,"@JazWoodbine, @BAES_Maritime, @UniteScotland, @GMBScotOrg, @BAESystemsplc, @TheEveningTimes, @Glasgow_Live, @britainafloat, @ianwaddell_CSEU, @APPGShipbuild",2019-08
2019-08-14,annaturley,Labour (Co-op),@hoppy1848 He’s just a vile individual,hoppy1848,@hoppy1848,2019-08
2019-08-14,annietrev,Conservative,"There are over 40 apprentices working on the City Class ships, delivering cutting edge technology where it counts. 
Find out how to apply here - https://t.co/VvhUsyznEm #Apprenticeship #NoWrongPath. https://t.co/R0TO4FPiZG",BAES_Maritime,,2019-08
2019-08-14,kevinbrennanmp,Labour,Excited to announce a brand new show in London: a special intimate gig on Friday 20th September at London's St Pancras Old Church. Tickets are onsale NOW. Hurry hurry... 🔥 &gt;&gt;&gt; https://t.co/TOKcQtf8pC https://t.co/jhBvA0q4xo,CatherineAD,,2019-08
2019-08-14,andrewrosindell,Conservative,"Philip Hammond was elected on a manifesto that promised we would leave on no deal if the only alternative was a bad deal. And in his own words, ""you have an obligation to deliver on that promise"" https://t.co/wscjhqUVJI",Change_Britain,,2019-08
2019-08-14,jsheappey,Conservative,Head over to the Number 10 Facebook page and get involved with the first ever People’s PMQs. Starting at 12.15. https://t.co/p5QW8ZJA5Q #PeoplesPMQs https://t.co/NEKv9nMPsZ,,,2019-08
2019-08-14,davidtcdavies,Conservative,thanks ⁦@GuidoFawkes⁩ for reminding us of this gem. WTO Brexit widely discussed by Brexiteers &amp; remainers like ⁦@PhilipHammondUK⁩ before the referendum. Public have spoken MPs must listen https://t.co/jWesYgeTXx,,"@GuidoFawkes⁩, @PhilipHammondUK⁩",2019-08
2019-08-14,mgreenwoodww,Labour,The Labour party has announced proposals to scrap the current admissions process for universities and other higher education institutions in the UK — claiming the system is based on 'inaccurate predictions' https://t.co/OcxZn8Gmwh,FinancialTimes,,2019-08
2019-08-14,gwynnemp,Labour,"A No Deal Brexit would be a terrible outcome. No matter how people voted in 2016, no one voted for the disruption &amp; economic damage that a No Deal could do. 

Short thread below on the ways in which I have been opposing No Deal &amp; the Govt's chaotic approach to Brexit ⬇️⬇️⬇️

1/9",SharonHodgsonMP,,2019-08
2019-08-14,alexsobel,Labour (Co-op),Absolutely sublimely beautiful set by @TheRealYLT at @Nath_Brudenell. A band I’ve listened to for a long time but never seen play live. Love that they take questions from the audience. Great to see Tom from @Vesselsband here too! https://t.co/b693uShtSl,,"@TheRealYLT, @Nath_Brudenell., @Vesselsband",2019-08
2019-08-14,paulasherriff,Labour,Incorrect. The cause of rape is the rapist in 100% of cases. Fact. https://t.co/DvOi2vy55L,drphiliplee1,,2019-08
2019-08-14,cpjelmore,Labour,"This is an absolutely damning indictment of successive Tory governments’ appalling record on productivity.

Our economy shrank last quarter. Business investment is tumbling. We see scandal after scandal in the finance sector. 

The Conservatives can’t be trusted on the economy. https://t.co/JguTBttuX0",johnmcdonnellMP,,2019-08
2019-08-14,grobinsondup,Democratic Unionist Party,On 50th anniversary of the start of Operation Banner we are thankful for those in the Armed Forces who served our community with professionalism in face of terrorism. I’ve had honour of bringing veterans to Brussels to share their stories. Their sacrifice can never be forgotten. https://t.co/oYfDJCHj3l,DianeDoddsMLA,,2019-08
2019-08-14,stuart_mcdonald,Scottish National Party,"Appalling - U.K. Gov create yet ANOTHER ‘Hostile Environment’!
Deadline for obtaining Settled Status is end of 2020, NOT 31/10. 
Big problem - those granted SS don’t get any document or card so how are NHS Staff meant to check? #BrexitMess 
https://t.co/9cb75U9UM9",Dr_PhilippaW,,2019-08
2019-08-14,jamescleverly,Conservative,"Dozens of Labour MPs are horrified by the idea of Corbyn in No10 Downing St. 

They’ve told me, surely they must have told him too. Surely. https://t.co/d2sBKvO4TO",jeremycorbyn,,2019-08
2019-08-14,huddlestonnigel,Conservative,"🌟 NEW UK RECORD 🌟
⬆️ There is a new record 32.81 million people employed in the UK.
⬆️ Average weekly pay grew by 3.9% in the year to June, highest in 11 years.
🇬🇧 @Conservatives are growing the economy so we can pay for great public services. https://t.co/vOe1hSptYN",,@Conservatives,2019-08
2019-08-14,willquince,Conservative,"This council has a gold mine with Colchester's history, all of which is under promoted. Empty buildings, like Trinity Church is a crime against tourism. https://t.co/0LIs7DN3fW",AliceGoss8,,2019-08
2019-08-14,bill_esterson,Labour,"Tory government say they oppose state run railways but have awarded West Coast trains franchise to Trenitalia, which is owned by the Italian state. UK rail travellers paying to subsidise Italian government. How about UK publicly owned railways with cheaper fares instead?",,,2019-08
2019-08-14,victoriaprentis,Conservative,"We first started making MarmalAid in Damascus in 2011. The bitter orange tree in the courtyard house in Bab Salaam where we lived was the inspiration. 

You can buy this year's batch here: https://t.co/idTxZCvF3Z https://t.co/xdXAzlQDt5",handsupfound,,2019-08
2019-08-14,gordonmarsden,Labour,Crowd gathering in Leeds for Asda demo against contract 6 @PaulMaccaGMB @neilsmithgmb https://t.co/wwpZE1jzd9,gmbnwi,"@PaulMaccaGMB, @neilsmithgmb",2019-08
2019-08-14,dancardenmp,Labour,"Since 2010 rail fares have risen almost three times faster than wages, even as performance declines. Hard-pressed passengers paying more for less. How is that fair?

Let's take our railways back into public ownership for a service run in the interests of passengers, not profit. https://t.co/YYXFVlNIsw",BBCNews,,2019-08
2019-08-14,philwilsonxmp,Labour,"#SupportLocalBusiness 
Please support our local #Ferryhill Businesses let’s support each other, whatever your going to do today, tomorrow or next week consider what we have in #Ferryhill
#ShopLocal https://t.co/ThD0ewJlew",Peteatkin2,,2019-08
2019-08-14,mpiainds,Conservative,"#STOPtheloancharge @BBCr4today interview earlier asking @10DowningStreet @BorisJohnson @sajidjavid to take urgent action to rethink the highly unfair &amp; harmful #LoanCharge @LCAG_2019 @loanchargeAPPG affecting 50,000 people in UK &amp; approx 140 people in #chingford #woodfordgreen https://t.co/eK2JAeAggc",,"@BBCr4today, @10DowningStreet, @BorisJohnson, @sajidjavid, @LCAG_2019, @loanchargeAPPG",2019-08
2019-08-14,eleanor_smith55,Labour,"Asda workers are being threatened with the sack if they do not sign a punishing contract.

Today Asda workers from every corner of the country are coming together to demand a better deal.

Will you stand with us? 👇
#AsdaRespectYourWorkers
https://t.co/jw55bEX6WY",GMB_union,,2019-08
2019-08-14,onnmel,Labour,You’ve awarded some PCCs extra money. Not all. Whilst any extra is welcome heightened levels of violence are not confined to the 18 forces chosen. We all need extra. https://t.co/Btk8TtSHke,Keithhunter50,,2019-08
2019-08-14,carolinenokes,Conservative,Many thanks to @ageuksoton for lovely visit this morning. Great opportunity to talk to service users and volunteers https://t.co/HV5wugpWth,,@ageuksoton,2019-08
2019-08-14,tomtugendhat,Conservative,Die Proteste in Hongkong eskalieren weiter. Der konservative britische Politiker @TomTugendhat will die Bürger Hongkongs nun mit der Forderung nach einem vollen britischen Pass beruhigen – und einen alten Fehler wiedergutmachen. https://t.co/SKZBHPmumT,FAZ_NET,@TomTugendhat,2019-08
2019-08-14,siobhain_mc,Labour,"Do you know someone who wants to learn new skills, is working towards being more independent and enjoys new challenges? All details below! Thank you @MertonMencap https://t.co/vX3PF8dtcf",,@MertonMencap,2019-08
2019-08-14,davidlinden,Scottish National Party,"So, feel free to follow on from today as I get #InYourShoes for another insightful week of work experience... it’s going to be fun! 😁",DavidLinden,,2019-08
2019-08-14,marycreagh_,Labour,"The latest wicked lie from Boris Johnson. 

MPs trying to stop his catastrophic no deal Brexit are true patriots not collaborators. https://t.co/wkMVIT1ZZC",WJames_Reuters,,2019-08
2019-08-14,mike_fabricant,Conservative,"@something_phil . Oh dear Philip. As you know, I meant “twit”.",Lichfield_Phil,@something_phil,2019-08
2019-08-14,paulasherriff,Labour,I am not a collaborator. None of my MP colleagues are. That term is best reserved for war time not peacetime. We are patriots determined to fight for the economic and cultural health of our country.  https://t.co/c0jsGbyV9a,DavidLammy,,2019-08
2019-08-14,davidgauke,Conservative,"This is utter piffle. Having worked for @PhilipHammondUK in Parliament, I recall he accepted referendum result, voted to deliver it three times and his dept delivered more legislation to prepare for No-Deal eventuality than any other. https://t.co/h2p1bqyaeS",HuwMerriman,@PhilipHammondUK,2019-08
2019-08-14,stewartmcdonald,Scottish National Party,6 of our primary schools will pilot car free zones from the start of new term tomorrow...find out all the details 🚘⛔️👉🏼 https://t.co/g37cF08wfI https://t.co/S7TuU8kT6W,GlasgowCC,,2019-08
2019-08-14,nadhimzahawi,Conservative,German Economy Contracts as Trade Woes Bite. Decline in GDP indicates that Europe’s largest economy has now become a drag on the region. With ⁦@TomFairless⁩ via ⁦@WSJ⁩  https://t.co/GQRGqgcZDt,bopanc,"@TomFairless⁩, @WSJ⁩",2019-08
2019-08-14,chrisruane58,Labour,Out-and-about with @NWPolice in the divisional HQ at St Asaph &amp; #Rhyl town centre earlier this week. Thank you to everyone on the force for taking the time to speak to me. @NWalesPoliceFed https://t.co/yJUWrZBEup,,"@NWPolice, @NWalesPoliceFed",2019-08
2019-08-14,anna_soubry,Conservative,3/4Jeremy Corbyn is not that person given he struggles to maintain the confidence of his own back benchers. He is also a Brexiteer given his long standing views. A Government of National Unity must have as its common purpose a determination to return Brexit to the British people.,Anna_Soubry,,2019-08
2019-08-14,amberrudduk,Conservative,"📍 Also chatted with some of the great companies like @FiveGuysUK who are recruiting locally for a wide range of jobs.

👏 Our Jobcentres are offering an excellent service, helping us to achieve record levels of employment. https://t.co/Rlgr6PcQ2b",AmberRuddUK,@FiveGuysUK,2019-08
2019-08-14,stewartmcdonald,Scottish National Party,"Sounds like this cleverly formulated, insistent, yes-or-no question from @jamespomfret has gone straight to the heart of this crisis and the most sensitive part of Lam when she nakedly dodged it and couldn't even look in his direction. Watch the whole thing. https://t.co/RUga38oGvv",yuenok,@jamespomfret,2019-08
2019-08-14,grahamstuart,Conservative,"Panamá es la economía de más rápido crecimiento en América Latina.

El ministro británico @grahamstuart y yo nos encontramos apreciando la vista de Panamá, una ciudad grande, próspera e impresionante para los negocios.

#BusinessIsGREAT #PanamáUK🇵🇦🇬🇧 https://t.co/cQ8ZtI4CKL",damionapotter,@grahamstuart,2019-08
2019-08-14,darrenpjones,Labour,@AreeqChowdhury @LukePollard @Jack_Blanchard_ We’re pretty low tech in my office: I just answer all of the questions!,AreeqChowdhury,"@AreeqChowdhury, @LukePollard, @Jack_Blanchard_",2019-08
2019-08-14,simon4ndorset,Conservative,Morning has broken a little grey and damp. It will keep the dust down! https://t.co/nQ1UDpYx6e,,,2019-08
2019-08-14,sdoughtymp,Labour (Co-op),"There’s nothing ‘radical’ about supporting a Tory #Brexit deal, destroying the livelihoods of your constituents, and nothing democratic about delivering #Brexit that most people no longer want as it bears no resemblance to what was promised! @SKinnock 
https://t.co/WHWpATWZRj",RichardGCorbett,@SKinnock,2019-08
2019-08-14,marcusfysh,Conservative,Fastnet memories on a wet and windy August day should make us all grateful for the extraordinary people and machines that are on hand to help seafarers in distress around our shores. https://t.co/RfcRC6YIuU,,,2019-08
2019-08-14,sarahwollaston,Conservative,This is why I’ve joined the @LibDems https://t.co/k2sOGdylGk,LibDems,@LibDems,2019-08
2019-08-14,mike_fabricant,Conservative,RT @Harrythiefpott: @Mike_Fabricant Michael you appear to have a great sense of humour I don't blame you blocking them there's no need for…,,"@Harrythiefpott:, @Mike_Fabricant",2019-08
2019-08-14,jamescleverly,Conservative,"Today I hosted the first ever people's PMQs.

Watch the highlights here ⬇ #PeoplesPMQs https://t.co/2blOS7GCoz",BorisJohnson,,2019-08
2019-08-14,hilarybennmp,Labour,"Congratulations to shoppers at #Middleton @Asda who have donated over 700kg of food to @LFoodbank
https://t.co/eq43ZI1lHF https://t.co/RRTvjcUyqk",SouthLeedsLife,"@Asda, @LFoodbank",2019-08
2019-08-14,annaturley,Labour (Co-op),"9. As for farming “UK producers would face high tariffs exporting to the EU, currently the market for over two-thirds of UK agri-food exports.....Sheep meat would face a tariff approaching 50%, bringing the viability of that sector into question. “",hilarybennmp,,2019-08
2019-08-14,jeremycorbyn,Labour,I've written to the leaders of other political parties and senior backbenchers from across Parliament to lay out my plan to stop a disastrous No Deal Brexit and let the people decide the future of our country. https://t.co/Jz1MjXCrqk,,,2019-08
2019-08-14,nicdakin55,Labour,"💷A 2.8% increase in rail fares from January 2020 is deeply unfair. Average fares are now 40% higher than they were in 2010.

🚉We need a @UKLabour government to bring our railways back into public ownership: run for passengers, not profits.

https://t.co/86V3zHxH5h",jessicamordenmp,@UKLabour,2019-08
2019-08-14,stuartandrew,Conservative,Why not take part in the PM’s first ever #peoplesPMQs 👇 https://t.co/njYTOL04AV,,,2019-08
2019-08-14,lukepollard,Labour (Co-op),@kathyhar Yes.,kathyhar,@kathyhar,2019-08
2019-08-14,edvaizey,Conservative,Awkward. A not such good day for the UK leaving the EU with no deal and getting a great trade deal with the US faction. https://t.co/vsM2teEgpg,DavidHenigUK,,2019-08
2019-08-14,karen_karenelee,Labour,"Today I met Mums, Dads, Sons &amp; Daughters. The only difference between them &amp; me is where we were born - through no choice of our own. No human is illegal. I'm so proud to be a member of @fbunational with its proud history of internationalism &amp; solidarity #BuildUnionsNotBorders https://t.co/DzPBwm3uYs",RiccardoLaT0rre,@fbunational,2019-08
2019-08-14,rhonddabryant,Labour,Just watched All New Improved #PMQs (Pose My own Questions). Good to see ⁦@BorisJohnson⁩ engaging but can’t help feeling there’s something in that old-fashioned idea of someone else asking questions &amp; following up if they don’t feel they’re getting a proper  answer https://t.co/Iw59drS9a6,bbcnickrobinson,@BorisJohnson⁩,2019-08
2019-08-15,robertsyms,Conservative,She voted for no deal three times... https://t.co/T5uX313slm,kitmalthouse,,2019-08
2019-08-15,hackneyabbott,Labour,Jeremy Corbyn urges opposition leaders and Tory rebels to help oust PM https://t.co/35d1KXl2hA,,,2019-08
2019-08-15,labourlewis,Labour,"Good luck to all students receiving their A-level grades this morning. Whatever your results - how you deal with them is almost as important as what you get! 
#alevelresultsday2019 #alevelresults2019",,,2019-08
2019-08-15,ronniecowan,Scottish National Party,"This is good news. The UK Government should be utterly ashamed that this is even a headline but I'm very relieved (especially for my partner's sake!) that the Scottish Government have done the right thing.

https://t.co/YkrJC52rnK",thecommongreen,,2019-08
2019-08-15,richardburgon,Labour,"A Boris Johnson ‘No Deal’ Brexit means Thatcherism 2.0 and the danger of our NHS being up for grabs by Trump and US multinational healthcare corporations. 

There’s no justifiable reason for the Lib Dems not to do the right thing and help us stop this.
https://t.co/sXkoBFvn2K",,,2019-08
2019-08-15,stevebakerhw,Conservative,Big news - @VP Pence will visit the United Kingdom September 4-5 where he will focus on strengthening and expanding our bilateral economic relationship with the UK post-Brexit. #SharedProsperity https://t.co/rt6F6OW7yU https://t.co/ab0dgZ3O9Y,USAmbUK,@VP,2019-08
2019-08-15,angusmacneilsnp,Scottish National Party,@gwtuggy Ain't my decision mate,,@gwtuggy,2019-08
2019-08-15,richardhrbenyon,Conservative,Fiona Bruce  and Ken Bruce will be looking forward to their invitation. @MarkLancasterMK seems to have lost his razor. Clearly we have yet to reach peak beard in this Government https://t.co/JgSDyfvRpb,AlastairBruce_,@MarkLancasterMK,2019-08
2019-08-15,redditchrachel,Conservative,"I'm always keen to hear your views, so if you've got a couple of minutes please do complete my Summer survey (I know it doesn't feel like Summer right now!).

You can take part by clicking on the link below 👇
https://t.co/Hbz9UZdXq3",,,2019-08
2019-08-15,stevebakerhw,Conservative,"Bafflingly, there are those who bemoan abundance. Bernie Sanders, to name one, has said, ""You don't necessarily need a choice of 23 underarm spray deodorants or of 18 different pairs of sneakers."" https://t.co/Tcs2GWsNJz",HumanProgress,,2019-08
2019-08-15,geraldjoneslab,Labour,Out and about in #Abertysswg this afternoon with Councillor David Harse knocking doors and talking with local residents about a range of issues and concerns. Following these issues up later today. https://t.co/a9vE61nOkn,,,2019-08
2019-08-15,davidlinden,Scottish National Party,🚛 Day 2 #InYourShoes and I’m currently in the shoes of a refuse collector. Thanks to @Viridor for arranging the health &amp; safety training and to Tony &amp; Eddie for having me join them out on the bin collection route today. Quick pit stop for lunch then onto Hampden the empty bins! https://t.co/M2XKerq6tz,,@Viridor,2019-08
2019-08-15,angelarayner,Labour,"Attacks from Lib Dem supporters get more bitter about Jeremy's offer&amp;time is running out. Jo Swinson should reconsider her position now. Caroline Lucas&amp;now Nicola Sturgeon are urging the Lib Dems to explore all options for stopping no deal. Jo please reconsider, it's not too late https://t.co/NJwh94c1ZT",ITVNewsPolitics,,2019-08
2019-08-15,chionwurah,Labour,The thoughts &amp; prayers of everyone in Newcastle will be with the loved ones of the victim of this terrible &amp; tragic crime.  I am in touch w @northumbriapol to follow the investigation &amp; try to ensure they have the resources they need https://t.co/s98ck4zOIE,northumbriapol,@northumbriapol,2019-08
2019-08-15,jakeberry,Conservative,A prosperous North is at the heart of the Government’s ambition to level up all our regions. That’s why we’re investing over £400m via the #NorthernPowerhouse Investment Fund @NPIFBBB to create jobs and improve people's lives across the region and beyond. https://t.co/mGgKjsu0Bi,,@NPIFBBB,2019-08
2019-08-15,angusmacneilsnp,Scottish National Party,Yesterday 22% of Labour voters from GE 2017 were intending to vote Libdem. Today it will be closer to 0%.  This is because @joswinson is a Tory enabler first and a Remainer second. #Brexit https://t.co/NpvISj7d6f,AlasdairStephen,@joswinson,2019-08
2019-08-15,kevin_j_foster,Conservative,"Question of the day (and it’s only 8.15am) - John Humphrys to Rebecca Long-Bailey on Corbyn’s caretaker PM offer: “What do you think the chances of this are, zero or minus zero?” #BBCR4today",tnewtondunn,,2019-08
2019-08-15,samgyimah,Conservative,"Today marks the 74th anniversary of Victory in Japan day #VJDay 

#Onthisday in 1945, news broke around the world that the Second World War was finally over, Japan had surrendered to the Allies after almost six years of war. 

📸© IWM (D 25636) https://t.co/nPhapvV9Ud",DefenceHQ,,2019-08
2019-08-15,sharonhodgsonmp,Labour,"“A change in the law would exclude autism from the mental health act to stop people – and children – being sectioned and detained” 

Labour MP @KeeleyMP, shadow mental health and social care minister calls on the government to change the law

https://t.co/Dh9lIMHIMx #VictoriaLIVE https://t.co/U9DHvAsDe4",VictoriaLIVE,"@KeeleyMP,",2019-08
2019-08-15,nicdakin55,Labour,"Yes. Time for all of us to put our egos aside and genuinely work together in the national interest. Time to stop talking to the media, work on talking to each other. We need to be judged by our actions. https://t.co/dCjW39SdMP",jessphillips,,2019-08
2019-08-15,nadhimzahawi,Conservative,Congratulations to all @BritishRowing crews selected for world #rowing championships 2019. Tremendous group of athletes. https://t.co/w2M6lnrbFx,ConCotzias,@BritishRowing,2019-08
2019-08-15,danirowley,Labour,"We must stop a disastrous No Deal Brexit. Labour has a plan.
Any politician wanting to stop a no deal Brexit must support this, the only credible way forward.
https://t.co/aR2lkd7bEu",,,2019-08
2019-08-15,borisjohnson,Conservative,"The referendum result must be respected. 

We will leave the EU on 31st October. 

#LeaveOct31",,,2019-08
2019-08-15,normanlamb,Liberal Democrat,Very interesting discussion yesterday in Coventry with @JRFBolton @peter_fahy Wide ranging but including; what supporting “Promoting Independence” can look like in practice; key importance of long term grant supported relationship with local voluntary &amp; community orgs 1/4,socfuture,"@JRFBolton, @peter_fahy",2019-08
2019-08-15,stevebarclay,Conservative,Congratulations 🍾🎉 to everyone getting their 🎓 A-level results today #alevelresults2019 #alevels,,,2019-08
2019-08-15,bill_esterson,Labour,"Good luck today with your A level results, especially if you live in Aintree, Crosby, Formby, Hightown, Ince Blundell, Lydiate, Maghull, Melling or Thornton!",,,2019-08
2019-08-15,angusmacneilsnp,Scottish National Party,"Someone once quipped that Nick Clegg was pointlessly good looking 😁🤣
In a different vein Jo Swinson is pointlessly and aimlessly confident (over nothing, everything and errors!!) #PointlessConfidence https://t.co/01iJvcZ8U1",OHenleyAlex,,2019-08
2019-08-15,ruthcadbury,Labour,"I've had dozens of emails from constituents who are very concerned about a future US-UK Trade Deal.

I share their deep worries about the impact it would have on both food/animal standards &amp; our amazing NHS.  

Also shows how much weaker our negotiating hand will be after Brexit! https://t.co/4R73XY87ft",BBCNewsnight,,2019-08
2019-08-15,sajidjavid,Conservative,"First John McDonnell, now Jeremy Corbyn. Both selling thousands of Labour voters committed to Scotland's place in the UK down the river.  The @ScotTories will always stand up for the decision Scotland made to remain in the UK.  https://t.co/n95D3L9pgA",RuthDavidsonPC,@ScotTories,2019-08
2019-08-15,labourlewis,Labour,"Clive Lewis nails the one question that everyone opposing a no-deal Brexit has to answer.

By @emilyapple
#BrexitShambles #NoDealBrexit #nodeal
https://t.co/1uNjmhUKLB",TheCanaryUK,@emilyapple,2019-08
2019-08-15,joannaccherry,Scottish National Party,I’m not Jeremy Corbyn’s biggest fan but on this he’s right. It is legitimate to oppose independence and to argue against a referendum - it’s not legitimate for Westminster to block a democratic mandate and a majority vote in @scotparl for #indyref2  https://t.co/dGhwUqSMM4,NicolaSturgeon,@scotparl,2019-08
2019-08-15,tracybrabin,Labour (Co-op),Really great response #TalkToTracy Picking up lots of casework. All welcome and happy to help where I can. @batley_extra https://t.co/J6vZUJaYF8,,@batley_extra,2019-08
2019-08-15,stephenctimms,Labour,The overriding priority for the country must be to rule out a 'no deal' Brexit once and for all so that a referendum can be secured. We can debate the nuance and we must but there are 77 days left. The impasse must be broken. It's wrong to dismiss this initiative out of hand. https://t.co/2Ehp3UWoCT,mtpennycook,,2019-08
2019-08-15,gwynnemp,Labour,If the Lib Dems refuse to back Labour’s plan to stop a no deal Brexit and instead choose to damage communities across the UK for their own petty political posturing then I don’t think the public will ever forgive them. https://t.co/ah0YTO6mgo,LabourRichard,,2019-08
2019-08-15,afzal4gorton,Labour,Labour's plan to stop a disastrous No Deal Brexit and let the people decide the future of our country. https://t.co/ytkWqabFNW,,,2019-08
2019-08-15,julianknight15,Conservative,Truth! https://t.co/SLuVsUhIXs,MrHarryCole,,2019-08
2019-08-15,marshadecordova,Labour,Jeremy has offered the surest way to prevent a No Deal Brexit. Any opposition party leader or MP rejecting this offer will carry the responsibility for allowing a No Deal disaster and will never be forgiven. https://t.co/XxpFOCgkpQ,johnmcdonnellMP,,2019-08
2019-08-15,grahamemorris,Labour,"Fantastic to attend the #groundbreaking ceremony for the new community centre at #Shotton, alongside @ClothworkersFdn @TNLComFund and many other supporters! We can't wait to work with Shotton to grow their community support further! https://t.co/w3R9Nlo5BS",EastDurhamTrust,"@ClothworkersFdn, @TNLComFund",2019-08
2019-08-15,jostevenslabour,Labour,"📰 Over recess i've been out and about joining litter pickers across #Cardiff Central in their amazing efforts to ensure our city stays clean and tidy. ♻️🚯

To find out more, or to join a litter pick near you, have a look at the blog post below 👇 

https://t.co/TaGvYsx1Nf https://t.co/SiKktwT8Ud",,,2019-08
2019-08-15,hywelplaidcymru,Plaid Cymru,"Still thinking which university to come to? Well, here are four reasons to pick @BangorUni!

1) Our main building looks like Hogwarts.
2) The Anglesey coast is on one side of us.
3) Snowdonia is on the other.
4) You can watch dolphins from our uni buildings!

#alevelresults2019 https://t.co/t1kFjdTLwV",christiandunn,@BangorUni!,2019-08
2019-08-15,gwynnemp,Labour,"Jeremy Corbyn has a plan to stop a disastrous no deal Brexit - but the Lib Dems are refusing to work with him.

Sign this petition to call on the Lib Dems to back a Corbyn-led temporary government, call a vote of no confidence and stop no deal👇
https://t.co/aMBvKscDS5",PeoplesMomentum,,2019-08
2019-08-15,angelaeagle,Labour,&amp; the violence of their ‘jokes’ &amp; ‘imagery’ speaks volumes https://t.co/dRPVq9nNrz,gabyhinsliff,,2019-08
2019-08-15,normanlamb,Liberal Democrat,Horrific death toll. Why is it that the loss of these precious lives seems to matter less to Government? https://t.co/VQgqPud3Ee,syhrtaylor,,2019-08
2019-08-15,petergrantmp,Scottish National Party,If Johnson thinks that #Brexit  is threatened by people like me and my @theSNP colleagues at Westminster &amp; Holyrood then I am #proudtobeacollaborator.  And so are they....,Feorlean,@theSNP,2019-08
2019-08-15,rhonddabryant,Labour,"Really glad to see people are beginning to appreciate Treorchy High Street, which has improved enormously in recent years. Watch ITV News tonight when it features.",,,2019-08
2019-08-15,pauljsweeney,Labour (Co-op),"100s of refugees, from the likes of Middle East, live under threat of eviction in Glasgow, Scotland.

My latest feature for @AJEnglish on the Serco evictions:

https://t.co/5kW8Hd4TDP

Interviews include @PaulJSweeney @scotrefcouncil &amp; @MohammadAsif_1. And thanks to @EuanMacKay1",AlasdairSoussi,"@AJEnglish, @PaulJSweeney, @scotrefcouncil, @MohammadAsif_1., @EuanMacKay1",2019-08
2019-08-15,tpearce003,Labour,@lewbexrail https://t.co/oXPzabfk7P,tpearce003,@lewbexrail,2019-08
2019-08-15,alisonthewliss,Scottish National Party,"There was a #demo in #GeorgeSquare today demanding a #referendum and #Freedom but not for Scotland but for #Kashmir it was well attended by #protesters &amp;politicians &amp; was the #friendliest demo I have attended 2/2

@Glasgow_Live @STVNews @TheEveningTimes https://t.co/5NuvVbihGz",Naburn2,"@Glasgow_Live, @STVNews, @TheEveningTimes",2019-08
2019-08-15,stephenctimms,Labour,Lydia is off to Oxford university to study History and a Politics after achieving A*A*A at A level. Massive congrats Lydia.#bramptonmanor https://t.co/CyEdC6VCFI,BramptonManor1,,2019-08
2019-08-15,anna_soubry,Conservative,He would be a good choice. However it won’t happen unless he and at least 150 Labour MPs are prepared to lose the Labour Whip as they can’t get rid of #Corbyn https://t.co/ygTnrvFY1A,DAaronovitch,,2019-08
2019-08-15,damiancollins,Conservative,US finally gains membership in International Grand Committee probing Facebook as @DavidCicilline joins extraordinary transnational accountability effort under @DamianCollins leadership. (This committee is why Zuck won’t dare step foot in UK or Canada.) https://t.co/yrCEvAqPc3,profcarroll,"@DavidCicilline, @DamianCollins",2019-08
2019-08-15,pauljsweeney,Labour (Co-op),"Good article from ⁦@labourlewis⁩

Dear Jo Swinson, surely stopping no-deal Brexit is more important than scoring points over Corbyn? | The Independent https://t.co/WhA6bfe6Kt",eloisetodd,@labourlewis⁩,2019-08
2019-08-15,tomtugendhat,Conservative,"@haynesdeborah @BorisJohnson China’s treatment of its own citizens is a matter for them. British citizens, whether in the UK or overseas, should enjoy the option to live under the rule of law. Changing the status of British Nationals Overseas is a sovereign decision for the UK Parliament. No one else.",haynesdeborah,"@haynesdeborah, @BorisJohnson",2019-08
2019-08-15,geraldjoneslab,Labour,Joint working with @gprhymney Neighborhood team this evening to tackle reported anti-social behaviour #SaferCaerphilly https://t.co/6NNCiWUtTf,SaferCaerphilly,@gprhymney,2019-08
2019-08-15,keeleymp,Labour,"So Stormzy is doing so much more for urban youngsters than the Tories with their ludicrous fried chicken box campaign. He is offering leadership. Tories are peddling stereotypes #FriedChicken    

Stormzy to fund two more Cambridge students  https://t.co/nGH8kQaguk",HackneyAbbott,,2019-08
2019-08-15,hammersmithandy,Labour,Well done to @WM6thForm and to students across @LBHF schools. Good to see outstanding results and hoping every A-level students has a bright future ahead https://t.co/ZQ17LHbsKy,LBHF,"@WM6thForm, @LBHF",2019-08
2019-08-15,johncryermp,Labour,The Lib Dems were happy performing U-turns to help the Tories rip up the public sector but won’t join Labour against the most hard right government in living memory.,,,2019-08
2019-08-15,ianblackford_mp,Scottish National Party,@ali__samson @NickFerrariLBC Thank you.,ali__samson,"@ali__samson, @NickFerrariLBC",2019-08
2019-08-15,eddiehughes4wn,Conservative,"We are extremely proud of the fantastic outcomes and superb destinations our Year 13 students have achieved this summer. 

Thank you to  @EddieHughes4WN for popping in to discuss results with our students. 

@MatrixAcademyT #bethebestyoucanbe

https://t.co/zpNPHjoi7P https://t.co/au05oHeF5m",bloxwichacademy,"@EddieHughes4WN, @MatrixAcademyT",2019-08
2019-08-15,alexsobel,Labour (Co-op),@JewishLabour @AmeinuUSA Happy to support the letter,JewishLabour,"@JewishLabour, @AmeinuUSA",2019-08
2019-08-15,sarahchampionmp,Labour,"Another record-breaking set of results for the Tories- crime rising and the number of offences prosecuted now at 7%

They've broken the criminal justice system.

https://t.co/41TEtvX6NA",LouHaigh,,2019-08
2019-08-15,emmadentcoad,Labour,"The government tries to ignore #Grenfell because it highlights everything wrong with public safety, housing policy and our public services.

#Justice4Grenfell

“Call for justice remains unanswered” two years on from start of Grenfell inquiry https://t.co/hVzKpCz4YS",MattWrack,,2019-08
2019-08-15,labourlewis,Labour,Over to you @joswinson. https://t.co/rbuYjDHmb7,labourlewis,@joswinson.,2019-08
2019-08-15,wesstreeting,Labour,"Ebun and Ceren are celebrating after achieving two Bs and two As, respectively, as well as Merits in their BTECs. https://t.co/l8buw57LNV",Caterham_High,,2019-08
2019-08-15,brandonlewis,Conservative,Huge congratulations to all students who collected their A level results today. I hope that both students and teachers feel very proud of all that has been achieved and that you are all pleased the hard work paid off! #alevelresults2019 @educationgovuk https://t.co/saVmBhSYRq,GavinWilliamson,@educationgovuk,2019-08
2019-08-15,emmadentcoad,Labour,"“This is the same attitude which allowed Grenfell to burn"" @EmmaDentCoad reacts to the news that a block of flats set aside by the council for Grenfell survivors has been found to have “high” fire risk #ukhousing https://t.co/8uIVHkGJYn",insidehousing,@EmmaDentCoad,2019-08
2019-08-15,halfon4harlowmp,Conservative,"@CMonehen @mehardware @UKLabour Hi Colin, 
I felt it was important to congratulate the hard work of the students and teachers at our brilliant college.
Best wishes, 
Robert",CMonehen,"@CMonehen, @mehardware, @UKLabour",2019-08
2019-08-15,trussliz,Conservative,Indonesia’s population of 260 million are the fifth largest non-EU importer of dairy products in the world. UK is third largest exporter of dairy in the world. You don't have to be @trussliz to work out this is a brilliant Brexit opportunity!,EuroGuido,@trussliz,2019-08
2019-08-15,hackneyabbott,Labour,"I'll be at #LabourRoots this Sat in Bolton - the event is about bringing politics to the people as we gear up for a GE.

Join me for a session on combatting racism and the far-right and for the 'Great Big Rally' with @jeremycorbyn 

Sign up here ↓

https://t.co/t89rTUh8Dx",,@jeremycorbyn,2019-08
2019-08-15,gordonmarsden,Labour,"“It’s irresponsible for the government to claim that medical supplies won’t be disrupted while telling social care providers that vital medicines could take up to five times longer to be delivered.” - @KeeleyMP

https://t.co/ARZEn4GDsH",labourpress,@KeeleyMP,2019-08
2019-08-15,jeremylefroy,Conservative,"Information for residents from Highways England re M6 work - any residents who wish to be added to email list for regular updates on M6 work or have questions, please email M6J13-15@kier.co.uk or call 0300 123 5000. Info also at https://t.co/QA6oVSuBfG",,@kier.co.uk,2019-08
2019-08-15,geraldjoneslab,Labour,Ynys Môn never had a more dedicated champion. A friend to many of us across the House. Will miss his advice &amp; support when he leaves Parliament. https://t.co/lBpwX5SusI,CPJElmore,,2019-08
2019-08-15,marklancastermk,Conservative,"Today marks the 74th anniversary of Victory in Japan day #VJDay 

#Onthisday in 1945, news broke around the world that the Second World War was finally over, Japan had surrendered to the Allies after almost six years of war. 

📸© IWM (D 25636) https://t.co/nPhapvV9Ud",DefenceHQ,,2019-08
2019-08-15,borisjohnson,Conservative,"Today PM @BorisJohnson hosted the first ever people's PMQs.

Watch the highlights here ⬇ #PeoplesPMQs https://t.co/OjdeoJei7D",10DowningStreet,@BorisJohnson,2019-08
2019-08-15,angelarayner,Labour,"The current university admissions system is neither fair nor effective.

Labour will end university places being offered on the basis of predicted grades - instead students will apply once they've got their results.

#ALevelResults #ALevelResults2019

https://t.co/youVJE4IZr",jeremycorbyn,,2019-08
2019-08-15,simonclarkemp,Conservative,This government of national unity chatter is exposing lots of outwardly sensible looking politicians for the parlour game bystanders they really are.,MrHarryCole,,2019-08
2019-08-15,valerie_vazmp,Labour,Day 2. 100 nautical miles west of Cape Finisterre. A very bumpy night but I slept surprisingly well. Some dolphins showed up and swam along the boat last night! https://t.co/gsvs49BFJe,GretaThunberg,,2019-08
2019-08-15,paulasherriff,Labour,@Arron_banks You are utterly vile. Seek help,Arron_banks,@Arron_banks,2019-08
2019-08-15,mimsdavies,Conservative,"Charging points now outnumber petrol stations in the UK, powering us forward on the road to #netzero and making it easier than ever for people to switch to electric vehicles⚡🚗 @nissanuk #cleangrowth

https://t.co/nXzKV4WmdI",beisgovuk,@nissanuk,2019-08
2019-08-15,j_donaldson_mp,Democratic Unionist Party,"Over the past five years, Hillsborough Castle and Gardens has been transformed. From the stunningly represented State Rooms to the beautifully reimagined gardens, there’s something for everyone. Watch the full film and plan your visit here https://t.co/GEbfUQhOlG https://t.co/J1SqmjS6fB",HillsCastle,,2019-08
2019-08-15,joplattleigh,Labour (Co-op),"Speaks volumes that the Lib Dems will happily jump into coalition with the Tories to implement austerity but can’t countenance supporting a credible cross-party plan to prevent no deal.

When it comes to risking jobs and living standards they know no bounds.",,,2019-08
2019-08-15,iowbobseely,Conservative,Suggestion is too broad but there are sensible options. When we met with Hong Kong lawmakers and activists they suggested that some changes to terms of to UK Overseas Passports would help greatly and send a good signal from the UK. @haynesdeborah https://t.co/Uq6GO0dTJY,haynesdeborah,@haynesdeborah,2019-08
2019-08-15,stephenctimms,Labour,Ruth achieved A*A*A and she is off to Warwick to study History. Massive congrats and well done Ruth.#bramptonmanor https://t.co/0sGCGPZq9y,BramptonManor1,,2019-08
2019-08-15,vernon_coaker,Labour,What about services such as youth clubs? What about funding community services? What about COBRA meeting? Which Minister signed this off was it the new so called tough Home Sec? Hopeless https://t.co/5RAr2HpCUB,ukhomeoffice,,2019-08
2019-08-15,mgreenwoodww,Labour,Good luck to everyone getting A Level results today! Good luck too for the next stage in your life - whatever path you choose!,,,2019-08
2019-08-15,albertowen2020,Labour,@Jeremy_Miles @llafurcymru Diolch Jeremy,Jeremy_Miles,"@Jeremy_Miles, @llafurcymru",2019-08
2019-08-15,cj_dinenage,Conservative,&amp; a special good luck to all #youngcarers  who have had the added pressures of A levels on top of their #Caring role. Your our #Heroes X @CarersTrust @CarersUK https://t.co/RQdknmzRp1,DawnDonja,"@CarersTrust, @CarersUK",2019-08
2019-08-15,sharonhodgsonmp,Labour,"Another record-breaking set of results for the Tories- crime rising and the number of offences prosecuted now at 7%

They've broken the criminal justice system.

https://t.co/41TEtvX6NA",LouHaigh,,2019-08
2019-08-15,timloughton,Conservative,"Police release new CCTV footage of a woman who could be missing #Worthing mum Georgina Gharsallah
https://t.co/jJloMnJLYU https://t.co/TcLuBwInHt",BBCSussex,,2019-08
2019-08-15,rhonddabryant,Labour,@GrahamSmith_ Not if their leader has just lost.,GrahamSmith_,@GrahamSmith_,2019-08
2019-08-15,mphendrick,Labour (Co-op),"Congratulations to all those A Level students in #Preston who got the grades they wanted on receiving their results today! To those that didn't, there are plenty of alternatives to University such as apprenticeships, training providers and FE Colleges. Best wishes for the future.",,,2019-08
2019-08-15,jackiedp,Conservative,Be a nurse! https://t.co/syq7lP1k9s,ClaireCNWL,,2019-08
2019-08-15,pow_rebecca,Conservative,Well done to everyone in Taunton Deane on today’s A Level results! 📚🍾🌟🌟🌟 #alevelresultsday,,,2019-08
2019-08-15,heatherwheeler,Conservative,"Great to discuss the UK’s longstanding and deep links with  Solomon Islands covering development, trade and Commonwealth cooperation with Foreign Minister Manele https://t.co/aEuA2YdzFM",,,2019-08
2019-08-15,sharonhodgsonmp,Labour,"Under Labour’s plans, students will apply for their university or higher education place after receiving their results in A-Levels or other qualifications. https://t.co/7ryD6pb4gZ",AngelaRayner,,2019-08
2019-08-15,hannahb4livimp,Scottish National Party,"Not seen the game tonight, but a HUGE amount of pressure and eyes would have been on Stéphanie Frappart tonight and let's face it, most referees get slaughtered. Delighted to look at Twitter and see she is getting pretty much the performance of the game 👏",LauraMonty4,,2019-08
2019-08-15,redditchrachel,Conservative,Good luck to all getting their A level results in Redditch today. Especially @RSA_ArrowVale best wishes for the future &amp; remember @ucas_online is there to help. #examresults,CllrJuliet,"@RSA_ArrowVale, @ucas_online",2019-08
2019-08-15,rees4neath,Labour (Co-op),"Wishing all A-Level students in #Neath and right across #Wales the very best of luck today!

Whatever you're thinking of doing next, I'd like to wish you the very best of luck with your next steps. Please get in touch if you need any help or support.
#ALevelResultsDay2019 https://t.co/5l4OD9UM4n",,,2019-08
2019-08-15,debbie_abrahams,Labour,Good luck with all you do. Happy to help in whatever way I can. https://t.co/NxgJkGTNA1,CRIBS_int,,2019-08
2019-08-15,nadhimzahawi,Conservative,@DomGiles1 @lotuscars 🙏❤️,DomGiles1,"@DomGiles1, @lotuscars",2019-08
2019-08-15,grahamemorris,Labour,"#Solidarity with @emmadentcoad and all of those seeking justice for the victims of #Grenfell on the #silentwalk @fbunational 

#nojusticenopeace https://t.co/vhhHMKXUhy",emmadentcoad,"@emmadentcoad, @fbunational",2019-08
2019-08-15,philipdaviesuk,Conservative,"Tory MP Philip Davies hits the nail on the head

""Corbyn is desperate. He will do anything to grab power to inflict his Marxist extremism on the country – even ditching his promises to voters [on Brexit] 

This is a Marxist attempted coup""

https://t.co/BmbbnZReAF via @MailOnline",BrexitBrit,@MailOnline,2019-08
2019-08-15,alexnorrisnn,Labour (Co-op),"Thanks to Business and Political Community of Nottinghamshire UK  for giving me the High Achievement Award 2019.
Receiving it from Shadow Minister Member of Parliament Alex Norris.@PaddyTipping
@SheriffNottm
@LordMayorNottm
@ANorrisMP
@LilianGreenwood @nottmhospitals https://t.co/YeRSLrIL53",NODFAUK,"@PaddyTipping, @SheriffNottm, @LordMayorNottm, @ANorrisMP, @LilianGreenwood, @nottmhospitals",2019-08
2019-08-15,acunninghammp,Labour,"We were treated to a sneak peak in our hotel lobby earlier today as some of the performers practiced their act ahead of the @BillFest. 
We have to say, it was certainly very special to watch. 
#folkelore #dance #culture https://t.co/rWSHWRBLmT",HBHStockton,@BillFest.,2019-08
2019-08-15,bill_esterson,Labour,"Jo Swinson and the Lib Dems are wrong to dismiss Jeremy Corbyn’s offer, writes @wesstreeting: https://t.co/XmCswqrWv7",LabourList,@wesstreeting:,2019-08
2019-08-15,rhonddabryant,Labour,Absolutely right https://t.co/jSoCABtXXJ,jessphillips,,2019-08
2019-08-15,jreynoldsmp,Labour (Co-op),@TobyBaxendale If that is what you intended then Vote Leave should have made that clear. What they promised was this: https://t.co/pM2lmqq47j,TobyBaxendale,@TobyBaxendale,2019-08
2019-08-15,catharinehoey,Labour,Like all other Labour MP’s I fought on a manifesto in 2017 to respect the referendum vote. Any action taken now to stop us Leaving on October 31st by Labour is a knife in the back of the majority of Labour constituencies who voted to Leave #Lab4democracy https://t.co/MbJNtL4Q1b,afneil,,2019-08
2019-08-15,angusmacneilsnp,Scottish National Party,"Worthwhile read in today’s @ScotNational 

Not for me but Wings Party could be kick that SNP and Greens need 
By @LesleyRiddoch 

https://t.co/q01DGVxaJl",ChrisMcEleny,"@ScotNational, @LesleyRiddoch",2019-08
2019-08-15,annaturley,Labour (Co-op),Just made a donation to LGBT Labour https://t.co/AZTAH0sZhu,,,2019-08
2019-08-15,joanryanenfield,Labour,"Parliament must legislate to stop no-deal. 
I don’t want a Johnson govt. I’d rather a truly national unity administration. 
But unless we can be *totally certain* of securing numbers for this, dissolving Parliament after 14 days hands Boris total power to crash out with no deal.",ChrisLeslieUK,,2019-08
2019-08-15,jostevenslabour,Labour,@jason_kint Thanks!,jason_kint,@jason_kint,2019-08
2019-08-15,brandonlewis,Conservative,@AnnaFinlason @johnston277 @Conservatives @BorisJohnson Well said 👍,,"@AnnaFinlason, @johnston277, @Conservatives, @BorisJohnson",2019-08
2019-08-15,paulasherriff,Labour,"Very worrying to hear the Lib Dems are refusing to work with Labour, Greens, Plaid, SNP and rebel Tories to block no-deal Brexit which they say they oppose. They eagerly went into government with Cameron to impose austerity, why not work with Labour now in the national interest?",SteveReedMP,,2019-08
2019-08-15,annietrev,Conservative,"🗳️ Politicians don't get to choose which votes they respect.

🇬🇧 That's why @BorisJohnson and the Conservatives are committed to delivering Brexit by October 31st.

✍️ Add your name  ⤵️

https://t.co/sosWZSPztl",Conservatives,@BorisJohnson,2019-08
2019-08-15,rees4neath,Labour (Co-op),I've written to the leaders of other political parties and senior backbenchers from across Parliament to lay out my plan to stop a disastrous No Deal Brexit and let the people decide the future of our country. https://t.co/Jz1MjXCrqk,jeremycorbyn,,2019-08
2019-08-15,joanryanenfield,Labour,"No! You’ll find that @UKLabour governments of ‘97, ‘01 &amp; ‘05 wcut violent crime by 40%, successfully tackled gun &amp; knife crime, introduced PCSOs &amp; Safer Neighbourhood Police teams &amp; tackled antisocial behaviour with the wonderful Dame Louise Casey as czar. #ProudLabourRecord https://t.co/1eVUfiq3Pv",Siobhain_Mc,@UKLabour,2019-08
2019-08-15,nus_ghani,Conservative,"Good luck to everyone collecting #alevelresults2019 today. 

If it has not gone the way you wanted it to, it's not the end of the world. I left school with no #alevels and am now in a senior leadership role within HM Coastguard responsible for all of our technology. https://t.co/VDv8HkuJHt",Matt_Leat,,2019-08
2019-08-16,martinjdocherty,Scottish National Party,Well done to Miss Shearer! Our pupils will benefit greatly from the expertise she has gained!  🍃 🏔 🌳 🌞 🌍 https://t.co/0f3r2osaBB,StEunan,,2019-08
2019-08-16,mikegapes,Labour (Co-op),"I’m sure Russia, Iran and Maduro in Venezuela will be looking forward to Prime Minister Corbyn",,,2019-08
2019-08-16,alisonthewliss,Scottish National Party,"Advice surgeries for constituents Friday 16 August

9.30am Nan McKay Community Hall

1pm @KelvinHall16

No appointment required! https://t.co/pHuNdAPvkc",,@KelvinHall16,2019-08
2019-08-16,louhaigh,Labour,"Last year you called for misogyny to be a hate crime, surely you cannot back one of your own candidates who repeatedly dismissed an opponent based on their gender?",LouHaigh,,2019-08
2019-08-16,rebeccaharrismp,Conservative,"Pc Andrew Harper was 28. He'd been with @ThamesVP since 2010, first as a Special Constable, then as a regular in 2011. He got married four weeks ago.  Last night he was brutally killed whilst working to keep us safe. RIP. Thank you to all our fine police.   #ThinBlueLine https://t.co/6vdtjP0Ytc",GeorgeFreemanMP,@ThamesVP,2019-08
2019-08-16,nadhimzahawi,Conservative,"We're out of the EU on 31st October.

Whatever happens. Deal or no deal.

👉 RT and back Boris's pledge here - https://t.co/ZkcKvLONpm https://t.co/j5vtJnamrO",Conservatives,,2019-08
2019-08-16,marierimmer,Labour,Labour's plan to stop a disastrous No Deal Brexit and let the people decide the future of our country. https://t.co/veWQYhEJ9s,,,2019-08
2019-08-16,gwynnemp,Labour,"On the 200th anniversary of #Peterloo2019, sharing those powerful words of Percy Bysshe Shelley ... ""Ye are many, they are few"" https://t.co/EUQqmvLRjh",FisherAndrew79,,2019-08
2019-08-16,tpearce003,Labour,"We attended a joint partnership meeting on our day off yesterday to discuss the issues on Hartville Road, Gavin House and surrounding areas. #DedicatedWardOfficers",MPSPlumstead,,2019-08
2019-08-16,nicdakin55,Labour,I’m up for a job share @seandunderdale !!!! https://t.co/d7b7yJnuWV,seandunderdale,@seandunderdale,2019-08
2019-08-16,peterkyle,Labour,".@tom_watson and I have both raised concerns about the Boris Johnson propaganda video seemingly produced at taxpayers’ expense. I have written to the Cabinet Secretary to ask that he looks into this. Tory propaganda should be paid for by them, not us &gt;&gt;&gt; https://t.co/DjXKaPgGGb",wesstreeting,@tom_watson,2019-08
2019-08-16,dr_philippaw,Scottish National Party,@RemainerNow Absolutely recognise (and welcome) your right to change your mind #PV - Scots deserve no less #Indyref2,RemainerNow,@RemainerNow,2019-08
2019-08-16,angusmacneilsnp,Scottish National Party,Brexit about to bring regulations and red tape on an Olympic scale for fish/shellfish and meat products 👇 https://t.co/i15w2127Qa,Uigeach1,,2019-08
2019-08-16,afzal4gorton,Labour,"Today marks the 200th anniversary of the massacre at Peterloo. Protesters from across Manchester were murdered for demanding the right to vote. 

Today we have universal sufferage, thanks to the bravery of those who demanded it throughout history, including those at #Peterloo https://t.co/pSZ0DBQx6G",,,2019-08
2019-08-16,michaelgove,Conservative,"The roll out of Universal Credit is entering its next phase, starting in #Harrogate. 

As we start moving people from the old system to the new system I want to be sure every single claimant has a positive experience.

See more from my visit to Harrogate this week 👇👇 https://t.co/kB9zlH5t8a",AmberRuddUK,,2019-08
2019-08-16,emmahardymp,Labour,Humba Rumba have a new album called Play Kanda Bongo Man. They are sounding great. 😊 #HullTalent #NeverDullInHull https://t.co/kJqxD303LS,,,2019-08
2019-08-16,sharonhodgsonmp,Labour,ICYMI.......   #HolidayProvision #Right2Food @SharonHodgsonMP     https://t.co/GrXjU0hA1C,LindsayGrahamUK,@SharonHodgsonMP,2019-08
2019-08-16,cliveefford,Labour,"Plus ça change, plus c'est la même chose. https://t.co/9qwJJ4ALCs",NickTorfaen,,2019-08
2019-08-16,gwynnemp,Labour,"Michael Foot: March 1979 

“It was thanks to the Labour Party that Churchill had the chance to serve the country in the war years. Two-thirds of the Conservative Party at the time voted for reactionary policies. We saved the country in 1940 and we did it again in 1945” https://t.co/DiaxyctBpk",labour_history,,2019-08
2019-08-16,onnmel,Labour,@MorThnJustASong @OnnMel @NELCouncil Annoyed with ‘I have no view on the matter’ box!  I certainly do have a view &amp; it’s not supporting in supporting taxing people on low incomes 😤🤬😡,Gillameeno,"@MorThnJustASong, @OnnMel, @NELCouncil",2019-08
2019-08-16,annemariemorris,Conservative,"Great to meet with Amy Walkden this morning to discuss  climate change, the environment and also sign the @GreenerUK_ pledge for a Westminster Environment Act. More info: https://t.co/YJiw9gLQSm https://t.co/ql1HhtJcNd",,@GreenerUK_,2019-08
2019-08-16,grahamstuart,Conservative,"This week I visited the 2nd largest Freeport in the world, the Colón Free Trade Zone in 🇵🇦. See how Freeports can support local economies in the video below⬇️. #Freeports https://t.co/CBtGnSXDIA",,,2019-08
2019-08-16,ronniecowan,Scottish National Party,Good news for #Inverclyde and so important that the plans have the backing of @GMBScotOrg https://t.co/aEDaQWQaia,GMBScotOrg,@GMBScotOrg,2019-08
2019-08-16,pauljsweeney,Labour (Co-op),It's just a pity you weren't so quick to jump to the defence of 200 workers at the Caley Railway Works in Springburn. Still no courtesy of even a direct reply on that. I suppose they aren't as important as schmoozing your celebrity chums amongst the Edinburgh chattering classes. https://t.co/setBpqAGHR,PaulJSweeney,,2019-08
2019-08-16,kategreensu,Labour,"In 1819 around 2% of the population could vote. 

On 16 August 1819 60,000 people gathered in Manchester to demand representation. 

The massacre of these peaceful protesters became known as Peterloo.

Manchester MP @LucyMPowell explains what happened.

#Peterloo2019 https://t.co/IyLovgZdgg",UKParliament,@LucyMPowell,2019-08
2019-08-16,dr_philippaw,Scottish National Party,"Boris Johnson
June 2019:
“I will protect the rights of EU citizens in the UK”

August 2019:
“Who cares if you’ve lived here 30 years, if you haven’t got your papers you can cough up or get out”
https://t.co/9UiuDfQfPK",davidschneider,,2019-08
2019-08-16,gordonmarsden,Labour,"Very dangerous language from #BorisJohnson. To label people, MPs as collaborators with a foreign power is another step towards creating a context for authoritarian rule. Not far from there to collaborators are treasonous &amp; to be subject to arbitrary arrest https://t.co/O6iQBkTni4",iandonald_psych,,2019-08
2019-08-16,ranil,Conservative,"The Home Secretary has released a statement following the tragic death of Thames Valley Police officer PC Andrew Harper.

https://t.co/yDX4GqVrQ8",ukhomeoffice,,2019-08
2019-08-16,meaglemp,Labour,@benjamin__bland Well spotted!,benjamin__bland,@benjamin__bland,2019-08
2019-08-16,justinmadders,Labour,"Two hundred years ago today, on St Peter’s Field in Manchester, armed cavalry charged into a crowd of peaceful protesters:

https://t.co/tF8ugGTsaD https://t.co/X9Zu29poXH",jeremycorbyn,,2019-08
2019-08-16,lukegrahamuk,Conservative,Day 4 of the #summersurgerytour in Muthill &amp; Comrie this morning - St Fillans next! @ScotTories @MuthillVT https://t.co/IL9Hkm6r5s,,"@ScotTories, @MuthillVT",2019-08
2019-08-16,dr_philippaw,Scottish National Party,"Pregnant women in Scotland are offered immunisations to protect their babies from infectious diseases like whooping cough and flu. These help protect babies, until their immunisations start at 8 weeks old. Read more here: https://t.co/ckIYK7yybt #VaccinesWork https://t.co/9F71tMeDQV",NHSImmuniseScot,,2019-08
2019-08-16,davidlinden,Scottish National Party,"🍪 Day 3 #InYourShoes &amp; I’ve been in the shoes of a @McVities factory worker in #Tollcross. 100s of my constituents work in the factory, so it was great to be working alongside them on the factory floor. Thank you @Pladis_Global for organising and to Helen for looking after me! https://t.co/FEhVgPwtj2",,"@McVities, @Pladis_Global",2019-08
2019-08-16,alewermbe,Conservative,"No free society can be in the business of banning mainstream adverts. For all our sakes, this new wave of paternalistic censorship must be stopped in its tracks.

My @CityAM column this week: https://t.co/KeYXHvVEGO https://t.co/9BFMM9zFzh",KateAndrs,@CityAM,2019-08
2019-08-16,stephengethins,Scottish National Party,"#DundeeUnited’s origins can be traced to #DundeeHibernian’s inaugural game @ #Tannadice 110 years ago this Sun. In Sat's Courier, don't miss our exclusive look-back to Dundee Hibs v @HibernianFC game in 1909 as @dundeeunitedfc Business Club delve into original #Tannadice minutes https://t.co/W6gMMx548l",C_MAlexander,"@HibernianFC, @dundeeunitedfc",2019-08
2019-08-16,jessphillips,Labour,"We have got to take stalking much more seriously. The common misconception that victims who have ended relationships are now safe from harm must be stamped out completely, it suggests the age old trope that women control their safety alone. She should still be alive. https://t.co/rZy1yj1SSj",SNorburn1,,2019-08
2019-08-16,dianajohnsonmp,Labour,"Michael Foot: March 1979 

“It was thanks to the Labour Party that Churchill had the chance to serve the country in the war years. Two-thirds of the Conservative Party at the time voted for reactionary policies. We saved the country in 1940 and we did it again in 1945” https://t.co/DiaxyctBpk",labour_history,,2019-08
2019-08-16,gilliankeegan,Conservative,After a hectic set of shifts it’s finally time for a day off!! 😃 #BestJob #RestDays #FeetUp #FridayFeeling #RPU #SussexPolice https://t.co/1kF4MqfPlL,PCTomVanDerWee,,2019-08
2019-08-16,nsoames,Conservative,"‘Our door is always open’ for negotiations with the EU say @KwasiKwarteng At the same time, apparently we won’t talk unless they accept our demand in the backstop. As for how we’d get a deal and pass a Withdrawal Agreement Bill by 31 October, heaven knows. @BBCr4today",anandMenon1,"@KwasiKwarteng, @BBCr4today",2019-08
2019-08-16,timloughton,Conservative,"Do you want to keep your community safe? On 22 August, we’re opening recruitment for PCSOs. Dealing with anti-social behaviour, providing visible reassurance&amp;resolving community challenges. Find out more and register your interest now: https://t.co/04QVnbQreO   #jobs #careers https://t.co/JNA5HdCmfQ",sussex_police,,2019-08
2019-08-16,stellacreasy,Labour (Co-op),Powerful service this morning at what is now today bread in Walthamstow but was the site of a V1 bomb hitting hoe street 75 years ago which killed 22 people and injured hundreds. Thank you to Hugh and Tommy who put… https://t.co/dvsFN2LEvb,,,2019-08
2019-08-16,dr_philippaw,Scottish National Party,Another great day at the Pathology Summer School with such great colleagues and such a fantastic team of students! Super talk by @PathologyHouse about worklife balance and wellbeing in pathology. @RCPath @BritAccPath @BritSocHaem @ACP_Pathologist @ACB @biainfection @pathsoc https://t.co/4j2TLbnMLt,JoMartin_path,"@PathologyHouse, @RCPath, @BritAccPath, @BritSocHaem, @ACP_Pathologist, @ACB, @biainfection, @pathsoc",2019-08
2019-08-16,rees4neath,Labour (Co-op),"🗣️ Have your say! 

Over the summer, I want to hear from constituents right across #Neath about the issues that are affecting you to help inform my campaigning work when we return to Parliament. 

✍️ Complete my #ConnectWithChris survey here 👇
https://t.co/RSc64XklWp https://t.co/oAvIfOGGrz",,,2019-08
2019-08-16,nadhimzahawi,Conservative,"Earlier this week I hosted the first ever #PeoplesPMQs.

You can watch back here: https://t.co/KOGvOyBXcR https://t.co/KeMK28jpoX",BorisJohnson,,2019-08
2019-08-16,dr_philippaw,Scottish National Party,Tomorrow's @Independent cartoon... #JeremyCorbyn #JoSwinson #NoDealBrexit https://t.co/7yRzBOrshU,DaveBrownToons,@Independent,2019-08
2019-08-16,kerrymp,Labour,@09Twiggy @FirstBSA What time was this?,09Twiggy,"@09Twiggy, @FirstBSA",2019-08
2019-08-16,lucianaberger,Labour (Co-op),"@j_l_marsden Check out @LoveWavertree. It’s a brilliant community initiative. There’s a meeting on Monday for anyone that wants to go. https://t.co/NkyKT1z8Wj  

Don’t know if you know I had a baby in March.",LoveWavertree,"@j_l_marsden, @LoveWavertree.",2019-08
2019-08-16,annaturley,Labour (Co-op),@CommunityLd @labour4europe Brilliant! What team is this?,CommunityLd,"@CommunityLd, @labour4europe",2019-08
2019-08-16,damiancollins,Conservative,"@Feargal_Sharkey Like this?
https://t.co/WkdyAscYEO",Feargal_Sharkey,@Feargal_Sharkey,2019-08
2019-08-16,simon4ndorset,Conservative,"Does anyone seriously think that if Jeremy Corbyn got his hands on the levers of power it would only be “temporary”? History is littered with “don’t worry it won’t be for long” credulity.  Don’t be duped. Seamus Milne, John McDonnell et al have long term and dangerous plans.",ChrisPincher,,2019-08
2019-08-16,tomtugendhat,Conservative,".@TomTugendhat: “Though it is concerning when any college applies for educational administration, I am assured by the college and administrators this is a necessary step in order to safeguard the long-term interests of students and staff.” https://t.co/uG7b98BaBn",FEWeek,@TomTugendhat:,2019-08
2019-08-16,michael4mdnp,Conservative,#MustWatch https://t.co/YRlPVeLnqO,BorisJohnson,,2019-08
2019-08-16,alecshelbrooke,Conservative,My vision for Britain 🇬🇧 https://t.co/aMVgkrfAYZ,BorisJohnson,,2019-08
2019-08-16,tony4rochdale,Labour,If you're in #Rochdale listen out for St Chads bell ringers ringing a tribute to the victims of the #Peterloo massacre @ccringing @DioManchester @RochdaleCouncil @tony4rochdale @RochdaleMayor @CllrWendy @JEMsoc https://t.co/hoPC9syRfA,hellomarkC,"@ccringing, @DioManchester, @RochdaleCouncil, @tony4rochdale, @RochdaleMayor, @CllrWendy, @JEMsoc",2019-08
2019-08-16,lucympowell,Labour (Co-op),"Peterloo was a major event in Manchester’s history and a defining moment for Britain’s democracy.

It was a catalyst for subsequent generations campaigning for change.

Manchester MP @LucyMPowell on why we should remember Peterloo.

#Peterloo2019 https://t.co/8USjMPnT0A",UKParliament,@LucyMPowell,2019-08
2019-08-16,pauljsweeney,Labour (Co-op),"@Metallithomthom @AllanCasey89 @SpireViewHA @CopperworksHAs I take no credit whatsoever for the hard work that went in to realising this marvellous facility, which was primarily the hard work of @SpireViewHA, @CopperworksHAs and former Councillor Allan Stewart, who first proposed the new hall back in 2008, when I was still a uni student!",,"@Metallithomthom, @AllanCasey89, @SpireViewHA, @CopperworksHAs, @SpireViewHA,, @CopperworksHAs",2019-08
2019-08-16,eleanor_smith55,Labour,Well done Palwinder ♥️ https://t.co/uYSqwh97vA,kingsschoolwlv,,2019-08
2019-08-16,rebeccaharrismp,Conservative,"Inspire the next generation of future NHS leaders! If you work in the NHS and have an hour to spare, you can sign up to give a talk in a school to share your experience of what it’s like to work in the NHS. https://t.co/toa9RIBZ66 #TeamNHS #OurNHSPeople",NHSEngland,,2019-08
2019-08-16,angelarayner,Labour,"I campaigned for @KiMcGuinness who is a really great community campaigner&amp;has always tried to do the best for the area she represents as a Cllr&amp;now a Police and Crime Commissioner, she has been elected by the community yet again, just show some humility! https://t.co/smxO4JuOze",,@KiMcGuinness,2019-08
2019-08-16,alisonthewliss,Scottish National Party,"Beginning of the summer sessions tonight at Bellahouston and remember no flares, no fireworks, no drugs, no carryouts, no glass, no crowd surfing, no al fresco nookie, no public urination, no throwing up, no causing a ruckus or any other form of anti-social behaviour. Enjoy!",MhairiHunter,,2019-08
2019-08-16,angusmacneilsnp,Scottish National Party,Much better to sell the Royal Mail at a loss to taxpayers so your Tory (&amp;Liberal) mates can buy cheap and make a quick profit from public assets!! 🙄 https://t.co/9cxGdXDln9,ScotTories,,2019-08
2019-08-16,bwallacemp,Conservative,The cutting-edge Type 26 will provide advanced protection to the Continuous at Sea Deterrent and Queen Elizabeth Class aircraft carriers and offer unrivalled anti-submarine warfare capability. #HMSCardiffSteelCut https://t.co/ioxjp8zzxU https://t.co/XFR6NkCeeK,DefenceHQ,,2019-08
2019-08-16,ruthcadbury,Labour,"Absolutely horrific news, my thoughts are with PC Andrew Harper's loved ones and the whole police family at this terrible time.

Althought it won't bring him back, I hope the culprit is swiftly brought to justice. https://t.co/CQO7CG1PwL",LouHaigh,,2019-08
2019-08-16,tony4rochdale,Labour,"Today at 11 am at St Chad’s we #remember and honour all #Peterloo victims &amp; in particular Abel Ashworth &amp; William Kershaw from Rochdale, all are welcome to join us then you could visit the exhibition @Touchstones afterwards https://t.co/kH9woEWSD6 https://t.co/eWJBrIP0dd",JEMsoc,@Touchstones,2019-08
2019-08-16,andreajenkyns,Conservative,My vision for Britain 🇬🇧 https://t.co/aMVgkrfAYZ,BorisJohnson,,2019-08
2019-08-16,wesstreeting,Labour,Good piece on the future of British steel from Chris McDonald from @MPI_UK - and there are wider lessons here for the UK in terms of sovereign capability and how we understand and treat foundation industries. https://t.co/smuPZZeQcS,EchoNickG,@MPI_UK,2019-08
2019-08-16,wesstreeting,Labour,"For some reason the taxpayer-funded propaganda video didn't give us the full picture. Thank you, @chunkymark, for including the out-takes. You are a true public servant. A grateful nation salutes you... https://t.co/AQniSTqSmO",chunkymark,"@chunkymark,",2019-08
2019-08-16,andrew4pendle,Conservative,"H.E. the President @KagutaMuseveni met with the @DFID_UK Minister for #Africa, Mr. Andrew Stephenson @Andrew4Pendle, and his delegation. The meeting explored ways to improve trade and create more markets for #European &amp; African countries. https://t.co/y55Dq58I5W",UgandaMFA,"@KagutaMuseveni, @DFID_UK, @Andrew4Pendle,",2019-08
2019-08-16,dougchapmansnp,Scottish National Party,"People with epilepsy are being unfairly treated during the Personal Independence Payment (PIP) process.

We cannot allow this discriminatory practice to continue, please sign and share the below petition.

https://t.co/Vq9FYAsshK",,,2019-08
2019-08-16,hannahb4livimp,Scottish National Party,Heartbreaking for Nora’s family. I hope the media are being respectful to the statement released by her family. 💔❤️ https://t.co/Ob8tboIs5V,juliemlove23,,2019-08
2019-08-16,theresecoffey,Conservative,@naomihodges28 @ChadMMurray Conspiracy,naomihodges28,"@naomihodges28, @ChadMMurray",2019-08
2019-08-16,neildotobrien,Conservative,@LeeJ2711 @BernMorley84 @F_A_F_C Up the Fleckney boys 🙌,amjonno,"@LeeJ2711, @BernMorley84, @F_A_F_C",2019-08
2019-08-16,nicdakin55,Labour,@alhouldsworth I hope so. The workforce crisis has been extraordinary and deserve the sustainable future we are all working to achieve.,alhouldsworth,@alhouldsworth,2019-08
2019-08-16,halfon4harlowmp,Conservative,"We’re leaving the European Union on 31st October 2019.

👉 Head over to our #LeaveOct31 Facebook Event: https://t.co/RTjTeqxtr4 https://t.co/9avpVodL7l",Conservatives,,2019-08
2019-08-16,chukaumunna,Labour,“Jeremy Corbyn knows he can’t command a majority in the House of Commons. This is about having a plan that works.” @joswinson on the next steps to stopping a no deal Brexit. https://t.co/KitcTQVEB0,LibDems,@joswinson,2019-08
2019-08-16,hannahb4livimp,Scottish National Party,What a great draw for @HibsLadies. @GlasgowCityFC not quite so fortunate. Let's get right behind both teams representing 🏴󠁧󠁢󠁳󠁣󠁴󠁿 in @UWCL,LauraMonty4,"@HibsLadies., @GlasgowCityFC, @UWCL",2019-08
2019-08-16,mimsdavies,Conservative,"Very sad to hear the extremely tragic news of PC Andrew Harper taken while serving the community &amp; this Country. My thoughts are with Andrew's family-especially his new wife-  as recent newly weds, all his friends &amp; all Police Colleagues-my deepest condolences &amp; sympathies to all https://t.co/yF4kTPNc2U",BBCNews,,2019-08
2019-08-16,davidlammy,Labour,"Big respect to Stormzy for using his wealth and platform to lend a hand to others.  
https://t.co/6fhOff6vOz",,,2019-08
2019-08-16,ronniecowan,Scottish National Party,I know it’s a terrible morning but if you have time come up and see what pieces of uniform we have available. There are plenty of blazers. @ststephensPAP #helptheenvironment #community #nolandfill https://t.co/Nfos5DaN31,Ststephenshs,@ststephensPAP,2019-08
2019-08-16,eleanor4epping,Conservative,"MEDIA RELEASE: DEBDEN PARK HIGH SCHOOL: Debden Park High School Sixth Form has again produced another set of outstanding A-Level results with Executive Headboy Kai Melhuish the first Debden Park student to go on to study at Cambridge https://t.co/HxRvSi9PBa

@dphs https://t.co/XdlzrXt4HX",ELNews_,@dphs,2019-08
2019-08-16,lucympowell,Labour (Co-op),"Today we remember the 60,000 people who gathered in Manchester on 16 August 1819 to demand the vote and representation in Parliament.

18 of these peaceful protesters were killed and hundreds were injured but our democracy is their legacy.

#Peterloo2019 https://t.co/b9prbjDa9V",UKParliament,,2019-08
2019-08-16,dr_philippaw,Scottish National Party,@dy0b1 @Andreios @theSNP @scotgov So you would never have talked about a brand new dress?,dy0b1,"@dy0b1, @Andreios, @theSNP, @scotgov",2019-08
2019-08-16,robertbuckland,Conservative,"#BeatTheStreet is coming back to Swindon in #September.

This year there will be more Beat Boxes, new prizes and lots of exciting events and activities happening.
 
What was your favourite thing about playing last year? https://t.co/sPvlr3Gx0L",SwindonCouncil,,2019-08
2019-08-16,onnmel,Labour,"1st time I’ve seen this, is rly important issue, I get so many people who come 2C me about adaptations - inc the woman who wants a stairlift but has been told she’s 2 high risk &amp; so is stuck in her living room - there must B enough funding &amp; flexibility 2 keep people @ home. https://t.co/sySx8YQhBK",NELCouncil,,2019-08
2019-08-16,lordianaustin,Labour,"Said this before, but the audiology service provided by @DudleyGroupNHS @DudleyCCG at Brierley Hill really is superb. Always on time, quick and helpful.
Brilliant staff.
Could not be better.
Credit where it’s due @DudleyGroupCEO @PaulMaubach 
Great service from our brilliant NHS.",,"@DudleyGroupNHS, @DudleyCCG, @DudleyGroupCEO, @PaulMaubach",2019-08
2019-08-17,pauljsweeney,Labour (Co-op),"@NitishRamparsad @VonnSand Yes the technology and processes are fairly widespread in major urban centres globally, but there is insufficient political and administrative will in Scotland and Greater Glasgow to drive progress; which is why I helped create the @GetGlesgaMoving campaign a couple of years ago.",NitishRamparsad,"@NitishRamparsad, @VonnSand, @GetGlesgaMoving",2019-08
2019-08-17,pauljsweeney,Labour (Co-op),"In a General Election, Corbyn clearly stating Labour will support a referendum with the option of Remain on the ballot. Brilliant! 

Let's hope that means 'ProPV with Remain on the ballot' parties (Lab, Libs, Green, SNP, Plaid) can work together to defeat Johnson and Farage! https://t.co/1D3AYKZHla",OFOCBrexit,,2019-08
2019-08-17,mikegapes,Labour (Co-op),"Some terrible images coming out of Russian/Syrian airstrikes in Idlib today. A headless child. A breathing, bleeding fetus. A boy shredded from the chest down. They're too awful to post. But it doesn't stop.",LizSly,,2019-08
2019-08-17,barrysheerman,Labour (Co-op),@RogerHelmerMEP What a sad embittered man he is shame on him &amp; bravo Greta!,RogerHelmerMEP,@RogerHelmerMEP,2019-08
2019-08-17,carolynharris24,Labour,@francescrook https://t.co/N9Ms8tEQ9d  x,francescrook,@francescrook,2019-08
2019-08-17,pauljsweeney,Labour (Co-op),"@baaadbitch @joswinson Yeah, that has been annoying me all day.",baaadbitch,"@baaadbitch, @joswinson",2019-08
2019-08-17,toniaantoniazzi,Labour,@ToniaAntoniazzi https://t.co/LU7NSU2bFE,CllrAStevens,@ToniaAntoniazzi,2019-08
2019-08-17,stevereedmp,Labour (Co-op),"Our hearts go out to PC Andrew Harper, his wife and family, he died doing his best to protect us in the best traditions of the police force, may he rest in peace https://t.co/rz98CK9kU0",OnePoliceUK,,2019-08
2019-08-17,richardgrahamuk,Conservative,"@DavidEDrew @doinacornell @Stroud_Labour @StroudDC .David if Lab rainbow Cllrs would vote this down shd it come before Planning then gr8. But unfortunately, as on Brexit, no-one can trust a word you say. So I’m asking #Gloucester residents to say what they feel &amp; let’s see what SDC does. Rule it out?",DavidEDrew,"@DavidEDrew, @doinacornell, @Stroud_Labour, @StroudDC",2019-08
2019-08-17,grahamemorris,Labour,Great to meet up and take questions from some very engaging young people from #EastDurham participating in the @NCS summer programme of events; to support them and their #SocialAction Projects @vinspired @TinaLavelle1 🧢 https://t.co/U2vAZIXcWV,,"@NCS, @vinspired, @TinaLavelle1",2019-08
2019-08-17,barrysheerman,Labour (Co-op),And more! https://t.co/xYUy67xkC9,,,2019-08
2019-08-17,catharinehoey,Labour,"Peter Taylor has secured fascinating interviews and important Troubles footage, but he has subtly promoted the brutal British state rubbish. It is long overdue that a journalist of his stature has a closer look at the evidence and statistics. My column
https://t.co/WMMlxkB7nx",BenLowry2,,2019-08
2019-08-17,gradysnp,Scottish National Party,Great to be out with a fantastic team from @SNPKelvin. Brilliant responses on the doors today! Support is building for #indyref2 as a way to avoid #Boris' #NoDealBrexit! https://t.co/11jdQMMN3r,johncummingSNP,@SNPKelvin.,2019-08
2019-08-17,anneliesedodds,Labour (Co-op),A video filmed during my recent visit to @oxfamgb's Bicester supply centre https://t.co/F2J0HNqEVp,,@oxfamgb's,2019-08
2019-08-17,barrysheerman,Labour (Co-op),"“First evidence”?!
Has the @TelePolitics really missed every statement from Germany (and from every other EU Member State) for the past few months?
Anyone relying on the @Telegraph for reliable information about #Brexit will have been badly let down... https://t.co/CAGBhN2q3O",RichardGCorbett,"@TelePolitics, @Telegraph",2019-08
2019-08-17,bill_esterson,Labour,"Orwell would have loved this: ""He who controls the past, controls the future; and he who controls the present, controls the past"" (1984). https://t.co/OxyvDVPzQf",JolyonMaugham,,2019-08
2019-08-17,dr_philippaw,Scottish National Party,"@cissova many people I've asked that question have said the same,the damage has been done,they've seen how Westminster treats Scotland.",doufous,@cissova,2019-08
2019-08-17,willquince,Conservative,@JackdWest @sajidjavid It's an ECC led bid to support housing delivery on the Colchester / Tendring border so yes it's the NEGC proposal to the East of Colchester.,JackdWest,"@JackdWest, @sajidjavid",2019-08
2019-08-17,geraldjoneslab,Labour,"🌟🌟🌟🌟🌟Reminder🌟🌟🌟🌟🌟
@IDS3to18 will be open from 9.00am to 12.00pm on Thursday, 22nd August for pupils to pick up their GCSE results from the Upper School Hall. 
🍀🍀🍀🍀Pob lwc pawb 🍀🍀🍀🍀 https://t.co/2SjtlTIcFP",IDSHeadteacher,@IDS3to18,2019-08
2019-08-17,dr_philippaw,Scottish National Party,If you are still wondering whether to support Scottish  independence this will help you decide https://t.co/izByuW9KeY,frank3davies,,2019-08
2019-08-17,jostevenslabour,Labour,"Final scores on today's Queen St #Brexitometer.   Conversations with Cardiff folk, visitors from across Wales &amp;England &amp;friends from further afield. Real concern about No Deal. @WalesForEurope @euromove @brexitometerhq @JoStevensLabour @SDoughtyMP @AnnaMcMorrin @KevinBrennanMP https://t.co/GQLbhkMdiQ",Cardiff4EU,"@WalesForEurope, @euromove, @brexitometerhq, @JoStevensLabour, @SDoughtyMP, @AnnaMcMorrin, @KevinBrennanMP",2019-08
2019-08-17,tandhesi,Labour,@Satyendra7 @SikhsForSikhs @SinghLions @PTI_News @sikhsiyasat @SikhNet @everythings_13 @ptcnews @valariekaur @thetribunechd @DrOpinderjit Really touched by your appreciation @Satyendra7 . Stay blessed and keep up your literary work to improve society.,Satyendra7,"@Satyendra7, @SikhsForSikhs, @SinghLions, @PTI_News, @sikhsiyasat, @SikhNet, @everythings_13, @ptcnews, @valariekaur, @thetribunechd, @DrOpinderjit, @Satyendra7",2019-08
2019-08-17,pauljsweeney,Labour (Co-op),"@liannweir @CrossReach @SCPO_ Thanks for having us Liann, every visit to the Mallard is life affirming! I will say to my brother about the plastering work and I'll also sort out a raffle prize for the fundraiser in October.",liannweir,"@liannweir, @CrossReach, @SCPO_",2019-08
2019-08-17,laboursj,Labour,"Solidarity to @OwenJones84 and friends. No matter where you stand politically, a country where journalists and activists can work freely is one to protect. https://t.co/vu9HkWA1J1",DrFrancesRyan,@OwenJones84,2019-08
2019-08-17,carolinelucas,Green Party,"Pleased to join MPs from across the House in signing this letter to demand PM recalls Parliament 

This a national emergency. There is no mandate for a reckless No Deal #Brexit. Johnson &amp; Cummings want to gag our democracy

RT if you believe @BorisJohnson should #RecallNow https://t.co/XIvjghuWg1",,@BorisJohnson,2019-08
2019-08-17,bernardjenkin,Conservative,"EU’s global exports down -4.4%, UK global exports up +15.3%. Which has a brighter future?  The EU? or the UK outside the EU?  ⁦⁦@StandUp4Brexit⁩ ⁦@BrexitCentral⁩  https://t.co/5iXljbeGTq",,"@StandUp4Brexit⁩, @BrexitCentral⁩",2019-08
2019-08-17,helengoodmanba,Labour,"Four in ten Conservatives voted Remain - but the arrogant, triumphalist hard-right fanatics now running the party want them all 'purged' if they dare have doubts over a No Deal policy that was never mentioned in the referendum. https://t.co/VPrtCLhaym",ianbirrell,,2019-08
2019-08-17,chionwurah,Labour,"Im a microbiologist.
American chicken is chlorine-washed to kill bacteria from bad handling &amp; farming practices (it doesnt work, it just hides the infection).
Its more like putting bleach in your toilet than the tiny amount of chlorine which keeps water bacteria-free in pipes. https://t.co/nve7Z1Auty",BpsmithUk,,2019-08
2019-08-17,liambyrnemp,Labour,"""This is now a moral emergency"" @LiamByrneMP @BirminghamLive's #BrumFeeds https://t.co/kNgiI4JF8A",SanjeetaBains,"@LiamByrneMP, @BirminghamLive's",2019-08
2019-08-17,kevin_j_foster,Conservative,Wondering what naval work the Clyde shipyards will be undertaking up to 2035? Wonder no more! https://t.co/A8VOa8xvKw,UKDefJournal,,2019-08
2019-08-17,barrysheerman,Labour (Co-op),@ThePoliticalBe2 @FullerDenis @BorisJohnson Poor old Roger.,,"@ThePoliticalBe2, @FullerDenis, @BorisJohnson",2019-08
2019-08-17,normanlamb,Liberal Democrat,"We're launching a Call for Evidence to help transform our food system.

Whether you’re in the food business, a farmer, a food processor or an interested citizen, we want to hear from you.

👉 https://t.co/TpqnmVcLW9
@HenryDimbleby @food_strategy #FoodStrategy https://t.co/dketuBYCmX",DefraGovUK,"@HenryDimbleby, @food_strategy",2019-08
2019-08-17,labourlewis,Labour,"Basically we need a radically reformed BBC that can positively shape a broader media ecology. The BBC should become a modern, democratised public platform and network, fully representative of its audiences and completely independent of government and the market.",labourlewis,,2019-08
2019-08-17,angusmacneilsnp,Scottish National Party,@SKinnock The Kalmar Union was dissolved in 1523 but the Norway/Denmark Union only dissolved in 1814. Do you think Norway made a mistake leaving the Dano–Norwegian Realm in 1814 and that Ireland made a mistake leaving the UK in 1922? @AngusMacNeilSNP,Innealadair,"@SKinnock, @AngusMacNeilSNP",2019-08
2019-08-17,angusmacneilsnp,Scottish National Party,You know if Kinnock's wife hadn't been Prime Minister of independent Denmark (no longer in union with Norway or Sweden) he could have a straighter face ...or if he wanted a Global Gov like Paul Sweeney .. nope this Labour guy as usual just wants Tory Westminster in charge 👇🙄 https://t.co/imPwudc9r6,SKinnock,,2019-08
2019-08-17,kevin_j_foster,Conservative,"@DotspantryJohn @TorbayTories Yep, full house last night",,"@DotspantryJohn, @TorbayTories",2019-08
2019-08-17,davidlinden,Scottish National Party,"Goal of the season lads, competition over https://t.co/ZlXvHmTpSK",DouglasBarrie,,2019-08
2019-08-17,chionwurah,Labour,Further proof that despite Me Too very little has actually changed ...  https://t.co/s2Ino1Kf63,REWearmouth,,2019-08
2019-08-17,chionwurah,Labour,I am shocked and saddened by the tragic murder of Peter Duncan. https://t.co/UXKVfOkl3T,,,2019-08
2019-08-17,thelma_dwalker,Labour,"Four years on from the death of Tony Benn:

""Every single generation must fight the same battle again and again and again. There is no final victory"" https://t.co/idRHrprpkF",labour_history,,2019-08
2019-08-17,chrisleslieuk,Labour (Co-op),Depressing yet grimly predicable to see people calling for a man to be made PM who they privately call unfit for public office.They’ll convince themselves it’s clever strategy &amp;necessary to show willing (but won’t happen so it’s ok) but goodness it’s a pathetic sight to witness.,JenGerber79,,2019-08
2019-08-17,hannahb4livimp,Scottish National Party,Tourism is a huge part of the Highlands and Islands economy. @HighlandCouncil are considering whether to introduce a tourism levy to our region to help with investment and infrastructure. They are looking to hear your thoughts on the proposed scheme. Have your say. https://t.co/BXtMkCIsHm,Ianblackford_MP,@HighlandCouncil,2019-08
2019-08-17,joplattleigh,Labour (Co-op),"This is what people powered politics looks like! 

@jeremycorbyn surprised the crowd to join @CourierGreg @GMBYoungMembers @JoPlattMP and @AyoCaesar to talk about winning good jobs and a fairer future for young people. 

#LabourRoots https://t.co/qX2f364pQk",LabourByTheMany,"@jeremycorbyn, @CourierGreg, @GMBYoungMembers, @JoPlattMP, @AyoCaesar",2019-08
2019-08-17,alexsobel,Labour (Co-op),@Nath_Brudenell @HydeParkPH I thought it was beautifully shot and painfully slow (until the end). I don’t think it was shot to have a point but about how Hollywood was at a point in time. It made me remember things I thought I’d forgotten which was probably the most you could hope for,Nath_Brudenell,"@Nath_Brudenell, @HydeParkPH",2019-08
2019-08-17,jessphillips,Labour,If an alien came to earth and watched YouTube they would think watermelons were only for exploding,,,2019-08
2019-08-17,labourlewis,Labour,@i400s @BBCNews OK... https://t.co/dlWSfKHgpq,,"@i400s, @BBCNews",2019-08
2019-08-17,onnmel,Labour,Godfather of a la carte #marcopierrewhite launches treasured supplier's al fresco venture as century old tradition goes on trend with street food. Why does he love Grimsby's prized dish so much? https://t.co/iOQoDvLRiH https://t.co/O1y8tDxyqO,DaveLaister,,2019-08
2019-08-17,toniaantoniazzi,Labour,Fabulous evening with the people that have supported me from day one of my political career. An absolute pleasure to be able to give something back to the amazing community of Burry Port x https://t.co/gcFez7A3Po,byronjwilliams,,2019-08
2019-08-17,tandhesi,Labour,@dratiq Many thanks @dratiq . Good to be young at heart 😁,AtiqAhmdBhatti,"@dratiq, @dratiq",2019-08
2019-08-17,kerrymp,Labour,@LilliWednesday Because Isaac’s never seen it before...,,@LilliWednesday,2019-08
2019-08-17,gloriadepiero,Labour,@OwenJones84 This is absolutely awful. I’m so sorry. Thank goodness you are ok.,OwenJones84,@OwenJones84,2019-08
2019-08-17,andrew4pendle,Conservative,Many congratulations - very well deserved! https://t.co/7SFQcD8pY8,SayeedaWarsi,,2019-08
2019-08-17,paulasherriff,Labour,"RT @cliodiaspora: You don’t even know what respect means @BorisJohnson. But if you want to talk about respect, then respect the office you…",,"@cliodiaspora:, @BorisJohnson.",2019-08
2019-08-17,carolynharris24,Labour,@geraldine_mck @TheSundayMirror @RefugeCharity Excellent work x,geraldine_mck,"@geraldine_mck, @TheSundayMirror, @RefugeCharity",2019-08
2019-08-17,martinjdocherty,Scottish National Party,... plus the Bear 🐻Park &amp; forcing my Canadian 🇨🇦 cousins to walk for miles up Loch Lomond !!! Great days and a fabulous place #Balloch #LochLomond #WestDunbartonshire 🏴󠁧󠁢󠁳󠁣󠁴󠁿 https://t.co/6fgCFjanNE,maidtosail,,2019-08
2019-08-17,stevebakerhw,Conservative,"""Today, assaults on police officers have become far too commonplace, as have assaults on prison officers, and I am concerned that attacks on police officers are no longer regarded within some communities with the same level of seriousness as they were."" 
https://t.co/vB0MwtlNx3",FMConservatives,,2019-08
2019-08-17,justinmadders,Labour,"@R_Mawhinney More information here, I suspect many of them won’t be retail shops for the reason you highlight https://t.co/EHWea6fPeY",R_Mawhinney,@R_Mawhinney,2019-08
2019-08-18,keeleymp,Labour,Labour to give councils power to seize boarded-up shops https://t.co/0dluTPqRcZ,salford_mayor,,2019-08
2019-08-18,lsrplaid,Plaid Cymru,"Porthmadog os yn bosib (ble bues i’n gweithio fel gohebydd newyddion, flynyddoedd maith yn ôl) https://t.co/UAC27SXiF4",CambrianNews,,2019-08
2019-08-18,karlturnermp,Labour,"Worth asking, how were we doing between 1997 and 2010? https://t.co/YMSrt4nZJq",KarlTurnerMP,,2019-08
2019-08-18,sarahchampionmp,Labour,Please share this fantastic new Facebook group- Look for a Book Rotherham. Re-post away! #rotherham #childrenreadingbooks #lookforabookrotherham @RMBCPress @SarahChampionMP @RothTownCentre @RotherhamAdvert https://t.co/MTb6lemM1V,Chappers7922,"@RMBCPress, @SarahChampionMP, @RothTownCentre, @RotherhamAdvert",2019-08
2019-08-18,angusmacneilsnp,Scottish National Party,Being part of UK means retirement at 75 screw that time for Independence,yanic1965,,2019-08
2019-08-18,stewartmcdonald,Scottish National Party,MPs make cross-party call to Johnson to recall UK Parliament to discuss Brexit crisis https://t.co/xUOMLHu1Os,,,2019-08
2019-08-18,karlturnermp,Labour,NEW: 110 MPs from all parties except the DUP have written to the PM to demand he recalls Parliament from recess to debate Brexit. https://t.co/C2MMzOx488,PaulBrandITV,,2019-08
2019-08-18,lukegrahamuk,Conservative,"Did you know the UK leads the world in tackling #climatechange?

We’re partnering with #Mexico to collaborate on climate change mitigation, which will help bring people out of poverty &amp; strengthen economic cooperation between 🇬🇧🇲🇽: https://t.co/jbWHTn7Cu5 @UKinMexico https://t.co/leRLgkaPi1",beisgovuk,@UKinMexico,2019-08
2019-08-18,hannahb4livimp,Scottish National Party,This is not a drill https://t.co/H8lvd8pJse,FionaHyslop,,2019-08
2019-08-18,emmahardymp,Labour,That’s great news! https://t.co/FBg58Yfe5I,LouiseC_HTrains,,2019-08
2019-08-18,alexsobel,Labour (Co-op),Indonesia arrests dozens of West Papuans over claim flag was thrown in sewer https://t.co/9u9uqHXwBG,GuardianAus,,2019-08
2019-08-18,afzal4gorton,Labour,"Michael Gove says this is the worst case scenario but the government still seem hell bent on crashing us out of Europe without a deal.

We need everyone against No Deal to back @jeremycorbyn’s plan to get rid of this disaster of a government and stop this

https://t.co/VQfn2bKtBH",,@jeremycorbyn’s,2019-08
2019-08-18,barrysheerman,Labour (Co-op),Half the family on tour! https://t.co/KbAfM02Q12,,,2019-08
2019-08-18,karlturnermp,Labour,.⁦@10DowningStreet⁩: furious at leak of paper predicting shortages after no-deal #Brexit ⁦@guardian⁩  https://t.co/pBpiRp9iFN,,"@10DowningStreet⁩:, @guardian⁩",2019-08
2019-08-18,marycreagh_,Labour,"Totally unexpected result today, even for Wakefield!! 

💙 70 votes for remain
💙 18 votes for no deal
💙 10 votes for leaving with a deal

This result will no doubt be music to our MP's ears! Wakey is full of truly lovely people 🇪🇺
#Brexitometer
#StopBrexitSaveLives https://t.co/WHDt0v9Nk5",SWYforEurope,,2019-08
2019-08-18,nadhimzahawi,Conservative,"More speculation about stamp duty this morning. To be clear, I never said to @thetimes I was planning to put it on sellers, and I wouldn’t support that. I know from @mhclg that we need bold measures on housing - but this isn’t one of them. https://t.co/9OVk3XiqMd",sajidjavid,"@thetimes, @mhclg",2019-08
2019-08-18,paulasherriff,Labour,"""This is not Project Fear - this is the most realistic assessment of what the public face with No Deal"":

🔹Severe, extended delays for meds
🔹Impractical to stockpile for expected delays
🔹Unusable insulin
🔹Unsuable flu vaccines 
🔹Unusable leukaemia drugs

Utterly sickening. https://t.co/E4j7FbzTuK",doctor_oxford,,2019-08
2019-08-18,nadhimzahawi,Conservative,"“We are leaving the EU on October 31st. The signing of this document means we will take back control of our laws on Brexit day.” – PM @BorisJohnson #LeaveOct31

https://t.co/2DRgKEfwXJ https://t.co/26vBNZueYN",10DowningStreet,@BorisJohnson,2019-08
2019-08-18,edwardjdavey,Liberal Democrat,"@OwenJones84 Horrific

Hope you’re okay @OwenJones84

We may not be united on policies, but my colleagues across @LibDems will be absolutely united in condemning this vile, outrageous attack.

When journalists are attacked - whether on the street or in court like Carole - society is attacked.",EdwardJDavey,"@OwenJones84, @OwenJones84, @LibDems",2019-08
2019-08-18,stevebakerhw,Conservative,"Excellent news that the EU (Withdrawal) Act commencement order has now been made. It is long overdue. It repeals the European Communities Act 1972 and confirms that we shall, indeed, be an independent country once again on 31 October.",DavidJonesMP,,2019-08
2019-08-18,andrewbowie_mp,Conservative,"#backtoschool tomorrow for our school-based colleagues @Aberdeenshire Wishing you all the very best for the new term ahead, I hope you have a good one!! Enjoy the last day of your summer break!",laurencefindlay,@Aberdeenshire,2019-08
2019-08-18,julianknight15,Conservative,On this at least I agree with @OborneTweets. And it’s not just Universal Credit that helps explains UK’s jobs ‘miracle’. A ‘tough love’ approach to benefit eligibility esp @MPIainDS’ controversial sanctions regime also played big role in forcing everyone to hunt properly for work https://t.co/RNgBJFJglh,montie,"@OborneTweets., @MPIainDS’",2019-08
2019-08-18,gareththomasmp,Labour (Co-op),"No-deal Brexit will cause food shortages, ports chaos and hard Irish border says government leak so why is ⁦@BorisJohnson⁩ pushing this particularly mad Brexit option ? https://t.co/TXRa8FjgZs",,@BorisJohnson⁩,2019-08
2019-08-18,peterkyle,Labour,"Don’t get me wrong, summer recess is amazing as I get to spend loads of quality time in Hove &amp; Portslade.

But the truth is MPs should be in parliament holding Boris Johnson to account, demanding regular updates on his Brexit ‘negotiations’ and no-deal planning #RecallNow https://t.co/ZJ7GlPNY0s",,,2019-08
2019-08-18,cliveefford,Labour,County lines: Criminal gangs targeting children - BBC News ⁦@JFColombia⁩  https://t.co/VH2ZkW2fT4,,@JFColombia⁩,2019-08
2019-08-18,acunninghammp,Labour,"83% rise in crime in Stockton South. Read it and weep.

500 fewer police and 50 fewer PCSOs in Cleveland force. 

And not a single police constable in our Neighbourhoods team for three months. 

Conservatives the Party of Law and Order? 

Don't make me laugh. 

#Broken https://t.co/IcbnrYySqo",LouiseBaldock,,2019-08
2019-08-18,liambyrnemp,Labour,"Thanks to hundreds of @uklabour members in over 100 meetings, we've a draft manifesto that takes the best  @uklabour ideas - and shows how we can turn them into action NOW!

Let us know what you think! https://t.co/XPovR6rMjS 

#socialistsunday #RadicalCompassion #LetsStartNow https://t.co/uoMmUCf1Un",liambyrnemp,"@uklabour, @uklabour",2019-08
2019-08-18,pauljsweeney,Labour (Co-op),"Life expectancy in the UK is now in decline for the first time since records began in 1982. In Glasgow, average male life expectancy is 73, and 78 for females. What is the Tory plan to address this? Raise the state pension age to 75. They are despicable. https://t.co/nLJMX3Sco7",,,2019-08
2019-08-18,david_duguid,Conservative,"https://t.co/Zd0rxYMd3A
https://t.co/dt2iP2w1P8",,,2019-08
2019-08-18,stevebakerhw,Conservative,I have signed the legislation setting in stone the repeal of the European Communities Act 1972. This is a landmark moment in taking back control of our law. It underlines that we are leaving the EU on October 31. https://t.co/r52UY60aG2,SteveBarclay,,2019-08
2019-08-18,marycreagh_,Labour,"I signed this letter to Boris Johnson. Govt report shows his reckless no deal Brexit would kill jobs, hit incomes &amp; hike prices.

RT if you think Parliament should  #RecallNow &amp; meet till crisis is sorted. https://t.co/oY3MDs0Rbv",MaryCreagh_,,2019-08
2019-08-18,philipdaviesuk,Conservative,"Jesus Christ, look at the level of aggression https://t.co/1MhRF79xBn",_gracewharton,,2019-08
2019-08-18,sarahchampionmp,Labour,@SarahChampionMP @APPG_SafeFaith talks to @BBCR4Sunday about the new inquiry into #positionoftrust as it applies to #faith settings. Listen here at 01:00 onwards... https://t.co/rR4sA0zJ4n,thirtyoneeight,"@SarahChampionMP, @APPG_SafeFaith, @BBCR4Sunday",2019-08
2019-08-18,karen_karenelee,Labour,"So, this hard right Tory government want to raise retirement age for the working class. Just keep coming up with these kind of ideas, the next GE will let them know how the electorate feel about them. It really isn’t all about Brexit. https://t.co/65m0XJCelO",,,2019-08
2019-08-18,debbie_abrahams,Labour,https://t.co/nEiFtFogEl,,,2019-08
2019-08-18,albertowen2020,Labour,Great bloke! Great games with all the competitors showing immense spirit and courage. Oh! and Andy is my local party (CLP) Chairman. Please give him support via a Retweet 👍#WTG2019 #organdonation 🏴󠁧󠁢󠁷󠁬󠁳󠁿@UKLabour @WelshLabour https://t.co/zbVbyw1YKf,AlbertOwen2020,"@UKLabour, @WelshLabour",2019-08
2019-08-18,simonclarkemp,Conservative,We don’t normally comment on leaks - but a few facts - Yellowhammer is a worst case scenario - v significant steps have been taken in the last 3 weeks to accelerate Brexit planning - and Black Swan is not an HMG doc but a film about a ballet dancer... https://t.co/lRAgavfDze,michaelgove,,2019-08
2019-08-18,hannahb4livimp,Scottish National Party,Portobello Beach rainbow 🌈 https://t.co/7JrtzrOfxD,talkporty,,2019-08
2019-08-18,brendanoharamp,Scottish National Party,"An emotional evening for Union Berlin supporters, as past and present unite 🔴⚪ https://t.co/WjukPci5qR",Bundesliga_EN,,2019-08
2019-08-18,shaileshvara,Conservative,"PC Andrew Harper. Only 28 and married his beautiful wife 4 wks ago. Every one of us in the police family have you in our thoughts &amp; our hearts Lissie. Words can't describe.

I'm so sorry brother. We carry on in your name. We hold that thin blue line. It's what you would've done. https://t.co/sFxtYjWmtX",OnePoliceUK,,2019-08
2019-08-18,timloughton,Conservative,Aware of large unauthorised traveller encampment still causing problems on Southwick Green. The police and Adur councillors and officers have been in attendance and steps are being taken to remove them as soon as possible,,,2019-08
2019-08-18,bill_esterson,Labour,Would this be the same Lib Dems who promoted fracking when they were in government? https://t.co/EzpkY1KLUB,LabGND,,2019-08
2019-08-18,martinjdocherty,Scottish National Party,"We were out in Clydebank on Thursday with our practical filmmaking workshop, thanks @KKPhotography9 for this moody shot of the action.
#goodnewsWD #ClydesiderMag #creative #filmmaking https://t.co/IZFOM6FasW",ClydesiderMag,@KKPhotography9,2019-08
2019-08-18,rhonddabryant,Labour,Me too https://t.co/RDDtoeBQT5,annaturley,,2019-08
2019-08-18,catharinehoey,Labour,"No 10 source on Yellowhammer:

“This document is from when ministers were blocking what needed to be done to get ready to leave and the funds were not available. It has been deliberately leaked by a former minister in an attempt to influence discussions with EU leaders.”",nickeardleybbc,,2019-08
2019-08-18,sajidjavid,Conservative,I have signed the legislation setting in stone the repeal of the European Communities Act 1972. This is a landmark moment in taking back control of our law. It underlines that we are leaving the EU on October 31. https://t.co/r52UY60aG2,SteveBarclay,,2019-08
2019-08-19,alexsobel,Labour (Co-op),@atnyrly When you’ve watched read this for hot takes on bad boyfs https://t.co/QPvwhuiO7d,,@atnyrly,2019-08
2019-08-19,rhonddabryant,Labour,"""The brain injury charity Headway said Smith should not have returned to the pitch after his “brutal” injury, because a quick off-field test by a team doctor was not always able to diagnose a concussion.""
https://t.co/I84k9I48Ii",HeadwayUK,,2019-08
2019-08-19,sandbach,Conservative,This is great news and a real legacy of @Jeremy_Hunt and his determination to ensure the NHS tackled the issue https://t.co/No0Auhe9zp,teddys_wish,@Jeremy_Hunt,2019-08
2019-08-19,iowbobseely,Conservative,Either ring on 220220 or email bob.seely.mp@parliament.uk 👍 https://t.co/WS7Q2UPR90,jack_whitewood,@parliament.uk,2019-08
2019-08-19,liliangreenwood,Labour,"Flicking thru’ @metro at lunch: Tories denying Govt’s own report on the dangers of no deal Brexit, Javid denying plans to make house sellers pay stamp duty after he floated the idea &amp; now Tory CSJ saying wait until you’re 75 to get your pension. We need Johnson &amp; co  out ASAP! https://t.co/X4tXwKoFai",,@metro,2019-08
2019-08-19,alisonthewliss,Scottish National Party,"DELIGHTED to start this fab project in #Pollokshields as Part of Dance International #Glasgow, expect lots of outdoor #dancing!  Working with children from local schools &amp; @BashArtCreative @GlasgowTramway @the_work_room https://t.co/zYpNhgW2Ge",SunriseDances,"@BashArtCreative, @GlasgowTramway, @the_work_room",2019-08
2019-08-19,andrewbowie_mp,Conservative,Great to be out around Newtonhill and Portlethen this morning with @liamkerrMSP and @BradenDavy #westaberdeenshireandkincardine #summer https://t.co/DhNK8cQvS1,,"@liamkerrMSP, @BradenDavy",2019-08
2019-08-19,rhonddabryant,Labour,"This story by Roald Dahl should remind everyone to get their kids vaccinated. Because some are refusing the MMR, our nation is no longer measles free. A few children will die. Some will get immunised late but others won’t get the chance. And for those who don’t the risk has risen https://t.co/DTLTJswIcy",TomTugendhat,,2019-08
2019-08-19,wesstreeting,Labour,"Why do universities matter for London?

Want to know more about what the 38 universities in London offer?

👉 https://t.co/blvIRqXyqW https://t.co/KfFcwjqtqX",UniversitiesUK,,2019-08
2019-08-19,cliveefford,Labour,"I’m prepared to do whatever I can to stop Boris Johnson forcing us out of the EU without a deal unlike the Lib Dems who have signed, who will put their personal animosity towards Jeremy Corbyn above what’s best for the country. https://t.co/n4GIzpVWE4",rpeh,,2019-08
2019-08-19,jessphillips,Labour,@CliveTyldesley @elizabday I know I've shocked myself.,CliveTyldesley,"@CliveTyldesley, @elizabday",2019-08
2019-08-19,borisjohnson,Conservative,"I have written to @eucopresident about key aspects of the UK’s approach to Brexit, problems with the “backstop” &amp; the Government’s commitment to the Belfast (Good Friday) Agreement whether there is a deal with the EU or not.

https://t.co/7JYdIsZdjB https://t.co/Sc6WjDPdkw",,@eucopresident,2019-08
2019-08-19,lukepollard,Labour (Co-op),"This suggests the “new cash” promised by the Tories for our NHS isn’t new money after all.

Derriford has a structural funding deficit of millions. Our city’s primary care is at crisis point. Bluster and spin just doesn’t cut it for Plymouth patients. https://t.co/FTH9aGNLZi",CharlotteHollo,,2019-08
2019-08-19,tandhesi,Labour,"councils have checked in with foodbanks about what they might be able to provide in No Deal - fear is that rising food prices will both lead to increased need, but also reduced donations. Eg Slough council asked its foodbank earlier in year, it said we rely on donations: /4 https://t.co/dE7l0GoBDw",faisalislam,,2019-08
2019-08-19,cpjelmore,Labour,"Shadow chancellor @johnmcdonnellMP says Parliament should be recalled in the coming days to discuss Brexit, particularly after the leak of government papers on no deal scenarios. #r4Today",BBCr4today,@johnmcdonnellMP,2019-08
2019-08-19,julianknight15,Conservative,"From tomorrow 16-17 year olds can apply for a saver card that will give 50% off rail travel, from 2nd September. It is just £30 and lasts for a year. So if you are a young person who regularly uses trains apply here:https://t.co/VOEPHnQEfC https://t.co/82qmMDoW0U",andy4wm,,2019-08
2019-08-19,ranil,Conservative,"Good to get out and about in Hartley Wintney... knocking on doors and many chats at the pub... local folk say they #backboris to deliver Brexit, unite our country and defeat Corbyn! #conservative #alwaysmoretodo #NEH #hampshire #knockingatthedoor #campaigning #beinglocalmatters https://t.co/8EKGE5EcjC",,,2019-08
2019-08-19,albertowen2020,Labour,@labour_history ...and a really decent person,labour_history,@labour_history,2019-08
2019-08-19,jackdromeymp,Labour,"Bluff, bluster, promises that are not worth the paper they are written on from a Prime Minister in whose hands the #NHS will never be safe. ‘New cash’ spin by @BorisJohnson exposed by those who actually run the #NHS to be precisely that, spin https://t.co/eF3nwVL8yd",JackDromeyMP,@BorisJohnson,2019-08
2019-08-19,rees4neath,Labour (Co-op),"Passing through Tamworth on the way home after an eventful few days, starting in Machynlleth in Mid Wales and ending in Bolton.

An absolute priority of my government will be ensuring economic development doesn't just happen in London, but across the regions and nations of the UK https://t.co/NNpr7Adcmd",jeremycorbyn,,2019-08
2019-08-19,esthermcvey1,Conservative,"🍅 🥬 🥒  
Come &amp; see Reddy Lane Market Garden. Organic, locally grown produce
🍅 🥬 🥒 
For more information visit the website 
https://t.co/3Loh6LL4aX
#eatwell https://t.co/SEbdL8Ou1a",,,2019-08
2019-08-19,stephenctimms,Labour,@natehiggins Welcome to East Ham! Can I buy you a coffee?,,@natehiggins,2019-08
2019-08-19,hannahb4livimp,Scottish National Party,Good to see this breaking 1m views....Why governments should prioritize well-being (Nicola Sturgeon | TEDSummit 2019) https://t.co/IDn9HMTcw2 via @TEDTalks,eliz_lloyd,@TEDTalks,2019-08
2019-08-19,nickgibbuk,Conservative,This 2017 open letter from @AlexStandish9 to his trainee teachers (published by @IOE_London) is worth revisiting for its impressive clarity on the importance of powerful knowledge: https://t.co/zhYBiFXIln,,"@AlexStandish9, @IOE_London)",2019-08
2019-08-19,carolynharris24,Labour,@nick_veteran @MartinPaterso13 @JonBryanPoker Nick don't engage with the naysayers. There world is fantasy. We dealing with thec reality of problem gambling.,nicknongambler,"@nick_veteran, @MartinPaterso13, @JonBryanPoker",2019-08
2019-08-19,sdoughtymp,Labour (Co-op),WATCH: I spoke to @BBCWalesNews  @Nick911Car last night about why a no deal #Brexit would be a disaster for #Cardiff South and #Penarth Wales #RecallParliament #RecallNow https://t.co/zwZmkBQzr4,,"@BBCWalesNews, @Nick911Car",2019-08
2019-08-19,alexburghart,Conservative,hear hear https://t.co/rybcJKxZQy,10DowningStreet,,2019-08
2019-08-19,dianajohnsonmp,Labour,"If the Government stick to the same old line, in denial about independent research, defending their record of past 5-10 years, it doesn’t augur well for Boris Johnson’s latest promises about transport investment in the North. @bbcburnsy @RadioHumberside @looknorthBBC @OpinionYP https://t.co/sxxCyGWCzd",IPPRNorth,"@bbcburnsy, @RadioHumberside, @looknorthBBC, @OpinionYP",2019-08
2019-08-19,catharinehoey,Labour,Hopefully she will read this. A very moving letter from a fishing trawler skipper to @sarahwollaston https://t.co/ZJvHiendKQ,Maximusfishing,@sarahwollaston,2019-08
2019-08-19,tracybrabin,Labour (Co-op),"RFL Statement | Archie Bruce:

https://t.co/ZjHhgOMfPH https://t.co/xXwUi7jQQD",TheRFL,,2019-08
2019-08-19,bphillipsonmp,Labour,"Boris Johnson specifically says in writing that workers rights in the UK and the EU will diverge after brexit, and that that’s the whole point of brexit happening. Who thinks Boris Johnson will expand workers rights? https://t.co/g476mI1Cnp",mcgregormt,,2019-08
2019-08-19,pauljsweeney,Labour (Co-op),"@irene89383961 Once an individual has refugee status, then provision of housing is the statutory responsibility of the local authority.",irene89383961,@irene89383961,2019-08
2019-08-19,hywelplaidcymru,Plaid Cymru,"🚨 NEW JOB OPPORTUNITY 🚨

Researcher - Plaid Cymru Westminster Group

An exciting opportunity to work with a dedicated and passionate team of MPs and staff at the heart of Welsh &amp; UK politics

👉https://t.co/cYpxrpbYqE https://t.co/a9UyHkYTEA",Plaid_Cymru,,2019-08
2019-08-19,drcarolinej,Conservative,"We will get Brexit done by October 31st.
We are the Party of the people.
We will take this country forward.

🔵 Join the movement. Back @BorisJohnson.
👉 https://t.co/QslfSNsIid https://t.co/gTscZHyMsX",Conservatives,@BorisJohnson.,2019-08
2019-08-19,lucianaberger,Labour (Co-op),"Important thread about the ludicrous and dangerous plan from @patel4witham. I commit to speak on behalf of @the3million. 

It’s another reason why Parliament should #RecallNow https://t.co/lR38GKCuA9",the3million,"@patel4witham., @the3million.",2019-08
2019-08-19,joswinson,Liberal Democrat,The Government are going to spend a lot of taxpayers’ money telling the public their own no-deal planning document is a lie. That’ll work. https://t.co/WwJqxOosQf,SebastianEPayne,,2019-08
2019-08-19,andrealeadsom,Conservative,@andrealeadsom @KwasiKwarteng @JoJohnsonUK @KellyTolhurst .@nadhimzahawi is Parliamentary Under Secretary of State - Minister for Business and Industry. Find out more about his responsibilities here: https://t.co/1WR1rTXyyO https://t.co/8PGMP0Cc0g,beisgovuk,"@andrealeadsom, @KwasiKwarteng, @JoJohnsonUK, @KellyTolhurst, @nadhimzahawi",2019-08
2019-08-19,alexsobel,Labour (Co-op),@WakeUpWestYorks @RachelMuers I’ve got a meeting in the diary with @northerntrains on this exact subject,,"@WakeUpWestYorks, @RachelMuers, @northerntrains",2019-08
2019-08-19,mpiainds,Conservative,"Removing barriers for older people to working longer has the potential to improve health and wellbeing, increase retirement savings &amp; ensure the full functioning of public services for all. CSJ report argues for more support for older workers: better healthcare support....1/2 https://t.co/wmmxgyJis7",csjthinktank,,2019-08
2019-08-19,peterboneuk,Conservative,"Also worth saying that whilst I don't always agree with what journalists write and the Qs they ask, they absolutely have a right to ask difficult Qs - that's scrutiny and part of our democracy. Heckling and jeering of them is just plain wrong and politicians should call it out.",VotePursglove,,2019-08
2019-08-19,davidlinden,Scottish National Party,@ayestotheright Ever the optimist Tony! 🙈,ayestotheright,@ayestotheright,2019-08
2019-08-19,karen_karenelee,Labour,“Seven in ten hungry children are from working families” Tory Britain 2019. https://t.co/XIrTn2CUQb,DailyMirror,,2019-08
2019-08-19,neill_bob,Conservative,"Brilliant criminal justice discussion on the @PhilWilliams show on @talkRADIO, with barrister @DunneJonathan and chair of the Parliamentary Justice Committee @neill_bob. Great to hear the abandonment of the criminal justice system exposed to the world, and even better to...(1)",TonyKent_Writes,"@PhilWilliams, @talkRADIO,, @DunneJonathan, @neill_bob.",2019-08
2019-08-19,jessphillips,Labour,This cannot be right. If any of my constituents are affected please do get in touch with me at Jess.phillips.mp@parliament.uk I will help with the challenge https://t.co/d65LMmyskK,JaneRockHouse,@parliament.uk,2019-08
2019-08-19,tandhesi,Labour,"We need serious action on falling vaccination rates including: 

🚨An enforced duty of care for social media to prevent anti-vax poison spreading. 

🚨An end to public health cuts.

🚨Investment in primary care &amp; end of cuts to Health Visitors, School Nurses &amp; District Nurses. https://t.co/OoiQS9vxwt",JonAshworth,,2019-08
2019-08-19,dr_philippaw,Scottish National Party,"@Mae_Carson2 Indeed, don’t die of embarrassment - when the envelope arrives, put a wee sample of #PooInThePost! It could save your life!",Mae_Carson2,@Mae_Carson2,2019-08
2019-08-19,annamcmorrin,Labour,"Had a fantastic weekend at my first ever @GreenManFest. Thanks so much to @Fiona_Stewart and the brilliantly hard working, creative and talented team behind it! #GreenMan19 @Glanusk https://t.co/43ByZua1CC https://t.co/UeyhnF5pOD",Fiona_Stewart,"@GreenManFest., @Fiona_Stewart, @Glanusk",2019-08
2019-08-19,peter_dowd,Labour,"Great #Solidarity shown with @RMTunion today standing up against P &amp; O and Seatruck for #seafarer pay, conditions and employment rights
#SOS2020
#ChangeIsComing https://t.co/DhlcTZwDxc",DianeRoscoe2,@RMTunion,2019-08
2019-08-19,rebeccaharrismp,Conservative,"It's been calculated that if today's population were to be fed using the mainly organic yields of 1960, we would have to farm 82% of the world's land, whereas actually we farm about 38%. https://t.co/B0Gjjgz2Zt",HumanProgress,,2019-08
2019-08-19,kevin_j_foster,Conservative,@JamesRu5531l Not the feedback I am getting on the doorsteps. Those on the left hoping to force a GE might find they need to be careful what they wish for.........,JamesRu5531l,@JamesRu5531l,2019-08
2019-08-19,sharonhodgsonmp,Labour,".. interesting reference on that above to “agriculture has sufficient calorific content to feed the population, albeit with a restricted diet and a dramatic reduction in livestock production to enable all crop production to be used as human food” - that is not Brexit specific /2b",faisalislam,,2019-08
2019-08-19,chukaumunna,Labour,"We can’t afford to wait until September for Parliament to discuss this. I’ve written to the PM, alongside colleagues from across the House, asking him to recall Parliament. https://t.co/RFexVB5X5B",joswinson,,2019-08
2019-08-19,kevin_j_foster,Conservative,From today @nsandi Premium Bonds can be gifted to under-16s by anyone – not just their parents and grandparents – making it easier to give more young people a head start on saving. https://t.co/Ciq7S4my42 https://t.co/Tp0Tr8Ufb7,sajidjavid,@nsandi,2019-08
2019-08-19,stephenmorganmp,Labour,Wrong again. Johnson has no mandate for a ‘no deal’ Brexit. He should be held to account by parliament &amp; defeated.  https://t.co/6zZA9TREuN,Keir_Starmer,,2019-08
2019-08-19,marionfellows,Scottish National Party,Good luck to coach @mcmanusp2020 and the team on their return to league action this afternoon #COYW https://t.co/9lW0B0N6Oq,MFCTrust,@mcmanusp2020,2019-08
2019-08-19,geraintdaviesmp,Labour (Co-op),"No Deal means a fresh food shortage, protests on a hard Irish border, a fuel &amp; medicine shortages, public disorder, passenger &amp; freight delays. Nobody voted for this. Let’s remain in the EU https://t.co/1BV0tKMeOf",,,2019-08
2019-08-19,lsrplaid,Plaid Cymru,NUJ highlights growing number of far-right attacks on journalists https://t.co/zIL1UzwfIi,,,2019-08
2019-08-19,debbie_abrahams,Labour,"'A phoney outsider': Corbyn attacks Johnson as he sets out election pitch

https://t.co/a0O89DSe2F",,,2019-08
2019-08-19,lucianaberger,Labour (Co-op),".@BorisJohnson and his Ministers should be held to account in Parliament now, and every day, until 31 October. The PM should #RecallNow https://t.co/32nJjnk8MB",VictoriaLIVE,@BorisJohnson,2019-08
2019-08-19,tomtugendhat,Conservative,"Some children can’t be vaccinated for health reasons. Those who refuse to vaccinate their children are not only putting their children at risk, but the children of others too. Sarah’s deeply moving story is just one example.

Vaccines protect you - and others around you. https://t.co/INf4aY00zs",MattHancock,,2019-08
2019-08-19,theresecoffey,Conservative,We don’t normally comment on leaks - but a few facts - Yellowhammer is a worst case scenario - v significant steps have been taken in the last 3 weeks to accelerate Brexit planning - and Black Swan is not an HMG doc but a film about a ballet dancer... https://t.co/lRAgavfDze,michaelgove,,2019-08
2019-08-19,chukaumunna,Labour,Once again the Labour leadership prevaricates on the biggest issue of our time. The @LibDems are the strongest and only Remain party in the UK that can get into government and #StopBrexit https://t.co/RhrdOfCErL,rowenamason,@LibDems,2019-08
2019-08-19,jessphillips,Labour,So it's day on of the End Game release and it's on its second viewing in one day in my house. I'm thinking of using similar time travelling to sort out politics https://t.co/c9dWv11Ycl,,,2019-08
2019-08-19,dianajohnsonmp,Labour,"EXCLUSIVE

Boris Johnson's £100m no-deal public information campaign risks shortages of food, medicine and fuel *before* Britain has left EU, officials have warned

Times told officials said advertising blitz could encourage people to stockpile key goods",Steven_Swinford,,2019-08
2019-08-19,andrealeadsom,Conservative,@andrealeadsom @KwasiKwarteng @JoJohnsonUK @KellyTolhurst @nadhimzahawi .@IanDuncanHMG is Parliamentary Under Secretary of State - Minister for #ClimateChange. Find out more about his responsibilities here: https://t.co/gSU95OJ6ky https://t.co/hEo3ZCV9le,beisgovuk,"@andrealeadsom, @KwasiKwarteng, @JoJohnsonUK, @KellyTolhurst, @nadhimzahawi, @IanDuncanHMG",2019-08
2019-08-19,jostevenslabour,Labour,"🚨You could be eligible for help towards the cost of your child's school uniforms 👇

Apply now for grants of up to £200 towards school uniforms/sports kits/more from @WelshGovernment via the Pupil Development Grant. More info here 👇

https://t.co/Wo4sK5CClC https://t.co/2s198TiiTn",,@WelshGovernment,2019-08
2019-08-19,joanryanenfield,Labour,"The Palestinian Authority banned LGBT activities in the West Bank.

https://t.co/20hzN8cxO3",StandWithUs,,2019-08
2019-08-19,lordianaustin,Labour,"WATCH: Labour members heckle journalists including @andybell5news for asking Jeremy Corbyn whether he's the right man to lead a unity government.

""WHAT A DISGRACE"" shouts one. 

Another says it's not up to ""the press, Boris Johnson or Jo Swanson [sic]"".

Corbyn asked for calm https://t.co/dg16tm66EC",PaulBrandITV,@andybell5news,2019-08
2019-08-19,bobblackman,Conservative,"I have written to @eucopresident about key aspects of the UK’s approach to Brexit, problems with the “backstop” &amp; the Government’s commitment to the Belfast (Good Friday) Agreement whether there is a deal with the EU or not.

https://t.co/7JYdIsZdjB https://t.co/Sc6WjDPdkw",BorisJohnson,@eucopresident,2019-08
2019-08-19,votepursglove,Conservative,"@MickHux Strangely enough, I wasn't on his guest list.",MickHux,@MickHux,2019-08
2019-08-19,nicdakin55,Labour,⁦A good read!  ⁦@HackneyAbbott⁩ describes great books she’s read through her life.  https://t.co/AKgVMYyRHC,,@HackneyAbbott⁩,2019-08
2019-08-19,derekthomasuk,Conservative,Great to welcome @BorisJohnson to Cornwall today. Positive leadership and a commitment to invest in Cornwall - just what we need. https://t.co/ttMW0v9BIw,stevedouble,@BorisJohnson,2019-08
2019-08-19,garystreeterswd,Conservative,"Progress is being made for #Dawlish resilience works offsite, with @networkrailwest ready to commence work again on the sea wall in September https://t.co/QphXHrBNyk",SWRailTaskforce,@networkrailwest,2019-08
2019-08-19,votepursglove,Conservative,@Justwhous Spot on.,Justwhous,@Justwhous,2019-08
2019-08-19,danjarvismp,Labour,@laurawalker_yp @SCR_Mayor @AriannaGi @IPPRNorth https://t.co/eAupUFtTIU,DanJarvisMP,"@laurawalker_yp, @SCR_Mayor, @AriannaGi, @IPPRNorth",2019-08
2019-08-20,angusmacneilsnp,Scottish National Party,"The UK already has the worst state pension in the developed world, but still the Tories want us to work to 75 in order to receive it.
Independence will allow us to properly remunerate and support our senior citizens. https://t.co/OvZ1HAg4om",CMonaghanSNP,,2019-08
2019-08-20,angusmacneilsnp,Scottish National Party,Stornoway is still pretty busy with visitors &amp; tourists. I think the season gets longer every year. Anyone else feel the same where they are? There’s a lovely buzz &amp; atmosphere in town. ☀️😃 https://t.co/JxEHcD8Sp7,HI_Voices,,2019-08
2019-08-20,dianajohnsonmp,Labour,Can we have statement from NEC on this? Policy is AWS when replacing woman MP &amp; 50% AWS in others till we achieve parity. Has policy changed? https://t.co/ROOMV7ZOeH,HarrietHarman,,2019-08
2019-08-20,wesstreeting,Labour,"There are just 72 days until Britain crashes out of the EU without a deal. No more speeches, letters or tweets: opposition must talk face-to-face and agree a plan to avert it. @jeremycorbyn @joswinson @IanBlackfordMP @CarolineLucas @Anna_Soubry + indies and Tory rebels. Urgently.",,"@jeremycorbyn, @joswinson, @IanBlackfordMP, @CarolineLucas, @Anna_Soubry",2019-08
2019-08-20,mark_j_harper,Conservative,"Parliament may be in its Summer Recess, but I’ve still been out and about in the Forest of Dean. Check out what I’ve been up to 👇 https://t.co/5TuaMpEe25",,,2019-08
2019-08-20,emmadentcoad,Labour,"Still catching up. 

Aww bless. https://t.co/gTREu8wit8",HollandWardCllr,,2019-08
2019-08-20,bbradley_mans,Conservative,"@martinclifford1 Oh well of course if the totally non-partisan Krishnan Guru Murphy of C4 news says it, that must be much more accurate than my actual voting record, which clearly shows that I have only ever voted for us to leave on time, and have always voted against delay... Of course 👍",martinclifford1,@martinclifford1,2019-08
2019-08-20,andrew4pendle,Conservative,#onthisday the Pendle Witches were hung in one of the most well-known and well-documented witch trials in the history of England. https://t.co/dKQhXOZBGR,UKParlArchives,,2019-08
2019-08-20,thomasbrake,Liberal Democrat,"Some people want a No Deal #Brexit bc it sounds like a fast &amp; immediate answer to our long running problems. 

But I promise you: recovering from any Brexit will take much, much longer than even the 3 years we’ve spent watching the Tories squabble.",,,2019-08
2019-08-20,louhaigh,Labour,"How can the UK do ""more criminality checks"" from 1 November after a no-deal Brexit, when no-deal means an immediate end to access to all EU criminal databases?",RhonddaBryant,,2019-08
2019-08-20,sarahchampionmp,Labour,Boris Johnson criticised as Nazanin Zaghari-Ratcliffe's conditions worsen https://t.co/JHTG3ZkIt9,,,2019-08
2019-08-20,derbychrisw,Labour,Jeremy is absolutely spot on. Watch this short clip https://t.co/phGjta1vHV,EmzTheSocialist,,2019-08
2019-08-20,andrewbowie_mp,Conservative,"Lovely afternoon at Margaret Jaffrey's house with the Ballater @conservatives Afternoon Tea. Good to see Liam Kerr MSP there too along with friends and supporters. Raffle of course, did not disappoint (although my track record of never winning anything continues) #summer https://t.co/Sx9Zdg0R3n",,@conservatives,2019-08
2019-08-20,johnredwood,Conservative,My interview on @talkRADIO from 07:00 – 07:30. Begins at 05:30. https://t.co/70wOfmLlSV I don’t think we do need to prepare as citizens for a No Deal. Businesses should have prepared by now for a No Deal. I don’t believe our imports will be disrupted at all.,,@talkRADIO,2019-08
2019-08-20,mikegapes,Labour (Co-op),"English political elites don't know how to deal with Varadkar because a) he doesn't fit into any near Irish stereotype to which they've been accustomed with previous Irish leaders b) The Irish are now more powerful than us, which the English can't even even begin to internalise. https://t.co/ZwGvG1gqgQ",lewis_goodall,,2019-08
2019-08-20,nickhurduk,Conservative,"We need to be less afraid of talking about mental health. 

https://t.co/Fk2SZ2xo49 https://t.co/FIqJpsDzEf",BorisJohnson,,2019-08
2019-08-20,morton_wendy,Conservative,https://t.co/HJeAF9xrQD,RushallWatch,,2019-08
2019-08-20,chionwurah,Labour,"@NorthernCarter @Normanjam67 In my opinion the Newcastle *bus* services started to decline immediately after deregulation, lots of years ago. 
I was going to say ""started to go downhill"", but they do that anyway. And uphill. 
*Properly funded* re-regulation might help.",woolhatwoman,"@NorthernCarter, @Normanjam67",2019-08
2019-08-20,tpearce003,Labour,Wednesday’s METRO: “We Slash EU Ties In Ten Days” #bbcpapers #tomorrowspaperstoday https://t.co/ASEnZLaxfo,AllieHBNews,,2019-08
2019-08-20,stewartmcdonald,Scottish National Party,"Come on @mitie, if you support the real living wage, as you say you do, then follow it through by paying the cleaning staff properly. @networkrail @RMTunion @RMT_Scotland https://t.co/CVN8sldxmD",BBCScotlandNews,"@mitie,, @networkrail, @RMTunion, @RMT_Scotland",2019-08
2019-08-20,stewartmcdonald,Scottish National Party,That’s the sound of another nail being driven into another pledge from the No campaign. https://t.co/xMlQdtsasj,UK_Together,,2019-08
2019-08-20,liliangreenwood,Labour,It is extraordinary that the Government hasn’t shared this important information about the implications of a No Deal Brexit with an industry that is vital to the supply chain. Ministers should publish the Operation Yellowhammer Report now. https://t.co/GrxS0vDis4,hilarybennmp,,2019-08
2019-08-20,hywelplaidcymru,Plaid Cymru,"What happened to that Commission thingy that @NickyMorgan01 and @GregHands were heading up to look into Alternative Arrangements? Oh, and the 'Technical Alternative Arrangements Advisory Group' headed by @SteveBarclay and @Jesse_Norman? 
Are they all 'out of date' as well now...",ManonRadge,"@NickyMorgan01, @GregHands, @SteveBarclay, @Jesse_Norman?",2019-08
2019-08-20,jostevenslabour,Labour,End of a long day today delivering 1500+ of my annual reports to constituents in #Pentwyn #Llanedeyrn #Penylan &amp; #Plasnewydd finishing up with this lovely @CardiffCentLAB team &amp; a rainbow 🌈 tonight in #Roath #thankyou https://t.co/civpiFDadQ,,@CardiffCentLAB,2019-08
2019-08-20,harrietharman,Labour,"Tragic to see murder of Belinda Rose, killed while doing her important, professional job as social worker. Sympathy to her family and friends &amp; respect to all social workers who everyday work with troubled, vulnerable &amp; needy people.  Thank you for what you do! https://t.co/SzptBfTXQw",BenWessely,,2019-08
2019-08-20,marcusfysh,Conservative,Pleased to see facilities coming forward to step up the pace of innovation in #Yeovil &amp; nice to see the effort I put in to make sure the national funding was there for this local priority translated into action on the ground. https://t.co/8hBRovKvII,fayepurbrick,,2019-08
2019-08-20,pauljsweeney,Labour (Co-op),You have the right to increase pensions and introduce benefits before state pension age. But you won’t. https://t.co/x23BbLAMpb,scotfax,,2019-08
2019-08-20,liliangreenwood,Labour,Who will look after my generation in our old age? A thought-provoking read from @carlyemms. https://t.co/0hwGRlcZNz,TrentUni,@carlyemms.,2019-08
2019-08-20,votepursglove,Conservative,"@impossible_elf In that case, I suggest you read the background to this that I set out in my earlier updates, which will clarify matters.",impossible_elf,@impossible_elf,2019-08
2019-08-20,edvaizey,Conservative,"And this is of course why the current Government can't put forward a formal offer to the EU - because there is no deal acceptable to the Brexit Party. So unless you take them on, you're stuck.

And why the EU will rightly always respond to a letter by asking for more details... https://t.co/XjsHqegYcV",DavidHenigUK,,2019-08
2019-08-20,lukepollard,Labour (Co-op),Come and join us for an evening of fun and fundraising for #GE2019 in #plymouth https://t.co/YV6Xz10jgy,CharlotteHollo,,2019-08
2019-08-20,lsrplaid,Plaid Cymru,@gethingw Sut mae nabod lle tân mawn?,gethingw,@gethingw,2019-08
2019-08-20,mikegapes,Labour (Co-op),"One thing I learned at Eurotunnel was 12% passengers take a pet. Out of EU they will have a problem. A lot more veterinary procedures will be needed, taking up to 4 months! Taking your dog on holiday at Christmas may already be impossible. #stopbrexit",AntonyHookLD,,2019-08
2019-08-20,lucyallan,Conservative,This is why I support @WASPI_Campaign  - there is massive financial inequality between men and women. https://t.co/lRhGAob9UG,WASPI_Campaign,@WASPI_Campaign,2019-08
2019-08-20,jamescleverly,Conservative,Great to be joined by ⁦@Conservatives⁩ party Chairman ⁦@JamesCleverly⁩ this afternoon on the doorsteps in Dunbar with ⁦@ScotTories⁩ Parliamentary candidate ⁦@CraigWHoy1⁩ message was clear #NotoIndyRef2 #OnlyCraigHoycanbeattheSNPinEastLothian https://t.co/1t4jXWSkEM,ELConservatives,"@Conservatives⁩, @JamesCleverly⁩, @ScotTories⁩, @CraigWHoy1⁩",2019-08
2019-08-20,marcus4nuneaton,Conservative,"Think and Act F.A.S.T: 
 F-Face - has their face fallen on one side? Can they smile? 
 A-Arms – can they raise both arms and keep them there? 
 S-Speech – is their speech slurred? 
T-Time to call 999 if you see any single one of these signs of a stroke https://t.co/5hKh97esY2",GEHNHSnews,,2019-08
2019-08-20,carolynharris24,Labour,Thank you @PrincesGateUK and our lovely delivery man for bringing us some more recyclable bottles of water for #KidsLunchClub https://t.co/C8pIFdLL0Y,,@PrincesGateUK,2019-08
2019-08-20,carolynharris24,Labour,@michaelsheen pls support NPT 1950s women who've lost 6 years of pension without any notice many are destitute despite working all their lives. We R supported by @SKinnock @Rees4Neath @ToniaAntoniazzi @carolynharris24 &amp; more. Please give us a shout out https://t.co/p67JIyYLbY,AberavonWASPI,"@michaelsheen, @SKinnock, @Rees4Neath, @ToniaAntoniazzi, @carolynharris24",2019-08
2019-08-20,pgibsonsnp,Scottish National Party,@ScotPolitical @rwilsonbob Please can you follow me so I can DM you? Thanks,,"@ScotPolitical, @rwilsonbob",2019-08
2019-08-20,hannahb4livimp,Scottish National Party,Very excited to see Scot @mschakraverty in the bake off line up! Scotland is right behind you Michael!! 💪🏴󠁧󠁢󠁳󠁣󠁴󠁿🎂❤️ #TeamMichael https://t.co/WPF2lTIMgJ,BritishBakeOff,@mschakraverty,2019-08
2019-08-20,lordjohnmann,Labour,"21 year old Jack joined Labour under Corbyn. He liked the sound of the making the country fairer.
Then he saw the racism ingrained in the movement. He didn’t like it.
He stood up to the bullies. 
Now they send him rape threats.

So sorry @JackEDeakin, thanks for being you 🙏❤️😘 https://t.co/w38MaH9NpY",RachelRileyRR,"@JackEDeakin,",2019-08
2019-08-20,stellacreasy,Labour (Co-op),"""We need a futile gesture at this stage. It will raise the whole tone of the negotiations."" https://t.co/oFJsCHmQKc",RobDotHutton,,2019-08
2019-08-20,debbie_abrahams,Labour,"No 10 rejects demands for parliament to be recalled over Brexit

Given Parliament returns on TUES 3rd Sept is the PM's spokesperson saying we won't hear from the Govt until MON 9th with 52 days until #Brexit ? #Incompetent #undemocratic #controllingelites
https://t.co/DBQnAhnNKf",,,2019-08
2019-08-20,mimsdavies,Conservative,RT @NadineDorries: This money has been directed towards local on the ground projects to provide support throughout the education process.…,,@NadineDorries:,2019-08
2019-08-20,jennychapman,Labour,Tune into @amazingradio today at 1pm to hear @SarahWEvents and @RobIrishMedia chatting all things Last Train Home Festival with @Rianne_Thompson lots of tunes from the awesome artists playing too wooo #LTH19 @lovedarlouk @Creative_Dton @ace_thenorth @DarloMusic https://t.co/1kVNxeL6W6,TracksDarlo,"@amazingradio, @SarahWEvents, @RobIrishMedia, @Rianne_Thompson, @lovedarlouk, @Creative_Dton, @ace_thenorth, @DarloMusic",2019-08
2019-08-20,greghands,Conservative,Great team out for the Fulham Broadway Council By-Election on 19th September with our candidate @Aliya_KCFC - vote Conservative next month! https://t.co/3R81V7Qiiw,,@Aliya_KCFC,2019-08
2019-08-20,thangammp,Labour,"Yesterday's announcements about immigration rules from 1st Nov if we leave EU without an agreement, confirm that this govt is prepared to treat people who live &amp; work in this country as bargaining chips. No clarity. No system. Not right. @youngvulgarian https://t.co/pYgfx5TA5w",,@youngvulgarian,2019-08
2019-08-20,kate_hollernmp,Labour,"""I'm not pretending there won't be bumps on the road… but if everybody puts their minds to it, I have no doubt we can get ready.""

This is *not* a question of mind over matter, @borisjohnson. 

This is patients without insulin, flu vaccines &amp; isotopes😔
https://t.co/CVqpCLiT9j",doctor_oxford,@borisjohnson.,2019-08
2019-08-20,alisonthewliss,Scottish National Party,"Very grateful to officers from @GlasgowEPolice and @polscotcontrol for having me in to join them as part of #GiveADayToPolicing. 

It was very useful to hear more about what happens behind the scenes, and about the pressures and challenges officers and police staff face. https://t.co/UldG43AMJu",,"@GlasgowEPolice, @polscotcontrol",2019-08
2019-08-20,annaturley,Labour (Co-op),"“Heads of government departments haven’t read the Good Friday Agreement. It’s a 34-page document. I’ve read it, and I’m only an actor.”

Derry Girls star @siobhni on why British people know nothing about the Irish border https://t.co/sEEmE7djLe",PoliticsJOE_UK,@siobhni,2019-08
2019-08-20,neill_bob,Conservative,Very pleased to see measures to tackle anti idling on the Environment Committee Agenda next week.  Including the recommendation to Cllrs to adopt powers to enforce against drivers who leave their engines on unnecessarily. https://t.co/Vf6QGRU2n9,nicoladykes,,2019-08
2019-08-20,kerrymp,Labour,"@KathrynRolfe1 Sorry, I don't know anything about that project. A planning application for an arena on the Brabazon will be submitted soon, and if you're interested you can book a tour - https://t.co/9kswQIZUuR",KathrynRolfe1,@KathrynRolfe1,2019-08
2019-08-20,carolynharris24,Labour,@Katy_Coastal  come to party. I will be on top form then x,,@Katy_Coastal,2019-08
2019-08-20,karen_karenelee,Labour,"""The Tories have lurched to the far right"". Corbyn attacks Johnson as he sets out election pitch https://t.co/UalaSwy7gq",guardian,,2019-08
2019-08-20,chukaumunna,Labour,"#REMAINERNOW FIRST PUBLIC RALLY

SUNDAY 15 SEPTEMBER, 5PM-7PM

BOURNEMOUTH

FREE EVENT

Speakers include @ChukaUmunna, @CarolineVoaden, @MollyMEP, @MartinChelt , @Dorset4E and 6 people from #RemainerNow campaign!

Find out  more and get your tickets here! https://t.co/nqYkbmdSuN",RemainerNow,"@ChukaUmunna,, @CarolineVoaden,, @MollyMEP,, @MartinChelt, @Dorset4E",2019-08
2019-08-20,liambyrnemp,Labour,Today in interview after interview I made it clear yet again that I would campaign to Remain. Yet Polly Toynbee writes that I was “suggesting Labour take a neutral stand in a future referendum.” No I didn’t Polly. Correct your article please.  https://t.co/9tcwAAyCkn,johnmcdonnellMP,,2019-08
2019-08-20,willquince,Conservative,Why Colchester should be your next London day trip https://t.co/Qxgp4rruMP @lonelyplanet #Colchester #Essex #visit #explore,Tymperleys,@lonelyplanet,2019-08
2019-08-20,mikegapes,Labour (Co-op),Second letter last night just as significant as #BorisJohnson’s: senate Democrats’ leader @SenSchumer warned #SecPompeo he will work with members on both sides of aisle in both chambers of Congress to block any deal that threatens Good Friday Agreement. #Brexit https://t.co/D064tgh74j,WilliamsJon,@SenSchumer,2019-08
2019-08-20,geraldjoneslab,Labour,@GwentPCC @GP_CCKelly @BlaenauGwentMP @WayneDavid_MP @DavidTCDavies @ChrisEvansMP @RuthNewportWest @jessicamordenmp @NickTorfaenMP @hef4caerphilly Great initiative to raise awareness of the dedication and commitment of Police officers and Police staff. I’ve already arranged to spend a shift with @GPSpecials in September.,GwentPCC,"@GwentPCC, @GP_CCKelly, @BlaenauGwentMP, @WayneDavid_MP, @DavidTCDavies, @ChrisEvansMP, @RuthNewportWest, @jessicamordenmp, @NickTorfaenMP, @hef4caerphilly, @GPSpecials",2019-08
2019-08-20,kevinjbarron,Labour,"Very sad news. My condolences go to Brian’s family. 

Thank you to all those who assisted with the search. https://t.co/z2zMCA9q0L",DanJarvisMP,,2019-08
2019-08-20,alisonthewliss,Scottish National Party,"Mask drops again - all those assurances of protection made by former gov colleagues now clearly count for nowt
 “UK environmental and labour standards will ""diverge"" after Brexit, Boris Johnson tells EU as he demands Irish backstop is dropped” https://t.co/Aubr7IOLOU",DeidreBrock,,2019-08
2019-08-20,stewartmcdonald,Scottish National Party,"We honestly don’t deserve the lacklustre level of opposition that the other parties put up, but the public certainly deserves better. Why that weird Pamela Nash group feel qualified to chip in is beyond me, but I suppose they all need all the help they can get.",StewartMcDonald,,2019-08
2019-08-20,sandbach,Conservative,"1) The backstop is not anti democratic, that’s new found spin
2) Mr Johnson voted for it
3) Goodwill isn’t enough
4) The backstop is an insurance policy
5) The majority in Northern Ireland support the backstop
6) The backstop protects not threatens the #GFA 

Nothing new alas https://t.co/JLJkSENnRj",nealerichmond,,2019-08
2019-08-21,gavnewlandssnp,Scottish National Party,"Looking forward to a great morning at @ScotWomenSport conference on The Power of Sport.

Currently hearing from SAMH on the importance of sport and physical activity on #mentalhealth.

I couldn't agree more and have tried to push the #PowerOfSport both in, and out of Parliament. https://t.co/qkCphJxedn",,@ScotWomenSport,2019-08
2019-08-21,cajardinemp,Liberal Democrat,@JamesCoxLD @joswinson @LibDems Thank you!,JamesCoxLD,"@JamesCoxLD, @joswinson, @LibDems",2019-08
2019-08-21,pow_rebecca,Conservative,The Welly Monument @nationaltrust @AroundWelly #wonderfulwellington has been attracting national tv coverage and some high profile visitors ! https://t.co/p6GSdifYbC,,"@nationaltrust, @AroundWelly",2019-08
2019-08-21,lordianaustin,Labour,@KayleighLS @britainelects @KantarTNS Let me explain why in a series of pictures: https://t.co/XMmAxfXOyg,AcWailing,"@KayleighLS, @britainelects, @KantarTNS",2019-08
2019-08-21,gwynnemp,Labour,@duchessmuse Thanks 👍🏻,duchessmuse,@duchessmuse,2019-08
2019-08-21,marcusfysh,Conservative,"“On behalf of the government, I condemn the government’s deal! We promised a jobs-first Brexit, and we’ve utterly failed to deliver! Our position is clear: Labour says no to a disastrous Labour Brexit!”

It's not sane policy. #brexit 

https://t.co/kUNDcGLcaf",labourleave,,2019-08
2019-08-21,cmonaghansnp,Scottish National Party,"New #GERS report on 🏴󠁧󠁢󠁳󠁣󠁴󠁿finances includes: £3.3bn removed from Scotland's accounts for UK military, £3.16bn to service Westminster debt, £1.71bn for UK 'service costs', £989m for 'international services'. A £9bn reminder this is a picture of Scotland largely run under Westminster.",GrayInGlasgow,,2019-08
2019-08-21,sarahchampionmp,Labour,"Boris Johnson and his Tory ministers should be ashamed:

‘Thousands of homeless children are growing up in cheaply converted shipping containers and cramped rooms in former office blocks, putting their health and wellbeing at serious risk.’

https://t.co/EsA8imMxig",JonAshworth,,2019-08
2019-08-21,marionfellows,Scottish National Party,"This Saturday @BBCOne's long-running medical drama @BBCCasualty begins a story dealing with #cysticfibrosis and a number of challenges life with the condition can bring. Find out more, and how real people w/ CF like Caitlin deal with the issues raised at https://t.co/apeEAdB5Ch https://t.co/gLDtmYtmMp",cftrust,"@BBCOne's, @BBCCasualty",2019-08
2019-08-21,angusmacneilsnp,Scottish National Party,"Also now the near independent Faroe Islands have a higher income and lower debt per capita than Denmark (which itself is better than the UK) 
If Faroese can do it so can Scotland!! https://t.co/FUBM0hurmc",AngusMacNeilSNP,,2019-08
2019-08-21,liliangreenwood,Labour,WATCH: coward Johnson refuses to allow our democratically elected Parliament to hold him to account over his undemocratic no deal #Brexit so @lucianaberger and I went to hand in our #RecallParliament #RecallNow letter in person to No.10 today with more names. RT if you agree! https://t.co/28aDDGJebz,SDoughtyMP,@lucianaberger,2019-08
2019-08-21,lukepollard,Labour (Co-op),"It is astonishing that it is still entirely legal to keep primates as pets, regardless of how endangered or dangerous the animal is. I announced yesterday that Labour will ban pet primates 👇👇👇
https://t.co/TiZmwLWEVg",,,2019-08
2019-08-21,robertjenrick,Conservative,Local authorities in Kent will receive an additional £2.6m to prepare for Brexit as part of today’s £9m funding announcement: https://t.co/JeELPCaNN9 https://t.co/lS7yNlScaw,mhclg,,2019-08
2019-08-21,thomasbrake,Liberal Democrat,"Loopholes in trade rules allow hunters to import trophies of rare animals, risking their extinction! 

MEPs have written to @IvonneHiguero urging her to close the loophole.

Trophy hunting is disgusting and needs to be ended now. Read more here: https://t.co/3cj0DXOUQQ",,@IvonneHiguero,2019-08
2019-08-21,chrispincher,Conservative,"Who murdered Lady Charlotte at the castle? Can you work out who of the characters are guilty? 
Join the Murder at the Castle event today and tomorrow and see if you can crack the clues! 10.30am-3pm. https://t.co/5V6qCdIA0o",TamworthCastle,,2019-08
2019-08-21,stevebakerhw,Conservative,"@BrexitNewYorker Too early on a brisk late August morning, Steve Baker arrived at the dropzone on his KTM motorcycle. A message from a former soldier prompted him to check @BrexitNewYorker. ""Ah, yes,"" he mused, ""The account is occasionally still funny."" https://t.co/pj1SPQroWP",,"@BrexitNewYorker, @BrexitNewYorker.",2019-08
2019-08-21,theresecoffey,Conservative,"@JudithShallow @greeneking @EADT24 @buryfree You clearly know very little about this investor Judith and the huge long term investments has made and the infrastructure he supports in the country and in Suffolk. For one of our county’s DLs and former High Sheriff, you may want to reach out to them to learn a bit more",JudithShallow,"@JudithShallow, @greeneking, @EADT24, @buryfree",2019-08
2019-08-21,georgefreemanmp,Conservative,"We're very much looking forward to hosting the Environment &amp; Health Tent at the @BigTentIdeas festival

Saturday 31st August 2019

Speakers at sessions we're hosting inc: @RyanShorthouse, @WRNicolle, @peterkyle, @GeorgeFreemanMP, @stephanieboland &amp; more

https://t.co/QdbS99Jtkh",WeAreBrightBlue,"@BigTentIdeas, @RyanShorthouse,, @WRNicolle,, @peterkyle,, @GeorgeFreemanMP,, @stephanieboland",2019-08
2019-08-21,jojohnsonuk,Conservative,Great news that UK startups continue to attract so much investment inc from the US and Asia. What happens in London’s ecosystem is key to Europe’s digital future. That’s cause enough to ensure UK-EU digital trade isn’t disrupted in future ⌚️📱🕹⌨️🖥📈 https://t.co/hHScaOhnZV,DanielKorski,,2019-08
2019-08-21,alexsobel,Labour (Co-op),"It was raining three-pointers as @jround3 shot 67% (4/6) from outside the arc to record 12 debut points! ☔️

#BritishBasketball https://t.co/I2a3NtG9QQ",gbbasketball,@jround3,2019-08
2019-08-21,annaturley,Labour (Co-op),"2/ ... that followed marked an absolute low point in the international response to the atrocities of the Syrian war. The attack occurred one year (almost to the hour) after President Obama had drawn his infamous ""red line"". In the intervening months, there had been more ...",tobiaschneider,,2019-08
2019-08-21,nadhimzahawi,Conservative,"We're auto-enrolling as many as 88,000 businesses for UK EORI numbers.

“My number one priority is ensuring businesses are prepared for Brexit. Today we're removing an administrative burden so businesses can continue to trade with the EU after 31 October."" @AndreaLeadsom #Brexit https://t.co/6URT6lG9cp",beisgovuk,@AndreaLeadsom,2019-08
2019-08-21,cj_dinenage,Conservative,@aliciajones_02 Best of luck! 🤞👍,aliciajones_02,@aliciajones_02,2019-08
2019-08-21,greghands,Conservative,"Always a pleasure to receive the brilliant quarterly newsletter from the Friends of Brompton Cemetery @FOBCOfficial. This one reminds us all that the cemetery hosts Emmeline Pankhurst, in this 100th year of Votes for Women. https://t.co/KVzBnPRAOf",,@FOBCOfficial.,2019-08
2019-08-21,carolynharris24,Labour,"📰 READ: It's that time of the week again! Another update from me about how our #KidsLunchClubs are doing. 

This week we've had a visit from a few famous faces, too! Have a read 👇
https://t.co/7ItJdSGQh2",,,2019-08
2019-08-21,peterboneuk,Conservative,"🎙️ 'We want to be a forward thinking country don't we, Peter? A modern country, doesn't something like HS2 really fit in to that?...'

🗣️ 'No... It's a colossal waste of money... I'm glad the government is having a review' 

@PeterBoneUK discusses HS2 with @ChrisWarburton_ https://t.co/taPDOYCQr2",bbc5live,"@PeterBoneUK, @ChrisWarburton_",2019-08
2019-08-21,rebeccaharrismp,Conservative,"NEWS: End of life care is vitally important, and our NHS should be there for you from cradle to grave. So we’ve announced £25m to secure the future of hospices &amp; palliative care services across the country https://t.co/DQcUHKdGGx",MattHancock,,2019-08
2019-08-21,frankfieldteam,Labour,"Frank Field MP believes five-point masterplan will breathe new life into Birkenhead with help of ideas from the town's residents.
https://t.co/HAqyShJB2k",WIRRALGLOBENEWS,,2019-08
2019-08-21,jamescleverly,Conservative,"Always liked Oliver, found him to be a straight bat and usually on the side of the angels. He always tried sincerely to do what he thought best. Disagreed with him over Brexit. Still think he was one of the good guys in politics.",GuidoFawkes,,2019-08
2019-08-21,stephenmorganmp,Labour,"""It’s staggering that ministers are attempting to silence NHS staff from telling the truth about the disastrous consequences for patients’ health of a no-deal Brexit."" – @JonAshworth 

https://t.co/mSaTMoDgNc",labourpress,@JonAshworth,2019-08
2019-08-21,lukegrahamuk,Conservative,"@theSNP Desperate spin. This is the reality of the SNP administration 👇

@ScotTories https://t.co/aQziPHEcwr",theSNP,"@theSNP, @ScotTories",2019-08
2019-08-21,sharonhodgsonmp,Labour,"Excellent work by @ChelseaFC. All football clubs should take a stand against illegal ticket touts &amp; the Govt should close this loophole to ensure no football tickets are resold, unless through the clubs official resale site - not a resale platform.

https://t.co/pWAraj8MAM",,@ChelseaFC.,2019-08
2019-08-21,dr_philippaw,Scottish National Party,@castlvillageman @Dr_PhilippaW And no way would I have the audacity to comment on something that only “living it”could understand. It was always the biggest issue in my opinion and was never taken seriously enough by Cameron. Massive school boy error.,AndrewRemainEU,"@castlvillageman, @Dr_PhilippaW",2019-08
2019-08-21,nazshahbfd,Labour,"Tory austerity &amp; cuts has meant a mental health crisis:

🚨 Only 1 in 4 children with a mental health condition get specialist help.

🚨Over 400,000 children with poor mental health get no professional help at all. 

🚨Suicidal children as young as 12 wait over 2 weeks for a bed. https://t.co/o3gdbQQPbQ",JonAshworth,,2019-08
2019-08-21,thelma_dwalker,Labour,"Very pleased to see the council working closely with local people and businesses in Holmfirth to make sure that the road scheme works for everyone, as well as improving traffic flow. 
https://t.co/P63IHykx6u",,,2019-08
2019-08-21,greghands,Conservative,No need to worry. We have done that too. Two legal protocols are appendices here https://t.co/JWuH35IFn6 https://t.co/Jb2KHMPZMm,GeorgePeretzQC,,2019-08
2019-08-21,halfon4harlowmp,Conservative,"Earlier this year, I completed a 2.2km sponsored swim to raise money for Princess Alexandra Hospital.

I am delighted to say that I have raised £2,600 for our Harlow hospital.

Thanks to everyone that donated, I'd better start training for the next one!

#ProtectingOurNHS https://t.co/HncbRYirRP",halfon4harlowMP,,2019-08
2019-08-21,sarahchampionmp,Labour,"The Amazon is on fire, turning the homes of indigenous people, millions of plant and animal species and one of the world's most important carbon sinks into ash.

This isn't a freak accident: this is what a climate emergency looks like.
https://t.co/9AbMV7J8F4",jeremycorbyn,,2019-08
2019-08-21,gavnewlandssnp,Scottish National Party,We have another great recruitment opportunity. Could this be for you? We are recruiting a Progressions Coordinator for our Clyde West team. Our PC's deliver employability &amp; Personal Development workshops &amp; help move participants into employment. Apply here https://t.co/HHTektJm43 https://t.co/OWqej3Vuja,SL_Ren_Inv,,2019-08
2019-08-21,jessicamordenmp,Labour,"The South Wales Argus Business Awards are open for entries and we want to hear from all those fantastic businesses out there in Gwent. Go to https://t.co/53ZouVUdni to see the categories, to enter and to buy tickets for the awards evening... https://t.co/2kgtDdcdDF",SWABusiness,,2019-08
2019-08-21,angusmacneilsnp,Scottish National Party,What a group #Nevisensemble ...welcome back anytime to brrairport 🤗 https://t.co/rkQlPOwVS6,BRRAirport,,2019-08
2019-08-21,lsrplaid,Plaid Cymru,"Speaking with @clivebull on @LBC 

@Plaid_Cymru will meet with Mr Corbyn and anyone else who’ll  work to stop #NoDeal #Brexit

But in this crisis policy comes before personality

If Corbyn fails to offer workable plan, others must be given the opportunity",,"@clivebull, @LBC, @Plaid_Cymru",2019-08
2019-08-21,victoriaprentis,Conservative,"Delighted to welcome @andrealeadsom, Secretary of State for BEIS to Balmakewan this evening. Very good of her to meet some of our hard working and dedicated members in the Mearns! #westaberdeenshireandkincardine #mpsofinstagram https://t.co/euKNBxTSq8",AndrewBowie_MP,"@andrealeadsom,",2019-08
2019-08-21,marcusfysh,Conservative,"This is significant because the alternative arrangements are necessary in any scenario to advance trade facilitation generally as well as in the island of Ireland and it is in UK, Irish and and EU interests to get them sorted. 👍🇬🇧🇮🇪🇩🇪🇪🇺",MarcusFysh,,2019-08
2019-08-21,lukegrahamuk,Conservative,"@theSNP Desperate spin. This is the reality of the SNP administration 👇

@ScotTories https://t.co/31XU3rH8my",theSNP,"@theSNP, @ScotTories",2019-08
2019-08-21,stewartmcdonald,Scottish National Party,The Labour Party used to represent the Na h-Eileanan an Iar constituency. Looks like they’re quite happy to never do that again. https://t.co/okbq2uNFWR,SusaninLangside,,2019-08
2019-08-21,garystreeterswd,Conservative,We’re going to leave the EU on October 31st and make this country the best in the world to live in 🇬🇧 https://t.co/OzLAMo3zDM,BorisJohnson,,2019-08
2019-08-21,angusmacneilsnp,Scottish National Party,"GERS says Scotland’s revenue from oil/gas under £1B. This year Norway’s revenue for roughly similar recovery was almost £30B [10K-£1]
- enough to put away £20K for every family’s future. Scotland can’t afford independence? We can’t afford to stay in this union. https://t.co/k9PQ7JFnzu",PhantomPower14,,2019-08
2019-08-21,thomasbrake,Liberal Democrat,".@ONS revealed that GDP has seen its first fall in 7 years - Threats of a #nodeal are breaking the economy!

A No Deal will cause millions of ordinary Britons to suffer. It must be stopped, regardless of @BorisJohnson’s fantasies",,"@ONS, @BorisJohnson’s",2019-08
2019-08-21,angusmacneilsnp,Scottish National Party,"@Cornwall4EU Do you remember when Farage tried to pass off this ""Ireland will be leaving the EU"" bollocks? All of these liars need tackling the way @ClaireByrneLive did which left a sweaty Farage looking like what he is. https://t.co/eQHAEQOv1k",brexit_sham,"@Cornwall4EU, @ClaireByrneLive",2019-08
2019-08-21,rhonddabryant,Labour,"No-deal #Brexit 'could cost north-west England £20bn', says CBI https://t.co/yujTyT5u0y",BBCPolitics,,2019-08
2019-08-21,marshadecordova,Labour,Fantastic performance @FulhamFC 👏👏 https://t.co/xDq1nWe0ZR,FulhamFC,@FulhamFC,2019-08
2019-08-21,rushanaraali,Labour,"WATCH: The Prime Minister cannot give me one new idea he's come up with for solving the issue of the Northern Irish border... 

... but he tells me Theresa May didn't argue strongly enough for other alternatives to the backstop, which have been previously suggested. https://t.co/Wftecn3yTk",PaulBrandITV,,2019-08
2019-08-21,theresecoffey,Conservative,"“This is a relationship that is so important for the UK, there are so many areas in which we work powerfully together. We in the UK want a deal and I believe that we can get one.” – PM @BorisJohnson meeting Germany’s Chancellor Merkel in Berlin today 🇬🇧🇩🇪 https://t.co/qPsRdDKT0E",10DowningStreet,@BorisJohnson,2019-08
2019-08-21,marshadecordova,Labour,"In 2013, I asked why a kid caught with an ounce of drugs goes to jail, but a bank exec that launders a billion dollars in drug money pays a fine &amp; sleeps in their own bed at night. It's clear: we have one justice system for the rich &amp; powerful, &amp; another for everybody else. https://t.co/WfkxBA5T9i",SenWarren,,2019-08
2019-08-21,nsoames,Conservative,"Official figures show Scotland is running a 7% deficit - the highet in Europe. The next highest are
Cyprus - 4.8%
Romania - 3%
France - 2.5%
And the overall UK's deficit has been brought down to 1.1%

For the SNP to pretend a 7% deficit is not an issue is criminally negligent.",RuthDavidsonPC,,2019-08
2019-08-21,walkerworcester,Conservative,"NEWS: End of life care is vitally important, and our NHS should be there for you from cradle to grave. So we’ve announced £25m to secure the future of hospices &amp; palliative care services across the country https://t.co/DQcUHKdGGx",MattHancock,,2019-08
2019-08-21,stewartmcdonald,Scottish National Party,NATO is it? Denmark lost more soldiers in Afghanistan per head of population of any  coalition country. Not that you’re expected to know that. https://t.co/JTHllPaJNp,ayestotheright,,2019-08
2019-08-21,mikejwood,Conservative,"I will be holding an open advice surgery on Friday 30th August at Asda cafe in Merry Hill for constituents to come and chat to me about everything and anything. Whether you want to raise a specific problem or just want to say hello, I'd be delighted to meet you. https://t.co/7q96PrxQqu",,,2019-08
2019-08-21,dr_philippaw,Scottish National Party,"The OECD research in 2017 shows the truly parlous state of affairs in the UK compared to the rest of the EU and the disproportionate levels of poverty inflicted on OAPs, and women in particular. https://t.co/kD9n1tktLL https://t.co/HEPaGxXXPo",C4ptainH4ddock,,2019-08
2019-08-21,catherinewest1,Labour,"Well fancy that. NHS bosses confirm Johnson’s ‘new cash’ was indeed all spin:

‘The letter, from NHSE/I chief financial officer Julian Kelly, confirmed that £1bn of the additional spending in 2019-20 would be met through “trust’s own income and reserves’
 https://t.co/5hjd3VTxQq",JonAshworth,,2019-08
2019-08-21,stevebakerhw,Conservative,"And of course @ProsperityUK_ have led the production of this brilliant work by world-class experts:

https://t.co/hkZWAMj9kC",ProsperityUK_,@ProsperityUK_,2019-08
2019-08-21,petergrantmp,Scottish National Party,@Plaid_Cymru So now we know the results of the private polling the Tories have been doing in Wales. They're worried.,Plaid_Cymru,@Plaid_Cymru,2019-08
2019-08-21,jamescleverly,Conservative,"All @jeremycorbyn offers is more dither and delay - he doesn't respect the result of the referendum

Only @BorisJohnson and @Conservatives will get Brexit done by the 31st October, whatever the circumstances

https://t.co/gYTLBIwOCh",CCHQPress,"@jeremycorbyn, @BorisJohnson, @Conservatives",2019-08
2019-08-21,dr_philippaw,Scottish National Party,"@slaughtered94 @Tallphotography Not just No Deal Emmi
Leaving the EU will harm Wales",MrMalky,"@slaughtered94, @Tallphotography",2019-08
2019-08-21,rees4neath,Labour (Co-op),Great to catch up with @Rees4Neath and Dean this morning and have my photo taken with Aneurin Bevin plaque that has pride of place in their constituency office. @BevanFestival @TredegarCouncil @UniteWales https://t.co/lUyuWhnRDm,Pastyturner,"@Rees4Neath, @BevanFestival, @TredegarCouncil, @UniteWales",2019-08
2019-08-21,votepursglove,Conservative,"The saddest story Roald Dahl ever wrote- on the death of his daughter Olivia from measles. This is a deadly, highly infectious disease- if you haven’t had your child appropriately vaccinated, please do so. We must not go backwards #VaccinesWork https://t.co/ZAcNDvtnoP",CSkidmoreUK,,2019-08
2019-08-21,annamcmorrin,Labour,"Great to see this commitment from @WelshLabour. I strongly believe that the best deal for #CardiffNorth, Wales and the whole U.K is the one we currently have as full members of the EU. That's why I'm campaigning for a #publicvote and for #Remain.

@peoplesvote_uk @LabPublicVote https://t.co/iW7upYz3cA",WelshLabour,"@WelshLabour., @peoplesvote_uk, @LabPublicVote",2019-08
2019-08-21,liambyrnemp,Labour,The youngest city in Europe where the next generation is betrayed by a Tory government - and a Tory #MetroMayor who seems unable to get a grip &amp; make a difference  https://t.co/XTn3inXOIc,,,2019-08
2019-08-21,gwynnemp,Labour,Congratulations to Cllr Sheila Bailey on her reselection last night by the membership to again represent Edgeley &amp; Cheadle Heath Ward next May.,StockportCLP,,2019-08
2019-08-21,pauljsweeney,Labour (Co-op),📉 Leaving the UK would mean unprecedented cuts to Scotland’s schools and hospitals. https://t.co/gPkA7Cegpq,ScottishLabour,,2019-08
2019-08-21,marcus4nuneaton,Conservative,"@nuneatonmems @BorisJohnson @ClaireH_NN Completely understand. I've also obtained the following statement from my health colleagues. ""We have full plans in place to ensure the unhindered supply of medicines and medical products - including insulin - in all Brexit scenarios.""",nuneatonmems,"@nuneatonmems, @BorisJohnson, @ClaireH_NN",2019-08
2019-08-21,annamcmorrin,Labour,"My persistence on this issue will never waiver. 

I’ve written to the new DEFRA Secretary seeking commitments on:

• extended producer responsibility on packaging 
• reforming our waste &amp; recycling industry
• new target on recyclable plastic ♻️

#PlasticFree https://t.co/eJTTx67mSH",,,2019-08
2019-08-21,karen_karenelee,Labour,“A victory for common sense and compassion” Having worked in an NHS termination of pregnancy clinic I couldn’t agree more. It should be a woman’s right to choose and not be compromised or intimidated. https://t.co/x2dnpZIz52,HuffPostUK,,2019-08
2019-08-21,hughgaffneyccb,Labour,I have today written to the Chancellor @sajidjavid urging him to immediately halt the introduction of the Loan Charge until a full and independent review of the policy has been conducted. @LCAG_2019 https://t.co/Sfs2ds46VO,,"@sajidjavid, @LCAG_2019",2019-08
2019-08-21,greghands,Conservative,"Really looking forward to the Fulham Broadway Ward Council By-Election on 19th September. The ward is a tight Labour - Conservative marginal, and a chance for our experienced candidate @Aliya_KCFC to gain back a seat we held until 2014. With @arbrown_town, we are backing Aliya! https://t.co/ci0huQaO9Z",,"@Aliya_KCFC, @arbrown_town,",2019-08
2019-08-21,thomasbrake,Liberal Democrat,".@BorisJohnson has shown reckless disregard for democracy by threatening to prorogue Parliament

A vote of no confidence must be called

@joswinson called on @jeremycorbyn to do just that. Failing to do so is to condone Boris' recklessness",,"@BorisJohnson, @joswinson, @jeremycorbyn",2019-08
2019-08-21,kevinhollinrake,Conservative,"We're looking forward to welcoming members to our first annual conference on September 11. We'll be discussing how to improve housing supply, with speakers including @kevinhollinrake  @dsmitheconomics and Sasha White QC from Landmark Chambers
https://t.co/W1bin4pHvL https://t.co/MobfdemYvV",THELPDF,"@kevinhollinrake, @dsmitheconomics",2019-08
2019-08-21,bobblackman,Conservative,"⚡️ @SadiqKhan's team don't even know if his rent control plan will even work 😳

His advisors even admitted: “rent controls alone cannot be used to reduce rents to an affordable level” 🏚

Rent controls don't work, have never worked and will never work 👇

https://t.co/6uucyx2B8A",GLAConservative,@SadiqKhan's,2019-08
2019-08-21,vickyford,Conservative,VG good to hear wisdom and experience from @ACCAndyProphet of @EssexPoliceUK about tackling anti social behaviour on @BBCRadio4 this evening.   Thank you!,,"@ACCAndyProphet, @EssexPoliceUK, @BBCRadio4",2019-08
2019-08-21,bill_esterson,Labour,"The Government is prepared to spend ""whatever it takes"" in order for Britain to be prepared for a no deal Brexit according to Michael Gove 

If only the Tories were willing to tackle appalling levels of child poverty with that level of enthusiasm!  https://t.co/KBTdP3jqEx",PeterStefanovi2,,2019-08
2019-08-21,halfon4harlowmp,Conservative,"@doddmed I will continue to raise this in Parliament and work hard on the issue. I am pleased to see that the Government is reviewing this legislation to ensure that this no longer happens.
Best wishes, 
Robert",halfon4harlowMP,@doddmed,2019-08
2019-08-21,cgreenuk,Conservative,Make sure you pick up a copy of @TheBoltonNews tomorrow for a full guide to this year's @BoltonFoodFest featuring @VisitBolton @boltoncouncil @HairyBikers @SimonJWoodUK @jamesmartinchef @cheftogo @michaelcaines @GreggAWallace and MORE! https://t.co/4VrcFA61hq,KarlDHolbrook,"@TheBoltonNews, @BoltonFoodFest, @VisitBolton, @boltoncouncil, @HairyBikers, @SimonJWoodUK, @jamesmartinchef, @cheftogo, @michaelcaines, @GreggAWallace",2019-08
2019-08-21,lukegrahamuk,Conservative,"Busy afternoon out in Dollar, Dollarbeg &amp; Powmill. Missed us? Please email Luke.grahamoffice@parliament.uk @ScotTories https://t.co/ZjGK4hE38i",,"@parliament.uk, @ScotTories",2019-08
2019-08-21,rebeccaharrismp,Conservative,"We’re helping businesses get ready for Brexit by allocating trading numbers to over 80,000 companies - smoothing the way for goods to flow and helping business grow. But there’s more to do before 31/10 so please stay informed. https://t.co/IktkRpyUze",sajidjavid,,2019-08
2019-08-21,nickymorgan01,Conservative,Great news: In this year alone the UK tech sector has attracted £5.5bn in foreign investment - more than it did for the whole of 2018. Another reason we should be optimistic about our future as overseas investors continue to have confidence in UK tech https://t.co/5TWmREupEM,,,2019-08
2019-08-21,seemamalhotra1,Labour (Co-op),We need to get real about what No Deal really means. https://t.co/u2aSB1swh4,,,2019-08
2019-08-21,nazshahbfd,Labour,"Heartbreaking @JawadSohrab that 3 years on your still fighting for justice, justice must be served, otherwise justice remains denied 😔 #JusticeForFahad https://t.co/5zhzvsXjTj",JawadSohrab,@JawadSohrab,2019-08
2019-08-21,votepursglove,Conservative,There’s just 2 more hours to get those last minute nominations in for this year’s Spirit of Corby Awards! Visit https://t.co/A48911Dfi1 before it’s too late! @NTelegraph @CorbyRadio @VotePursglove @martinborley @TomPJourno @Katie_Cronin,CorbyBC,"@NTelegraph, @CorbyRadio, @VotePursglove, @martinborley, @TomPJourno, @Katie_Cronin",2019-08
2019-08-21,dr_philippaw,Scottish National Party,Good to hear ⁦@FSB_Scotland⁩’s Barry McCulloch on ⁦@BBCRadioScot⁩’s Good Morning Scotland talking about our new report on what should be done to revitalise Scotland’s towns. ⁦@BBCGaryR⁩  #FSBmyTown  https://t.co/rX8i9ecbnQ,FSB_DRichardson,"@FSB_Scotland⁩’s, @BBCRadioScot⁩’s, @BBCGaryR⁩",2019-08
2019-08-21,liliangreenwood,Labour,The Tories' HS2 review is another betrayal of Britain's railway - @MickWhelanASLEF condemns government's inaction on rail: https://t.co/31TkZEIGdB,ASLEFunion,@MickWhelanASLEF,2019-08
2019-08-21,brandonlewis,Conservative,"All @jeremycorbyn offers is more dither and delay - he doesn't respect the result of the referendum

Only @BorisJohnson and @Conservatives will get Brexit done by the 31st October, whatever the circumstances

https://t.co/gYTLBIwOCh",CCHQPress,"@jeremycorbyn, @BorisJohnson, @Conservatives",2019-08
2019-08-21,alexburghart,Conservative,Quantum teleportation used to send 3D information for the first time https://t.co/7CvE68rK7K https://t.co/DKxWAiD3Ib,newscientist,,2019-08
2019-08-22,tpearce003,Labour,EXPRESS: Brexit victory salute! #tomorrowspaperstoday https://t.co/Y6ZFvbm96D,hendopolis,,2019-08
2019-08-22,catherinewest1,Labour,Excellent work! Good luck in whatever you go on to do! #gcseresultsday2019 #IAmHaringey https://t.co/btOIN3wRlE,haringeycouncil,,2019-08
2019-08-22,henrysmithuk,Conservative,'Save Tilgate Parade' is the message as petition is launched to stop 'incomprehensible' rent increase.  https://t.co/7TtnnYrRfJ,crawleynews24,,2019-08
2019-08-22,lucyallan,Conservative,My vision for Britain 🇬🇧 https://t.co/Z8pCbroV3M,BorisJohnson,,2019-08
2019-08-22,annamcmorrin,Labour,Good luck to all those in Cardiff North getting their GCSE results today! #CardiffNorth https://t.co/EbtIBsxd3s,,,2019-08
2019-08-22,darrenpjones,Labour,"THREAD: Proud of our @CommonsSTC bumper report on technologies for meeting our net zero carbon emission targets, as we seek to tackle the climate crisis. Read the full report here: https://t.co/x0USYmk04V https://t.co/ua2o2yRzWS",,@CommonsSTC,2019-08
2019-08-22,joanryanenfield,Labour,"Many congratulations to all the pupils collecting their #GCSEResults2019 . 
If you are not sure what to do next, or need to speak to someone, why not talk to #Enfield Council's Next Step team? 
More info at https://t.co/rWD6dXmRGY https://t.co/oE45hkJq15",EnfieldCouncil,,2019-08
2019-08-22,angusmacneilsnp,Scottish National Party,"A fine sentiment from Michael Collins, killed #OTD in 1922. Ireland’s strength as a nation will depend upon “our moral and intellectual force”. https://t.co/qjCupgDphZ",KevinJPringle,,2019-08
2019-08-22,eleanor_smith55,Labour,@kingsschoolwlv @TrentUni Well done Hun x,kingsschoolwlv,"@kingsschoolwlv, @TrentUni",2019-08
2019-08-22,alison_mcgovern,Labour,"We need HS2. We need it to go not just to Birmingham, not just to Leeds and Manchester but also to Scotland. But I’d suggest that for this to happen we, ultimately need a Labour government.",davesgould,,2019-08
2019-08-22,martinjdocherty,Scottish National Party,"Looks like Boris Johnson is doing a Trump, creating fictional supporters to falsify how popular he is. https://t.co/eIJGpOHLiN",PeterGrantMP,,2019-08
2019-08-22,crispinblunt,Conservative,"U.K. stands ready to help our Irish neighbours with the consequences of Brexit. However U.K. patience must wear thin with this continuing insane Irish diplomacy. 
EU commissioner launches withering attack on ‘unelected’ Boris Johnson - The Independent https://t.co/wmXUJtLity",,,2019-08
2019-08-22,lucyallan,Conservative,Quite right. https://t.co/Fgd16iBCXZ,BorisJohnson,,2019-08
2019-08-22,tpearce003,Labour,METRO: C’est possible #tomorrowspaperstoday https://t.co/durjcbx7BG,hendopolis,,2019-08
2019-08-22,sarahchampionmp,Labour,"Sadly most of the women I’ve met have been prostituted for sexual exploitation, it not a choice for them. I don’t mean to be pejorative, just accurate. Sex worker is such a broad term that includes webcammers to pimps https://t.co/H2mnloK3A0",emjay1968,,2019-08
2019-08-22,albertocostamp,Conservative,"Our students proved that hard work pays off. During the last two years they have embraced our values - worked hard, supported each other, never given up and grown into independent young people who we hope will achieve excellence in every step of their future. #GCSEResults2019 https://t.co/REilYuSx1U",WinstanleySch,,2019-08
2019-08-22,stephentwigg,Labour (Co-op),"#NEWS | Well done to all our young people collecting their results today.

Liverpool’s #GCSE results improve.

Read: https://t.co/QCj01rrJA8 https://t.co/Y4RCCV7Y9W",lpoolcouncil,,2019-08
2019-08-22,martinjdocherty,Scottish National Party,https://t.co/AJ4ioTuaoU https://t.co/0Cw30QvIkP,CrispinBlunt,,2019-08
2019-08-22,ianmearnsmp,Labour,"In July we received 4.6 tonnes of donations into the foodbank 👉
In the same month we gave out 7.3 tonnes of food 👈

That's a shortfall of 2.7 tonnes of stock in a single month 📈📉

Please continue to make donations over the summer months

#TrussellTrust
#holidayhunger

💚💙💚 https://t.co/ISCDDQqzGY",GFoodbank,,2019-08
2019-08-22,petewishart,Scottish National Party,Excellent speeches at @ALCS_UK reception in Edinburgh by @PeteWishart and @Joannechocolat https://t.co/7ZadjIkkS4,TamMcTurk,"@ALCS_UK, @PeteWishart, @Joannechocolat",2019-08
2019-08-22,angusmacneilsnp,Scottish National Party,"Friend of mine just posted this on facebook.  

""I really don't get this GERS propaganda from the 'No' camp ... it's a bit like a garage saying you should keep using them because most of their cars break down so often""

I couldn't agree more.",DickWinchester,,2019-08
2019-08-22,stewartmcdonald,Scottish National Party,Statement on vandalism in Lerwick: https://t.co/g1aTZF9D6l,TomWills60N,,2019-08
2019-08-22,stephenmorganmp,Labour,"Congratulations to everyone receiving their GCSE results today! 
Here’s our plan to make education work for everyone, regardless of their background 📚 
#GCSEResultsDay #ResultsDay2019 https://t.co/WV5KQCWLAE",UKLabour,,2019-08
2019-08-22,lsrplaid,Plaid Cymru,"@CyngorGwynedd @LSRPlaid @NiaJeffreys @BBCRadioCymru @AledLlanbedrog RT? Arddangosfa Celf&amp;Chrefft, Eglwys Dewi Sant, Nefyn wsnos nesa. Croeso i bawb, dewch draw #BlasArLyn https://t.co/axbSyeJRHQ",saraholytrinity,"@CyngorGwynedd, @LSRPlaid, @NiaJeffreys, @BBCRadioCymru, @AledLlanbedrog",2019-08
2019-08-22,gradysnp,Scottish National Party,@Bea_Viv @the3million @SandraWhiteSNP @cliodiaspora Very sorry to see this - please email https://t.co/4xiH11tuwp(at)https://t.co/1JPPYAnJnb or call the office on 01419463062 and we’ll do everything we can to help,,"@Bea_Viv, @the3million, @SandraWhiteSNP, @cliodiaspora",2019-08
2019-08-22,hammersmithandy,Labour,This crisis is growing. There is no mandate for an undemocratic no deal #Brexit + for Johnson to sell us out to Trump. Our democracy must not gagged by this reckless PM and his unelected advisers + 150 MPs are now calling for a recall. RT if you agree #RecallNow #RecallParliament https://t.co/w53exCGns6,SDoughtyMP,,2019-08
2019-08-22,rees4neath,Labour (Co-op),"👩‍⚕️ As cancer survival rates continue to improve, @WelshLabour is committed to the best possible care to everyone affected by the disease.

🏴󠁧󠁢󠁷󠁬󠁳󠁿🌹 The new Single Cancer Pathway will ensure that every patient is supported from the point where cancer is suspected, onwards. https://t.co/rQ4WHQkpBU",WelshLabour,@WelshLabour,2019-08
2019-08-22,anna_soubry,Conservative,.@NickBoles is right we can only stop #NoDealBrexit by coming together and passing legislation. @ForChange_Now https://t.co/MwL9jRhNRx,NickBoles,"@NickBoles, @ForChange_Now",2019-08
2019-08-22,angusmacneilsnp,Scottish National Party,"#bbcgms @BBCScotland 
Do remember adding up Welsh Scottish and NIrish deficits apparently add up to greater than the UK 🤷🙄
If Ireland was in UK rather than being in surplus they would be given a GERS style deficit too. 
Detail of GERS assumptions undermine the conclusions.",,@BBCScotland,2019-08
2019-08-22,michaelgove,Conservative,Congratulations to our Y11 students at @MagnaAcademy who achieved record results across the board. Attainment 8 up with a projected P8 of over +1 again.,2Markdavid,@MagnaAcademy,2019-08
2019-08-22,gordonmarsden,Labour,"""The Conservatives have cut 60p out of every £1 that the last Labour government invested in our councils, causing irreparable damage to communities across the country."" – @GwynneMP 

https://t.co/eSSyUJfMrf",labourpress,@GwynneMP,2019-08
2019-08-22,angelacrawley30,Scottish National Party,@IrishBird8 @siobhni @JaneyGodley ^ @JaneyGodley also a smashing show. It’s been queued out every single day!,IrishBird8,"@IrishBird8, @siobhni, @JaneyGodley, @JaneyGodley",2019-08
2019-08-22,lynbrownmp,Labour,"RT @eastlea_school: Luke will go on to study music production at Avery College after securing passes in his GCSEs. Well done!

@lynbrownmp…",,"@eastlea_school:, @lynbrownmp…",2019-08
2019-08-22,hughgaffneyccb,Labour,"I have today written to @AmberRuddHR to ask that she categorically rule out any increase in the state pension age to 75 being adopted as government policy in the future.

Many of my constituents are rightly concerned given the Government's previous track record on pensions. https://t.co/2hUWvlEqv1",,@AmberRuddHR,2019-08
2019-08-22,thomasbrake,Liberal Democrat,"#TBT

This may have been taken a long time ago, but my enthusiasm for our police remains!!

Sutton is consistently one of the safest boroughs in London and we need to keep it that way.

Back my campaign to stop police cuts:  https://t.co/rfI4CLeR6N https://t.co/3YckzH3EaT",,,2019-08
2019-08-22,justinmadders,Labour,We really don’t want this coming to Ellesmere Port https://t.co/OYGsnMGl15,BBCNWT,,2019-08
2019-08-22,julianknight15,Conservative,Gosh I just reported the news in my day! https://t.co/3FLBLrhDrG,OldRoberts953,,2019-08
2019-08-22,marshadecordova,Labour,"Huge congratulations Destiny, what a fantastic achievement well done! 👏👏👏 https://t.co/WDSvbrpvkN",SJBC_London,,2019-08
2019-08-22,faisal__rashid,Labour,"Our Chief Nurse @Kimberley_S_J, Chief Operating Officer @Chrisevans29 and Deputy Chief Executive/Executive Medical Director Simon Constable are showing @FaisalRashidMP around Warrington Hospital today. First stop is Ward K25 🏥 https://t.co/a6LAK537UD",WHHNHS,"@Kimberley_S_J,, @Chrisevans29, @FaisalRashidMP",2019-08
2019-08-22,wesstreeting,Labour,Are you a young European? Join the @euromove for just £1! https://t.co/JdJao8vapQ @FFSake_ @OFOCBrexit,,"@euromove, @FFSake_, @OFOCBrexit",2019-08
2019-08-22,drewhendrysnp,Scottish National Party,"Rather than making ridiculous comparisons, if he’s genuinely concerned about politicians with extreme views he should be looking at his own party and he can start with Moray Conservative &amp; Unionist Constituency Association. https://t.co/GHyh432ESA",RichardLochhead,,2019-08
2019-08-22,timloughton,Conservative,UK pay rises hit 10-year high - XpertHR - Reuters https://t.co/tScPtwWjnh,ajcdeane,,2019-08
2019-08-22,hughgaffneyccb,Labour,It's shameful that this Government allowed billions in arms sales to Saudi Arabia which contributed to the worsening humanitarian crisis in Yemen. https://t.co/M8PNjgfviZ,theipaper,,2019-08
2019-08-22,ranil,Conservative,"Looked back this morning and saw I walked over 10 miles yesterday, knocking on doors with these fine folk and more! 🏡🏘

Great weather, great campaigners, great response on the doorsteps... and a great pub session to round off the day! ☀️✅

Join us! 👉 https://t.co/Fwou5ZmhcL https://t.co/aZk9rdnP5g",,,2019-08
2019-08-22,hywelplaidcymru,Plaid Cymru,"We've got 5 part time positions available here at Undeb Bangor, to find out more: https://t.co/1D5yLW0T0L 
Closing date is the 5th of September. https://t.co/MyhgCz5B7c",Bangorstudents,,2019-08
2019-08-22,rlong_bailey,Labour,"In public hands, the CEO of the grid will be subject to Labour's 20:1 pay scale ratio
https://t.co/3uGw1HJj8E",RLong_Bailey,,2019-08
2019-08-22,greghands,Conservative,https://t.co/JWuH35IFn6 https://t.co/19rCyH59WV,Maxmycat,,2019-08
2019-08-22,chukaumunna,Labour,"Being homeless shouldn't be a crime. Yet from 2014-16, 3000+ people were dragged to court due to the Vagrancy Act 1824.

The Tories won’t commit to anything more than 'reviewing' this outdated law. We demand that the Act is repealed.

Join our campaign: https://t.co/dyZFYabAa5",LibDems,,2019-08
2019-08-22,vickyfoxcroft,Labour,"Wonderful sharing our successes with the Mayor and Mayoress of Lewisham, Vicky Foxcroft MP, Angela Scattergood, Director of Ed @Addeys300 today #loveaddeys #lewishamstars @damienegan @vickyfoxcroft https://t.co/MduB1N72pc",Addeys300,"@Addeys300, @damienegan, @vickyfoxcroft",2019-08
2019-08-22,angusmacneilsnp,Scottish National Party,"Just recorded a piece for @RTUKnews on Alistair Jack's weird and wonderful comments today for tonight s bulletins. 
RT can cover parts of current UK that some UK broadcasters can't #skype",,@RTUKnews,2019-08
2019-08-22,cajardinemp,Liberal Democrat,Disgusted is not too strong for how I feel about seeing this war memorial defaced on Shetland. Is this really what Scottish politics has sunk to? #shetland https://t.co/RDLl74wNvd,,,2019-08
2019-08-22,geraintdaviesmp,Labour (Co-op),Macron is correct Brexit reduces UK to Trump’s junior partner and so is Merkel that Johnson needs to come up with a deal to avoid No Deal disaster #StopBrexit  https://t.co/dRAF3Qo7Hr,,,2019-08
2019-08-22,petewishart,Scottish National Party,This is just embarrassing from someone who should know better. Unionists now desperate to delegitimise the reasonable political ambition that Scotland should govern itself and then decide how it wants to be governed. https://t.co/AMUUw3js9W,heraldscotland,,2019-08
2019-08-22,angusmacneilsnp,Scottish National Party,It’s almost as though something happened in 2014 that they don’t want repeated . . https://t.co/fBH8I2QlEs,Zarkwan,,2019-08
2019-08-22,neilgraysnp,Scottish National Party,The club are delighted to show our continued support for the Show Racism the Red Card campaign. Racism has no place in football. https://t.co/VhsUrmk1Fi,AirdrieoniansFC,,2019-08
2019-08-22,petergrantmp,Scottish National Party,"Scotland may well be in a technical deficit.  But in terms of national income per head, labour productivity, employment etc. Scotland is pretty much on a par with Rest of U.K..  And public services are not exactly gold-plated here. GERS is a political exercise.",iainmacwhirter,,2019-08
2019-08-22,nickhurduk,Conservative,The UK Government is auto-enrolling all possible VAT-registered businesses who trade with the EU for a UK EORI number. This is one of a number of ways we are helping businesses get it right for Brexit. https://t.co/vO0mN7cyHJ https://t.co/TFqg7OshSB,NIOgov,,2019-08
2019-08-22,ruthcadbury,Labour,Errr...yes of course! https://t.co/5X535ud8P6,jessphillips,,2019-08
2019-08-22,mgreenwoodww,Labour,"“For residents of Lancashire that do not want earthquakes to become a part of daily life, do not want the air pollution, water pollution and climate change caused by fracking, I have a simple message: vote Labour. Labour will ban fracking” - @RLong_Bailey https://t.co/lX7Q9OzczN",labourpress,@RLong_Bailey,2019-08
2019-08-22,alexnorrisnn,Labour (Co-op),"Good luck to everyone across #Nottingham North who is waiting to collect GCSE results this morning! 

Whatever you're planning to do in the future, there are lots and lots of people waiting to help you with your next chapter - don't be afraid to ask for help.

#GCSEResultsDay2019 https://t.co/mwjS1mQ7S8",,,2019-08
2019-08-22,kerrymp,Labour,@ThangamMP @callumcollins @marleybennett @Bristolpanthers @jonadowning @EastonCowboys I’m pretty sure Callum is making things up.,ThangamMP,"@ThangamMP, @callumcollins, @marleybennett, @Bristolpanthers, @jonadowning, @EastonCowboys",2019-08
2019-08-22,sdoughtymp,Labour (Co-op),"Angela Merkel has played Alexander Boris de Pfeffel Johnson like a fiddle. She has put the ball firmly in his court to find ""alternative solutions"" that both she and him know full well do not exist. She has called his bluff. And he has blinked. https://t.co/NbGMJGLqRe",DavidLammy,,2019-08
2019-08-22,emmahardymp,Labour,Good luck to everyone getting their GCSE results today! Thanks to all the teachers too. 😊 #GCSEResults2019,,,2019-08
2019-08-22,stewartmcdonald,Scottish National Party,The new Scottish Secretary is politically and historically illiterate. https://t.co/9oqptTBxr2,KieranPAndrews,,2019-08
2019-08-22,thangammp,Labour,@MargaretKeenan @carolynharris24 It is a wonderful thing. Wonderful people. Raising money for Macmillan. Supporting each other. And it is in @ToniaAntoniazzi constituency. What's not to like!,MargaretKeenan,"@MargaretKeenan, @carolynharris24, @ToniaAntoniazzi",2019-08
2019-08-22,justinmadders,Labour,Great stuff https://t.co/GVn4QYAaRN,NWAmb_CRTNick,,2019-08
2019-08-22,barrysheerman,Labour (Co-op),Describing Boris Johnson’s humiliation in Berlin as a “triumph” is beyond belief but didn’t the same paper hail Neville Chamberlain’s meeting with Hitler  in Berlin the same way? @DailyMailUK,,@DailyMailUK,2019-08
2019-08-22,neilgraysnp,Scottish National Party,Great to be along @CNewarthill showcase event earlier and to hear about all the fantastic work going on for their local community! 💪 https://t.co/BRiT4MHezR https://t.co/ZnsfII11kL,CNewarthill,@CNewarthill,2019-08
2019-08-22,pauljsweeney,Labour (Co-op),https://t.co/fua5SUpTxp It’s a fair question🤔   @PaulJSweeney @pauline4glasgow @ProfTomkins @Garnethill_drg,SaveSauchiehall,"@PaulJSweeney, @pauline4glasgow, @ProfTomkins, @Garnethill_drg",2019-08
2019-08-22,helengoodmanba,Labour,I went to the chemist to collect my Dad's prescription and this is the notice on the door! And then the chemist showed me a medicine that has risen in price from 79p to 18 pounds! And this is before The PM's #NoDealBrexit . https://t.co/s92iYgN9Aa,,,2019-08
2019-08-22,ruthcadbury,Labour,"Worried about Heathrow Expansion, Runway 3 and the extra 280,000 flights per year?

Make sure to come along to Heathrow's consultation event tomorrow in Chiswick at Chiswick Town Hall between 2 &amp; 8PM. 

@CHATR_Heathrow @StopHeathrowExp 

https://t.co/oNP6MeaBA8",,"@CHATR_Heathrow, @StopHeathrowExp",2019-08
2019-08-22,ruthcadbury,Labour,"Well done to everyone getting their results today on #GCSEResults2019. You've all worked so hard! 🎉

Enjoy the rest of the summer before the next step to your future. 

Also a huge thanks to all teachers and staff who've gone above and beyond to help students all year round.",,,2019-08
2019-08-22,dominicraab,Conservative,Congratulations to students at Three Rivers and across the borough. https://t.co/CdDzWGFqnF,3RiversSurrey,,2019-08
2019-08-22,joplattleigh,Labour (Co-op),It’s official!! 2021 is going to be massive for #Leigh @lsvstadium &amp; the Borough - the 2 biggest sporting events in the world 🌍 @UEFAWomensEURO ⚽️ and @RLWC2021 🏈 will be coming here - it’s going to be spectacular and the legacy created for sports in the Borough so important 👍 https://t.co/jBzqlLq388,AlisonMc_F,"@lsvstadium, @UEFAWomensEURO, @RLWC2021",2019-08
2019-08-22,brinemp,Conservative,Congratulations on all students in Winchester and Chandler’s Ford on today’s results. Wishing you every success for the future wherever that takes you. #asdocsays https://t.co/YnSI6jPuLC,,,2019-08
2019-08-22,dr_philippaw,Scottish National Party,He does realise it's his party and his government responsible for the majority of concerns about pensions - right? https://t.co/u9D89Oc3QF,juliehepburnsnp,,2019-08
2019-08-22,joannaccherry,Scottish National Party,"📣 @AlanCumming: “If you look at Brexit as another example of Westminster dictating a policy Scotland didn’t want, that’s what independence is all about.

The people of Scotland should be able to decide what they want to do.""

✍️ Agree? Sign at https://t.co/1TBOd5pYT1 and share. https://t.co/Ns6AO7IAWB",YesScot,@AlanCumming:,2019-08
2019-08-22,geraldjoneslab,Labour,Lots of happy young people collecting their #GCSEresults today.  Congratulations to you all. Pleasure to spend some time with students @IDS3to18 Special thanks to all the teachers and support staff across #Merthyr Tydfil &amp; #Rhymney https://t.co/xEn8YkUsmc,,@IDS3to18,2019-08
2019-08-22,gillfurnissmp,Labour,Visited @RoyalMail Delivery Office in Batley today with local postie Sarah sorting and delivering letters. It was great to speak to local residents whilst out delivering and one of many great conversations was talking rescue dogs with the wonderful Richard #KeepMePosted https://t.co/KZQPglRTaT,TracyBrabin,@RoyalMail,2019-08
2019-08-22,mikeamesburymp,Labour,"Cuadrilla halts fracking after biggest tremor yet at Lancashire site - a @UKLabour gov will #banfracking

https://t.co/UCOYYTNFgP",,@UKLabour,2019-08
2019-08-22,eleanor_smith55,Labour,@kingsschoolwlv @MyBCU @BCUPressOffice Whoop Whhopp ! Megahn,kingsschoolwlv,"@kingsschoolwlv, @MyBCU, @BCUPressOffice",2019-08
2019-08-22,danielzeichner,Labour,"Good luck to all the students getting their #gcseresultsday2019 today. One chapter of your life has finished, but another exciting one is just around the corner.",,,2019-08
2019-08-22,hannahb4livimp,Scottish National Party,"Who needs to see this today? Every single last one of us, that’s who. Here’s a brand new papa holding his new born in our House of Representatives right now 😭❤️ https://t.co/NU00SHfKFT",golrizghahraman,,2019-08
2019-08-22,carolinelucas,Green Party,"The hottest July on record shows what we already know: we face a climate emergency
 
It demands an emergency response
 
Not targets set for mid-century https://t.co/GdbEx5nPWc",,,2019-08
2019-08-22,lukegrahamuk,Conservative,"Day 9 of #summersurgerytour and busy surgeries &amp; on the doors doors in Bridge of Earn, Forgandenny, Ardargie &amp; Glenfarg. Big issue of Bridge of Earn GP surgery closing (see other thread). Missed us? Pls email Luke.grahamoffice@parliament.uk @ScotTories https://t.co/OuTxRslOgd",,"@parliament.uk, @ScotTories",2019-08
2019-08-22,jeffsmithetc,Labour,It is unacceptable that the end result of a decade of Government cuts is that thousands of older people and people with a disability are facing poor quality care and even abuse and neglect.  https://t.co/shWn1ebecv,KeeleyMP,,2019-08
2019-08-22,acunninghammp,Labour,"❎ Don’t turn down deferred pay
❎ Don’t give away 20% tax relief
✅ Benefit from life assurance
And ✅✅✅✅✅ more

Check out Unite’s 8⃣ good reasons to have a pension https://t.co/dRGA6nZJIL https://t.co/nssmg0qSub",unitetheunion,,2019-08
2019-08-22,davidlammy,Labour,"Macron: The backstop is indispensable. 
The Telegraph: Major boost for Boris Johnson. 
Me: https://t.co/36DO88dfVn https://t.co/QBlkpNKqLJ",Telegraph,,2019-08
2019-08-22,votepursglove,Conservative,"@seanyboy_e This stuff gets really boring, frankly...",seanyboy_e,@seanyboy_e,2019-08
2019-08-22,davidrutley,Conservative,"I met with @StockportMBC &amp; @CheshireEast with neighbouring MP, @DavidRutley to tackle air quality and congestion issues on the A6 through High Lane and Disley. Traffic light sequencing at Windlehurst Road will be reviewed to improve the flow. https://t.co/fb46xcc8MW",William_Wragg,"@StockportMBC, @CheshireEast, @DavidRutley",2019-08
2019-08-22,mikegapes,Labour (Co-op),"“There will be no US / UK trade deal if the Good Friday Agreement is undermined.”

Democratic Congressman Brendan Boyle, co-chair of the Friends of Ireland caucus, pledges to oppose a trade deal in the event of a hard border in Ireland

#newsnight https://t.co/qJhaO1bugI",BBCNewsnight,,2019-08
2019-08-22,andrealeadsom,Conservative,"To help businesses get ready for #Brexit, we're automatically assigning UK EORI numbers to VAT-registered businesses who trade with the EU.

We urge businesses that aren't VAT-registered to get an EORI number - it takes less than 10 minutes!

Apply now: https://t.co/lyPPF6plwp https://t.co/8ujyrVxUKK",beisgovuk,,2019-08
2019-08-22,tomtugendhat,Conservative,@ric_cole @21Engr @Proud_Sappers Leave some 4x2 lying about. They'll find you.,ric_cole,"@ric_cole, @21Engr, @Proud_Sappers",2019-08
2019-08-23,jreynoldsmp,Labour (Co-op),"It’s true, every family flying looks very much like this. https://t.co/FDsVEmhoY0",lewis_goodall,,2019-08
2019-08-23,stevebakerhw,Conservative,"""We're launching a review into food quality across the whole of the NHS, so that every patient gets a top quality meal."" - PM @BorisJohnson at Torbay Hospital today https://t.co/P8qfrJX79P",10DowningStreet,@BorisJohnson,2019-08
2019-08-23,emmahardymp,Labour,"...Anyone can make a report online to the Police or to Hull City Council for non-emergency crimes and anti-social behaviour, but always dial 999 if you witness a crime or anyone is in danger...",EmmaHardyMP,,2019-08
2019-08-23,keeleymp,Labour,West Lane Hospital closed by the @CareQualityComm. [Good.] Colin Martin @TEWV CEO trotted out a truly inexcusable statement. [2 young patients died]. https://t.co/MsFHNR9GxD,sarasiobhan,"@CareQualityComm., @TEWV",2019-08
2019-08-23,cj_dinenage,Conservative,"Impossible not to feel real pain looking at images of the fire raging through the Amazon. Along with the world’s oceans, the forests are our lungs. We need them. This isn’t a Brazilian issue, this is an issue for every single one of us. https://t.co/NHAlNWD8cZ",carriesymonds,,2019-08
2019-08-23,stewartmcdonald,Scottish National Party,Awful that Nicola Sturgeon has to talk about this. But she is absolutely right. How can anyone be so venomously cruel about another human being’s personal anguish simply because they disagree with them on our constitutional future? https://t.co/xDonvtYGj1,MrJohnNicolson,,2019-08
2019-08-23,johnmcdonnellmp,Labour,"If you missed our International Social Forum 2019, check out my YouTube channel for videos of the fantastic speeches and discussions, such as this one on the Climate Crisis https://t.co/jlU5KUtVgI",,,2019-08
2019-08-23,stuart_mcdonald,Scottish National Party,"Settled Status - we EU citizens must get physical documents.

The Home Office is saying online is simpler, online is the future.

Compare and contrast the process employers will have to go through to check status of EU citizens.

Make up your own mind.

#GettingPhysical 

1/ https://t.co/YepqCjoqdR",the3million,,2019-08
2019-08-23,jamescleverly,Conservative,@MatthewStadlen Do you like being called racist?,MatthewStadlen,@MatthewStadlen,2019-08
2019-08-23,kevinhollinrake,Conservative,Also the creation of an independent arbitration panel and a specialist committee to advise on implementation and make sure both sides meet their obligations. Fair and reasonable and protects EU and UK (3/4),kevinhollinrake,,2019-08
2019-08-23,lsrplaid,Plaid Cymru,"Mae’r gronfa Cist Gymunedol yn cynnig grantiau o hyd at £1,500 i grwpiau chwaraeon, cymunedol a ffitrwydd, ar gyfer prosiectau sy’n arwain at fwy o bobl yn cymryd rhan, a chreu cyfleoedd newydd ar gyfer chwaraeon a gweithgareddau corfforol.

Dyddiad cau nesaf: 6 Medi 2019. https://t.co/67CbB4A5gn",CyngorGwynedd,,2019-08
2019-08-23,stevebarclay,Conservative,"In Helsinki to update 🇫🇮 Europe Minister @TyttiTup on our progress towards leaving 🇪🇺. We welcome Finland's guarantee that 🇬🇧 nationals will be able to work, live and study there 🇫🇮 after Brexit, whatever the scenario. https://t.co/nG9bYteUIE",,@TyttiTup,2019-08
2019-08-23,borisjohnson,Conservative,Getting ready to host a special guest for breakfast this morning... https://t.co/hSCXTJyKLe,,,2019-08
2019-08-23,lsrplaid,Plaid Cymru,"Heno yn #Llanystumdwy @LSRPlaid yn agor tafarn gymunedol diweddara #Cymru @MenteryPlu. Pob lwc! 

#TafarnGymunedol 🍻🎉🏴󠁧󠁢󠁷󠁬󠁳󠁿 https://t.co/sSklQjvMYD",AlunPlaidCymru,"@LSRPlaid, @MenteryPlu.",2019-08
2019-08-23,heatherwheeler,Conservative,"The UK will continue to combat climate change and strengthen our relationships with Pacific Island Countries. 

My message after my trip to Tuvalu, for the Pacific Island Forum, last week. https://t.co/Nck38fvAPb",,,2019-08
2019-08-23,jamesfrith,Labour,"@BuryTimes @JamesFrith Regardless of politics it’s great to have an MP will champion the people of Bury and it’s heritage. An MP who cares about this town, it’s schools, it’s football club, it’s people and it’s services. #BuryFC",TongeMichael,"@BuryTimes, @JamesFrith",2019-08
2019-08-23,carolinelucas,Green Party,"Dear Media, 

Remember when you had the Notre Dame fire on every front page? It would be nice if you also placed the current unprecedented fires destroying the Amazon rainforest. As not only do people and animals live there, but we also need it to breathe.

Yours,

Earth dwellers",matthaig1,,2019-08
2019-08-23,tomtugendhat,Conservative,Worth reading. https://t.co/7QM7c7cpfi,MarinaHyde,,2019-08
2019-08-23,kerrymp,Labour,@annesnelgrove I was with people who for some reason thought door-knocking was more important!,annesnelgrove,@annesnelgrove,2019-08
2019-08-23,coyleneil,Labour,The summer holidays are nearly over but have no fear - there are still lots of things to do for children and young people in Southwark https://t.co/hmlbsCPIAo https://t.co/EdAvcIGBOB,lb_southwark,,2019-08
2019-08-23,stevebakerhw,Conservative,"With neither side willing to back down, we’re heading for no deal. Or, rather, dozens of mini-deals intended to break the fall. My @telegraph column on what is, now, the most likely outcome https://t.co/23whztgj8E",FraserNelson,@telegraph,2019-08
2019-08-23,karlturnermp,Labour,Shouldn’t but YES please. Delicious! https://t.co/OIOBxzj3Ed,PapasFishNChips,,2019-08
2019-08-23,angusmacneilsnp,Scottish National Party,The SNP has to wake up to economic reality and plan a future for the people of Scotland and not bankers https://t.co/w9rkXlDh19,RichardJMurphy,,2019-08
2019-08-23,hackneyabbott,Labour,"I have written to the PM with colleagues on the Labour front bench, asking him to tell President Bolsonaro that his destruction of the Amazon must stop, and to introduce tough measures to stop companies in the UK from aiding and abetting tropical deforestation #ActForTheAmazon https://t.co/tFHm7buLul",RLong_Bailey,,2019-08
2019-08-23,niagriffithmp,Labour,"A Lot of Service Personnel Struggle To Adjust To Life After Military Service.Women Veterans Are In Many Ways 'Invisible Veterans' @SaluteHerUK Believe Its Time To Raise Public Awareness of Women Veterans, Celebrate Their Service &amp; Recognise Their Unique. Contribution.👍 https://t.co/ah2UAETQ7Z",ForwardAssist1,@SaluteHerUK,2019-08
2019-08-23,zacgoldsmith,Conservative,👍 https://t.co/XUBy67mqiT,horton_official,,2019-08
2019-08-23,gavnewlandssnp,Scottish National Party,"Did you know @GavNewlandsSNP runs a monthly surgery for carers in the Carers Centre⁉️

The next surgery date is this Friday - 30th August.

To ensure you get the chance to speak to Gavin, please call 0141 887 3643 to book an appointment ☎️ https://t.co/ZjIITu6e69",Rcarers,@GavNewlandsSNP,2019-08
2019-08-23,edwardjdavey,Liberal Democrat,@ruthreed01 @MatthewGreen02 @NGreen4libdems Welcome Ruth; and looking forward to hearing more from you on architecture and urban planning!,ruthreed01,"@ruthreed01, @MatthewGreen02, @NGreen4libdems",2019-08
2019-08-23,aloksharma_rdg,Conservative,"#UKaid is helping female entrepreneurs in #Ethiopia start their own businesses in partnership with @Unilever 
 
I've met inspiring women who are supporting their families

#100WaysAidWorks for the UK and the world https://t.co/9617NOtLRP",,@Unilever,2019-08
2019-08-23,votepursglove,Conservative,@tonypddd That figure isn't correct.,tonypddd,@tonypddd,2019-08
2019-08-23,gwynnemp,Labour,"Finally hospital food review launched. As I said in Commons in June:

🍓Nutrition &amp; hydration key part of care. 

🥕We need end to austerity and sustained investment in food &amp; facilities.

🍅We need legal mandated minimum standards.

🥦 We want hospital catering brought in house. https://t.co/RufClXApy7",JonAshworth,,2019-08
2019-08-23,cphilpofficial,Conservative,Please share and fill in this 1 minute survey for residents living in Croydon South. https://t.co/cvDs71kR8O,,,2019-08
2019-08-23,georgefreemanmp,Conservative,"Solar powered trains.......? 
Rail line in Hampshire is world's first to be powered by solar farm. With ⁦@transportgovuk⁩ the UK is starting to lead in 21stC #FutureOfTransport❇️ Tech  https://t.co/3lPOPm7NIV",,@transportgovuk⁩,2019-08
2019-08-23,richardgrahamuk,Conservative,"What’s on at The Cross #GloucesterFridayMarket Here’s Steve &amp; Simon with my lunch (incredible sourdough &amp; sheep cheese): Caroline who cycled 100m recently: Carlton who’s working on the refurb of Kings Walk car park &amp; visitors from Ciren, whose goal is clear..warm welcome to all https://t.co/OK0TiKT0eW",,,2019-08
2019-08-23,tpearce003,Labour,GUARDIAN: World demands Brazil act as Amazon burns #tomorrowspaperstoday https://t.co/rgejRLiLn6,hendopolis,,2019-08
2019-08-23,grahamemorris,Labour,Boris Johnson 🤥🤥👖🔥 https://t.co/dTX45Jcuaf,DrSirius,,2019-08
2019-08-23,marcusfysh,Conservative,“Those plotting some sort of parliamentary coup against a government trying to carry out a policy approved by the electorate (and previously voted for by parliament)...do untold damage to the institution they claim to defend.” https://t.co/UK9KpLmZdS,OwenPaterson,,2019-08
2019-08-23,colin_j_clark,Conservative,"Our #Speyside visits continue by welcoming @UKGovScotland Minister @Colin_J_Clark and @Douglas4Moray to Strathisla Distilliery. 

Great opportunity to highlight the investment and opportunity possible through continued @hmtreasury support in the #AutumnBudget https://t.co/ee1AUOcC1M",ScotchWhiskySWA,"@UKGovScotland, @Colin_J_Clark, @Douglas4Moray, @hmtreasury",2019-08
2019-08-23,richardgrahamuk,Conservative,"@SClubBethan .Huge numbers of its pupils (&amp; staff) are my constituents &amp; Greenshaw has just taken over Beaufort Academy, now Holmleigh Park: so on every level what happens at Henley Bank is important to me and to Gloucester",SClubBethan,@SClubBethan,2019-08
2019-08-23,stewartmcdonald,Scottish National Party,"It’s dispiriting to see this tweet still kicking around. It’s disinformation and does a disservice to the many campaigners working honestly to deliver independence. Along with others, I’ve tried to set the issue straight in a short thread below. 

https://t.co/gRy4ney0yf https://t.co/1RpxJQ8jwK",ChrisMcEleny,,2019-08
2019-08-23,carolynharris24,Labour,@suenowers1 Sad attempt im afraid,suenowers1,@suenowers1,2019-08
2019-08-23,iowbobseely,Conservative,Agreed! And fab stars too tonight 😊❤️#IsleofWight ✨@IsabelOakeshott https://t.co/zwFX6SpOmF https://t.co/uxSbGf3hon,IsabelOakeshott,@IsabelOakeshott,2019-08
2019-08-23,aloksharma_rdg,Conservative,"The fires ravaging the Amazon rainforest are not only heartbreaking, they are an international crisis. We stand ready to provide whatever help we can to bring them under control and help protect one of Earth’s greatest wonders.",BorisJohnson,,2019-08
2019-08-23,tpearce003,Labour,@XRBexley @JBrokenshire @DavidEvennett Happy to meet with and constituents if they come in before that time please email. teresa.pearce.mp@parliament.uk,tpearce003,"@XRBexley, @JBrokenshire, @DavidEvennett, @parliament.uk",2019-08
2019-08-23,nadinedorries,Conservative,"“A hospital meal should be a small highlight, a little pleasure and comfort, and it should help, not hinder, the patient’s recovery.”

Celebrity chef @PrueLeith will be an adviser on our review into hospital food.

More info 👇
https://t.co/seOta2VW6U https://t.co/mZM8TTUGqF",DHSCgovuk,@PrueLeith,2019-08
2019-08-23,jamesfrith,Labour,"There’s still a huge amount to do. The EFL need to extend the deadline then work with the practicalities facing this. Funds, agreement, due diligence and peace of mind are all still to be done. Huge step forward Dale saying he’s sold, in reality its not over line yet. #UTS",,,2019-08
2019-08-23,heatherwheeler,Conservative,"Today I met President @EmmanuelMacron in Paris. Let’s get Brexit done, sensibly and pragmatically and in the interests of both sides. Let’s get on with deepening and intensifying the friendship and the partnership between our nations. https://t.co/qv7BlAOhW7",BorisJohnson,@EmmanuelMacron,2019-08
2019-08-23,peter_dowd,Labour,@BBCPolitics The forest belongs to the world and needs to be protected by the world.,BBCPolitics,@BBCPolitics,2019-08
2019-08-23,willquince,Conservative,"☀️This bank holiday weekend get building &amp; make mind-bending shapes + structures w/ this week’s FREE art activity! Plus screenings of The Lion King &amp; Playmobil: The Movie for just £6 per person🍿 Our Summer exhibitions are also open to explore for free👩‍🎨 
https://t.co/3U5hUFMy4y https://t.co/fzboflwxnB",firstsite,,2019-08
2019-08-23,rachelreevesmp,Labour,"The Whaley Bridge dam collapse &amp; recent flash floods across North Yorkshire are a timely reminder that we need to upgrade our key infrastructure to cope w/ the climate emergency🌍

My letter to the new Environment Sec on the need to fully fund the Leeds Flood Alleviation Scheme👇 https://t.co/bqvRlI4hSJ",,,2019-08
2019-08-23,stephenmorganmp,Labour,"More than 900k veterans are set to lose their free TV licences - 101k will be over 90. Many put their lives on the line for our country, and yet this government hasn't the decency to keep the manifesto promise it made to them. It is a national disgrace.

https://t.co/6rX0xUnQlg",tom_watson,,2019-08
2019-08-23,nadams,Conservative,"@latikambourke @englandcricket I’m here and available, don’t even need a net.",latikambourke,"@latikambourke, @englandcricket",2019-08
2019-08-23,petergrantmp,Scottish National Party,"Congratulations to all the finalists in the 2019 @kingdomfm Local Hero Awards, about to start in the Rothes Halls. https://t.co/FqdEPH1Bkp",,@kingdomfm,2019-08
2019-08-23,matthancock,Conservative,Bake Off judge Prue Leith joins hospital food improvement review https://t.co/MeWb4N62qw,BBCNews,,2019-08
2019-08-23,danjarvismp,Labour,"Dan Jarvis - the work that still needs to be done to assist pupils from deprived areas reach their potential
https://t.co/5ne7dWF3kB
@JayMitchinson @IanDayPix @DanJarvisMP @JayneDowle @SCR_Mayor @GavinWilliamson #Sheffield #Rotherham #Barnsley #Doncaster #gcseresultsday2019",OpinionYP,"@JayMitchinson, @IanDayPix, @DanJarvisMP, @JayneDowle, @SCR_Mayor, @GavinWilliamson",2019-08
2019-08-23,thelma_dwalker,Labour,Hope you are resting and keeping well Stella. https://t.co/3LbBkj123D,stellacreasy,,2019-08
2019-08-23,alisonthewliss,Scottish National Party,"The whole asylum system is falling apart at the seams, under-resourced and under-staffed. Needs root and branch reform. https://t.co/KOhbm1BWgy",Stuart_McDonald,,2019-08
2019-08-23,kerrymp,Labour,The Amazon is on fire - the worlds lungs are burning but in our own backyard thousands of square miles of driven grouse moors are also torched. Please sign this petition to end it https://t.co/DnSB6Bo8Yh and download this poster https://t.co/kEyLV8JzH1 to encourage others to sign https://t.co/mOpF2fjWzs,ChrisGPackham,,2019-08
2019-08-23,tandhesi,Labour,Sikhs risking their lives to get food to their neighbors in need. #PunjabFloods 🙏🏾 https://t.co/sfZoCVtzUr,simran,,2019-08
2019-08-23,pauljsweeney,Labour (Co-op),@redflag3rd @ThunderousAbra1 @TuckerClemens https://t.co/Zt4IT9MsDd,redflag3rd,"@redflag3rd, @ThunderousAbra1, @TuckerClemens",2019-08
2019-08-23,kevin_j_foster,Conservative,RT @SEAC_Defence: If only the Guardian had told me this before I joined at 16...They could have saved me from regaining my failed education…,,@SEAC_Defence:,2019-08
2019-08-23,acunninghammp,Labour,"Lovely to serve food at @carolynharris24’s Kids’ Lunch Club in Swansea. The Conservatives are failing a whole generation of children. Labour will ensure every child reaches their full potential, whatever their background. https://t.co/eD30jfuO0M",jeremycorbyn,@carolynharris24’s,2019-08
2019-08-23,suehayman1,Labour,"“It is astonishing that it is still entirely legal to keep primates as pets,"" says @LukePollard. “@UKLabour will ban people from keeping pet primates as part of our plans to bring Britain’s #AnimalWelfare laws into the 21st century.”

https://t.co/ryJ7nD2gnA",vettimesuk,"@LukePollard., @UKLabour",2019-08
2019-08-23,simonclarkemp,Conservative,"The Brexit Party has stood in 5 FPTP Elections in its existence, all have which have been won by parties which support a 2nd referendum (4 LDM, 1 LAB).",ElectionMapsUK,,2019-08
2019-08-23,jamesfrith,Labour,Sports minister Nigel Adams asks EFL to extend Bury deadline | Football | The Guardian https://t.co/eJb9ywYZzz,,,2019-08
2019-08-23,chhcalling,Conservative,"Proud to sign my first trade deal with Minister Yoo of Korea, a beacon of enterprise, democracy and freedom. 🇬🇧🇰🇷 #UKKoreaFTA #signofthetimes #Readytotrade https://t.co/lGCPQ5DDZJ",trussliz,,2019-08
2019-08-23,catherinewest1,Labour,Look at this petition &amp; sign up for a greener future for our economy &amp; the world of work. https://t.co/hRyIAONxbs,UKLabour,,2019-08
2019-08-24,thomasbrake,Liberal Democrat,"A @YouGov survey found that:

47% of Britons oppose Brexit being forced through by proroguing  parliament
24% support it
29% “Don’t know’

&amp; not all those who support proroguing parliament believe it is legitimate to do so!

Read more about the survey here https://t.co/2wupaEW46b",,@YouGov,2019-08
2019-08-24,peterkyle,Labour,"@IsHousecroft @LabourStudents Thanks so much Isobel, it was really great to spent time with you all",IsHousecroft,"@IsHousecroft, @LabourStudents",2019-08
2019-08-24,jreynoldsmp,Labour (Co-op),.@lucyallan obviously hasn’t met my MP @jreynoldsMP 😂. Plenty of people try to find joy even when we’ve got @BorisJohnson as prime minister. Yes it’s hard but we have to try! https://t.co/fJl7oNMfyn https://t.co/nbLApsBRQs,davidamunday,"@lucyallan, @jreynoldsMP, @BorisJohnson",2019-08
2019-08-24,karlturnermp,Labour,"@SteveAllman For those of you interested in #cysticfibrosis, there is a real life campaign now #LifeSavingDrugs4CF is available in 12 other European countries yet denied on our @nhsengland Support our campaign group on FB
We need to fight for these new @VertexPharma medecines that do work  🙏🏻 https://t.co/RcOqXvfdwj",CFno1LeftBehind,"@SteveAllman, @nhsengland, @VertexPharma",2019-08
2019-08-24,jamesfrith,Labour,On @5liveSport now #UTS,,@5liveSport,2019-08
2019-08-24,catherinewest1,Labour,"@RichardBertinet Today, I have created a @facebook page, to support those who received Pre-Settled Status.

We will be working with organisations like @the3million, local MP's and volunteers who are willing to help with this case.

https://t.co/muhdsLfu5Z

#NotGoodEnough",ChefConsultant,"@RichardBertinet, @facebook, @the3million,",2019-08
2019-08-24,jon_trickett,Labour,Heron on the tree this morning in Ackworth https://t.co/OSV3ychU0f,,,2019-08
2019-08-24,stewartmcdonald,Scottish National Party,"@broadcastscot @UkrEmbLondon Thank you, folks!",broadcastscot,"@broadcastscot, @UkrEmbLondon",2019-08
2019-08-24,lindsayhoyle_mp,Labour,"Celebrating victory with Chorley's Josh  Charnley, Wire fan and ex-England soccer international Stuart Pearce! https://t.co/B9rbCNfB7n",,,2019-08
2019-08-24,borisjohnson,Conservative,"PM @BorisJohnson is attending the #G7 for the first time 🌍

Here’s what's on the agenda ⬇️ 

#G7Biarritz #TeamUK https://t.co/ugJb9sZqgr",10DowningStreet,@BorisJohnson,2019-08
2019-08-24,annaturley,Labour (Co-op),"In the end ‘Britain Trump’ will do what Trump has already demanded and put the biggest prize of all “on the table”. The NHS will be up for grabs. If you want to stop Johnson selling Britain off to Trump, prepare for battle. Stop No Deal Brexit. Stop the #GreatBritishSellOff",NickBoles,,2019-08
2019-08-24,nickymorgan01,Conservative,"‘The single most important thing we can do to take forward the people of this planet, improve the education of girls’ https://t.co/Fzao8tdj3E",10DowningStreet,,2019-08
2019-08-24,jeffsmithetc,Labour,⁦@WithingtonCLP⁩ on the ⁦@ManchesterPride⁩ parade - thanks to harriet and ⁦@crispeater⁩ with the banner https://t.co/LsJACORcpj,,"@WithingtonCLP⁩, @ManchesterPride⁩, @crispeater⁩",2019-08
2019-08-24,jessphillips,Labour,"I'm not a Lady, I'm an Esquire https://t.co/ddZNLjHarD",,,2019-08
2019-08-24,stellacreasy,Labour (Co-op),@julie4nw @edbookfest @KingsCollegeLon Lovely to see you tonight and thank you for coming!,julie4north,"@julie4nw, @edbookfest, @KingsCollegeLon",2019-08
2019-08-24,nus_ghani,Conservative,"I really like this picture - the PM trying hard to get it right and the  joy on the faces of the carer and patient. If you have ever campaigned with @BorisJohnson you would agree, he genuinely lights up lives. Politics had become so joyless, now its joyful. https://t.co/eFSsZiSr8p",lucyallan,@BorisJohnson,2019-08
2019-08-24,alistairburtuk,Conservative,This just now from @EFL so get some kip our kid. #UTS https://t.co/xREWu18Wod,JamesFrith,@EFL,2019-08
2019-08-24,kevinhollinrake,Conservative,Reliance on suicide risk assessment tools alone and untrained NHS staff contributed to 636 tragedies last year. Will work with the Bellerby family to press for change https://t.co/b66WX8vCk0,,,2019-08
2019-08-24,gwynnemp,Labour,☀️ SCORCHIO ☀️ https://t.co/ozzaJcNyhg,,,2019-08
2019-08-24,alexsobel,Labour (Co-op),Currently no3 in chart for weirdest thread on twitter! I’d bet on Ian Lavery against Jacob Rees-Mogg in an arm wrestle every day of the week https://t.co/8zb1K81IpZ,ZubyMusic,,2019-08
2019-08-24,emmahardymp,Labour,"-Conor Burns is UK Minister for International Trade

-This week he was in Brazil

-Asked about the raging fires he said Bolsonaro's Govt had legitimate ambitions to bring prosperity to its people

-Rest of the world sees it this way

https://t.co/4cDYA0zu3O",paul__johnson,,2019-08
2019-08-24,stellacreasy,Labour (Co-op),Hmm …got to be honest that I am just not COMPLETELY sure channelling Austin powers fat bastard character is entirely guaranteed to protect the jobs of the millions who need no deal to be off the table…#brexithaos https://t.co/ET47dmkPza,Peston,,2019-08
2019-08-24,thomasbrake,Liberal Democrat,"Huge congratulations to @pubcathope in Carshalton who have been awarded @CAMRA_Official Greater London Pub of the Year for the 5th time! 

It is a great pub with a wide selection of real ale, beers, ciders and much more

Take a look at their website: https://t.co/ZwcwgSebH1",,"@pubcathope, @CAMRA_Official",2019-08
2019-08-24,stellacreasy,Labour (Co-op),I have been patient young padawans and now I am rewarded …. @JamieFonzarelli @MrTCHarris @keatsandchapman it’s showtime …https://t.co/5ktukQFUVX #bobamp #mandalorian,,"@JamieFonzarelli, @MrTCHarris, @keatsandchapman",2019-08
2019-08-24,deidrebrock,Scottish National Party,@skylinefilmtv @Homebase_uk Thank you Leslie - no he didn’t but it was a bit of a monologue w occasional interventions wasn’t it...,skylinefilmtv,"@skylinefilmtv, @Homebase_uk",2019-08
2019-08-24,stellacreasy,Labour (Co-op),@_IanMoss @alanbeattie I am …it’s just as erratic and therefore leading me to crack my knuckles rather than crack my screen ….,,"@_IanMoss, @alanbeattie",2019-08
2019-08-24,karlturnermp,Labour,"🎶 A very special team song in the @wembleystadium dressing rooms! 

🦅 @SheffieldEagles https://t.co/dceddziVrV",TheRFL,"@wembleystadium, @SheffieldEagles",2019-08
2019-08-24,angelarayner,Labour,Great to have @AngelaRayner and @lisanandy join us on The Hopemobile at #ManchesterPride https://t.co/uiswFhJBUp,CWUnews,"@AngelaRayner, @lisanandy",2019-08
2019-08-24,georgefreemanmp,Conservative,"We're excited to be leading the ""Defending Democracy: Tackling Intimidation and Abuse in Public Life"" panel discussion at @BigTentIdeas on Saturday 31st August.

Will you be joining the conversation? 🗨️🎪  

Tickets still available👉https://t.co/IOZ6wEZVNU https://t.co/1JZAaFO3ZQ",JoCoxFoundation,@BigTentIdeas,2019-08
2019-08-24,emmahardymp,Labour,What a kind and thoughtful gesture. https://t.co/Xatbn0TATd,whazell,,2019-08
2019-08-24,timfarron,Liberal Democrat,"@MattieTK @hendopolis I know, sorry",MattieTK,"@MattieTK, @hendopolis",2019-08
2019-08-24,pritipatel,Conservative,"This is simply untrue, as you well know. Nobody is denied status because they are from a particular country. Home Office is helping Mr Wawryziak with his application so he can get settled status. https://t.co/e3aPgzQES6",DavidLammy,,2019-08
2019-08-24,lee4ned,Conservative,Great to visit @DronfieldBarn earlier this week for the Dronfield Well-being &amp; Mental Health Awareness Day.  Congratulations to Tricia Black and everyone who helped organise it for a brilliantly organised event! https://t.co/fVx5UZEvUD,,@DronfieldBarn,2019-08
2019-08-24,thelma_dwalker,Labour,Happy Janmashtami to the #Hindu community across our country,,,2019-08
2019-08-24,robertsyms,Conservative,"Must-read: @RonaldBailey on the truth behind Amazon fires. ""Since the right-wing nationalist Jair Bolsonaro became Brazil's president, rainforest deforestation rates have increased a bit, but they are still way below their earlier highs.""  https://t.co/go6jp5fmVn",nickgillespie,@RonaldBailey,2019-08
2019-08-24,pauljsweeney,Labour (Co-op),@LindsayPB @Yoss1953 @AaronBastani Does anywhere still design and build the more compact double deck tram cars once common in British cities and still in Hong Kong? They would be much easier to run in British cities given the radius needed for turning would be smaller. https://t.co/ZAjo8Ddi3F,,"@LindsayPB, @Yoss1953, @AaronBastani",2019-08
2019-08-24,andrealeadsom,Conservative,"Great to be at @SilverstoneUK for the @MotoGP 🏁! Thanks to the @F1APPG, @J_Donaldson_MP and @alexanderreevo for organising! 🙏 
#SouthNorthamptonshire @andrealeadsom https://t.co/q7G1pvLQcJ",LukeGraystone,"@SilverstoneUK, @MotoGP, @F1APPG,, @J_Donaldson_MP, @alexanderreevo, @andrealeadsom",2019-08
2019-08-24,willquince,Conservative,@ukDean1970 @UnholyTom1980 Some require a pass which the 5000+ people that work there will have and for some a visitor pass is fine. That's not true about table service.,ukDean1970,"@ukDean1970, @UnholyTom1980",2019-08
2019-08-24,louhaigh,Labour,"Urgh, why does this even need saying?? https://t.co/XLOOdov8bQ",dharford79,,2019-08
2019-08-24,marcus4nuneaton,Conservative,Enjoyable morning with @NuneatonMatters out listening to residents in Weddington. Very positive response. #Torycanvass https://t.co/qdCdGPNTKH,,@NuneatonMatters,2019-08
2019-08-24,annaturley,Labour (Co-op),@JaneyGodley @tru @juliedonaldson You’re welcome back any time!,JaneyGodley,"@JaneyGodley, @tru, @juliedonaldson",2019-08
2019-08-24,nicdakin55,Labour,"⚽️ Report: Macclesfield Town 1-0 Iron - https://t.co/ys3ELnjlIX

#UTI #IRON https://t.co/9lAa6BuX6O",SUFCOfficial,,2019-08
2019-08-24,owenpaterson,Conservative,"Full replay and reaction: Watch how Stradivarius won another #StayersMillion @yorkracecourse plus interviews with John Gosden and Frankie Dettori. #ClassicEbor

https://t.co/1B102wy0MJ",RacingTV,@yorkracecourse,2019-08
2019-08-24,tandhesi,Labour,"We have been speaking to media about the tragic case of Amitpal Singh Bajaj, in order to pass on statements directly provided from his family.

Attached is a statement from eye witness Bandhna Kaur, Amitpal's wife, which contradicts early press reports.

Please share. https://t.co/h3nPPOSRoM",SikhPA,,2019-08
2019-08-24,stephenmorganmp,Labour,"Nothing beats a Victorious Festival sunset...🌇❤️
​Incredible performance from one of our faves @oceancolourscene
​
​#victoriousfestival #oceancolourscene https://t.co/HlkIlFaXTX",VictoriousFest,@oceancolourscene,2019-08
2019-08-24,davidlammy,Labour,How is this interesting for god sake it’s 2019. Perhaps Angela Merkel husband is at home doing the ironing. Why does she need a plus one any way? Boring.. https://t.co/zLX3i1MoNB,Peston,,2019-08
2019-08-24,cpjelmore,Labour,Great to have the support of @stellacreasy @MartWhitfieldMP and @CPJElmore at our Summer Garden Party. Good to see lots of familiar faces and new members. https://t.co/wM6hm9Wx6C,ScottishFabians,"@stellacreasy, @MartWhitfieldMP, @CPJElmore",2019-08
2019-08-24,rees4neath,Labour (Co-op),⁦@PrideCymru⁩ with great friends ⁦@Rees4Neath⁩ ⁦@MatthewDorrance⁩ ⁦@JackieJonesWal1⁩ and my newly settled status partner ⁦@fabiberrettoni⁩ #PrideCymru https://t.co/VpCGX1y1nk,TheLadyWilcox,"@PrideCymru⁩, @Rees4Neath⁩, @MatthewDorrance⁩, @JackieJonesWal1⁩, @fabiberrettoni⁩",2019-08
2019-08-24,cpjelmore,Labour,"Proud to be a signatory. 
Even prouder to be an ally &amp; member of @LGBTLabourWales
Equality &amp; diversity should be celebrated by all, but we must never forget there is so much more to do to support the LGBT+ community.
Have a wonderful, fun &amp; safe #PrideCymru all! 🏳️‍🌈🏳️‍🌈🏳️‍🌈🏳️‍🌈 https://t.co/XWdPhtSZEL",LGBTLabourWales,@LGBTLabourWales,2019-08
2019-08-24,alisonthewliss,Scottish National Party,With the team at Sumburgh Head... next up a stop in by Ness Gala Day! 🎈 https://t.co/OYe5TWFfBF,TomWills60N,,2019-08
2019-08-24,angusmacneilsnp,Scottish National Party,"""Last year Scotland’s production was 90% of the Norwegian level yet GERS only managed to show just over £1bn of tax receipts, while Norway raised £11bn in 2018."" https://t.co/t2Q7FQBuMv",AngusMacNeilSNP,,2019-08
2019-08-24,william_wragg,Conservative,Great to visit @WorkerBeeMarket at @WindsorCastleMB in Marple Bridge this morning. Lots of local Stockport produce and products on offer. Thanks to Claire for organising and Jo for hosting 👍 https://t.co/SM5dzd01ct,,"@WorkerBeeMarket, @WindsorCastleMB",2019-08
2019-08-24,tomtugendhat,Conservative,"This is extraordinary. I had to show passports, bills, and more to prove my identity when I opened an account. How can ⁦@HSBC⁩, ⁦@AskLloydsBank⁩ and ⁦@metpoliceuk⁩ have done all they can if whoever opened the account isn’t identified? https://t.co/C3CuAHQCxn",,"@HSBC⁩,, @AskLloydsBank⁩, @metpoliceuk⁩",2019-08
2019-08-24,tandhesi,Labour,"Small business owners like Chloe are fed up with the Government's chaotic approach to Brexit.

https://t.co/rRHOjvvEo9",jeremycorbyn,,2019-08
2019-08-24,borisjohnson,Conservative,"At the G7 I’m going to be standing up for what we in the UK believe in 🇬🇧

#TeamUK #G7 https://t.co/sF0mvkZqJg",,,2019-08
2019-08-24,timfarron,Liberal Democrat,"@royston_o @hendopolis Indeed, my mistake!",,"@royston_o, @hendopolis",2019-08
2019-08-24,damiangreen,Conservative,"Fantastic jazz and cream tea garden party this afternoon, raising funds for Charing Conservatives, courtesy of Rose &amp; Gerry Clarkson.@DamianGreen @AshfordCCA https://t.co/U49bwrAfb3",thatcheriteandy,"@DamianGreen, @AshfordCCA",2019-08
2019-08-24,stewartmcdonald,Scottish National Party,@CalumRKerr @UkrEmbLondon Thanks pal! Hope you’re keeping well.,CalumRKerr,"@CalumRKerr, @UkrEmbLondon",2019-08
2019-08-24,emmahardymp,Labour,💥 https://t.co/4vcWmgsfQ7,gavinesler,,2019-08
2019-08-24,louhaigh,Labour,"THREAD: We receive huge volumes of abuse, across all social media platforms. Today, we wanted to share just a tiny proportion of what we receive. 

*warning: distressing content* (1/6)",JewishLabour,,2019-08
2019-08-24,gradysnp,Scottish National Party,Great fun at Cadder Gala day with brilliant weather. ⁦@jakimclaren⁩ ⁦@BobDorisSNP⁩ ⁦@Maryhill_SNP⁩ ⁦@GradySNP⁩ https://t.co/bbflHe3Pl8,GoforGow,"@jakimclaren⁩, @BobDorisSNP⁩, @Maryhill_SNP⁩, @GradySNP⁩",2019-08
2019-08-25,rthondavehanson,Labour,In #Liverpool cathedral for a charity event yesterday I came across the grave of Liverpool Victoria Cross holder sgt richardson which I thought I’d share-a boer war V C in 1900 -the  grave marker now stands at the entrance to the main cathedral. https://t.co/o3061cfjBA,,,2019-08
2019-08-25,karlturnermp,Labour,There has been a part of Denmark in Hull for nearly 150 years - but it is in danger of going https://t.co/Ub9aUbmZvw,hulllive,,2019-08
2019-08-25,annemariemorris,Conservative,"High streets lie at the heart of our communities and local economies, creating jobs, nurturing small businesses here in Newton Abbot. This funding will give a much needed vital boost to our high street as local businesses adapt to face changing consumer trends 2/2",AnneMarieMorris,,2019-08
2019-08-25,trussliz,Conservative,"“To get the whole thing done... within a year is going to be a big ask”

Boris Johnson says the US is ambitious to get a trade deal “as quick as possible” but the deal must be right for the UK, and will take some time

https://t.co/A2H5S7JTIJ https://t.co/2sBL4kc6JX",BBCPolitics,,2019-08
2019-08-25,lucyallan,Conservative,The inappropriate use of leasehold on properties that would ordinarily have been freehold has cast a long shadow. Tackling these issues and promoting better alternatives will be a priority for me at @mhclg https://t.co/Wa3tQAjrE4 via @MailOnline,RobertJenrick,"@mhclg, @MailOnline",2019-08
2019-08-25,angelaeagle,Labour,"AN INCREDIBLE MOMENT!! 

AN ABSOLUTE WARRIOR!!

WHAT A MAN @benstokes38!!

Scorecard/Videos: https://t.co/yK4bf7wbfc

#Ashes https://t.co/o95fdZd31O",englandcricket,@benstokes38!!,2019-08
2019-08-25,stephenctimms,Labour,Televised address at start of London Sri Mahalakshmi Temple’s Chariot Festival through streets of East Ham. Large numbers gathering in excellent spirits in the sunshine this morning. https://t.co/UkfIpK0wJl,,,2019-08
2019-08-25,sarahchampionmp,Labour,"@AffordableLeath @Janus_Romanus @bond71590 @emjay1968 @SarahChampionMP @appgsextrade ""Consensual sex work"" is an oxymoron. Our sexuality is core to our humanity. Commodifying it is a violation of that humanity. We explained why prostitution can be viewed as slavery in the linked article in our previous tweet. Also see:

https://t.co/zdR6SQUIBb",nordicmodelnow,"@AffordableLeath, @Janus_Romanus, @bond71590, @emjay1968, @SarahChampionMP, @appgsextrade",2019-08
2019-08-25,zacgoldsmith,Conservative,Thrilled to welcome the @ascension_gov announcement to designate a large-scale Marine Protected Area to protect the precious marine life in their seas. This has been a hugely impressive collaborative effort &amp; I congratulate and thank everyone involved. https://t.co/E8SDwPOziS,ascension_gov,@ascension_gov,2019-08
2019-08-25,pauljsweeney,Labour (Co-op),This was a great venue as a fan and an opportunity for real work experience for students @GKCollege. Keeping should be a priority. https://t.co/dWKPzvvYRt,AlanSherry1,@GKCollege.,2019-08
2019-08-25,alexsobel,Labour (Co-op),@AnishaFaruk Still ongoing Community was ordered to pay GMB £25k last year for breaching TUC rules.,,@AnishaFaruk,2019-08
2019-08-25,ranil,Conservative,"At the G7 I’m going to be standing up for what we in the UK believe in 🇬🇧

#TeamUK #G7 https://t.co/sF0mvkZqJg",BorisJohnson,,2019-08
2019-08-25,chionwurah,Labour,This is the very minimum... the EU-Mercosur trade deal should be halted until respect for Amazon &amp; its people: EU to discuss Brazil beef ban over Amazon fires https://t.co/cETJACTxY6 @LabMEPs @EmilyThornberry,Jude_KD,"@LabMEPs, @EmilyThornberry",2019-08
2019-08-25,joplattleigh,Labour (Co-op),"I once worked for Costa. I was told not to come back because I got a horrible cold on my 3rd week (from another member of staff.) I then wasn’t paid for any of the work I’d done.

I was young and didn’t think you could join a union for that kind of job. I was wrong. #JoinAUnion https://t.co/lL6H60g3pl",DaniRowley,,2019-08
2019-08-25,stevebakerhw,Conservative,"Conflict + insecurity seriously harm girls’ access to education. We're working to ensure they can be safe in school. 

Read more about the Prime Minister’s announcement of #UKAid funding for @EduCannotWait at the #G7: 
https://t.co/FitDqj3YY7 https://t.co/7DSX8YMKnX",DFID_UK,@EduCannotWait,2019-08
2019-08-25,stevebakerhw,Conservative,"I am a bear of very little travelling brain, but I don’t understand how it’s lawful to sell quite so many tickets from Edinburgh over seats to London to sit on? What regulations are we supposed to be getting rid of if there isn’t one stopping this? Also, Virgin WiFi‘s a war crime https://t.co/k0FAabOwOH",MechaNonPlacet,,2019-08
2019-08-25,paulblomfieldmp,Labour,@suzikaz @BestForBritain Agree completely. Read more here and drop me an email at paul.blomfield.mp@parliament.uk https://t.co/aO6IqAiWRm,suzikaz,"@suzikaz, @BestForBritain, @parliament.uk",2019-08
2019-08-25,chionwurah,Labour,"Newcastle Mela takes place today at Exhibition Park.  Head down from 12pm to join the celebrations including henna tattooing, music, dancing and lots of entertainment. ✨ 🌈 

  https://t.co/4aWI9GmJST  #NewcastleMela https://t.co/e6FQbrGRkg",NewcastleCC,,2019-08
2019-08-25,acunninghammp,Labour,"What a shameful verdict on this Tory government.

After years of rising poverty and cutbacks, malnutrition cases treated by our NHS have almost trebled.  https://t.co/VJQ00ESVez",JonAshworth,,2019-08
2019-08-25,jamescleverly,Conservative,"My message to G7 leaders this week is this: the Britain I lead will be an international, outward-looking, self-confident nation. 🇬🇧 #G7 #TeamUK https://t.co/Jm5LDjCW6e",BorisJohnson,,2019-08
2019-08-25,simonclarkemp,Conservative,"🥀 Labour won't respect the result of the referendum.

🌳🇬🇧 Only @BorisJohnson and the Conservatives will deliver Brexit by October 31st. https://t.co/oqOgJBR8jo",Conservatives,@BorisJohnson,2019-08
2019-08-25,grahamemorris,Labour,"@johnmcdonnellMP Large parts of the MSM alternate between making it up as they go along AND cheerleading for the #Tories. Correction a lot of the time they do both simultaneously. I want to be informed not misled and patronised. Is that too much to ask? I know, I know ...",gletherby,@johnmcdonnellMP,2019-08
2019-08-25,danirowley,Labour,@dohoodle Only number 4?? #robbed,dohoodle,@dohoodle,2019-08
2019-08-25,ianclucas,Labour,"Detail of Vote Leave’s illegal payments. I await answers from Johnson, Gove and Cummings. https://t.co/qM8VMXLgkY",,,2019-08
2019-08-25,toniaantoniazzi,Labour,Wooohoooooo this is history @benstokes38 @englandcricket (&amp;Wales) #Ashes19 #proud,,"@benstokes38, @englandcricket",2019-08
2019-08-25,zacgoldsmith,Conservative,Wouldn’t have happened without you and your colleagues! A great day! https://t.co/LO189VsRhJ,AdrianGahan,,2019-08
2019-08-25,halfon4harlowmp,Conservative,"We cannot say that the NHS is free at the point of access when we are still charging for parking at hospitals.

As @DailyMailUK have uncovered today, this is a stealth tax on sick and vulnerable patients.

I've been campaigning on this since 2014 and I will continue to do so👩🏼‍⚕️👨🏼‍⚕️ https://t.co/GK7WqEH6Aw",halfon4harlowMP,@DailyMailUK,2019-08
2019-08-25,davidrutley,Conservative,Fantastic time at yesterday's 119th @PoyntonShow. Thanks to all who made this standout community event possible! @SJGilmore68 @poyntontownclrk https://t.co/E3QO1u9EpS,,"@PoyntonShow., @SJGilmore68, @poyntontownclrk",2019-08
2019-08-25,tomtugendhat,Conservative,@ProfTimBale Thanks. Though I wish it were not.,ProfTimBale,@ProfTimBale,2019-08
2019-08-25,alexsobel,Labour (Co-op),"I spent five months undercover in Generation Identity with @hopenothate

I found:
- Links to terrorist group National Action
- Links to the Navy and Trident
- The inside story of their split with Europe

Full story: https://t.co/77giXaTEqG

THREAD:

https://t.co/Q72YiZdgFc",_BvdM,@hopenothate,2019-08
2019-08-25,gordonmarsden,Labour,Great support at Matalan from ⁦@gmbnwi⁩ ! Come and say hello ! ⁦@GMBCouncillors⁩ ⁦@Georgie_Patto⁩ ⁦@LisaGMB⁩ ⁦@deniseNWI⁩ ⁦@GMBYoungNWI⁩ https://t.co/FoGwur8Qe5,neilsmithgmb,"@gmbnwi⁩, @GMBCouncillors⁩, @Georgie_Patto⁩, @LisaGMB⁩, @deniseNWI⁩, @GMBYoungNWI⁩",2019-08
2019-08-25,madeleinemoon,Labour,An excellent set of questions @terrychristian @Bridgend4Europe @WalesForEurope @BestForBritain @WelshLabour https://t.co/1Qx8Q1Sp0s,terrychristian,"@terrychristian, @Bridgend4Europe, @WalesForEurope, @BestForBritain, @WelshLabour",2019-08
2019-08-25,liambyrnemp,Labour,"WOW! 🍻

Yes, @englandcricket 🙌.

#Edgbaston #Ashes 

 https://t.co/pHWO0rMYYY",Edgbaston,@englandcricket,2019-08
2019-08-25,geraldjoneslab,Labour,"We're very excited for the start of our Crafty Cafe at Redhouse Cymru! 

Very informal setting -  just come along with your craft and enjoy the relaxed space to get crafty!

#RedhouseCafe #craftycafe https://t.co/uDirMeCnuz",WellbeinMerthyr,,2019-08
2019-08-25,borisjohnson,Conservative,Today I met Chile's President @sebastianpinera at the G7 Summit 🇬🇧🇨🇱#TeamUK #G7Biarritz https://t.co/nDuGnKmu6N,,@sebastianpinera,2019-08
2019-08-25,stellacreasy,Labour (Co-op),Alright - which one of you did this really @JamieFonzarelli @MrTCHarris @keatsandchapman it’s not funny and it’s not clever…. https://t.co/n6xdyO4gDh,_elvishpresley_,"@JamieFonzarelli, @MrTCHarris, @keatsandchapman",2019-08
2019-08-25,pow_rebecca,Conservative,So delighted that through collaboration this huge tract of the environment will now be protected : https://t.co/Zojj6694Pl,ZacGoldsmith,,2019-08
2019-08-25,geraintdaviesmp,Labour (Co-op),"Great discussion on ‘Brexit - an English problem?’ &amp; Brexit provoking Scottish independence, Irish reunification &amp; Welsh vote ie a divided kingdom at @BylineFest with @AnthonyBarnett @Femi_Sorry @GeraintDaviesMP @MadeleinaKay @AdamRamsay @AndreaCooperUK https://t.co/s4VZol1Vql",,"@BylineFest, @AnthonyBarnett, @Femi_Sorry, @GeraintDaviesMP, @MadeleinaKay, @AdamRamsay, @AndreaCooperUK",2019-08
2019-08-25,halfon4harlowmp,Conservative,"Great news from @BorisJohnson!

@FairFuelUK @steve_hawkes 

#CuttingTheCostOfLiving https://t.co/zub5sRHLBe",,"@BorisJohnson!, @FairFuelUK, @steve_hawkes",2019-08
2019-08-25,jamesfrith,Labour,Cheers Anthony 👍🏼 https://t.co/fcHecPnZCs,amjonno,,2019-08
2019-08-25,annietrev,Conservative,"#MentalHealthMatters
My baby 18 tomorrow and yesterday a best mate passed away.

Breaks my heart that I cant make things all better.

No magic cream or kissing him better tonight

NOTHING is so bad it cant be fixed. 

Feel you cant cope?  
Please talk to someone and get help.",carolynharris24,,2019-08
2019-08-25,vernon_coaker,Labour,"Malnutrition cases treated by the NHS have almost trebled under Tory government - Mirror Online.
Read these figures which are their own. Disgraceful https://t.co/Va1ZlZDgWX",,,2019-08
2019-08-25,edwardjdavey,Liberal Democrat,"This👇
This is everything
This shows nature of their lies
This shows who #ConmanJohnson is
This shows they don’t have yr interests at heart, only their political survival

It doesn’t matter what you voted before; stand with us now
#BattleForBritain #StopBrexit #StopBrexitSaveNHS https://t.co/T6vkT8lqO8",PhilipHammondUK,,2019-08
2019-08-25,cajardinemp,Liberal Democrat,We have an internationals crisis. The world is literally burning. And our PM is intent on silencing parliament so he can drive us off an economic cliff with No Deal Brexit. Can someone bring Boris back to reality please? https://t.co/XB88soHdv3,,,2019-08
2019-08-25,pauljsweeney,Labour (Co-op),@YesMaryhill @labfreemvmt ... https://t.co/6sdv2LabsY,YesMaryhill,"@YesMaryhill, @labfreemvmt",2019-08
2019-08-25,benpbradshaw,Labour,Given the scale of the briefing operation that amplified this misleading story this is a very measured response. https://t.co/CRpSxJ5lZM,tom_watson,,2019-08
2019-08-25,thangammp,Labour,"Deadly situation in Syria, millions of people at risk from armed conflict as Assad vows to retake all Syria.
Three million caught in crossfire as Assad vows to capture every inch of Syria

https://t.co/O2ECUSdXaj",,,2019-08
2019-08-25,craig4nwarks,Conservative,@SteveBakerHW Ha!,SteveBakerHW,@SteveBakerHW,2019-08
2019-08-25,benpbradshaw,Labour,@MarkEuromark There are a number of ways. You’ve probably read about some of them. Let’s not help the Government by telling them. 😉,MarkEuromark,@MarkEuromark,2019-08
2019-08-25,tpearce003,Labour,@BBCOne have moved the start time of #poldark tonight. It’s on at 8.00. Next week (last ever episode) is on at 8.30.,,@BBCOne,2019-08
2019-08-25,lordianaustin,Labour,Definitely a penalty.,,,2019-08
2019-08-25,karlturnermp,Labour,"Artists installed seesaws at the border wall so that kids in the U.S. and Mexico could play together. It was designed by architect Ronald Rael. ⁣
⁣
Beautiful reminder that we are connected: what happens on one side impacts the other.
🇲🇽 ❤️ 🇺🇸 https://t.co/vSpfxhtvkX",martinezmau,,2019-08
2019-08-25,marycreagh_,Labour,@PickardJE He didn’t grow them in a window box! I have some small radishes but they are not worthy of a pic.,PickardJE,@PickardJE,2019-08
2019-08-25,annaturley,Labour (Co-op),"HOW IS THIS NOT FRONT PAGE NEWS?

@BorisJohnson ‘s own brother is exercising disaster capitalism in plain sight:

“The multilingual banker-turned-entrepreneur says investors should make use of the sterling’s weakness to snap up assets in the UK”.

https://t.co/lszg7aSLb9",JoRichardsKent,@BorisJohnson,2019-08
2019-08-26,jessphillips,Labour,Priti Patel accused of conflict of interest in MoD contract https://t.co/dF5XOK9Yfd,GdnPolitics,,2019-08
2019-08-26,simon4ndorset,Conservative,"The 50-mile White Hart Link is officially open following today's #Shaftesbury event. Click to link to hear our interviews, to see our pictures and to find out what the special guest thought of this walk through our #Dorset countryside.

https://t.co/cyK07QJrLB @CampaignerKate https://t.co/8fCWgYemhV",ListenToAlfred,@CampaignerKate,2019-08
2019-08-26,thelma_dwalker,Labour,Not that you would know via ANY BBC channels but tomorrow I am 'guest editor' of The Today Programme @BBCr4today. We broadcast from 6am to 9am . The interview with my social worker will be at 6.45am. https://t.co/KjGY4HKGme,lemnsissay,@BBCr4today.,2019-08
2019-08-26,mimsdavies,Conservative,"The rights of the 169,000 #EUcitizens currently working in health and social care remain unchanged.

Watch Giuseppe from @KingstonHospNHS share his experience of the EU Settlement Scheme application 👇

Apply online👉 https://t.co/FJjDvWUlrx

#OurNHSPeople | #SettledStatus https://t.co/JItZTSfDlS",DHSCgovuk,@KingstonHospNHS,2019-08
2019-08-26,catharinehoey,Labour,"After their G7 meeting, Aussie PM Scott Morrison is ""absolutely convinced"" that Boris means it when he says we're leaving on October 31 come what may.

He also said a UK/Aus trade deal could be done within a year. Such optimism makes a change to the pessimists in Brussels! 🇬🇧🇦🇺",LeaveEUOfficial,,2019-08
2019-08-26,barrysheerman,Labour (Co-op),This will be exciting! https://t.co/XEJRkaSb0x,MaryCreagh_,,2019-08
2019-08-26,keeleymp,Labour,"My husband Gordon died from Motor Neurone Disease in 2017.

In a fortnight I’m attempting the Three Peaks Challenge to raise money for @MNDScotland and #FundACure. Trying to scale highest mountains in 🏴󠁧󠁢󠁷󠁬󠁳󠁿, 🏴󠁧󠁢󠁥󠁮󠁧󠁿 &amp; 🏴󠁧󠁢󠁳󠁣󠁴󠁿 within 24 hrs.

It’s an incredible cause:
https://t.co/W8jRz4anUV",joepike,@MNDScotland,2019-08
2019-08-26,stewartmcdonald,Scottish National Party,This year’s Tallinn Digital Summit focuses on the future of artificial intelligence https://t.co/knSCnOEHd0 https://t.co/KufmqOTO01,EstonianGovt,,2019-08
2019-08-26,sandbach,Conservative,@resurgentsheep @arhselk Another one of your Brexit party echo chamber Mr Henderson,resurgentsheep,"@resurgentsheep, @arhselk",2019-08
2019-08-26,halfon4harlowmp,Conservative,@longbeach54620 Thank you :),longbeach54620,@longbeach54620,2019-08
2019-08-26,dr_philippaw,Scottish National Party,"Is Britain becoming a failed state? Still can’t get over this piece by man who pretty much *is* the British state: ex-chair of Conservative party, last governor of Hong Kong, ex-chair BBC Trust, member of House of Lords &amp; chancellor of Oxford University https://t.co/ZcV8m994Lj",carolecadwalla,,2019-08
2019-08-26,stellacreasy,Labour (Co-op),Replacing the indefatigable @jennettearnold is going to be very difficult and she will be much missed - Please join me in backing @Semakaleng fight for our community in the London Assembly. Find out more about her at https://t.co/ton97bNE6Q https://t.co/dNE46bx8XW,,"@jennettearnold, @Semakaleng",2019-08
2019-08-26,stevebakerhw,Conservative,Happy #InternationalDogDay! 🐶🔵🌳 https://t.co/ECsrUeCrW0,Conservatives,,2019-08
2019-08-26,annaturley,Labour (Co-op),@chrisherries 😂 I wish!,,@chrisherries,2019-08
2019-08-26,seemamalhotra1,Labour (Co-op),"Boris Johnson seeks legal advice on five-week parliament closure ahead of Brexit https://t.co/L8GEKU18nv I am utterly speechless.  A Brutish Prime Minister determined to disregard Parliamentry democracy.  As @Keir_Starmer says, it must be stopped.",LabourRoyall,@Keir_Starmer,2019-08
2019-08-26,siobhain_mc,Labour,"The end-of-mission briefing of the @UN Special Rapporteur on #Freedom of #Religion or Belief, Ahmed Shaheed, on his visit to #SriLanka, was held today. 
Full statement – https://t.co/sTEH8kBqA6 https://t.co/jEMvayDNRX",UNSriLanka,@UN,2019-08
2019-08-26,stephenmorganmp,Labour,"Oxford's Labour-led green initiatives show the key role that councils play in the fight against climate breakdown. Thanks to @LabourCLG’s @StephenMorganMP for visiting Oxford, meeting sustainable businesses, and taking practical ideas back to Parliament.
 https://t.co/YPcZbQNRqL",CllrTomHayes,"@LabourCLG’s, @StephenMorganMP",2019-08
2019-08-26,suehayman1,Labour,Another big announcement from @UKLabour’s Shadow Defra Team today - calling time on trophy hunting imports. Long overdue and necessary. @LabourDefra https://t.co/UTlYWqWypG,LukePollard,"@UKLabour’s, @LabourDefra",2019-08
2019-08-26,rorystewartuk,Conservative,@MykelO Thank you - will follow up,MykelO,@MykelO,2019-08
2019-08-26,andrewbowie_mp,Conservative,Started the day at the brilliant @ScottishSPCA centre at Drumoak. Such great work with some lovely animals looking for new homes. Almost ended up with an office kitten...and dog...and horse...drew the line at a ferret though. https://t.co/jMo7C0r61h,,@ScottishSPCA,2019-08
2019-08-26,angusmacneilsnp,Scottish National Party,The best way to stop a No Deal Brexit and stop this Brexit charade being further kicked down the road is to #RevokeA50  . Not #RevokeA50Now keeps the Brexit stupidity game going.,,,2019-08
2019-08-26,angusmacneilsnp,Scottish National Party,Johnson &amp; Johnson shares up 4% after being fined half a billion dollars as the potential was $17bn for opiate problems in Oklahoma. https://t.co/8q3qaem4E9,ajplus,,2019-08
2019-08-26,annaturley,Labour (Co-op),"🦁 BREAKING NEWS🦁
#Labour pledge TOTAL ban on ‘cruel &amp; indefensible importing of wild animal trophies to UK’
PLS SHARE RT show support for @SueHayman1 &amp; @LabourDefra’a bid to improve #LAWS4Animals &amp; #BanTrophyHunting 
#GE19 🐘🦒🦏🦁 https://t.co/WUWRHrql9v https://t.co/04rBWRaBAF",Labour4Animals,"@SueHayman1, @LabourDefra’a",2019-08
2019-08-26,mike_fabricant,Conservative,"Well, you know what Nick? Last night I had (chlorinated?) chicken drenched with a sweet and sour sauce at the Café Diablo in Torrey, Utah. It was inexpensive, tasted great, and I’m doing just fine. 
Take your nasty anti-Americanism elsewhere please. https://t.co/q68gmAW8fm",NickBoles,,2019-08
2019-08-26,julianknight15,Conservative,Truth is BBC agreed to this and when it saw a moment of political weakness in the dog days of May it decided to renege...no future government can trust what BBC management says in a negotiation again as a result! https://t.co/JxcxtnRDQN,FMConservatives,,2019-08
2019-08-26,andrewbowie_mp,Conservative,Gorgeous day for an open air surgery in Crathie this afternoon ☀️ #westaberdeenshireandkincardine #summer https://t.co/T0beA3Yx0Z,,,2019-08
2019-08-26,annietrev,Conservative,"“At the #G7 I’ve had meetings with several world leaders, standing up for the values that we in the UK believe in."" – PM @BorisJohnson #TeamUK🇬🇧 https://t.co/3aTB3GyUxm",10DowningStreet,@BorisJohnson,2019-08
2019-08-26,alison_mcgovern,Labour,"On Wed 18 September I will celebrate the 30th birthday of the Women’s Budget Group(WBG) with a Working Party all dayer to re-write the regions Industrial Strategy from diverse womens perspectives. Msg me if you can party. 

Good Read 👇
 https://t.co/dD8BAJi2ye",erika_rushton,,2019-08
2019-08-26,sarahwollaston,Conservative,@RoryStewartUK Worth looking at the evidence from Portugal and Frankfurt on how they tackled this with a harm-reduction approach that has saved thousands of lives,RoryStewartUK,@RoryStewartUK,2019-08
2019-08-26,rebeccaharrismp,Conservative,"The PM has announced the extension of the @ukgovbluebelt, covering more than half of UK waters🌊

He also reaffirmed our ambition to protect 30% of the global ocean by 2030 to secure a clean, healthy and biologically diverse ocean for the next generation.

https://t.co/lY1rRnQ8I3 https://t.co/iPk76eGGI2",DefraGovUK,"@ukgovbluebelt,",2019-08
2019-08-26,joannaccherry,Scottish National Party,Gordon Brown’s equation of the challenges of #Brexit with the challenges of #Independence is lazy &amp; disingeuous. Here’s an excellent independent analysis of why this nonsense won’t wash in the #indyref2 debate https://t.co/Udqun4TPo5,joannaccherry,,2019-08
2019-08-26,sarahwollaston,Conservative,"OPINION: Those of us who moved to EU countries in good faith don’t deserve to be stripped of our rights - The Local, well said ⁦@Suewilson91⁩ ⁦@BremainInSpain⁩  https://t.co/IjkjUpEZOY",BrexpatsHOV,"@Suewilson91⁩, @BremainInSpain⁩",2019-08
2019-08-26,helen_whately,Conservative,When Parliament returns in September we’ll be debating the Cleve Hill solar proposal - more info here: https://t.co/jBcNoauv9h,,,2019-08
2019-08-26,keeleymp,Labour,"This legal advice from the Shadow Attorney General, Shami Chakrabarti, torpedoes Johnson’s threat to shut down Parliament to force through a No Deal. It was an unwise, intemperate and immature ruse dreamt up by Johnson and Cummings. https://t.co/j0DSmtlcwf",johnmcdonnellMP,,2019-08
2019-08-26,toniaantoniazzi,Labour,"@clivedunn10 @Emmabarnett @WelshLabour @Byron_Davies Promoting equality and diversity at every opportunity that’s @WelshLabour and I’m proud to be a part of it. 💪🏻🌟 
I heard Byron isn’t standing by the way, so why are you tagging the poor bloke?",,"@clivedunn10, @Emmabarnett, @WelshLabour, @Byron_Davies, @WelshLabour",2019-08
2019-08-26,simonclarkemp,Conservative,"I’m delighted that following the £300,000 given to Darlington and Stockton, both Loftus and Middlesbrough have also been shortlisted for Government funding to help transform their town’s high streets.

https://t.co/G9qndkE7eW",BenHouchen,,2019-08
2019-08-26,rlong_bailey,Labour,"Today's quake tremors across Blackpool #fracking  underlines all I said in recent tweets. People in B Pl South contacting us w their experiences
Will be demanding Govt Environment Minister halt drill operations NOW. Govt have let Cuadrilla play Russian roulette  w people's homes",GordonMarsden,,2019-08
2019-08-26,alexsobel,Labour (Co-op),The report's authors insist all 12 suggestions could be implemented within the next year. @CllrWalshaw @lisamulherin @cllrjudithblake @andy_gouldson https://t.co/0bya36Nat3,LeedsClimateCom,"@CllrWalshaw, @lisamulherin, @cllrjudithblake, @andy_gouldson",2019-08
2019-08-26,gwynnemp,Labour,The epicentre of the earthquake has now been revised by @BritGeoSurvey - now understood to be just metres from the Preston New Road site. https://t.co/eosDHTANHB,MikeStevensBBC,@BritGeoSurvey,2019-08
2019-08-26,hugoswire,Conservative,We're providing £10 million to help #ActforAmazon https://t.co/anQGzvazvy,BorisJohnson,,2019-08
2019-08-26,rhonddabryant,Labour,"Simple , inexpensive, progressive @WelshGovernment  @WelshLabour legislation requiring public display of food standard ratings  has led to a massive improvement in food standards 

What happened next to every zero rated restaurant in Wales from a year ago https://t.co/SWY7YBc9W9",MickAntoniw1,"@WelshGovernment, @WelshLabour",2019-08
2019-08-26,ianblackford_mp,Scottish National Party,"@gwaz85 No i will call out abuse from all, it is never acceptable.",,@gwaz85,2019-08
2019-08-26,pauljsweeney,Labour (Co-op),"Take part in a live #conservation project! September 2-4, 
@DarrenMcLean_uk 
 will be building mosaics in our shopfront, as a live #restoration of the destroyed #HighStreet Mosaics. Drop by 10-4 for hands-on experience to make your own #mosaic piece! Info: https://t.co/6ophlvfsV1 https://t.co/h2PrWZGVCe",GlasgowHeritage,@DarrenMcLean_uk,2019-08
2019-08-26,johnnymerceruk,Conservative,"‘True heroism is remarkably sober, very undramatic. It is not the urge to surpass all others at whatever cost, but the urge to serve others at whatever cost.’
- Arthur Ashe.
His glasses were steaming, his heart was racing, but his bottle stood firm. 
Hero: ⁦@jackleach1991⁩ https://t.co/kHBynV1Dk2",piersmorgan,@jackleach1991⁩,2019-08
2019-08-26,jamesfrith,Labour,"Tammy Abraham, Roberto Firmino, Mark Noble, James Frith and Chris Wilder... https://t.co/kELmjoIlsL",henrywinter,,2019-08
2019-08-26,nadhimzahawi,Conservative,"Business Secretary @AndreaLeadsom :  “The fires devastating the Amazon rainforest are an absolute tragedy. The £10m we’re offering today will be invested in Brazil to restore areas already destroyed and protect those habitats still intact"" #AmazonFires https://t.co/Z3eLSUzeCi",beisgovuk,@AndreaLeadsom,2019-08
2019-08-26,votepursglove,Conservative,"Last month, the @EnvAgency &amp; @WaterUK launched their ‘Love Water’ campaign, which encourages people to make the connection between the water that comes out of their tap &amp; the choices they make in the home. We can all do right by our environment! https://t.co/eDTFUsiYif",,"@EnvAgency, @WaterUK",2019-08
2019-08-26,paulasherriff,Labour,Labour's @SueHayman1 announces total ban on cruel and indefensible trophy hunting imports https://t.co/cdtbUuyldi,labourpress,@SueHayman1,2019-08
2019-08-26,debbie_abrahams,Labour,"Hammond demands apology over claims he leaked Brexit dossier

https://t.co/WuNV2FdNeQ",,,2019-08
2019-08-26,alison_mcgovern,Labour,@erika_rushton I may well be in Westminster but otherwise I would love to come.,erika_rushton,@erika_rushton,2019-08
2019-08-26,vickyford,Conservative,@ACCAndyProphet Been a big fan for many decades - but never made it to #Headingley before - I think @englandcricket &amp; @benstokes38 did so well yesterday ‘cos I was wearing my lucky @EssexCricket hat!,ACCAndyProphet,"@ACCAndyProphet, @englandcricket, @benstokes38, @EssexCricket",2019-08
2019-08-26,andrealeadsom,Conservative,Top Tip for employers: talk to your employees who are EU citizens about the EU Settlemt Scheme. Make sure we are all #brexitReady https://t.co/RzotmNlafs,beisgovuk,,2019-08
2019-08-26,petewishart,Scottish National Party,At Bells Sports Centre for a catch up with Paul Cromwell Chief Exec of Perth Live Active. Lots of important infrastructure developments on the cards. https://t.co/MEsMXK5ClH,,,2019-08
2019-08-26,cajardinemp,Liberal Democrat,My @Scotsman column this week: why the Government should be building trust and acting to help people like #waspi  rather than using language of fear https://t.co/K4oIwNUgFa,,@Scotsman,2019-08
2019-08-26,nadhimzahawi,Conservative,First @worldskillsuk #TeamUK to finish today is Callum Bonner in Painting and Decorating @WorldSkills @WorldSkillsKZN https://t.co/8W8WhS9rb3,FEWeek,"@worldskillsuk, @WorldSkills, @WorldSkillsKZN",2019-08
2019-08-26,jamesfrith,Labour,Solidarity with Bolton and The Wanderers. https://t.co/wDKQGB98CG,david_conn,,2019-08
2019-08-26,scullyp,Conservative,Watch this; it’s amazing   #Ashes2019 https://t.co/Vps4x4L2FF,JamesCleverly,,2019-08
2019-08-26,albertowen2020,Labour,BoJo slams BBC and demanding they 'cough up' to fund free TV licences for over-75s https://t.co/YsNwAomzq4 Tory Govt decision to outsource this social benefit to Beeb. Johnson could reverse this decision-he won't; just plays the blame game (again),,,2019-08
2019-08-26,karlturnermp,Labour,Doubtless true but there can never be any excuse whatever for this abuse. https://t.co/U30z4BYGV7,KarlTurnerMP,,2019-08
2019-08-26,marierimmer,Labour,"That’s the Spirit, pick yourselves up dust down and get on with the job. Come on you Saints.  Marie Rimmer MP https://t.co/goMDBgccg6",Saints1890,,2019-08
2019-08-26,preetkgillmp,Labour (Co-op),Britons who left US as children are being chased by their banks for a US tax ID they do not have. I have written to @BorisJohnson on behalf of my constituent to address this. https://t.co/TRHI0UCeig,,@BorisJohnson,2019-08
2019-08-26,robertjenrick,Conservative,Check out if a high street near you is receiving part of the £1 Billion #FutureHighStreetsFund👇 https://t.co/nBB6bCTfUl,,,2019-08
2019-08-26,catharinehoey,Labour,@GreenJamieS @JustinWelby @churchofengland Brilliant. Much better than your sad day with @DulwichHamletFC losing !!😂,Jamie_Gwyrdd,"@GreenJamieS, @JustinWelby, @churchofengland, @DulwichHamletFC",2019-08
2019-08-26,kevin_j_foster,Conservative,@AlanD_TDA @Torbay_Council Look forward to reading it. Bonus here is there is a clear pot to go for and one #Paignton can benefit massively from.,AlanD_TDA,"@AlanD_TDA, @Torbay_Council",2019-08
2019-08-26,angusmacneilsnp,Scottish National Party,"The Dutch government is in talks with 325 British-based companies that are considering relocating.

Included in talks are Sony, Panasonic, Bloomberg and the the Discovery television.

41% of financial services companies are undertaking plans to move.

https://t.co/3pEd2i4r54",StuartBudd1,,2019-08
2019-08-26,huwmerriman,Conservative,Cost to BBC = 20% of its entire budget. Settlement from Govt barely covered cost of continuing licences for those on lowest income. Can’t ‘cough up’ if nothing to digest. https://t.co/uotahjItRM,bbc5live,,2019-08
2019-08-26,shaileshvara,Conservative,"Good to see @BorisJohnson seeking to strengthen our relationship with India, especially as the bond is already close, not least because of the 1.6 million British Indians in the UK. https://t.co/ZbuamX5eAp",BorisJohnson,@BorisJohnson,2019-08
2019-08-26,stevebakerhw,Conservative,Starting this sunny bank holiday in #Worcester with @GMB as we launch another 50 successful places for the £1 Billion @mhclg #FutureHighStreetsFund https://t.co/TQDaVj6adg,RobertJenrick,"@GMB, @mhclg",2019-08
2019-08-27,normanlamb,Liberal Democrat,"Appreciated, Layla! https://t.co/VlpOoEpaLu",LaylaMoran,,2019-08
2019-08-27,danirowley,Labour,"Following the shocking 2.9 magnitude earthquake in Lancashire yesterday, @DaniRowley and I have written to Andrea Leadsom, calling on the Government to ban fracking immediately.

Enough is enough. https://t.co/D43crYBB1C",RLong_Bailey,@DaniRowley,2019-08
2019-08-27,nus_ghani,Conservative,"A photo that will be on tens of thousands of @Conservatives leaflets. 

🤦🏽‍♂️ https://t.co/7HjHX9GePS",JamesCleverly,@Conservatives,2019-08
2019-08-27,rorystewartuk,Conservative,https://t.co/PgP4szestu https://t.co/eZdv8fekWG,BorisJohnson,,2019-08
2019-08-27,angusmacneilsnp,Scottish National Party,In short folks support Plan B ...puts the Tories in a real out-flanked fix 🤣 👇👇👇 - they now extolling virtues of #indyref2 it seems 👍😁 https://t.co/cTGH5Odfdv,AngusMacNeilSNP,,2019-08
2019-08-27,votepursglove,Conservative,"That time of year again folks, please RT far and wide. Any support greatly appreciated @corbytownfc @VotePursglove @BethMiller91 @LakelandsCorby @AFCOLeicester @stncdrrafwitt https://t.co/ImJY380e9U",StuBailie,"@corbytownfc, @VotePursglove, @BethMiller91, @LakelandsCorby, @AFCOLeicester, @stncdrrafwitt",2019-08
2019-08-27,angusmacneilsnp,Scottish National Party,"""In 2016, Denamrk earned €7.3billion through wind energy related exports - slightly MORE than the total the UK earned through the arms industry and defence related exports""
Pop Denmark = 5.75million
Pop UK = 66.04
#EnergyVsWeapons",,,2019-08
2019-08-27,ronniecowan,Scottish National Party,"Not bad but it’s not Alec Galloway! 
#inverclyde 😉 https://t.co/cTWmBWSoOY",,,2019-08
2019-08-27,alexsobel,Labour (Co-op),@dprpdz @AaronBastani @GeorgeAylett @AbolishEton Mate course they’re bad. All schools should be Comprehensive. We were talking about the detail of the policy.,dprpdz,"@dprpdz, @AaronBastani, @GeorgeAylett, @AbolishEton",2019-08
2019-08-27,mgreenwoodww,Labour,Tuesday’s GUARDIAN: “ ‘Grave abuse of power’ if PM shuts parliament to force no-deal Brexit” #bbcpapers #tomorrowspaperstoday https://t.co/ZnFV6c7etJ,AllieHBNews,,2019-08
2019-08-27,johnnymerceruk,Conservative,@TGIFridaysUK @homejamesessex @bigphilcampion @PoppyLegion Why not @TGIFridaysUK?,TGIFridaysUK,"@TGIFridaysUK, @homejamesessex, @bigphilcampion, @PoppyLegion, @TGIFridaysUK?",2019-08
2019-08-27,alisonthewliss,Scottish National Party,"‘A war within a war within another war in a nation already in the grips of the world’s worst humanitarian crisis’

In today’s @Independent, @Beltrew on #Yemen’s deteriorating conflict &amp; its consequences if a peaceful solution is not urgently implemented: https://t.co/TQ4fe6MLUF",RESCUE_UK,"@Independent,, @Beltrew",2019-08
2019-08-27,martinjdocherty,Scottish National Party,"Great to catch-up with the team at Sunflower Nursery in #Clydebank. They've just received a glowing report report from the care inspectorate, and it's easy to see why!

Check out the @clydebankpost to read more: https://t.co/ZVUV6onKQn https://t.co/jcU4vFtcZ8",,@clydebankpost,2019-08
2019-08-27,alexsobel,Labour (Co-op),👇 https://t.co/yITUn47IZj,rachaelwrd,,2019-08
2019-08-27,mike_fabricant,Conservative,"Café Diablo in Torrey tell me their chicken definitely isn’t chlorinated. Theirs is locally sourced. And, either way, it was delicious! https://t.co/oDTVTvewCc",Mike_Fabricant,,2019-08
2019-08-27,bill_esterson,Labour,Fracking is causing earthquakes of increasing strength at Blackpool and Fylde. Planning application for fracking near Formby should at least be blocked while an investigation is carried out. My statement. @MetroMayorSteve @TribuneMPs @BBCNWT @GranadaReports #banfracking https://t.co/gk5w0GCHjm,Bill_Esterson,"@MetroMayorSteve, @TribuneMPs, @BBCNWT, @GranadaReports",2019-08
2019-08-27,joannaccherry,Scottish National Party,Interesting article but in truth many of us in the #Yes movement &amp; ⁦@theSNP⁩ are working away on big ideas for #Scotland’s future. Informed debate on both policy &amp; strategy is the only way forward as #indyref2 becomes inevitable  https://t.co/oDCua1hJkw,,@theSNP⁩,2019-08
2019-08-27,willquince,Conservative,"@SThompson_JP @DWP sure, sounds good. Please drop me an email to Ministers@dwp.gov.uk and my team will be in touch.",,"@SThompson_JP, @DWP, @dwp.gov.uk",2019-08
2019-08-27,carolynharris24,Labour,@SJBretty thanks fod chat last night.Think it was productive. X,,@SJBretty,2019-08
2019-08-27,jackdromeymp,Labour,Good to talk to @JackDromeyMP who understand totally the need to campaign for youth work and for a statutory youth service. https://t.co/sCTXHcmzmU,cummins23,@JackDromeyMP,2019-08
2019-08-27,barrysheerman,Labour (Co-op),I must have missed that meeting - the one I went to was about stopping #NoDeal #Brexit for which there is no mandate and which was rightly described by the former Conservative Business Sec as “disastrous” @GregClarkMP @ForChange_Now https://t.co/YYgbaxDQOt,Anna_Soubry,"@GregClarkMP, @ForChange_Now",2019-08
2019-08-27,jackdromeymp,Labour,".@jeremycorbyn was absolutely right to reach out across Party to put the national interest first. The simple reality is that, in a hung Parliament, that is the only way the catastrophe that is a #NoDealBrexit can be stopped     https://t.co/FV6eGNdT6j",,@jeremycorbyn,2019-08
2019-08-27,stevedouble,Conservative,@tonyjolagoodman Aussies saying results shouldn't stand because they are unfair. Hhhhmmmm 🤦‍♂️,tonyjolagoodman,@tonyjolagoodman,2019-08
2019-08-27,robertjenrick,Conservative,"Today we’re unveiling a new national model of shared ownership to help more people get on the property ladder, including:
🔹the ability to increase your equity in increments as low as 1% or £1k
🔹a simple and predictable scheme with no more unfair fees.
https://t.co/kfjq5Vgv45",,,2019-08
2019-08-27,bobblackman,Conservative,"If the BBC has found the money to do this, I assume that means it's found the money it promised to fund TV licence fees for over-75s? https://t.co/6pVigddQym",OliverCooper,,2019-08
2019-08-27,paulasherriff,Labour,"@LizOrme Hi Liz, I have signed, I will not advocate a damaging ‘no-deal’ nor prorogation of Parliament in any circumstances",LizOrme,@LizOrme,2019-08
2019-08-27,mimsdavies,Conservative,👇This is proper LOLs !! And come on folks -if you don’t want a no deal outcome - the answer was always to vote for one (still is) &amp; we can all with certainty move on to discussing what really matters to people and businesses - the future EU trading relationship.... https://t.co/q8yksUFrkN,wallaceme,,2019-08
2019-08-27,rthondavehanson,Labour,"Mold is in the running to be named Rising Star ⭐️ at the Great British High Street Awards! 🏆 Find out how your vote can make all the difference. 🙏 

@moldtowncouncil https://t.co/I3kCmUf4qK",NWalesLocalTV,@moldtowncouncil,2019-08
2019-08-27,edwardjdavey,Liberal Democrat,"@AnnieMurray @Morrisons @LibDemHealth Am getting many messages now, so clearly already a bigger issue than most people previously thought. 

To help us consolidate evidence can you add comments into the post on @LibDemHealth feed so we can collate them

Outrageous any govt could choose to do this. We must #StopBrexit",EdwardJDavey,"@AnnieMurray, @Morrisons, @LibDemHealth, @LibDemHealth",2019-08
2019-08-27,normanlamb,Liberal Democrat,So generous! https://t.co/vF7wraRIjl,,,2019-08
2019-08-27,cgreenuk,Conservative,"Bolton Wanderers have been given 14 days to secure their future or they too will face expulsion from the Football League. How on earth can football look itself in the mirror tonight? Again, we stand with the town and it's supporters. #bwfc",centrefortowns,,2019-08
2019-08-27,pauljsweeney,Labour (Co-op),"Popped into @GlasgowHeritage today to collect a copy of John Hume's new book and some prints of his fantastic images of industrial Glasgow, including the immense Pinkston Power Station. Well worth getting a copy. Great to catch up with @MurphyNiallGLA too. https://t.co/QE0hYdZyIs",PaulJSweeney,"@GlasgowHeritage, @MurphyNiallGLA",2019-08
2019-08-27,toniaantoniazzi,Labour,This is absolutely sickening and more evidence of why we must ensure all PIP assessments are #OnTheRecord @DPACSheffield @Dis_PPL_Protest https://t.co/AQx15bbgp1,LouHaigh,"@DPACSheffield, @Dis_PPL_Protest",2019-08
2019-08-27,j_donaldson_mp,Democratic Unionist Party,"This morning I attended the Memorial Service at Narrow Water, Warrenpoint to mark the 40th Anniversary of the murder of 18 soldiers of the Parachute Regiment &amp; Queen’s Own Highlanders done to death in an IRA terrorist attack on 27 August 1979. We will remember them. https://t.co/CO9H5KkLy5",,,2019-08
2019-08-27,stewartmcdonald,Scottish National Party,"The SNP has signed the Church House Declaration to stop Boris Johnson shutting down democracy to force through a No-Deal Brexit

Speaking at Church House, SNP Westminster Leader @IanBlackfordMP calls on MPs to work together to stop Brexit and block a No-Deal disaster https://t.co/s7ZLZV5IkN",tomfrench85,@IanBlackfordMP,2019-08
2019-08-27,kategreensu,Labour,This is good. I participated in a Citizens Assembly organised by @conunit_UCL on #brexit. All involved found it informative and rewarding. It seems to me a positive way to bring people together https://t.co/uE7Elu1Qvl,EleniCourea,@conunit_UCL,2019-08
2019-08-27,tpearce003,Labour,"A planning application has been submitted by @PeabodyLDN for 66 flats at the former Harrow Inn site, 500 Abbey Rd. @LBofBexley statutory consultation has commenced today. Plans &amp; documents can be viewed at https://t.co/IQ9oOC9yjV by entering 19/01838/FULM",BelvedereLabour,"@PeabodyLDN, @LBofBexley",2019-08
2019-08-27,pauljsweeney,Labour (Co-op),"Thank you Mr Corbyn for all the vital work that you're doing to bring everyone together to stop #JohnsonsNoDealBrexit

#ReachOverTheNoise
https://t.co/VQqclgut2v",_JD_Black,,2019-08
2019-08-27,sarahchampionmp,Labour,Local Labour Party members were out in the Bradgate area yesterday engaging with voters #labourdoorstep @rotherham_clp @SarahChampionMP @LabourRotherham https://t.co/yNe2S8HKJp,wendy_cooksey,"@rotherham_clp, @SarahChampionMP, @LabourRotherham",2019-08
2019-08-27,sdoughtymp,Labour (Co-op),"Good to see that all #Cardiff MPs have signed the #ChurchHouseDeclaration opposing shutting down Parliament.

Thank you @SDoughtyMP @KevinBrennanMP @AnnaMcMorrin @JoStevensLabour! https://t.co/4JfmxSntpG",Cardiff4EU,"@SDoughtyMP, @KevinBrennanMP, @AnnaMcMorrin, @JoStevensLabour!",2019-08
2019-08-27,siobhain_mc,Labour,"Would b delighted to meet up to discuss!A change of use for homes would prove air quality, reduce heavy traffic and provide much needed homes. Without agreement on change use we can’t get to the detail. https://t.co/ivMI2VDJPe",MitchamCrktGrn,,2019-08
2019-08-27,gradysnp,Scottish National Party,"... very grateful to Speaker of the Parliament of Malawi, Rt Hon Catherine Gotari Hara for taking time to meet with us, discussing opportunities of the record number of women MPs elected in May, and for a chance to look round the Parliament building.... https://t.co/BWFZbooOx4",GradySNP,,2019-08
2019-08-27,andrew4pendle,Conservative,Delighted to sign a new agreement with the Mozambican Minister of Higher Education Joreg Nhambiu to promote education and skills development in Cabo Delgado. https://t.co/a21FtQPTI2,NneNneUK,,2019-08
2019-08-27,borisjohnson,Conservative,We're providing £10 million to help #ActforAmazon https://t.co/anQGzvazvy,BorisJohnson,,2019-08
2019-08-27,toniaantoniazzi,Labour,"NEW: @hilarybennmp, @YvetteCooperMP, @frankfieldteam, @normanlamb, @AngusMacNeilSNP and @spelmanc have written to the Archbishop of Canterbury asking him to chair a citizen's assembly on Brexit https://t.co/yRPQfLFINW",EleniCourea,"@hilarybennmp,, @YvetteCooperMP,, @frankfieldteam,, @normanlamb,, @AngusMacNeilSNP, @spelmanc",2019-08
2019-08-27,sarahwollaston,Conservative,"Thank you  #Dartmouth Cllrs, @TorbaySDevonNHS @NHSDevonCCG @dartmouthcaring #DartmouthAreaHealthActionGroup , Dartmouth Medical Practice &amp; patient reps for meeting today to discuss the Health &amp; Wellbeing Centre &amp; why I am calling for plans to cut District Nurses to be scrapped",,"@TorbaySDevonNHS, @NHSDevonCCG, @dartmouthcaring",2019-08
2019-08-27,cphilpofficial,Conservative,@JohnDoc10002801 @yourcroydon @CroydonGuardian @CroydonLabour A constituent told me their camper van was turned away too. More anti-resident madness from Croydon’s Labour council. I will raise this with them hope it is a mistake that can be fixed rather than deliberate. @cleanstreetstu - can you comment please? @InsideCroydon,JohnDoc10002801,"@JohnDoc10002801, @yourcroydon, @CroydonGuardian, @CroydonLabour, @cleanstreetstu, @InsideCroydon",2019-08
2019-08-27,hannahb4livimp,Scottish National Party,Back to work this morning and right back into Futsal with Level 6 Football Development ⚽️ #Futsal #ballers https://t.co/zs6NKPG5ww,MartinMcCann88,,2019-08
2019-08-27,wera_hobhouse,Liberal Democrat,"We‘re eager to give local people a greater say in the decisions that affect their communities. If you live in Bathavon North, please do attend the Connecting Communities Forum, Tuesday 3rd September, 6pm at Bathampton Village Hall https://t.co/fTIeSAdgKm",bathnesld,,2019-08
2019-08-27,heidiallen75,Conservative,"We need Vertex to think again, prioritise patients and lives and come to the table now with a fair deal #LifeSavingDrugsNow https://t.co/S7scdqB2rp",,,2019-08
2019-08-27,sdoughtymp,Labour (Co-op),"In all the outrage from the Brexiter elites this eve, let’s not forget that blocking No Deal Brexit would:

1. Prevent a hard border in Ireland
2. Maintain the GFA (which Brexit has NO mandate over)
3. Protect workers rights (which they want to dismantle)

https://t.co/P0SSwdmoLi",labourirish,,2019-08
2019-08-27,tomtugendhat,Conservative,@normanlamb I am sorry you have decided to stand down. Your contribution has been exceptional. Thank you for your service to our country.,normanlamb,@normanlamb,2019-08
2019-08-27,mattrodda,Labour,"A #NoDealBrexit cliff Edge could cause significant damage, it was good to be able to make this point on @BBCBerkshire today. Cross party talks offer hope of a sensible alternative #rdguk #Brexit",,@BBCBerkshire,2019-08
2019-08-27,cpjelmore,Labour,Another success #BrexitShambles https://t.co/A7j1X6Os4d,alexwickham,,2019-08
2019-08-27,acunninghammp,Labour,MATCH REPORT: The Anchors climbed to the top of the table with an excellent 4-0 victory in an all Teesside affair with @thornaby_fc. Here’s how⬇️⬇️⬇️ #UTA⚓️ https://t.co/V8srYE4Cph,stockton_townfc,@thornaby_fc.,2019-08
2019-08-27,mikegapes,Labour (Co-op),"What happened to the ""Conservative and Unionist Party""? A damning report on Northern Ireland neglect from @adampayne26 👇
https://t.co/qdPSUvrGTy",OFOCBrexit,@adampayne26,2019-08
2019-08-27,angelasmithmp,Labour,"Very happy to be part of the #ChurchHoise declaration - we cannot stand by, Johnson cannot be allowed to ride roughshod over our democracy.  #StopTheCoup",,,2019-08
2019-08-27,catharinehoey,Labour,What a surprise @BBCNewsnight gives the Leader of the Scottish Nationalsis a clear run with no interruptions but constantly interrupts @TiceRichard,,"@BBCNewsnight, @TiceRichard",2019-08
2019-08-27,iowbobseely,Conservative,"Grateful for ur reply. But can you guarantee @SouthernWater that there will be no more sewage in the Solent? Info campaigns are good, but best is to have the infrastructure to make sure people don't sail &amp; swim in sewage overspill. https://t.co/zXxfbXbnqC",SouthernWater,@SouthernWater,2019-08
2019-08-27,mike_fabricant,Conservative,"Meanwhile, up a quiet and peaceful country road in Colorado......
‘God, Guns &amp; Country’
complete with two cannon. https://t.co/DIiXnwbgqg",,,2019-08
2019-08-27,tandhesi,Labour,Absolutely ridiculous that it’s even being considered by an already failing Tory PM. Shutting down our sovereign @UKParliament is hardly taking back control - more like we’re descending into a dictatorship. https://t.co/l6gKezylYm,,@UKParliament,2019-08
2019-08-27,louhaigh,Labour,"Dorothy Byrne, in her excellent speech, called Boris Johnson 'a known liar'.

This. Is. A. Fact. https://t.co/cqM3vCipRE",RobbieGibb,,2019-08
2019-08-27,ranil,Conservative,"📢 We're speeding up internet connection for people in rural communities with the newest 5G. 📶

✔️ Stimulating investment.
✔️ Driving business growth.
✔️ Encouraging innovation.
✔️ Connecting people.

What else matters to you? 
Let Boris know: https://t.co/gcBK5AKiM0 https://t.co/gJJY2rMP4N",Conservatives,,2019-08
2019-08-27,angelarayner,Labour,"WONDERFUL NEWS from French Council of State: it's modified the decree allowing hunting of 6000 Curlews in the 2019/20 season, fixing the quota at ZERO to meet France's obligations under #EUBirdsDirective &amp; @unep_aewa, with immediate effect. No more curlews to be shot this season! https://t.co/n7H88uOHWe",numenini,"@unep_aewa,",2019-08
2019-08-27,angelarayner,Labour,"Time after time Boris Johnson has backed Tory cuts to school budgets that created the crisis in our classrooms, while slashing taxes for the richest. He shows no sign of taking the action needed to undo that damage - @AngelaRayner 
https://t.co/t7wWSfME00",labourpress,@AngelaRayner,2019-08
2019-08-27,mikeamesburymp,Labour,"Time after time Boris Johnson has backed Tory cuts to school budgets that created the crisis in our classrooms, while slashing taxes for the richest. He shows no sign of taking the action needed to undo that damage - @AngelaRayner 
https://t.co/t7wWSfME00",labourpress,@AngelaRayner,2019-08
2019-08-27,eddiehughes4wn,Conservative,"Business Secretary @AndreaLeadsom :  “The fires devastating the Amazon rainforest are an absolute tragedy. The £10m we’re offering today will be invested in Brazil to restore areas already destroyed and protect those habitats still intact"" #AmazonFires https://t.co/Z3eLSUzeCi",beisgovuk,@AndreaLeadsom,2019-08
2019-08-27,lucyallan,Conservative,"This morning, @robertjenrick visited @BVT_Lightmoor where he toured the site and heard from a resident who was able to purchase his home with support from @helptobuy https://t.co/PSNKu0mHB7",mhclg,"@robertjenrick, @BVT_Lightmoor, @helptobuy",2019-08
2019-08-27,lucyallan,Conservative,"Whilst some people are plotting in Westminster, the PM’s ministers are out across the the country taking action on issues that matter to people #housing #infrastructure @NewTownsAPPG Thank you Secretary of State @RobertJenrick for listening to #Telford https://t.co/1z4D35H966 https://t.co/UUoC8885VH",lucyallan,"@NewTownsAPPG, @RobertJenrick",2019-08
2019-08-27,rorystewartuk,Conservative,Thank you for the thread https://t.co/55wAEt93TP,BethWatts494,,2019-08
2019-08-27,mimsdavies,Conservative,"As the government extends the @ukgovbluebelt programme, here’s a reminder of what we’re already doing to protect our seas at home and around the world 🌊

Learn more: https://t.co/lY1rRnyxjt

#G7 #G7Biarritz https://t.co/ONAHH4bH2d",DefraGovUK,@ukgovbluebelt,2019-08
2019-08-27,rachelreevesmp,Labour,@Jazz_O72 @FabianLeedsNE @alexsobel @hilarybennmp @RichardBurgon Very pleased to support.,Jazz_O72,"@Jazz_O72, @FabianLeedsNE, @alexsobel, @hilarybennmp, @RichardBurgon",2019-08
2019-08-27,heidiallen75,Conservative,Joint Statement following #remainalliance meeting of opposition Party leaders this morning #UniteToRemain https://t.co/ZWn5zWuwm2,unitetoreform,,2019-08
2019-08-27,mattwarman,Conservative,Mobile connectivity is an essential part of modern life; today @DCMS is announcing how we’re upgrading Britain’s infrastructure to make sure nowhere is left behind. https://t.co/BxFzvaUGnK,NickyMorgan01,@DCMS,2019-08
2019-08-27,justinmadders,Labour,"@Jon_UK2016 @Bibbing90 @lewis_goodall They didn’t vote for a no deal,or don’t you know the difference?",,"@Jon_UK2016, @Bibbing90, @lewis_goodall",2019-08
2019-08-27,nadhimzahawi,Conservative,"@beisgovuk is investing £1.95 billion in aerospace R&amp;D 2013 to 2026, as part of the joint-industry-government funding commitment through the Aerospace Growth Partnership. Today I spoke with Colin Smith @TheAGPUK to discuss the huge opportunities around the future of UK Aerospace.",,"@beisgovuk, @TheAGPUK",2019-08
2019-08-27,pauline_latham,Conservative,Here are 6 politicians plotting to cancel 17.4m people’s votes! We must #LeaveOct31 https://t.co/dM2gTayltT,,,2019-08
2019-08-27,stewartmcdonald,Scottish National Party,"'Our energy and dedication are endless, and it shows' // Julia Stachurska 

https://t.co/W2d2n1yLkD",ScotNational,,2019-08
2019-08-27,michaelgove,Conservative,"Growing up in Aberdeen, I’ve always liked mince - honest, healthy, strengthens the constitution... https://t.co/N3a7GzG56Y",LukeGrahamUK,,2019-08
2019-08-27,cpjelmore,Labour,Glad to see cross party working to stop #NoDealBrexit https://t.co/bKxgo8zQwR,,,2019-08
2019-08-27,helengrantmp,Conservative,"The referendum result must be respected. 

We will leave the EU on 31st October. 

#LeaveOct31",BorisJohnson,,2019-08
2019-08-27,richardhrbenyon,Conservative,Prime Minister ⁦@BorisJohnson⁩  launches call for greater marine protection and ambitious environmental targets ⁦@DefraGovUK⁩  https://t.co/p7UO1vbwya,ZacGoldsmith,"@BorisJohnson⁩, @DefraGovUK⁩",2019-08
2019-08-27,rebeccaharrismp,Conservative,"A bankers' Brexit? The global banks didn't just support Remain, they bankrolled it. #brexit 

https://t.co/S0jBgkcGl7 https://t.co/Bbid5eFRZw",labourleave,,2019-08
2019-08-27,tpearce003,Labour,Wednesday’s CITY A.M. - “Big Tobacco” #bbcpapers #tomorrowspaperstoday https://t.co/lV4zCPlrUK,AllieHBNews,,2019-08
2019-08-27,lordianaustin,Labour,@JamesJo42157556 @BBCPanorama Why would I have a by election when I can carry on working hard every day to improve things in Dudley and campaign against the extremism and racism that has poisoned a once-great party under Corbyn?,James_Clancy19,"@JamesJo42157556, @BBCPanorama",2019-08
2019-08-27,nigelmp,Conservative,Oh look - the new technology that the Eu insists doesn’t exist..... https://t.co/wkqn8jQQFg,,,2019-08
2019-08-27,lsrplaid,Plaid Cymru,"Edrych ymlaen at @SioeSirMeirion yn #Harlech fory. Gobeithio am dywydd ffafriol. Cofiwch alw heibio pabell  @Plaid_Cymru am sgwrs!  

#SioeSirMeirionnydd 🐏🐄🚜🏴󠁧󠁢󠁷󠁬󠁳󠁿",,"@SioeSirMeirion, @Plaid_Cymru",2019-08
2019-08-27,andrealeadsom,Conservative,A fantastic team! #Conservatives https://t.co/ziQkvh93OF,WelshConserv,,2019-08
2019-08-27,jamesduddridge,Conservative,"65 days to Brexit

Britain will be open for business after we leave 🇪🇺 on 31 October. Follow these five tips to make sure your business is #BrexitReady ⬇️ 
https://t.co/taR0dF3qlA)",beisgovuk,,2019-08
2019-08-27,stuart_mcdonald,Scottish National Party,"They’ll be back at the Antonine Centre from 10am to 4pm on the following dates: 22/8; 19/9; 31/10; 28/11. 
And at Clyde Square in the Cumbernauld Centre on 05/09; 17/10; 14/11.
I’d encourage everyone to drop by if you can. https://t.co/LucpqEKNna",Stuart_McDonald,,2019-08
2019-08-27,drewhendrysnp,Scottish National Party,"As ever, all constituents welcome and no appointment needed.

Mar as àbhaist, tha fàilte ron a h-uile duine agus chan fheum sibh ùine a chur air dòigh. Gheibh sibh barrachd fiosrachaidh air an làraich-lìn agam. https://t.co/yYfqgapTaG",,,2019-08
2019-08-27,ianblackford_mp,Scottish National Party,@PottenTom Thank you Tom.,,@PottenTom,2019-08
2019-08-27,normanlamb,Liberal Democrat,Thank you! https://t.co/TfZJv2sjv3,,,2019-08
2019-08-27,vickyfoxcroft,Labour,"Meet @vickyfoxcroft at St. Saviours Church on Thurs 6.30pm 29th Aug for a discussion on climate change &amp; what the Government can do. Here at Crofton Park Life we want to make discussions on climate change more accessible to all..
https://t.co/RTym7IqSos
#lewisham #climatechange https://t.co/aAzoHY1kt3",CroftonParkLife,@vickyfoxcroft,2019-08
2019-08-28,cpjelmore,Labour,SNAP POLL: By 47% to 27% Brits say it is unacceptable for the government to suspend Parliament in the run up to Brexit https://t.co/R3fi0E2VDi https://t.co/L1BYkBua4M,YouGov,,2019-08
2019-08-28,margarethodge,Labour,Never in my 25 years as an MP have I seen a Prime Minister threaten to flagrantly disregard Parliamentary Democracy like this. You cannot simply shut Parliament out of the most important issue we have faced for generations. /1 https://t.co/n1poSni1Es,BBCBreaking,,2019-08
2019-08-28,drrosena,Labour,"Not only is the Government trying to shutdown Parliament - they are also trying to control which questions are asked when we return. I've been selected for a Brexit question next week - it's up to me what I ask, not the Brexit Secretary! https://t.co/tgMjebWN8X",,,2019-08
2019-08-28,wesstreeting,Labour,"Boris Johnson’s attempt to suspend parliament to avoid scrutiny of his plans for a reckless No Deal Brexit is an outrage and a threat to our democracy. 
 
Labour will work across Parliament to hold the government to account and prevent a disastrous No Deal.",jeremycorbyn,,2019-08
2019-08-28,heidiallen75,Conservative,Prorogation plan precisely as report in The Observer on Sunday but rubbished by some in No 10 on Saturday night.https://t.co/c86i0gOW8P. There is an army of angry Whitehall officials leaking now. Makes this ploy even more high risk. Hold tight.,tobyhelm,,2019-08
2019-08-28,jimfromoldham,Labour (Co-op),Shutting down Parliament to force through a no-deal Brexit would be an affront to our democracy. https://t.co/5cfdTOoIfH,CoopParty,,2019-08
2019-08-28,stevebakerhw,Conservative,"If a crime is happening right now (or has just happened) - 📞999
If there is a threat to life - 📞999
If property is being damaged right now - 📞999

Otherwise, call 101 / report online.

80% of the 999 calls we receive aren't emergencies, please #ThinkBeforeYouDial https://t.co/C1f0xHyNGu",ThamesVP,,2019-08
2019-08-28,lynbrownmp,Labour,Interesting point. The Civil Contingencies Act 2004 s 27 and 28 presumes that parliament is in session for the powers to be exercised. I'm sure the government has already considered using these powers.,RhonddaBryant,,2019-08
2019-08-28,marcusfysh,Conservative,"Is it unusual to prorogue Parliament? 

No - Parliament is prorogued at the end of each session, which is usually about a year. However, the current session has lasted over two years. This is the longest for over 350 years: https://t.co/4jBOnSBRCZ",UKParliament,,2019-08
2019-08-28,mikekanemp,Labour,"I've had the pleasure of going to a number of Bury FC games over the years at Gigg Lane, playing away, and at Wembley. My wife worked on the turnstiles as a teenager. Heartbreaking news this morning.",,,2019-08
2019-08-28,thangammp,Labour,Utterly reprehensible behaviour by this Prime Minister. Shutting down Parliament thus shutting out the people's representatives of the most significant decisions and process of our lifetimes.,ThangamMP,,2019-08
2019-08-28,kitmalthouse,Conservative,Perspective... https://t.co/3MIG3pxzFz,MattChorley,,2019-08
2019-08-28,johnnymerceruk,Conservative,"Worth a few minutes of your time on the way into work.. seems a lifetime ago for some; for others, it’s their everyday.  https://t.co/8sdVQ3j7yz",,,2019-08
2019-08-28,meaglemp,Labour,"NEW @LadyBasildon: Boris Johnson's decision to shut down Parliament is the act of an autocrat not a democrat. Parliamentarians from all parties, and both Houses, must act @LabourLordsUK  https://t.co/vEYTpGz1FZ",theHouse_mag,"@LadyBasildon:, @LabourLordsUK",2019-08
2019-08-28,dr_philippaw,Scottish National Party,"@TonyCall1 Tony, I have been working as part of the Crossparty group for almost a year and will continue to do EVERYTHING I can to stop a #NoDealBrexit",,@TonyCall1,2019-08
2019-08-28,pauljsweeney,Labour (Co-op),ICYMI: I appeared on @ScotlandTonight to discuss Brexit and why it's absolutely necessary for parties to come together to stop a No Deal Brexit. Any attempts by the Prime Minister to undermine the role of MPs and our parliamentary democracy must be met with fierce opposition. https://t.co/JB2txz2nwb,PaulJSweeney,@ScotlandTonight,2019-08
2019-08-28,davidlinden,Scottish National Party,"Great to meet up with the Thriving Places staff who look after #Easterhouse, #Queenslie, #Wellhouse, #Budhill, #Greenfield and #Springboig. Brilliant to see the fruits of @theSNP Government’s community empowerment programme in action! https://t.co/sKcFR6mHm0",,@theSNP,2019-08
2019-08-28,suehayman1,Labour,Fantastic work from @SueHayman1 👍 https://t.co/UKnezlQxmB,AngelaRayner,@SueHayman1,2019-08
2019-08-28,liambyrnemp,Labour,Thank you all our members who joined us for @BhamUniUnison's picnic on the Green Heart. It was lovely to spend time together and talk about how we can make @unibirmingham a real #LivingWage employer. Thanks @LiamByrneMP for stopping by and supporting staff #HelloBrum #UoBStrike https://t.co/9hpbQhuRCl,BirminghamUCU,"@BhamUniUnison's, @unibirmingham, @LiamByrneMP",2019-08
2019-08-28,alisonthewliss,Scottish National Party,"This is getting ridiculous, and pretty worrying. https://t.co/dx3kyvVWNB",DanVevers,,2019-08
2019-08-28,julianknight15,Conservative,Absolutely... https://t.co/brX3GUxVn0,DanielJHannan,,2019-08
2019-08-28,joplattleigh,Labour (Co-op),"Boris Johnson has no right, especially as an unelected Prime Minister, to silence the other 649 MPs and remove his accountability and this country’s representation.

We will not stand by as he tries to tear up our constitution and parliamentary democracy.

https://t.co/i9aStET96i",,,2019-08
2019-08-28,sdoughtymp,Labour (Co-op),@OJCoombe @PaulBrandITV Yes because I ran there from an @ITVWales interview and another meeting to make it in time.,OJLonTweets,"@OJCoombe, @PaulBrandITV, @ITVWales",2019-08
2019-08-28,sajidjavid,Conservative,"The Spending Round will take place on 4th September:

☑delivering our spending promises quickly

☑clearing the decks to focus on #Brexit

☑giving departments certainty over next year's budgets

Read more 👉🏽 https://t.co/efHoi7JG7A",,,2019-08
2019-08-28,cgreenuk,Conservative,"When Stop Brexit crowd manipulate procedure (trying to make the Commons be the executive) and pledge to use any means necessary (other than, you know, voting for a sodding Brexit deal) they self-define as noble. When Johnson fights back that's a ""coup"". Apparently.",iainmartin1,,2019-08
2019-08-28,annaturley,Labour (Co-op),"@annaturley Where are all the 'conservatives' who have so long told us their only motivation was defending the  integrity of Parliament, law, the crown and the Union?",untypicalboro,@annaturley,2019-08
2019-08-28,heidiallen75,Conservative,Let them try...... https://t.co/22stj64L1w,,,2019-08
2019-08-28,stewartmcdonald,Scottish National Party,"This is an appalling act by a UK government that will sacrifice anything, including the fundamentals of democracy, to pursue its own right wing ideological obsessions. Every community in Scotland will pay the price. Every Scottish MP must oppose this. https://t.co/jARmDcmbTq",SusaninLangside,,2019-08
2019-08-28,pauljsweeney,Labour (Co-op),"Not only are we even more determined to expedite legislation to prevent a no deal Brexit by taking over control of the order paper in Parliament next week, I and many other MPs are suing the Prime Minister at the Court of Session to prevent suspension of Parliament this week too.",PaulJSweeney,,2019-08
2019-08-28,karlturnermp,Labour,"Very true, Laura. And had we predicted it, Prof. Pat Birkinshaw et al would have laughed us out the library and probably off of the course. 🙈 https://t.co/relVbGPj8y",LauraEWalker,,2019-08
2019-08-28,tpearce003,Labour,"Great @OnLondon profile by @DaveHill of @tomcopley and his sterling work on the London Assembly, particularly on housing. Definitely worth a read. https://t.co/kquwK15lRB",C_Quigley,"@OnLondon, @DaveHill, @tomcopley",2019-08
2019-08-28,preetkgillmp,Labour (Co-op),Agreed. Thank you for calling out this coup - or seizure of power - which uses democracy to cripple democracy. Times of great danger for UK. https://t.co/P0ClFiASLp,amnestybrum,,2019-08
2019-08-28,mgreenwoodww,Labour,We must find common ground and a practical way to stop this disastrous No Deal Brexit. https://t.co/0O2KnoXSdm,jeremycorbyn,,2019-08
2019-08-28,rupahuq,Labour,@SCNathan @MollyMEP Bon voyage,SCNathan,"@SCNathan, @MollyMEP",2019-08
2019-08-28,willquince,Conservative,@Colchesterviews I've probably spent too much time with the mighty @vidvicii,Colchesterviews,"@Colchesterviews, @vidvicii",2019-08
2019-08-28,stevebakerhw,Conservative,"Cracking job by #team5wycombe.

A Male looked a bit odd to officers who was apparently waiting for a friend in the middle of a park 🤔

A quick search later and one in custody!

Never underestimate a coppers 👃

#knifecrime #knivesruinlives #dontdodrugs #p0129 https://t.co/h8XIDX6GrM",TVP_Wycombe,,2019-08
2019-08-28,mgreenwoodww,Labour,"Make no mistake, this is a very British coup. Whatever one’s views on Brexit, once you allow a Prime Minister to prevent the full and free operation of our democratic institutions you are on a very precarious path.  https://t.co/9kwmw8i6E1",johnmcdonnellMP,,2019-08
2019-08-28,sdoughtymp,Labour (Co-op),"Government says “Nobody was available for comment” to speak to @BBCNewsnight tonight. 

“Nobody”

Cowards. They won’t even front up their anti democratic, unconstitutional plan to shut down Parliament.

#StopTheCoup
#PeoplesParliament 
#ChurchHouseDeclaration",lucianaberger,@BBCNewsnight,2019-08
2019-08-28,suehayman1,Labour,"Great to see the launch of @UKLabour's #AnimalWelfareManifesto today.

Some excellent proposals including enshrining #animalsentience into law, taking action to stop #puppysmuggling like here in Wales and banning #trophyhunting.

@LabourDefra @SueHayman1

https://t.co/YC6mCmmzC5",AnnaMcMorrin,"@UKLabour's, @LabourDefra, @SueHayman1",2019-08
2019-08-28,nickboles,Conservative,Britain's 0.2 per cent GDP contraction in the second quarter represents the worst economic performance of any of the 24 major nations which have thus far reported their Q2 numbers https://t.co/aBVeqsOpcP,EdConwaySky,,2019-08
2019-08-28,suehayman1,Labour,"Labour is set to announce radical action to strengthen animal welfare law.

Shadow Secretary for DEFRA, @SueHayman1 is on #Sunrise at 7.30am to talk about the plans.

📺Sky channel 501 
📱💻Watch live here https://t.co/cMHO7fsDYJ https://t.co/oa9nmkrD3L",SkyNews,@SueHayman1,2019-08
2019-08-28,lsrplaid,Plaid Cymru,"@10DowningStreet Thanks to the Yes Cymru, Plaid and indy supporters currently protesting against the Dictator-in-Chief in Parliament Square. There is only one way we can defend Welsh Democracy for certain. That's to create our own.",Adamprice,@10DowningStreet,2019-08
2019-08-28,votepursglove,Conservative,"@piperpaul280172 Aside from the obvious - that the democratic instruction of a significant majority in Corby is delivered - there are several self-evident benefits for our country, in the event of a ‘no-deal’ departure. I would also remind you that I voted to leave with an agreement.",piperpaul280172,@piperpaul280172,2019-08
2019-08-28,cpjelmore,Labour,"@rhsp27 I do hope you’re okay Richard, as you seem to attack and attack without basing anything on fact, what’s actually happened across a day or even reading Twitter. Take care. Chris",rhsp27,@rhsp27,2019-08
2019-08-28,esthermcvey1,Conservative,"💥 We’re expanding home ownership opportunities for working people 💥

🏡 making shared ownership more accessible 

🏡 discounts when buying in your own community 

🏡 making it easier for young people to take out a mortgage

#socialmobility",,,2019-08
2019-08-28,pauljsweeney,Labour (Co-op),"@TimeandSpace3 Yes, I can assure you that I am working with colleagues to bring forward legislation in Parliament next week to prevent a no-deal Brexit, and also I am suing Boris Johnson along with other MPs at the Court of Session in Edinburgh this week to prevent the proroguing of Parliament.",PaulJSweeney,@TimeandSpace3,2019-08
2019-08-28,mikegapes,Labour (Co-op),"What ministers said about prorogation before they put their own careers before the interests of the country

1) @NickyMorgan01, culture sec: 'It would lead to a constitutional crisis.'",ianbirrell,"@NickyMorgan01,",2019-08
2019-08-28,stellacreasy,Labour (Co-op),Again. What these guys are saying ....#brexithaos https://t.co/Q8tPymzjUZ,LordCFalconer,,2019-08
2019-08-28,angusmacneilsnp,Scottish National Party,"Wow. You have to watch this, it just happened live on #SkyNews
A Portuguese woman, in GB for 20 yrs, papers refused...
""I gave this country my youth - I looked after your children, your elderly. You must make me part of this process, I have no voice. You can't just kick me out."" https://t.co/hixGCEkm6X",AlexTaylorNews,,2019-08
2019-08-28,toniaantoniazzi,Labour,@jMAC_WIR @Swansea4Europe @carolynharris24 @GeraintDaviesMP @WalesForEurope @acgrayling @thatginamiller @mikegalsworthy @campbellclaret *your,jMAC_WIR,"@jMAC_WIR, @Swansea4Europe, @carolynharris24, @GeraintDaviesMP, @WalesForEurope, @acgrayling, @thatginamiller, @mikegalsworthy, @campbellclaret",2019-08
2019-08-28,kitmalthouse,Conservative,Good sense https://t.co/3Wti0RQXGS,RichardHRBenyon,,2019-08
2019-08-28,jsheappey,Conservative,@TylerPk @BorisJohnson Errr but he’s not proroguing Parliament over Brexit day which is what I’d been asked. He’s proroguing to hold a Queen’s Speech losing 3 or 4 sitting days beyond already scheduled recess. We’re back in Parliament with new legislative agenda on 14th Oct.,TylerPk,"@TylerPk, @BorisJohnson",2019-08
2019-08-28,sdoughtymp,Labour (Co-op),"This evening, I have asked the Presiding Officer to recall the Senedd next week to allow us to discuss the constitutional crisis which now faces Wales and the United Kingdom.",fmwales,,2019-08
2019-08-28,laboursj,Labour,@DanPaulSimmons We would legislate to define affordable- linked to earnings as well as house prices. So it would be affordable. We are not all the same.,DanPaulSimmons,@DanPaulSimmons,2019-08
2019-08-28,louhaigh,Labour,@jem7069 @MHewittNPCC @PoliceChiefs @NCA_UK @ukhomeoffice @NBPAUK Remain disappointed that @PFEW_HQ are not a part of this. Have raised those concerns with @patel4witham. Our members understandably concerned that their voice is not being heard as a part of this important uplift. Transparency is key.,PFEW_Chair,"@jem7069, @MHewittNPCC, @PoliceChiefs, @NCA_UK, @ukhomeoffice, @NBPAUK, @PFEW_HQ, @patel4witham.",2019-08
2019-08-28,suehayman1,Labour,Labour publishes ‘tougher’ animal welfare policies https://t.co/zYTuELq6pk,FT,,2019-08
2019-08-28,mattrodda,Labour,New Beginnings is offering much needed help to homeless people in #RdgUK in the former Queen's Arms. Thank you for your vital work to help those most in need. https://t.co/hq1c757rW5,,,2019-08
2019-08-28,dunne4ludlow,Conservative,"Pleased much time at #G7Summit was devoted to environment, including Amazon forest fires and protecting biodiversity in the world’s oceans. Only real collaboration between international partners will deliver meaningful protection for our environment.",,,2019-08
2019-08-28,johnmcnallysnp,Scottish National Party,All SNP MPs have added their names to the #ChurchHouseDeclaration 👇🏻 https://t.co/5rYywwAu4d,AngelaCrawley30,,2019-08
2019-08-28,jessphillips,Labour,"NEW @LadyBasildon: Boris Johnson's decision to shut down Parliament is the act of an autocrat not a democrat. Parliamentarians from all parties, and both Houses, must act @LabourLordsUK  https://t.co/vEYTpGz1FZ",theHouse_mag,"@LadyBasildon:, @LabourLordsUK",2019-08
2019-08-28,rehman_chishti,Conservative,Excellent meeting on Religious Freedom with His Grace Archbishop Angaelos (Coptic Christian Church)and my🇺🇸Parliamentary counterpart Congressman @RepFrenchHill An excellent opportunity to brief the Archbishop on our work on Religious Freedom and hear his views on the matter. 🇬🇧🇺🇸 https://t.co/gX051ImsXV,,@RepFrenchHill,2019-08
2019-08-28,angelaeagle,Labour,Petition: Do not prorogue Parliament https://t.co/tjbffqEWmJ,davidyelland,,2019-08
2019-08-28,helenhayes_,Labour,Thank you to @SohoHouse chefs for the wonderful lunch they prepared for 30 young people and @helenhayes_ at @can_jam today - it was delicious! (Not pictured is the lemon drizzle cake🍰) https://t.co/7cHN6B3Ayh,mayorsfund,"@SohoHouse, @helenhayes_, @can_jam",2019-08
2019-08-28,marcusfysh,Conservative,Just my local Lib Dems admitting they are trying to deny people's democratic rights. Those among them who have more scruples should rightly think twice about supporting such a loathsome act. https://t.co/TunShchNqs,,,2019-08
2019-08-28,deidrebrock,Scottish National Party,"The Speaker of the House of Commons (Westminster's equivalent of the Presiding Officer) has described the proposal as ""an offence against the democratic process and the rights of Parliamentarians as the people’s elected representatives"" (the screengrab is from the BBC website) https://t.co/AkZK7GSrGh",DeidreBrock,,2019-08
2019-08-28,sdoughtymp,Labour (Co-op),The Welsh Government is discussing the potential for the recall of the assembly - meeting with the PO this afternoon,DeansOfCardiff,,2019-08
2019-08-28,shabanamahmood,Labour,Boris Johnson is trying to use the Queen to concentrate power in his own hands - this is a deeply dangerous and irresponsible way to govern https://t.co/UEn1isXbSp,YvetteCooperMP,,2019-08
2019-08-28,richardburden27,Labour,Why we must stop Boris Johnson’s power-grab. My thoughts on today’s announcement that Parliament is being suspended https://t.co/GOht01od1f,,,2019-08
2019-08-28,suehayman1,Labour,Labour pledges to ban trophy hunting imports in overhaul of animal welfare laws https://t.co/fz9fcAhG6n,Independent,,2019-08
2019-08-28,robertcourts,Conservative,"While everyone gets giddy at this unprecedented constitutional move: we need a Queen’s Speech (it’s been more than 2years). Under Labour almost all non-election QSs were in the autumn. All were preceded by a prorogation. Motivation is a different matter, but this is what we do",MattChorley,,2019-08
2019-08-28,alisonthewliss,Scottish National Party,"🚨 We cannot allow Boris Johnson and the Tories to undermine our democracy.

🏴󠁧󠁢󠁳󠁣󠁴󠁿 Scotland must have a choice about its future.

✍️ Make your voice heard by joining @theSNP today: https://t.co/Y3aAaWSS15 https://t.co/Gnl4gzid9p",theSNP,@theSNP,2019-08
2019-08-28,labourlewis,Labour,"@PolProfSteve Ach, don’t be so limited. It’s one type of coup - a coup d’etat. There are plenty of other ways to conduct a coup, especially in a mature/established democracy. But you already know that.",PolProfSteve,@PolProfSteve,2019-08
2019-08-28,davidlammy,Labour,Bollocks. We all want to stop a No Deal Brexit. Even if we get a deal we will be arguing about Brexit for years. We haven’t even begun to sort out our future relationship with the EU and you know that. Stop Lying. https://t.co/TFJ4a95Ik0,BorisJohnson,,2019-08
2019-08-28,barrysheerman,Labour (Co-op),@SueKilcoyne @SDoughtyMP @Thelma_WalkerMP I was there with Stephen signed the letter &amp; the pledge.,SueKilcoyne,"@SueKilcoyne, @SDoughtyMP, @Thelma_WalkerMP",2019-08
2019-08-28,alisonthewliss,Scottish National Party,Nice day for a walkabout in Anderston with @GlasgowCC officers and Anderston Community Council. Great to be joined by our new local Neighbourhood Liaison Officer Karen - have raised a number of issues that will now be addressed. https://t.co/iG4hTrmPxa,AngusCMillar,@GlasgowCC,2019-08
2019-08-28,lucympowell,Labour (Co-op),"BREAKING: Spending review Sept 4. ie next Weds. ie...snap election speculation grows.
https://t.co/Gwr9dwvUfS",paulwaugh,,2019-08
2019-08-28,angusmacneilsnp,Scottish National Party,"Ireland’s population now approaching 5 million. More people living, working and raising families in Ireland than at any point since independence. Our people are our greatest strength. https://t.co/A2sNe70Ket",LeoVaradkar,,2019-08
2019-08-28,andrew4pendle,Conservative,@IOM_Mozambique &amp; the cyclone displaced families at Mandruzi Redettlement Site show @Andrew4Pendle the reality 6 months after #CycloneIdai https://t.co/jlhT5OLHH7,IOM_Mozambique,"@IOM_Mozambique, @Andrew4Pendle",2019-08
2019-08-28,tobyperkinsmp,Labour,"Its disastrous if the outrage of suspending Parliament gets seen as simply another battle between Leave &amp; Remain. 
 
Parliament has the right to choose to leave without a deal or take any other step, but PM does not have right to prevent MPs legislating on behalf of the people.",,,2019-08
2019-08-28,kirstysnp,Scottish National Party,"URGENT: Free emergency PPI reclaiming toolkit.  Don't delay! Deadline's Thur 11:59pm - yet do it today, websites crash, call centres go overcapacity. 

If uv EVER had credit card, mortgage, loan, overdraft, car finance, catalogue debt. CHECK NOW  https://t.co/8SCHHm7eDr PLS SHARE",MartinSLewis,,2019-08
2019-08-28,lordianaustin,Labour,@Kathiedrinan @BestForBritain Thanks Kathie. Can you email me so I can reply properly please? austini@parliament.uk,Kathiedrinan,"@Kathiedrinan, @BestForBritain, @parliament.uk",2019-08
2019-08-28,mpiainds,Conservative,"I have just received this letter from the Prime Minister. Every Thursday at Business Questions, opposition parties have been calling for a Queen's Speech. Thank goodness they will get one, and we can get on with urgent legislation. https://t.co/lRqWzThvLJ",amessd_southend,,2019-08
2019-08-28,gwynnemp,Labour,"I think what the US president is saying, is that Boris Johnson is exactly what he has been looking for, a compliant Prime Minister who will hand Britain's public services and protections over to US corporations in a free trade deal. https://t.co/kcg2jkYi0o",jeremycorbyn,,2019-08
2019-08-28,toniaantoniazzi,Labour,In response to Boris Johnsons letter https://t.co/HkRsbtU4JR,jessphillips,,2019-08
2019-08-28,lucianaberger,Labour (Co-op),"Government says “Nobody was available for comment” to speak to @BBCNewsnight tonight. 

“Nobody”

Cowards. They won’t even front up their anti democratic, unconstitutional plan to shut down Parliament.

#StopTheCoup
#PeoplesParliament 
#ChurchHouseDeclaration",,@BBCNewsnight,2019-08
2019-08-28,preetkgillmp,Labour (Co-op),"I make no apology in calling this for what it is: This is a coup made by an extreme Right Wing Group masquerading as democrats. 
What does that make Boris Johnson? The public must tell him in no uncertain terms - It makes him a dictator. We must not let this happen. #StopTheCoup https://t.co/HJ0wnwG0p2",BBCPolitics,,2019-08
2019-08-28,cmonaghansnp,Scottish National Party,@Roadwarrior29 Surprised he’s lasted this long.,Roadwarrior29,@Roadwarrior29,2019-08
2019-08-28,davidlammy,Labour,"With this, the unelected poundshop dictator Boris Johnson threatens to end Britain's long history of Parliamentary democracy.

If Parliament is silenced on the biggest issue of our time we must take to the streets in peaceful protest &amp; civil disobedience. https://t.co/4CwyNxH8xo",BBCPolitics,,2019-08
2019-08-28,kirstysnp,Scottish National Party,"BREAKING: The United Kingdom. 

Boris Johnson is now trying to close down Parliament and enforce a no-deal Brexit. https://t.co/eCz0HMvAhk",GrantDCostello,,2019-08
2019-08-28,emmahardymp,Labour,"I think what the US president is saying, is that Boris Johnson is exactly what he has been looking for, a compliant Prime Minister who will hand Britain's public services and protections over to US corporations in a free trade deal. https://t.co/kcg2jkYi0o",jeremycorbyn,,2019-08
2019-08-28,annaturley,Labour (Co-op),@Bickerrecord @SkyNews @julie4nw I think its a great idea,Bickerrecord,"@Bickerrecord, @SkyNews, @julie4nw",2019-08
2019-08-28,jreynoldsmp,Labour (Co-op),"@TellyBoxEyes @sheila_bell Spot in. Tories like Sheila have desperately tried to push this narrative at every stage, whatever the facts. It’s almost as if they’ve worked out they’ve spent their entire lives getting it wrong and now have nothing left",Bee_Fleece,"@TellyBoxEyes, @sheila_bell",2019-08
2019-08-28,anna_soubry,Conservative,"In our constitution, the legislature can overrule actions of an authoritarian executive like this. 
So next week it’s clear we must do what it takes to keep Parliament active and in business for as long as possible - and protect our country from this crazy no-deal Brexit plan. https://t.co/w47fViDqBf",ChrisLeslieUK,,2019-08
2019-08-28,carolynharris24,Labour,"Congratulations to Sarah John (@BossBrewingCo) and @shayonislynn, both celebrated in the top 35 women under 35. Regardless of gender or age, these two intelligent and driven people would stand tall in any list of professional Welsh talent https://t.co/JD2g7AnCLy",Steven_Stokes,"@BossBrewingCo), @shayonislynn,",2019-08
2019-08-28,ianlaverymp,Labour,Nobody is fooled that this is a Spending Review. It's a one off pre election panic driven stunt budget. Each spending announcement is exposed as inadequate &amp; whole areas of spending needs like local councils &amp; addressing child poverty are ignored. This is not serious government.,johnmcdonnellMP,,2019-08
2019-08-28,tony4rochdale,Labour,"Boris Johnson’s attempt to suspend parliament to avoid scrutiny of his plans for a reckless No Deal Brexit is an outrage and a threat to our democracy. 
 
Labour will work across Parliament to hold the government to account and prevent a disastrous No Deal.",jeremycorbyn,,2019-08
2019-08-28,louhaigh,Labour,Would be great if @LouHaigh could share and add her voice to stopping the Tinpot Dictator we've currently got in number 10. #Sheffield #Brexit #PeoplesParliament  https://t.co/ZNPsYH3Mby,Jamie_S88,@LouHaigh,2019-08
2019-08-28,drrosena,Labour,"“You don't deliver on democracy by trashing democracy. To suggest that you would suspend Parliament and put an end to our sovereign democracy just is not right, and we can't do that.”

@SajidJavid in June.

Now he’s ploughing on and shutting down Parliament! #Prorogation",,@SajidJavid,2019-08
2019-08-28,afzal4gorton,Labour,"Boris Johnson’s attempt to suspend parliament to avoid scrutiny of his plans for a reckless No Deal Brexit is an outrage and a threat to our democracy. 
 
Labour will work across Parliament to hold the government to account and prevent a disastrous No Deal.",jeremycorbyn,,2019-08
2019-08-28,zacgoldsmith,Conservative,"Here is the entire British establishment from Left to Right and everything in-between promising that if we voted to leave the EU we would leave. No ifs, no buts. Please bear this in mind as you watch Remain MPs scrabbling right now to undermine your vote. https://t.co/PyuWXuhcNI",BenGoldsmith,,2019-08
2019-08-28,hywelplaidcymru,Plaid Cymru,This is a quite remarkable statement from @fmwales and shows how the foundations of UKania are shaking https://t.co/hvak1cOHbE,DafyddTrystan,@fmwales,2019-08
2019-08-28,simonclarkemp,Conservative,"@carolewatkins44 @BenHouchen Hi Carole, we’ll have to see about the Southern Cross works.  They’re a legacy project taken through by the Labour council that was routed in May.",carolewatkins44,"@carolewatkins44, @BenHouchen",2019-08
2019-08-28,theresecoffey,Conservative,It will be vital that any onshore connections of Galloper and Gabberd extensions are routed to areas that already have appropriate infrastructure and transmission capacity already in place such that there is no environmental impact https://t.co/lj9iBBlPXe,TheCrownEstate,,2019-08
2019-08-28,wera_hobhouse,Liberal Democrat,I’ve joined many others in Westminster to protest against the government's disgraceful decision to prorogue Parliament. I am angry. The foundations of our democracy are at stake. @LibDems will keep fighting to give people the #FinalSay. We must #StopTheCoup. https://t.co/IPYbdszLGR,LuisaPorritt,@LibDems,2019-08
2019-08-28,thangammp,Labour,"Resign, you incompetent charlatan. https://t.co/h57mrAzhqZ",tcanham459,,2019-08
2019-08-28,rushanaraali,Labour,Please sign this important ⁦@peoplesvote_uk⁩ petition to show your opposition to Boris Johnson’s attack on our democracy  https://t.co/y9iIYrVt4P,,@peoplesvote_uk⁩,2019-08
2019-08-28,yasminqureshimp,Labour,Come enjoy some T20 cricket and food at Deane &amp; Derby CC https://t.co/0axE6U95bx,AlkhairBolton,,2019-08
2019-08-28,fitz_xmp,Labour,"Sorry, who are you? https://t.co/reInoJxwHT",TarlingWestTRA,,2019-08
2019-08-28,jamesduddridge,Conservative,There has been a prorogation of Parliament pretty much every year before a Queen’s/King’s Speech since time immemorial. But for some reason the media have never reported any previous prorogation as a “shutdown” or “suspension” of Parliament...,isaby,,2019-08
2019-08-28,angusmacneilsnp,Scottish National Party,"Now Plan C pops up for Scottish independence with pace of developments.  recap 👇
PLAN A - Scot Gov waits on Westminster agreement/permission for a referendum
PLAN B - in event of Plan A not working an election mandate is used.
PLAN C - UK just disintegrates Berlin Wall style",,,2019-08
2019-08-28,thelma_dwalker,Labour,Indeed https://t.co/hH7e3NWhFZ,charliewrec,,2019-08
2019-08-28,helengoodmanba,Labour,@Peston @BorisJohnson O Robert this post is sad.,Peston,"@Peston, @BorisJohnson",2019-08
2019-08-28,redditchrachel,Conservative,"@mash1973 Hi Max, please see the statement I've just posted on my website: https://t.co/vf4tkmApt8",mash1973,@mash1973,2019-08
2019-08-28,jreynoldsmp,Labour (Co-op),Electoral reform an essential part of this too https://t.co/L6FVp4vg0F,L__Macfarlane,,2019-08
2019-08-28,justinmadders,Labour,@Sales2great Such a hero hurling insults from behind a keyboard,Sales2great,@Sales2great,2019-08
2019-08-28,karen_karenelee,Labour,..and judging by my incoming emails this evening it would be fair to say that Lincoln residents aren’t best pleased with him either https://t.co/xXD71y0yHr,itvnews,,2019-08
2019-08-28,lynbrownmp,Labour,Nobody is fooled that this is a Spending Review. It's a one off pre election panic driven stunt budget. Each spending announcement is exposed as inadequate &amp; whole areas of spending needs like local councils &amp; addressing child poverty are ignored. This is not serious government.,johnmcdonnellMP,,2019-08
2019-08-28,willquince,Conservative,A package of measures to help people on lower incomes get onto the housing ladder has been unveiled today by Housing Secretary @RobertJenrick #sharedownership https://t.co/oNTJLDzvLx https://t.co/YkOTcDIWPi,mhclg,@RobertJenrick,2019-08
2019-08-28,alistairburtuk,Conservative,Really sorry to hear that  @normanlamb will be stepping down at the next election. Liked &amp; respected across the Commons &amp; a powerful campaigner on mental health https://t.co/kOml8hqitG,sarahwollaston,@normanlamb,2019-08
2019-08-28,rushanaraali,Labour,"During the leadership contest I asked @AmberRuddHR if she thought it would be acceptable to prorogue parliament in controversial circumstances.

""No."" She said. ""We are not the Stuart kings.""",lewis_goodall,@AmberRuddHR,2019-08
2019-08-28,rorystewartuk,Conservative,"Just bumped into @RoryStewartUK and managed to grab a few words with him to highlight the importance of arts, museums and libraries to the regeneration of cities like Sunderland  and the challenges of local authority austerity. https://t.co/YcEpLO5uTy",kmerrin,@RoryStewartUK,2019-08
2019-08-28,normanlamb,Liberal Democrat,"Today's upload includes the recent select committee report led by @NormanLamb into the new Clean Growth Strategy, a piece on a new @TomTom tool for more efficient #EV use, and a new @BEIS innovation move on sustainable plastics and #netzero.  https://t.co/81gjCFumWI https://t.co/rpRSDpX1Fa",NewAngliaEnergy,"@NormanLamb, @TomTom, @BEIS",2019-08
2019-08-28,paulasherriff,Labour,Absolutely outrageous. We are a parliamentary democracy and this is action is akin to living in a dictatorship. We will resist this with every fibre of our being as should decent MP’s https://t.co/7Jhztxb0Ff,BBCPolitics,,2019-08
2019-08-28,stevebakerhw,Conservative,"Our call handlers are our #HeroesInHeadsets who answer your 999 + 101 calls as well as your online reports.

Please remember - only 📞999 if; 
A crime is happening right now (or has just happened)
There is a threat to life
Property is being damaged right now

#ThinkBeforeYouDial https://t.co/w5RtK6behU",ThamesVP,,2019-08
2019-08-28,mgreenwoodww,Labour,"Time after time Boris Johnson has backed Tory cuts to school budgets that created the crisis in our classrooms, while slashing taxes for the richest. He shows no sign of taking the action needed to undo that damage - @AngelaRayner 
https://t.co/t7wWSfME00",labourpress,@AngelaRayner,2019-08
2019-08-28,rebeccaharrismp,Conservative,Boris’s Prorogation Will Be Shorter than Major’s https://t.co/vF6b4cuOMw https://t.co/bvHQEnBbUS,GuidoFawkes,,2019-08
2019-08-28,andrewbowie_mp,Conservative,"As it stands parliament will sit for four days fewer than was planned. The big question I have yet to see answered is this: 

What exactly would the Remainers have planned to do on those days which they have failed to do for the last three years?",MattChorley,,2019-08
2019-08-28,anneliesedodds,Labour (Co-op),"Today I'm delighted to launch Labour's Animal Welfare Manifesto - a comprehensive plan to ensure animal welfare standards are up to date and fit for purpose.

A huge thank you to everyone who took part in the consultation.

#AnimalWelfareManifesto 

https://t.co/CVolrX0gCW",SueHayman1,,2019-08
2019-08-29,keeleymp,Labour,"Smart 3-point pitch urging immediate cash boost next week to ‘help stabilise’ the #socialcare system, but then separating funding reform from a wider long-term plan for the sector mirroring the NHS’s. Counters idea that issue is all about people having to sell their homes. https://t.co/pu6S0aR12I",DavidJ_Brindle,,2019-08
2019-08-29,tom_watson,Labour,He won the internal election so I guess this ‘One Nation’ commitment no longer matters to him. https://t.co/A724dCCcmG,,,2019-08
2019-08-29,barrysheerman,Labour (Co-op),@OFOCBrexit And it will get stronger &amp; stronger!,OFOCBrexit,@OFOCBrexit,2019-08
2019-08-29,carolynharris24,Labour,@carolynharris24 @ArtScienceDoc @davidzendle #gaming #gambling how on Earth is this type of in game advertising allowed. A man holding a baby claiming that the game is “super addictive” ... I am speechless https://t.co/NIWp8dlGw8,GamFamCharity,"@carolynharris24, @ArtScienceDoc, @davidzendle",2019-08
2019-08-29,hackneyabbott,Labour,"Shami Chakrabarti says shutting down parliament ""won't wash"". 

I agree.

https://t.co/S3CaxK1e44",jeremycorbyn,,2019-08
2019-08-29,matthancock,Conservative,"Delighted to see a rise in the number of doctors entering general practice across the country. Lots more to do, but a good step in the right direction
https://t.co/O94xksWjNX https://t.co/o0ab9zAjzb",,,2019-08
2019-08-29,kevinbrennanmp,Labour,I wonder why @TeamSaj have deleted this tweet... https://t.co/gBqUQo75Rm,tom_watson,@TeamSaj,2019-08
2019-08-29,mikeamesburymp,Labour,Over 1.2 million people have signed so far. Please sign to protect our parliamentary democracy - Petition: Do not prorogue Parliament https://t.co/8cldzCTZqi,,,2019-08
2019-08-29,jamesfrith,Labour,"I’m pleased to see that following my letter of last week the financial irregularities at @buryfcofficial will be investigated. Full story picked up here by good man, @david_conn #UTS https://t.co/JHeUGoTDOB",david_conn,"@buryfcofficial, @david_conn",2019-08
2019-08-29,andrewselous,Conservative,"For all of those interested in my views on the current Parliamentary and Brexit situation please read my attached statement.

https://t.co/gsuaPdHRAH",,,2019-08
2019-08-29,s_hammond,Conservative,"⛔ Balfour Road/Merton Road

I have written to Merton Council to suggest they do not proceed with their proposals for the Balfour Road/Merton Road junction &amp; only restart the process with fuller engagement with Cecil &amp; Balfour Road residents and businesses in the area. (5/5)",S_Hammond,,2019-08
2019-08-29,coyleneil,Labour,@HousingActionSL I can try - just send more info. Southwark is moving on this but it isn't implemented in full yet is my understanding,HousingActionSL,@HousingActionSL,2019-08
2019-08-29,philipdaviesuk,Conservative,REMINDER: Both Labour and the Conservatives pledged to honour the Brexit referendum result in their manifestos at the subsequent election. So spare me all this Remoaner guff about prorogation ‘destroying democracy’. Those destroying democracy are those seeking to stop Brexit.,piersmorgan,,2019-08
2019-08-29,john2win,Conservative,"When I called for more non-political people to get involved in politics in 2009 I couldn't have dreamed of a better candidate than @RuthDavidsonMSP. Her brand of fearless, forthright Conservatism has transformed our party in Scotland and we owe her an enormous debt... 1/2",David_Cameron,@RuthDavidsonMSP.,2019-08
2019-08-29,sharonhodgsonmp,Labour,"A joint statement from @UKLabour, @theSNP, @LibDems, @Plaid_Cymru, @ForChange_Now and @TheGreenParty as we work together to stop Boris Johnson's smash and grab on democracy: https://t.co/e8fd2uSstS",jeremycorbyn,"@UKLabour,, @theSNP,, @LibDems,, @Plaid_Cymru,, @ForChange_Now, @TheGreenParty",2019-08
2019-08-29,hughgaffneyccb,Labour,"With Scotland losing up to seven local bank branches per month between 2016 and 2018, I hope the Government will seriously consider the recommendations made in the @CommonsScotAffs report on Access to Cash in Scotland. https://t.co/uyApq0njWd",,@CommonsScotAffs,2019-08
2019-08-29,jostevenslabour,Labour,"Our next event in Cardiff is on Saturday 31st August.
🏉🏴󠁧󠁢󠁷󠁬󠁳󠁿🇪🇺🇮🇪🏉

Please check @WalesForEurope website for other #DefendOurDemocracy events across Wales over the next few days!

https://t.co/t31biD7Nqp https://t.co/IyOgE12i0U",Cardiff4EU,@WalesForEurope,2019-08
2019-08-29,kerrymp,Labour,Well done @guardian for this. https://t.co/7qT6TBjZYp,Bham_FOE,@guardian,2019-08
2019-08-29,mikegapes,Labour (Co-op),"Important and thoughtful thread here, a pretty compelling argument. https://t.co/SqEWfx8mu3",AlistairBurtUK,,2019-08
2019-08-29,vickyford,Conservative,Very good to see more police about in Chelmsford again today #bobbiesonthebeat https://t.co/F4Z6UnKt7m,,,2019-08
2019-08-29,alecshelbrooke,Conservative,"@bmgray007 Hi Ben, that’s why I voted three times for a deal. In the four days we’re now prorogued no Brexit legislation was to be on the order paper anyway, as we’re waiting for the EU Council to after a deal. Much of the timeframe is conference recess.",bmgray007,@bmgray007,2019-08
2019-08-29,stevebarclay,Conservative,"🎯 This month a new RECORD high for JOBS was reached.

👷‍♀️ UK employment now at record high 32.81 million people.

📈 UK average weekly pay grew by 3.9% in the year to June, highest in 11 years. https://t.co/7eF85TaYFr",Conservatives,,2019-08
2019-08-29,mattwestern_,Labour,"Suspending Parliament throws us towards a No Deal that will have a catastrophic impact on the automotive industry in the West Mids. Not my words, but the words of industry leaders. Join me at the Pump Room Gardens @ midday on Saturday to protest. Reaction to yesterday's news ⬇️ https://t.co/UmqWXNzkbB",,,2019-08
2019-08-29,alisonthewliss,Scottish National Party,And what a transformation of the Ladies Pool @GovanhillBaths by @scotcivictrust - magnificent😀!!! And accompanied by a beautiful musical performance by the Royal Conservatoire of Scotland 🥰!!! https://t.co/w4FoDESCUD,MurphyNiallGLA,"@GovanhillBaths, @scotcivictrust",2019-08
2019-08-29,johnnymerceruk,Conservative,Never give up buddy! You are an amazing man and inspiration to us all @henryfraser0 https://t.co/c4edLscqiJ,BearGrylls,@henryfraser0,2019-08
2019-08-29,matthancock,Conservative,Terrific news for hardworking families across the country 👇 https://t.co/QOf3yARAMP,Conservatives,,2019-08
2019-08-29,mikeamesburymp,Labour,Great blog post by @pcs_union's Mark Serwotka. 'Labour’s message of hope and optimism can defeat the selfishness and greed of Boris Johnson’s Tory party.' https://t.co/esU1pphB3R,johnmcdonnellMP,@pcs_union's,2019-08
2019-08-29,stevebakerhw,Conservative,"Selling to overseas markets can take as little as six weeks.

👇 Watch how making a to-do list 📋 with DIT helped @YeeKwanIceCream export 🍦 to 🇨🇳.

@grahamstuart is in #China this week to champion British business in the region.

#ReadytoTrade https://t.co/DtaDqYZzjD",tradegovuk,"@YeeKwanIceCream, @grahamstuart",2019-08
2019-08-29,kevin_j_foster,Conservative,"@ashingtonlad Torbay would still exist if under DCC, but as a district in a two tier structure (Which is being progressively abolished across Eng). In long term a review which created a larger unitary in south devon would make sense, but at the moment our neighbours not in the mood for that.",ashingtonlad74,@ashingtonlad,2019-08
2019-08-29,tobyperkinsmp,Labour,@aarondfirth She inherited a majority government. She called an Election we didn’t need and lost her majority because people voted- AFTER THE REFERENDUM- for a hung parliament to negotiate our exit. She couldn’t ignore that but she did NCOs she put her job ahead of national interest 1/2,aarondfirth,@aarondfirth,2019-08
2019-08-29,angusmacneilsnp,Scottish National Party,"We did ask a host of Scottish Tories to join #bbcgms this morning including Ruth Davidson &amp; and Secy of State for Scotland Alister Jack. We were told they're not available. 
The Scottish Conservatives couldn't provide anyone to speak to this programme this morning.",BBCGaryR,,2019-08
2019-08-29,jonashworth,Labour (Co-op),#StopTheCoup #leicester first speaker @JonAshworth https://t.co/y8KYTqRXtb,nellyeborall,@JonAshworth,2019-08
2019-08-29,damiangreen,Conservative,"So there is time to ratify a deal if one can be reached by the time of the EU Council in mid-October. This remains my preferred option, rather than a No Deal Brexit whose potential effects I have warned against many times. (2/5)",DamianGreen,,2019-08
2019-08-29,carolynharris24,Labour,@fussydolphin @WendyGeorginaL2 Look the all got their @CoastalHousing  squeezey sheep...x,fussydolphin,"@fussydolphin, @WendyGeorginaL2, @CoastalHousing",2019-08
2019-08-29,lucyallan,Conservative,"Is it unusual to prorogue Parliament? 

No - Parliament is prorogued at the end of each session, which is usually about a year. However, the current session has lasted over two years. This is the longest for over 350 years: https://t.co/4jBOnSBRCZ",UKParliament,,2019-08
2019-08-29,cpjelmore,Labour,We're really looking forward to this #MoneyManagement #Advice Day with @CPJElmore. Great to have been invited and keen to get talking all things #financialwellbeing with the people of #Ogmore! https://t.co/K9RwrimvUY https://t.co/NwAB7wUHvK,TheMoneyCharity,@CPJElmore.,2019-08
2019-08-29,gregclarkmp,Conservative,"Parliament should be sitting more, not less, during the crucial weeks ahead including during the conference recess. A Queen’s Speech, with a new domestic programme, is welcome but it should not be used to curtail scrutiny by Parliament.",,,2019-08
2019-08-29,joswinson,Liberal Democrat,@KristinsSharp @LibDems Welcome Kristin! 🧡,KristinsSharp,"@KristinsSharp, @LibDems",2019-08
2019-08-29,simonclarkemp,Conservative,"“Some of those most outraged by Boris Johnson have been pretty good at bending the rules themselves,” BBC’s @bbclaurak spot on as usual",steve_hawkes,@bbclaurak,2019-08
2019-08-29,tandhesi,Labour,"Lord Young's resignation as a House of Lords whip - saying he is unhappy over the length, timing and motivation of prorogation along with Johnson's lies on the issue - proves that some politicians stick to their principles 

Unlike this bunch of self-serving charlatans below 👇 https://t.co/0HRvGb2Juh",ianbirrell,,2019-08
2019-08-29,keeleymp,Labour,"There has not been a single plausible defence of the prorogation from any pundit or politician

The best they can do, desperately, is confuse prorogation for a recess and ignore the duration and timing

Any sensible person knows this is wrong

Only liars and fools can defend this",davidallengreen,,2019-08
2019-08-29,petergrantmp,Scottish National Party,"Let's seize this opportunity folks. Now is the time to persuade soft No voters that an independent Scotland in the EU would be vastly preferable to an extreme-right wing UK Government, in hock to Trump. We must do it, our only chance to avert the coming catastrophe.",CameronMcNeish,,2019-08
2019-08-29,robertcourts,Conservative,Scratching my head a little over opposition MPs getting cross about a Queen’s Speech. They’ve been calling for one at the Business Statement pretty much every week for a year or more. Here’s Shadow Leader Valerie Vaz making the case on 2nd May: https://t.co/4bemoNAmlz,JSHeappey,,2019-08
2019-08-29,angusmacneilsnp,Scottish National Party,"Ruth Davidson off to spend more time with her family, echoing legion of departing male politicians like Alan Milburn, Norman Fowler et al.

But delivering an extraordinary defence of her bete  noire, Boris Johnson. 

So she's leaving the door open for return. https://t.co/qyEby6dVRX",iainmacwhirter,,2019-08
2019-08-29,bill_esterson,Labour,Dictators shut down Parliaments. Democrats don't. Well said @IanMurrayMP https://t.co/yDNqsmKl9I,IanMurrayMP,@IanMurrayMP,2019-08
2019-08-29,philipdaviesuk,Conservative,I thought @Jacob_Rees_Mogg was brilliant on @BBCr4today - he is very much in the right job. We shouldn’t take lessons on democracy from those who have spent the last 3 years doing everything they can to undermine one of our largest ever democratic decisions https://t.co/XUT5ECSfq5,DCBMEP,"@Jacob_Rees_Mogg, @BBCr4today",2019-08
2019-08-29,hywelplaidcymru,Plaid Cymru,"Great news from Italy

- Salvini tries to do a boris but the Senate stop him.
- #salvini fascista out (bye bye)
- Eurosceptic 5 stelle In
- Pro EU PD party In
- Pro EU Conte as PM In
- Pro EU president unchanged
#Italia #facciamorete #fbpe

Ciao @LeganelMondo forever. https://t.co/e5mc8y3skR",EUflagmafia,@LeganelMondo,2019-08
2019-08-29,dougchapmansnp,Scottish National Party,"why not pop by our Gallery en route and take a look at our beautiful new, official #Culrosstartan #scottishartists #Culross #FifePilgrimWay #visitscotland #lovefife https://t.co/nUUH4qleLo",Greengategalle1,,2019-08
2019-08-29,hackneyabbott,Labour,"Home Office faces legal battle over Prevent reviewer 

https://t.co/YwIQYsgdKX",,,2019-08
2019-08-29,pauljsweeney,Labour (Co-op),"@Megs92437011 Thanks Megs, I recieved your email today and I have replied to you by email and letter. I can assure you that I fully support the 50s born women for state pension equality campaign, but EDMs are a symbolic device for backbench MPs only. I am a front bench MP, and Shadow Minister.",,@Megs92437011,2019-08
2019-08-29,cmonaghansnp,Scottish National Party,"East Kilbride Central North (South Lanarkshire) first preferences:

SNP: 46.5% (+4.2)
LAB: 20.3% (-11.3)
CON: 14.6% (-4.1)
LDEM: 12.4% (+9.9)
GRN: 4.5% (+0.6)
UKIP: 1.4% (+1.4)
LBT: 0.4% (+0.4)

SNP HOLD.

LBT: Libertarian.",BritainElects,,2019-08
2019-08-29,stewartmcdonald,Scottish National Party,Absolute guff but with a posh accent. Don’t be fooled. https://t.co/W7ldNQSzle,bbc5live,,2019-08
2019-08-29,jessicamordenmp,Labour,"Poets of Twitter, 
New term. I want to create a 'Poetry Lab' in an unused office @LlanwernEnglish. I'd like it to become a hub for creativity of all kinds. I'd like to cover the walls in handwritten poems, doodles &amp; messages to inspire the young people of Newport East.",_DylanMoore,@LlanwernEnglish.,2019-08
2019-08-29,petergrantmp,Scottish National Party,"Why you should never trust a Tory.

Episode 847,903. https://t.co/BCDF83H2qh",Channel4News,,2019-08
2019-08-29,rorystewartuk,Conservative,@MJT999heart Thank you,noname11134528,@MJT999heart,2019-08
2019-08-29,nickboles,Conservative,"Jacob Rees-Mogg continues to peddle the line @BBCr4today that all MPs worried by NoDeal only want to remain in EU. It’s untrue,he knows it. I’ve voted to leave consistently since accepting Referendum result. He has not. That’s why we’re where we are. Pandora’s Box now open wide. https://t.co/Oq0H1BGVDV",AlistairBurtUK,@BBCr4today,2019-08
2019-08-29,keeleymp,Labour,"Please sign and share if you believe that action by  @BorisJohnson to suspend Parliament for five weeks is an outrage

https://t.co/x7vGS0NVe2",KeeleyMP,@BorisJohnson,2019-08
2019-08-29,karlturnermp,Labour,"Hahahahaha!!! Tory MP Alex Chalk engaging with his constituents on PM Boris Johnson proroguing shutting down Parliament 
😭🤣😂 
“What are the options? do you 1. Bring the Government down?”
😂😭🤣
https://t.co/tH62Bh1Ul5",chunkymark,,2019-08
2019-08-29,coyleneil,Labour,"Asking @SouthwarkCofE for prayers for our nation at this challenging time.
+Christopher https://t.co/4PXgvvUgU9",BishopSouthwark,@SouthwarkCofE,2019-08
2019-08-29,andrealeadsom,Conservative,I accept the argument that any further delay to Brexit beyond October 31st would further damage the reputation of Parliament. I would of course vote against any No Confidence motion in the Government. (5/5),DamianGreen,,2019-08
2019-08-29,toniaantoniazzi,Labour,This is very much the case in #Swansea and #Gower. Food donations are still needed to the @TrussellTrust in #Gorseinon #Mumbles #Clydach #Pontarddulais https://t.co/zgpLWvUqVI,guardian,@TrussellTrust,2019-08
2019-08-29,preetkgillmp,Labour (Co-op),@Mr_W_Carpenter The tweet refers to power grab/dictatorship,Mr_W_Carpenter,@Mr_W_Carpenter,2019-08
2019-08-29,andrealeadsom,Conservative,"Jacob Rees-Mogg: ""If the Speaker John Bercow has made it clear he doesn't like constitutional outrages, I'm sure he will not invent constitutional outrages of his own.""

Julia Hartley-Brewer: ""But we've seen him do that before.""

@JuliaHB1 | @Jacob_Rees_Mogg | #ParliamentShutDown https://t.co/k6yAjuV3ux",talkRADIO,"@JuliaHB1, @Jacob_Rees_Mogg",2019-08
2019-08-29,mikeamesburymp,Labour,"Let me thank Boris Johnson or Cummings or whoever decided to put up Jacob Rees Mogg for the BBC’s Today programme. He displayed their arrogant, “born to rule”, contempt for our Parliament democracy, for many of his colleagues and for our people that marks out the Johnson regime.",johnmcdonnellMP,,2019-08
2019-08-29,mikegapes,Labour (Co-op),Last day of my holiday and up early for BBC Radio Essex interview on Brexit. Now to pack,,,2019-08
2019-08-29,gareththomasmp,Labour (Co-op),To get elected Tory Leader he said he was against prorogation - now everything’s different (!) just goes to show @BorisJohnson simply cannot be trusted on Brexit or anything else https://t.co/cSw7QGU9NR,SDoughtyMP,@BorisJohnson,2019-08
2019-08-29,marycreagh_,Labour,"Terrible case of modern slavery, hidden in plain sight, in Wakefield. 

Car wash workers living in 'squalor' in Wakefield paid £50 for 13 hour shift https://t.co/zlt1bLredZ",,,2019-08
2019-08-29,lynbrownmp,Labour,David Lidington (former deputy to Theresa May) says that if a Corbyn government had prorogued Parliament his Tory colleagues would be turning “purple with rage” #today,PickardJE,,2019-08
2019-08-29,siobhain_mc,Labour,@adesola86 Will do all I can!,adesola86,@adesola86,2019-08
2019-08-29,stewartmcdonald,Scottish National Party,"The day after the UK hears that its Parliament is to be shut down, Ukraine’s new parliamentary session is about to get underway and continue its path of European integration. https://t.co/ifCqfxL5cx",Biz_Ukraine_Mag,,2019-08
2019-08-29,lukepollard,Labour (Co-op),"The inevitable rise of chlorinated chicken in Britain has begun. This is what Brexit means - lower animal welfare standards. Don’t accept it, don’t fall for it, don’t compromise - demand we keep our high British standards and don’t let the Tories trade them away. https://t.co/zjnTM6nyaY",johanntasker,,2019-08
2019-08-29,sarahchampionmp,Labour,"Need to stop women in custody on short-term sentences for non-violent offences, more community intervention, incl. expansion of women’s centres. Gov’s Female Offenders Strategy said right things but as usual money hasn’t followed @WIP_live @carolynharris24 https://t.co/csTbudDSZc",,"@WIP_live, @carolynharris24",2019-08
2019-08-29,amessd_southend,Conservative,"I have visited @SouthendNHS Hospital to say thank you to the team of nurses, doctors and ancillary staff for the wonderful work they do. While meeting them I was moved by a patient who came out especially to praise them. https://t.co/SX0y8Zb3ZJ",,@SouthendNHS,2019-08
2019-08-29,hywelplaidcymru,Plaid Cymru,"Beth am wneud y rali #annibyniaeth  ym Merthyr yr un mwya hyd yma! 
🏴󠁧󠁢󠁷󠁬󠁳󠁿🏴󠁧󠁢󠁷󠁬󠁳󠁿🏴󠁧󠁢󠁷󠁬󠁳󠁿🏴󠁧󠁢󠁷󠁬󠁳󠁿🏴󠁧󠁢󠁷󠁬󠁳󠁿🏴󠁧󠁢󠁷󠁬󠁳󠁿🏴󠁧󠁢󠁷󠁬󠁳󠁿🏴󠁧󠁢󠁷󠁬󠁳󠁿🏴󠁧󠁢󠁷󠁬󠁳󠁿🏴󠁧󠁢󠁷󠁬󠁳󠁿🏴󠁧󠁢󠁷󠁬󠁳󠁿🏴󠁧󠁢󠁷󠁬󠁳󠁿🏴󠁧󠁢󠁷󠁬󠁳󠁿
Let's make this #independence rally the biggest one yet!
🏴󠁧󠁢󠁷󠁬󠁳󠁿🏴󠁧󠁢󠁷󠁬󠁳󠁿🏴󠁧󠁢󠁷󠁬󠁳󠁿🏴󠁧󠁢󠁷󠁬󠁳󠁿🏴󠁧󠁢󠁷󠁬󠁳󠁿🏴󠁧󠁢󠁷󠁬󠁳󠁿🏴󠁧󠁢󠁷󠁬󠁳󠁿🏴󠁧󠁢󠁷󠁬󠁳󠁿🏴󠁧󠁢󠁷󠁬󠁳󠁿🏴󠁧󠁢󠁷󠁬󠁳󠁿🏴󠁧󠁢󠁷󠁬󠁳󠁿🏴󠁧󠁢󠁷󠁬󠁳󠁿🏴󠁧󠁢󠁷󠁬󠁳󠁿
@AUOBCymru @YesCymru @Plaid_Cymru https://t.co/CFTwZtfOFB",AlunFfredPlaid,"@AUOBCymru, @YesCymru, @Plaid_Cymru",2019-08
2019-08-29,jamie4north,Liberal Democrat,"A no deal Brexit will mean 6 months disruption to some live-saving medicines. People who voted for Brexit did not vote for this and we must stop the #Parliamentshutdown and #StopBrexit 

https://t.co/6QNN95HzbA",,,2019-08
2019-08-29,tom_watson,Labour,Also @NickyMorgan01: I’ll join your legal action. https://t.co/AKzKmbvvPn,itvnews,@NickyMorgan01:,2019-08
2019-08-29,keeleymp,Labour,"Cummings, like Johnson, is running away from answering questions about Vote Leave’s illegal electoral payments in the referendum. I am determined to chase them down. https://t.co/2Erftpvlg2",IanCLucas,,2019-08
2019-08-29,gwynnemp,Labour,"Great panel. Future leaders? ‘Need a positive belief to change things, tackle inequality’ ‘take personal responsibility’ ‘more diversity in leadership’ ‘reach out, be in touch with the grass roots’ ‘values, deliver on them yet make compromises’ @plBritish #futureleadersconnect https://t.co/EDHKkXTLEG",ColmMcGiv,@plBritish,2019-08
2019-08-29,albertocostamp,Conservative,Well worth reading https://t.co/TWm1xoItTi,FraserNelson,,2019-08
2019-08-29,mikejwood,Conservative,Scratching my head a little over opposition MPs getting cross about a Queen’s Speech. They’ve been calling for one at the Business Statement pretty much every week for a year or more. Here’s Shadow Leader Valerie Vaz making the case on 2nd May: https://t.co/4bemoNAmlz,JSHeappey,,2019-08
2019-08-29,davidtcdavies,Conservative,"Those now complaining were those plotting to install an alternative PM &amp; Govt, w/out an election, only a few days ago &amp; are now talking about amending rules to force through legislation w/out debate. (2/4)",robertcourts,,2019-08
2019-08-29,sandbach,Conservative,Oops clearly prorogation because Govt doesn’t have the numbers and nothing to do with domestic agenda (which is a complete fig leaf in any event) https://t.co/ytRdBDjV9m,newschambers,,2019-08
2019-08-29,damiancollins,Conservative,You can read my column here on - We need proper regulation in English football to stop bad owners running great clubs into the ground https://t.co/6J5IpFvzoq via @telefootball,,@telefootball,2019-08
2019-08-29,john2win,Conservative,"There have been high points and some low points but it has always been an absolute privilege to be part of #TeamRuth for the last 8 years.
The best boss!
💙 🏴󠁧󠁢󠁳󠁣󠁴󠁿 🇬🇧 https://t.co/nATKyEvnfw",,,2019-08
2019-08-29,smcpartland,Conservative,We need to deliver for local people. Let me know what you think in 90 seconds here: https://t.co/jHRY4lfjHp https://t.co/YGXM8UAM1s,Conservatives,,2019-08
2019-08-29,chrism4chester,Labour,🚨”You don’t deliver on democracy by trashing democracy”. Remember what @michaelgove @MattHancock @sajidjavid @AmberRuddHR told us just weeks ago before they took up jobs with #LiarJohnson ? Please RT so everyone knows! #StopTheCoup #PeoplesParliament #Brexit🚨(tks to C4 News) https://t.co/DNmbDaYakH,SDoughtyMP,"@michaelgove, @MattHancock, @sajidjavid, @AmberRuddHR",2019-08
2019-08-29,meaglemp,Labour,Thread 👇 Condemned as hypocrites out of their own mouths by their very recently spoken words #StopTheCoup #StopBrexitSaveDemocracy https://t.co/JorTDKmQVw,ianbirrell,,2019-08
2019-08-29,nadinedorries,Conservative,"To be clear, one or two enraged Europhile MPs may have mooted the idea that they were going to vote down the conference recess to journalists. That is a million miles from the reality. Members of all parties have paid and booked for attendance, hotels, travel. The three parties",,,2019-08
2019-08-29,kevinbrennanmp,Labour,"Rebel MPs looking at plan to work through the weekend to counter @BorisJohnson suspension of parliament.
@NickBoles says it's ""important that the Lords also sits as that’s where we are more likely to run out of time""
https://t.co/19GOFBo22P",paulwaugh,"@BorisJohnson, @NickBoles",2019-08
2019-08-29,danielzeichner,Labour,"Earlier in August one of our Members @DanielZeichner wrote an article about buses for Transport Times. Our buses in England outside London report was published in May.

Read Daniel's article here: https://t.co/JZexJknAFI",CommonsTrans,@DanielZeichner,2019-08
2019-08-29,ianmearnsmp,Labour,It is an opportunity for the public to express opposition to the Governments action and almost 1.4 million people have already added their signatures. https://t.co/aWZuyTG4VS,TimmySigmend,,2019-08
2019-08-29,simon4ndorset,Conservative,"I'm very sorry to hear this news. 

Ruth is a fantastic leader. My respect for her is total and unconditional, and she is a very special person with very special gifts and talents.

Thank you for your magnificent service to our country. https://t.co/q6x6hiPDv9",StephenKerrMSP,,2019-08
2019-08-29,scullyp,Conservative,"🤷‍♂️ Whatever happened to ""I respect the outcome of the referendum""? 

🤝 Rebuilding trust in politics requires politicians to deliver on what people voted for. 

🇬🇧 We must deliver Brexit by Oct 31. https://t.co/bk06tEPtvw",ElliotColburn,,2019-08
2019-08-29,sdoughtymp,Labour (Co-op),"A senior Cabinet minister who used to be implacably opposed to No Deal Brexit justified joining Johnson’s government by telling me that she would have more influence inside the Cabinet than out. What influence, pray?",NickBoles,,2019-08
2019-08-29,owenpaterson,Conservative,Heartening piece about the young innovators who are changing the future of food and farming with support from @ScienceAlly @Cornell https://t.co/L4WKId9e51 via @ScienceAlly,,"@ScienceAlly, @Cornell, @ScienceAlly",2019-08
2019-08-29,kemibadenoch,Conservative,Applications open today!  Care leavers should consider applying for the exciting opportunities for paid internships in the Civil Service in Government departments like @transportgovuk @HMRCgovuk @DWP and @educationgovuk. Apply online at https://t.co/IsE2DpbxRD #careleaver,,"@transportgovuk, @HMRCgovuk, @DWP, @educationgovuk.",2019-08
2019-08-29,jreynoldsmp,Labour (Co-op),"Transpennine Express state:

'Unfortunately due to a fatality, all lines between Stalybridge and Huddersfield are blocked'

Services are expected to resume at approximately 15:45 https://t.co/8YrlJ9AH3e",TamesideCorr,,2019-08
2019-08-29,gavnewlandssnp,Scottish National Party,"We're live now on @BBCTwo with Kirsty Wark - you can also watch online at https://t.co/qsTovu3Eym

#newsnight | @KirstyWark https://t.co/PJ9mllW6qJ",BBCNewsnight,"@BBCTwo, @KirstyWark",2019-08
2019-08-29,jreynoldsmp,Labour (Co-op),"Let me thank Boris Johnson or Cummings or whoever decided to put up Jacob Rees Mogg for the BBC’s Today programme. He displayed their arrogant, “born to rule”, contempt for our Parliament democracy, for many of his colleagues and for our people that marks out the Johnson regime.",johnmcdonnellMP,,2019-08
2019-08-29,jeremylefroy,Conservative,"At Stafford's @StoneComputers  with Alison Hodgens, Simon Harbridge (CEO) and Cllr Carolyn Trowbridge. A fine UK manufacturer of own branded notebooks &amp; desktops and leading UK technology supplier to education &amp; public sector. They also have a fully secure IT recycling service. https://t.co/SI3D2FGQg2",,@StoneComputers,2019-08
2019-08-29,lordjohnmann,Labour,Except vote for a deal. https://t.co/AoAxvjWdsi,KevinASchofield,,2019-08
2019-08-29,preetkgillmp,Labour (Co-op),@PreetKGillMP @harbornelabour Fully support you in whatever you need to do to call this out and stop it. Shameful action by Johnson,camtrev31,"@PreetKGillMP, @harbornelabour",2019-08
2019-08-29,karlturnermp,Labour,Libby Squire death: Hull student's body to be released to family https://t.co/5avjziRZTv,looknorthBBC,,2019-08
2019-08-29,alexsobel,Labour (Co-op),The Prime Minister and his top Cabinet Ministers opposed proroguing Parliament mere weeks ago. See the Cabinet of Hypocrites criticise their own policy in this video. Please share so everyone knows what we’re dealing with 👇 https://t.co/TTrX0lBMfO,,,2019-08
2019-08-29,catharinehoey,Labour,I was speaking to @RuthDavidsonMSP earlier. Wanted to give her my best wishes. Our babies are special &amp; they grow too fast. Motherhood changes our priorities. I've incredible respect for her decision. Politics in 2019 involves a lot of travel &amp; long hours away from our families.,ArleneFosterUK,@RuthDavidsonMSP,2019-08
2019-08-29,adamafriyie,Conservative,"Delighted our Prime Minister has secured a new parliamentary session. The Queen’s Speech will usher in a new &amp; worthwhile programme of legislation for the new Government (NHS, police, the environment &amp; more) &amp; a new budget for Brexit on 31st Oct  @10DowningStreet @Conservatives",,"@10DowningStreet, @Conservatives",2019-08
2019-08-29,debbie_abrahams,Labour,"Hey @Channel4News @BBCNews @SkyNews  @itvnews did you see this people’s petition went viral in 24 hours! 1,176,396 signatures and still going strong! https://t.co/6L43ITjFrj",BienSoeur,"@Channel4News, @BBCNews, @SkyNews, @itvnews",2019-08
2019-08-29,benpbradshaw,Labour,The Prime Minister and his top Cabinet Ministers opposed proroguing Parliament mere weeks ago. See the Cabinet of Hypocrites criticise their own policy in this video. Please share so everyone knows what we’re dealing with 👇 https://t.co/TTrX0lBMfO,alexsobel,,2019-08
2019-08-29,tpearce003,Labour,The Daily Telegraph: Corbyn backs call to ‘shut down the streets’ #tomorrowspaperstoday https://t.co/Rgru6XkpXr,BBCHelena,,2019-08
2019-08-30,nadams,Conservative,Katya is not happy at this news. https://t.co/Oxyov2FWML https://t.co/haRA9V1SSp,MrHarryCole,,2019-08
2019-08-30,mikegapes,Labour (Co-op),"At a weekly gathering of special advisers in No.10, Cummings was queried about Sonia Khan’s dismissal. According to several individuals in the room, he responded “if you don’t like how I run things, there’s the door”, adding that critics could “fuck off”

https://t.co/RAzmBCiWDy",SebastianEPayne,,2019-08
2019-08-30,jakeberry,Conservative,"The #NorthernPowerhouse is delivering. In Liverpool we've created a powerful Metro Mayor and we're investing £1.3billion into the area, but there's more to do.

My home city has always been open and outward-looking. We can go even further when we leave the EU on October 31st 💪🇬🇧 https://t.co/S9Zl5aoVur",JakeBerry,,2019-08
2019-08-30,acunninghammp,Labour,SNAP POLL: By 47% to 27% Brits say it is unacceptable for the government to suspend Parliament in the run up to Brexit https://t.co/R3fi0E2VDi https://t.co/L1BYkBua4M,YouGov,,2019-08
2019-08-30,marshadecordova,Labour,"From today, people with hidden disabilities can finally get Blue Badges for disabled parking.
This change will mean people living with health challenges like anxiety, HIV and sickle-cell anaemia will be able to live more independent lives. https://t.co/jXk13bZw4O",,,2019-08
2019-08-30,jamesduddridge,Conservative,We're making sure that all UK nationals in the EU will be #BrexitReady https://t.co/z411pzobAj,FCDOGovUK,,2019-08
2019-08-30,paulwilliamslab,Labour,"I'm also confident that the new Chief Constable Richard Lewis has the ability and the attitude to put things right. Losing 500 police over the last eight years, while crime has been rising, has been a huge blow. 2/3",PaulWilliamsLAB,,2019-08
2019-08-30,pauljsweeney,Labour (Co-op),"By shutting down Parliament, Boris Johnson has cemented his reputation as being disingenuous and Trumpian.

That’s why we must act decisively next week to stop a no deal Brexit. It could be our last chance. https://t.co/gCIRDbWTKX",Keir_Starmer,,2019-08
2019-08-30,bbradley_mans,Conservative,The Labour Party has abandoned their Leave voters. The Labour Party in Parliament is actively seeking to block #Brexit  How will @Telfordlabour explain this to voters at the next election? https://t.co/LMg7azwwbZ,lucyallan,@Telfordlabour,2019-08
2019-08-30,frankfieldteam,Labour,"In our second Special Report, we looked into the issue of holiday hunger. Drawing together views from politics and education, it features contributions from: @SharonHodgsonMP, @IanCLucas, @frankfieldteam, @mayor_anderson and @SHSorguk. #holidayhunger 

https://t.co/sCBWYUnXZX",LeadersGBNI,"@SharonHodgsonMP,, @IanCLucas,, @frankfieldteam,, @mayor_anderson, @SHSorguk.",2019-08
2019-08-30,stevebakerhw,Conservative,“Ignoring the referendum result would be the worst thing for democracy.” – PM @BorisJohnson https://t.co/FuxIcKkhfY,10DowningStreet,@BorisJohnson,2019-08
2019-08-30,jessphillips,Labour,"We said this would happen! We all said this would happen! It got treated as a stupid, emotional, partisan point but it wasn't! It's happening! https://t.co/F63ewOm6S7",youngvulgarian,,2019-08
2019-08-30,emmahardymp,Labour,One of the brightest stars amongst many this week has been @SteelSusie &amp; here she is saying a little about our RE:uniform event. Thank you so much 💖. #community #HullandProud https://t.co/yezAVJAOF3,,@SteelSusie,2019-08
2019-08-30,tomtugendhat,Conservative,I am very concerned at the arrest of @joshuawongcf and others in Hong Kong. This challenges the right of free assembly and protest which are fundamental to a free society.,,@joshuawongcf,2019-08
2019-08-30,hannahb4livimp,Scottish National Party,Lots of @theSNP activities in West Lothian tomorrow! Join us in Broxburn at 10.30am and/or at Livingston Shopping Centre at 1pm if you can! #ActiveSNP https://t.co/fv6HoDnWHZ,,@theSNP,2019-08
2019-08-30,willquince,Conservative,"#ColU will host Tottenham Hotspur on Tuesday 24th September in the @Carabao_Cup Third Round (7.45pm kick-off).

The two teams continue to finalise ticket details for the game - please keep an eye on the website and social media for further updates next week! https://t.co/YwmViTsubf",ColU_Official,@Carabao_Cup,2019-08
2019-08-30,lsrplaid,Plaid Cymru,Llongyfarchiadau mawr i gwmni ceginoedd a stafelloedd molchi Nefyn @TuMewnLtd ar ennill gwobr BKU @HenoS4C https://t.co/ga0azWYXx5,,"@TuMewnLtd, @HenoS4C",2019-08
2019-08-30,jackdromeymp,Labour,"#Erdington is rich in talent, from music making through painting and sculpture to creative people like ⁦@Angel_Natalie⁩ making cosmetics. All showcased at the ⁦@YMCA_Bham⁩ BBQ https://t.co/SbzWFlzpCC",,"@Angel_Natalie⁩, @YMCA_Bham⁩",2019-08
2019-08-30,helengoodmanba,Labour,I wonder why @TeamSaj have deleted this tweet... https://t.co/gBqUQo75Rm,tom_watson,@TeamSaj,2019-08
2019-08-30,bernardjenkin,Conservative,"I so endorse this view.  Her differences with Boris have always been open and honourable, but that is not the reason she is going.  I hope she will be back someday. https://t.co/8AS2Bzz65T",ProfTomkins,,2019-08
2019-08-30,dougchapmansnp,Scottish National Party,"Dunfermline certainly has talent... Over 70 young musicians/producers from @stcolumbasfife &amp; @WoodmillHigh have joined this years 'iAM' project. Working on their new album and live performance @onfife as part of @outwithfestival 
#IAMCREATIVE #IAMOUTWITH https://t.co/IC24AetMRb",DunfermlinePol,"@stcolumbasfife, @WoodmillHigh, @onfife, @outwithfestival",2019-08
2019-08-30,tomtugendhat,Conservative,"📺 WATCH: Ruth's passion for our union and principles of freedom, enterprise, community and equality of opportunity are ingrained within the Scottish Conservatives and Unionists.

Our MPs and MSPs will continue to fight for those principles and ideas indefinitely.

@ScotTories https://t.co/K7uTzVYKR1",LukeGrahamUK,@ScotTories,2019-08
2019-08-30,alancampbellmp,Labour,"Good luck to Firefighter John Hogg, Green Watch, Tynemouth Fire Station. After 25 years serving his community he's had his last shift. Thank you from the grateful community that you have protected. John was presented with his certificate by Area Manager, John Pratt. #EverydayHero https://t.co/IswHTCNSfZ",Tyne_Wear_FRS,,2019-08
2019-08-30,keeleymp,Labour,Heading back from fruitful meeting with  @Opera_North. Lots to do on bringing opera to people with #dementia and on #socialprescribing @LeedsandYorkPFT https://t.co/PJBLqlAKCU,wendyburn,"@Opera_North., @LeedsandYorkPFT",2019-08
2019-08-30,sarahchampionmp,Labour,"'Don't beat us, just shoot us': Kashmiris allege violent army crackdown. Why are UK so silent on this? https://t.co/LiEWQXGcJn",,,2019-08
2019-08-30,kevinbrennanmp,Labour,"A former Conservative prime minister is suing the incumbent Conservative prime minister because he thinks his successor is acting illegally and trying to subvert parliamentary democracy. 

Extraordinary thing is, we're not even shocked any more. https://t.co/bCMJ8MHIQJ",lewis_goodall,,2019-08
2019-08-30,hughgaffneyccb,Labour,A No Deal Brexit would be a disaster for Britain. Yet Boris Johnson is shutting Parliament so he can force one through. Labour will do everything to stop him. https://t.co/SIxoHmmIAN,UKLabour,,2019-08
2019-08-30,timloughton,Conservative,I didn't and even if all the ERG members had voted in favour it would still have been defeated by the all but 5 Labour MPs who voted against as well as your Green colleague and other opposition members. I don't know where you get your information from but it is consistently wrong,,,2019-08
2019-08-30,louhaigh,Labour,@fumingagain That's hard! I'm impressed. I literally just shout mine,,@fumingagain,2019-08
2019-08-30,joswinson,Liberal Democrat,"75 MPs, including me, have put forward a legal challenge to the PM’s #Parliamentshutdown. Although the judge has refused a temporary halt to the Prime Minister’s plans, I welcome the news that the full hearing has been brought forward to Tuesday next week. https://t.co/TCgA3O2doI",BBCBreaking,,2019-08
2019-08-30,philipdaviesuk,Conservative,Pleased to say I have passed my final ACA exam. I am now a Chartered Accountant. Thank you to everyone for their support to get me here. @Naylorwintersg #hardworkpaysoff,NW_darrenh,@Naylorwintersg,2019-08
2019-08-30,simonclarkemp,Conservative,"""My constituents had a vote in which they voted to leave the European Union, precisely because they weren’t going to suck it up. Precisely because they knew what they wanted, and what they wanted was to leave the European Union."" - @SimonClarkeMP https://t.co/fmAeLX0Kyj",FMConservatives,@SimonClarkeMP,2019-08
2019-08-30,matthancock,Conservative,"For some people with non-visible conditions the idea of not finding a parking spot is enough to keep them from going out at all. 

Delighted that from today people with conditions such as dementia &amp; anxiety can apply for blue badge parking permits https://t.co/R4pTPbLvln",,,2019-08
2019-08-30,angelaeagle,Labour,Getting the blame game going early I see ...... https://t.co/CNaAgpNAo0,BBCPolitics,,2019-08
2019-08-30,thomasbrake,Liberal Democrat,"I’ve joined the Judicial Review launched by @ThatGinaMiller. The @LibDems are doing all we can, in the courts and Parliament, to prevent Boris Johnson’s authoritarian power grab and a No Deal Brexit. We cannot allow the PM to silence the people and their representatives. https://t.co/fClJJSa5EL",joswinson,"@ThatGinaMiller., @LibDems",2019-08
2019-08-30,liambyrnemp,Labour,What a surprise. The Tories' London hopeful wants #HS2 money for the West Midlands spent on London's CrossRail 2! Actually our fair share is long overdue! https://t.co/BsYCzjXDRT,ShaunBaileyUK,,2019-08
2019-08-30,nadhimzahawi,Conservative,We’re launching a £3 million fund for organisations to help UK nationals living in the EU get ready for Brexit: https://t.co/Qn3eAamKiY https://t.co/Y33jeDHOzq,FCDOGovUK,,2019-08
2019-08-30,j_donaldson_mp,Democratic Unionist Party,".@dupleader “I have already spoken with the Education Secretary who has confirmed that there will be a Barnett consequential for NI of £500m. This is a much needed boost for education resource funding over the three years starting from 2020/21.""

https://t.co/4d2kaPKzkT https://t.co/Fl9RMBsLI8",duponline,@dupleader,2019-08
2019-08-30,stevebakerhw,Conservative,Essential reading on why removing the Backstop alone is not enough to secure a deal worth supporting https://t.co/Xb2IK8WxtS,BrexitCentral,,2019-08
2019-08-30,jamesduddridge,Conservative,It's #PositiveTwitterDay - what better time for the country to unite and get behind the preparations to leave on 31 October? We're honouring the referendum result - it's time to move on and prepare to seize the #BrexitOpportunities for 🇬🇧,SteveBarclay,,2019-08
2019-08-30,nsoames,Conservative,@10DowningStreet @BorisJohnson #reallyexcellentnewsforMidSussexschools,10DowningStreet,"@10DowningStreet, @BorisJohnson",2019-08
2019-08-30,lynbrownmp,Labour,We'll be doing everything we can to stop Boris Johnson shutting down parliament during this utterly crucial period. https://t.co/dYvleWiDRv,jeremycorbyn,,2019-08
2019-08-30,angelasmithmp,Labour,"Some top new content on the Brexit hub this AM from:
🏴󠁧󠁢󠁷󠁬󠁳󠁿 Plaid Cymru MP @BenMLake 
💼 Independent MP @angelasmithmp 
🐏 @natsheep chief Phil Stocker &amp;
🗞️ @LeaveHQ editor @PeteNorth303 
➕ The latest #PloughingThroughBrexit podcast 🎙️ &amp; more 
👉 https://t.co/EVfRTRM3Rw
🏃‍♂️Go go go https://t.co/KxRIs39Fd6",FGAbiKay,"@BenMLake, @angelasmithmp, @natsheep, @LeaveHQ, @PeteNorth303",2019-08
2019-08-30,karen_karenelee,Labour,Our thoughts tonight are with the brave fire crews tackling this terrible blaze in Peterborough. We owe so much to the emergency services ⁦@LisaForbes_⁩ ⁦@KarenLeeMP⁩ ⁦@fbunational⁩  https://t.co/zOca2yHqsI,HackneyAbbott,"@LisaForbes_⁩, @KarenLeeMP⁩, @fbunational⁩",2019-08
2019-08-30,hannahb4livimp,Scottish National Party,"In a very floral @GovanhillBaths, listening to fabulous @RCStweets at the launch of @DoorsOpenDays. 
#BloomsWithaView #DODscot #DODscot30 https://t.co/kMk0TEf9gF",alisonthewliss,"@GovanhillBaths,, @RCStweets, @DoorsOpenDays.",2019-08
2019-08-30,awmurrison,Conservative,"I’m proud to say the UK is committed to supporting @Gavi’s drive to immunise 300 million more children by 2025, saving up to 8 million lives.

Together we must ensure we leave no one behind. #TICAD7 https://t.co/O9Ld8gyMu7",,@Gavi’s,2019-08
2019-08-30,laylamoran,Liberal Democrat,"BREAKING: @halfon4harlowMP @LaylaMoran and @CarolineLucas among 93 MPS demanding @sajidjavid should #RaisetheRate for 16-19 funding
https://t.co/plHWf9oM1J",tesfenews,"@halfon4harlowMP, @LaylaMoran, @CarolineLucas, @sajidjavid",2019-08
2019-08-30,joannaccherry,Scottish National Party,To be crystal clear there has been no decision on the arguments in #Cherrycase. Emergency orders merely refused pending FULL hearing of the merits of our case against #Prorogation on Tuesday 3 Sept. We have all to play for #Brexit #StopTheCoup https://t.co/RFuuxqaeBK,chrisbambery,,2019-08
2019-08-30,andrealeadsom,Conservative,"So lovely to bump into @GiselaStuart; along with the Prime Minister, we made a fabulous team on those Brexit debate stages three years ago! Two months to go until we fulfil the mandate given by the British people and leave the EU! 🇬🇧 https://t.co/gKIUUp4BgB",,@GiselaStuart;,2019-08
2019-08-30,annietrev,Conservative,"On Tyne, not the Tiber in Rome, Italy... (actually, https://t.co/S8aPzOM4kE is in Sandyford, just by Jesmond Dene, so technically on the banks of the Ouseburn...) - but a cracking FT review that compounds our Toon Food Fame #GreatNorthFoodRevolution https://t.co/JeI6HCAIWI",CharlieHoult,,2019-08
2019-08-30,angusmacneilsnp,Scottish National Party,"Grant Shapps tells #R4Today that the Irish backstop is ""just not anything any democratic nation could agree to"". He voted for it in March.",redhistorian,,2019-08
2019-08-30,pennymordaunt,Conservative,We are working the bid already and thanks @PennyMordaunt for hosting @PortsmouthPort next week. We are looking forward to it. https://t.co/pf6x8r6x1Y,mikesellersPIP,"@PennyMordaunt, @PortsmouthPort",2019-08
2019-08-30,mattwarman,Conservative,"@RachelMann123 I wouldn’t accept those classifications, but I’m sure you have your own view.",RachelMann123,@RachelMann123,2019-08
2019-08-30,mimsdavies,Conservative,"A huge well done to Mike's Traditional Fish &amp; Chips in #Eastleigh 🐟🍟 named as a semi finalist for the Fish &amp; Chip of the Year Award 👏 Supporting local businesses is not only fantastic for the local economy, it creates a great community spirit! Good luck for the next stage 👍",,,2019-08
2019-08-30,justintomlinson,Conservative,@petewebber1 Please drop me an email to justin.tomlinson.mp@parliament.uk- thanks,petewebber1,"@petewebber1, @parliament.uk-",2019-08
2019-08-30,chionwurah,Labour,If the environment were a bank it would have been saved already.,BernieSanders,,2019-08
2019-08-30,hammersmithandy,Labour,“Then and now: what senior Tories say about proroguing parliament”. Please someone explain how anyone in their right mind can support these lying hypocrites. They’re out to destroy Britain &amp; are acting in self-interest #StopTheCoop #StopBrexitSaveDemocracy https://t.co/nIdjvKuWmN,WellsHouseRoad,,2019-08
2019-08-30,angusmacneilsnp,Scottish National Party,@WingsScotland Reminds me of a tweet years ago when people asked me about disintegration on SNP post independence - I predicted the amalgamation of ToryLibLab more likely :)),,@WingsScotland,2019-08
2019-08-30,heidiallen75,Conservative,https://t.co/KSv2BZXYbg,RealMattLucas,,2019-08
2019-08-30,hammersmithandy,Labour,How can we ever trust @BorisJohnson as prime minister? Look at what he was saying before he became pm - 'I am not attracted to arcane procedures such as the prorogation of Parliament.' @KarenPBuckMP @GarethThomasMP @hammersmithandy @DawnButlerBrent @RuthCadbury @SeemaMalhotra1 https://t.co/rjsUVuAJfP,RobertJEEvans,"@BorisJohnson, @KarenPBuckMP, @GarethThomasMP, @hammersmithandy, @DawnButlerBrent, @RuthCadbury, @SeemaMalhotra1",2019-08
2019-08-30,karinsmyth,Labour,"Grant Shapps on Today: “Boris Johnson has made more progress in a few weeks” than has taken place for years. 

Just a reminder that *no* actual changes have occurred. The EU has said they will listen to UK ideas if they’re compatible with the WA. That’s it. They haven’t moved.",lewis_goodall,,2019-08
2019-08-30,gwynnemp,Labour,I’ve written to @sajidjavid making clear that next week’s #SpendingRound must bring an end to austerity &amp; tackle the vital issues that matter to local people. Read my letter here - https://t.co/Rf9kS5owru #OnYourSide,RichardWatts01,@sajidjavid,2019-08
2019-08-30,sarahchampionmp,Labour,How and why the Advertiser fought for reporting restrictions to be lifted in #Rotherham abuse trial. This is why we need local journalism ⁦@rotherhamtiser⁩  https://t.co/iIoPnpJTdi,,@rotherhamtiser⁩,2019-08
2019-08-30,robertbuckland,Conservative,Impressed to see @RobertBuckland with the teams in Swindon. Directly engaging with officers and staff and listening to the frontline of policing in Swindon. Great initiative ! https://t.co/IBSOlySUbw,WiltspoliceDH,@RobertBuckland,2019-08
2019-08-30,eddiehughes4wn,Conservative,@MrHarryCole I was gonna win this year... 🐩,MrHarryCole,@MrHarryCole,2019-08
2019-08-30,louhaigh,Labour,6. Compulsory training on domestic abuse and parental alienation for the courts and all professionals associated with abuse.,LouHaigh,,2019-08
2019-08-30,angelarayner,Labour,"Far from enough says @angelarayner : 'Today’s announcement [on school funding] completely ignores the impact of cuts on vital services like nursery schools and Sure Start centres or adult learning, and school buildings will continue to crumble as cuts to capital funding continue'",SianGriffiths6,@angelarayner,2019-08
2019-08-30,j_donaldson_mp,Democratic Unionist Party,"Delighted to have Commander @InfBrigade visit @NI_Infantry this evening. #chargingbull🐂

Great opportunity to provide an update on current commitments, recruiting, retention &amp; our pending deployment to 🏴󠁧󠁢󠁷󠁬󠁳󠁿 on ADE19.

#RIRISHRESERVES☘️ https://t.co/vTjusUX5nh",RIrishRegiment,"@InfBrigade, @NI_Infantry",2019-08
2019-08-30,halfon4harlowmp,Conservative,"Really good news for #schoolfunding from @BorisJohnson @GavinWilliamson
@educationgovuk :
https://t.co/QsfQEfT44P",,"@BorisJohnson, @GavinWilliamson, @educationgovuk",2019-08
2019-08-30,gareththomasmp,Labour (Co-op),Pleased to have signed this letter underlining our determination to oppose a no-deal Brexit being forced on us.... Cross-party politicians call for an alternative parliament to fight no-deal Brexit https://t.co/XtiXZEH7D2,,,2019-08
2019-08-30,guyopperman,Conservative,@John_FusionPR Congratulations John. Hope to meet for a coffee soon,John_FusionPR,@John_FusionPR,2019-08
2019-08-30,barrysheerman,Labour (Co-op),The Sun seems to have lost the plot again certainly has a great deal of knowledge about rabble rousing though!,,,2019-08
2019-08-30,jamescleverly,Conservative,"Is it too much to ask for some balance on @BBCr4today? In the same hour they have someone from Momentum, Clive Lewis and Shami Chakrabarti on the proroguing issue 🤦🏻‍♂️",JSinghSohal,@BBCr4today?,2019-08
2019-08-30,david_duguid,Conservative,"My letter, sent to Foreign Secretary @DominicRaab earlier this week, asking what @foreignoffice is doing to encourage more sustainable livestock farming in places like South America.
#BritishBeef #ScotchBeef is not the problem! #MeatWithIntegrity https://t.co/NnB2DL7OM7",,"@DominicRaab, @foreignoffice",2019-08
2019-08-30,heidiallen75,Conservative,👏 👏 https://t.co/epB4lxwYIi,thatginamiller,,2019-08
2019-08-30,michael4mdnp,Conservative,"Did you know the #SummerReadingChallenge finishes on the 7th September! 

Check out #Wimborne's finisher's board! Don't forget to pop in when you have read 6 books so you can also receive your medal!

Space Chase Illustration © Adam Stower for The Reading Agency. @DorsetLibraries https://t.co/HFgkLhsvIK",LibraryWimborne,@DorsetLibraries,2019-08
2019-08-30,shabanamahmood,Labour,"Huge congratulations to @stvincentsbham Primary School in #Nechells who have been awarded #HS2 Community and Environment Funding to launch their ""Step Up"" project which will help both adults and children. 

Well done - can't wait to see this exciting project get started!",,@stvincentsbham,2019-08
2019-08-30,marcusfysh,Conservative,A great late summer #Somerset tweet @DJAFothergill yum! https://t.co/snvU6n5fz4,DJAFothergill,@DJAFothergill,2019-08
2019-08-30,chukaumunna,Labour,"I'm absolutely delighted to have been elected as the new MSP for Shetland. I am extremely proud of the positive campaign we have run. Thank you to the voters who put their faith in me. 

https://t.co/71UFNf5QMS",BeatriceWishart,,2019-08
2019-08-30,jamescleverly,Conservative,Great to welcome @JamesCleverly to Chelmsford to see the fantastic work @vickyford and the @ChelmsCityCons are delivering. So much positivity and good news to share. #ToryCanvass #Conservatives #Chelmsford https://t.co/p5oKjwGNKj,jajtyrrell,"@JamesCleverly, @vickyford, @ChelmsCityCons",2019-08
2019-08-30,helengoodmanba,Labour,"Systematic clearing of #rainforests for the #TransPapuaHighway, threatens habitat of #WestPapua Birds of Paradise, a crime against nature &amp; humanity. #palmoil #deforestation #mining #FreeWestPapua https://t.co/RXAWOLErCY",PurePapua,,2019-08
2019-08-30,carolinenokes,Conservative,"It’s #PositiveTwitterDay today - I’m not feeling very positive, tonsils the size of golf balls and the cat is trying to escape constantly, refusing to use the litter tray and scowling at his reflection in the fridge door - but #BeKind today and every day https://t.co/NBnnRS2pHa",,,2019-08
2019-08-30,spellar,Labour,"perceptive article from Simon Fletcher on Johnson , well worth a read https://t.co/UMTXKsm2Up",,,2019-08
2019-08-30,stewartmcdonald,Scottish National Party,"Regional prides proliferating across Ukraine is something I would never dream to happen so soon, but here we are. Still folks face substancial violence at those frontline civil rights marches for queer equality — they rely on all of our solidarity we can offer https://t.co/214Y5qdvnE",MaximEristavi,,2019-08
2019-08-30,lordjohnmann,Labour,"No apologies for this, written by me - in anger - for the YEP's lead comment tomorrow. 

'Poisonous racists infecting Elland Road know nothing about the proud history of #LUFC nor the legend of Albert Johanesson'

https://t.co/Xpxa4vJJtC https://t.co/NwA78H3cCC",JayMitchinson,,2019-08
2019-08-30,preetkgillmp,Labour (Co-op),@tom_watson @AgeUKBirmingham Wonderful to have local MP @PreetKGillMP with us meeting her constituents who will lose their TV licence unless the government acts. @AgeUKBirmingham &amp; @AgeUKSandwell https://t.co/iViyVkWovG,ageukcampaigns,"@tom_watson, @AgeUKBirmingham, @PreetKGillMP, @AgeUKBirmingham, @AgeUKSandwell",2019-08
2019-08-30,greghands,Conservative,It is in everyone’s interests across the UK and Ireland to avoid a “No Deal” Brexit. That is why I am pushing #AlternativeArrangements so strongly. A Brexit solution can be found. https://t.co/kCg4O2bOkg,,,2019-08
2019-08-30,annietrev,Conservative,"NEW: PM pledges £14bn for schools between now and 2022/23 to “level up funding”. Govt says this will help even out discrepancies across the country, with every primary getting a minimum of £4K per pupil and every secondary £5k per pupil.",PaulBrandITV,,2019-08
2019-08-30,amessd_southend,Conservative,"I will be meeting the Chief Constable of Essex, together with other Essex colleagues, next week. He will update us on issues such as county lines, knife crime and town centre policing, as well as confirming where many newly recruited officers will be patrolling. https://t.co/1aOncmpyE6",,,2019-08
2019-08-30,louhaigh,Labour,"IMPORTANT Saturday's Defend Democracy event has been moved from outside the town hall to Barker's Pool.
RT https://t.co/NrFeGELTQl",HeeleyLabour,,2019-08
2019-08-30,lsrplaid,Plaid Cymru,"I’ll be speaking at this rally in Bangor tomorrow. Come along to defend our representative democracy against a undemocratic coup d’état. 

📅 Saturday August 31
📍 Bangor Clock Tower
🕚 11.00am 

#StopTheCoup #Prorogation 🏴󠁧󠁢󠁷󠁬󠁳󠁿🇪🇺 https://t.co/etj12GrENc",,,2019-08
2019-08-30,mikegapes,Labour (Co-op),Was pleased to join the Raksha Bandhan celebrations at VHP Ilford temple this afternoon.,,,2019-08
2019-08-31,lynbrownmp,Labour,"Heres the speech I gave today at the #DefendDemocracy rally in #Sheffield 

We will work together and use every means at our disposal to prevent Boris Johnson silencing the voices of the people of Britain. https://t.co/BlSZCuvyXX",LouHaigh,,2019-08
2019-08-31,angusmacneilsnp,Scottish National Party,"Frankly, if this doesn't initiate a huge increase in support for Scottish independence and Irish reunification I'm damned if I know what will.   @AngusMacNeilSNP @PaulWheelhouse @NicolaSturgeon https://t.co/WAHqnsfEfp",DickWinchester,"@AngusMacNeilSNP, @PaulWheelhouse, @NicolaSturgeon",2019-08
2019-08-31,angelacrawley30,Scottish National Party,At the Defend Democracy Rally demonstration in #Glasgow #DefendDemocracy https://t.co/oDH05QYMh9,,,2019-08
2019-08-31,jamescleverly,Conservative,It was a pleasure to introduce @JamesCleverly to the brilliant team at the Foresters Arms today. If I become our MP I will always champion and support the fantastic businesses which help make Bedford great! #BedfordCanDoBetter 🍺 https://t.co/t96KxZ1xFp,RyanHensonUK,@JamesCleverly,2019-08
2019-08-31,chrislawsnp,Scottish National Party,"Being able to save someone else’s life when your no longer here is an incredible gift and I am proud that I signed up to organ donation many years ago.  It’s not an easy decision but once made, I have never looked back. #mydonationdecision https://t.co/0BghoMvhDq",NHSTayside,,2019-08
2019-08-31,guyopperman,Conservative,Mega cycle 🚴🏻‍♂️ down to #IsleofDogs through East London but back in #Northumberland tomorrow - for those who have not caught up on my views on @RuthDavidsonMSP + Brexit have a read on the blog https://t.co/Et42Rj6TBd https://t.co/kDhthPfqBv,GuyOpperman,@RuthDavidsonMSP,2019-08
2019-08-31,j_donaldson_mp,Democratic Unionist Party,@MatthewOToole2 I think you should check out the constitutional realities. This was a UK wide referendum.  A border poll would not. There is a difference even if you can’t see it. The principle of consent in the GFA relates to the separation of NI from GB not the separation of UK from the EU.,MatthewOToole2,@MatthewOToole2,2019-08
2019-08-31,normanlamb,Liberal Democrat,@IanGould5 Thank you!,IanGould5,@IanGould5,2019-08
2019-08-31,petewishart,Scottish National Party,Who would have thought.....? https://t.co/8y5Zco8N07,,,2019-08
2019-08-31,jreynoldsmp,Labour (Co-op),"If you make cars, mend cars or sell cars you honestly deserve better than this. https://t.co/G5ZbTzPzkS",tom_watson,,2019-08
2019-08-31,pauljsweeney,Labour (Co-op),"We will stop Boris Johnson's smash and grab raid on democracy - and give people their say to determine our future.

#DefendOurDemocracy https://t.co/k2LPe6V62l",jeremycorbyn,,2019-08
2019-08-31,pennymordaunt,Conservative,"“The only way to create the growth, the focus, the long-term new investment, the sustained effort and understanding to address the challenges and seize the opportunities of our times is to create national missions the whole country can get behind.” #BigTent19",,,2019-08
2019-08-31,emmahardymp,Labour,We say #StopTheCoup - this prorogation is not democracy. #Hull https://t.co/vTPrVHRvKF,photomoments,,2019-08
2019-08-31,pauljsweeney,Labour (Co-op),"“We elect a parliament in a free democracy to hold government to account.”

Labour leader Jeremy Corbyn says that parliament must resist Boris Johnson’s plan to prorogue parliament, adding “parliament must assert itself on behalf of the people of this country”. https://t.co/tnFTsIfzuC",Channel4News,,2019-08
2019-08-31,danirowley,Labour,"@DaniRowley kicks off packed @scottishlabour rally in Alive and Kicking Project in Springburn. 'Ongoing uncertainty and lack of scrutiny is frustrating for us politicians, but devastating in our communities as issues like the WASPI women are not being tackled.' @MSLabour https://t.co/Jy7h7EzgYS",UNISONLabourSco,"@DaniRowley, @scottishlabour, @MSLabour",2019-08
2019-08-31,benmlake,Plaid Cymru,#antiprorogation #protest in #aberystwyth today @ElinCeredigion @BenMLake @KeithMorrisAber for @AlamyNews #newsphotographer #documentary #photojournalism #reportage #brexit #BrexitChaos #Prorogation https://t.co/QYbx4oOODP,KeithMorrisAber,"@ElinCeredigion, @BenMLake, @KeithMorrisAber, @AlamyNews",2019-08
2019-08-31,rees4neath,Labour (Co-op),Sajid Javid said he cancelled his economic speech because of the ‘Queen Speech leak’. Which he cancelled on Tues lunchtime. News of the Govt decision to shut down Parliament broke on Wednesday morning. Something doesn’t add up 🤔,labourwhips,,2019-08
2019-08-31,chionwurah,Labour,"Hold on, I keep getting described as a “Corbyn supporter” and “Labour activist” when I go on TV and radio, can I ask why the equivalent doesn’t apply to Tory supporting commentators please? https://t.co/RdNf9TBxOq",OwenJones84,,2019-08
2019-08-31,afzal4gorton,Labour,"Great to see the @McrGortonLab team out today at the #DefendDemocracy protest ✊

#StopTheCoup https://t.co/M7J2ltUAU9",,@McrGortonLab,2019-08
2019-08-31,matthancock,Conservative,"Massive congrats to my good friend @GeorgeFreemanMP for another hugely successful @BigTentIdeas Festival - bursting with ideas for achieving that open, optimistic future for Britain we all want to see
#BigTent19 https://t.co/U3WAqT7i24",GeorgeFreemanMP,"@GeorgeFreemanMP, @BigTentIdeas",2019-08
2019-08-31,keeleymp,Labour,Watch out for our coming announcement about a meeting to discus school uniforms in Salford - and some new schemes we’re supporting...,SalfordCAB,,2019-08
2019-08-31,pauljsweeney,Labour (Co-op),@jeremycorbyn @AliveandKicking in support of the people in the @Springburn community https://t.co/1CtAVsBgL6,maureen_sharkey,"@jeremycorbyn, @AliveandKicking, @Springburn",2019-08
2019-08-31,mpritcharduk,Conservative,"It is completely irresponsible of the Leader of Her Majesty's Opposition to call for mass disruption of the UK's main supply, commuter, and everyday routes - used by millions of Britons going about their necessary and lawful business - in order to make a failed political point...",,,2019-08
2019-08-31,alexsobel,Labour (Co-op),This is as close as @hanbithell &amp; I can get to the @KirkstallLabour crew. Fantastic Labour turnout for the #StopTheCoup demo in Leeds https://t.co/IoWaUFvQQd,FionaVenner,"@hanbithell, @KirkstallLabour",2019-08
2019-08-31,sandbach,Conservative,@ManushRafatjah we are elected to exercise our judgement not as voting fodder - did you actually read the quote!!,naffraf,@ManushRafatjah,2019-08
2019-08-31,julianknight15,Conservative,2 home visits and a 3 hour surgery yesterday. Not one person mentioned prorogation. Several volunteered that Boris is doing a good job. Majority view: get Brexit done and move on. We will. https://t.co/UExch70FAZ,garystreeterSWD,,2019-08
2019-08-31,tpearce003,Labour,SUNDAY TIMES: Boris tells Tory rebels it’s me or Corbyn chaos #TomorrowsPapersToday https://t.co/3S8Mcpp5NB,hendopolis,,2019-08
2019-08-31,alexsobel,Labour (Co-op),@botzarelli I don’t think that’s true. I worked very closely with them when I was on the council. The planning committee was very supportive and the council extended the district heat and power pipes so they could join the network,botzarelli,@botzarelli,2019-08
2019-08-31,gordonmarsden,Labour,Let's see fine print #FEFunding #SpendingReview Wed. So far bitty incrementals on T levels/ STEM  subjects -little that adds up to a strategy &amp; no ringfencing for increased CPD or support for FE staff crisis. Just as well Labour @LifelongLearning Commission looking at these now.,GordonMarsden,@LifelongLearning,2019-08
2019-08-31,kirstysnp,Scottish National Party,Having some down time and baking this afternoon. Couldn’t resist declaring #BannocksToBrexit though 🇪🇺 https://t.co/hBMo5gy0Q0,,,2019-08
2019-08-31,nadhimzahawi,Conservative,"Choose your favourite moment from the @WorldSkills 2019 medal ceremony
https://t.co/4EWdI3yufd",FEWeek,@WorldSkills,2019-08
2019-08-31,georgefreemanmp,Conservative,"We’re off!   Brilliant conversation in the #ArtsTent at #BigTent19 - 

“Conservative Islam in Liberal Britain” with @NoraMulready @andrewcopson @NasimiShabnam @ReshamKotecha @NimkoAli https://t.co/UJ4zvNDGK1",GeorgeFreemanMP,"@NoraMulready, @andrewcopson, @NasimiShabnam, @ReshamKotecha, @NimkoAli",2019-08
2019-08-31,gareththomasmp,Labour (Co-op),Once upon a time the Conservative Party was a broad coalition of centre-right opinion. Not so much now https://t.co/0cETyZxsSo,JGForsyth,,2019-08
2019-08-31,angelarayner,Labour,"The Conservative government's widespread introduction of free schools and academies has had a negative impact on the country's most vulnerable students. We don't need competition in our school system, we need collaboration and excellence. https://t.co/TwJGgW5idm",,,2019-08
2019-08-31,seemamalhotra1,Labour (Co-op),Great to have support of @SeemaMalhotra1 for @5050Parliament at @BigTentIdeas today! #womensupportingwomen #5050parliament #womeninpolitics #feminism #genderequality @LabourWomensNet https://t.co/Tb0KNxp1aa,km_finlayson,"@SeemaMalhotra1, @5050Parliament, @BigTentIdeas, @LabourWomensNet",2019-08
2019-08-31,lynbrownmp,Labour,"I would be overjoyed to see @ClaptonCFC play at the OSD ground. 

An amazing club, with a passionate and totally unique set of fans. They shout their anti-racism loud and proud &amp; I feel privileged to have written a supporting letter for them. 

Hope they are given the go-ahead! https://t.co/FB9Wi9Mjqt",maspatel01,@ClaptonCFC,2019-08
2019-08-31,michaelgove,Conservative,"Brilliant news from @sajidjavid on Further Education funding. 

https://t.co/Io5CuMlYJP",willquince,@sajidjavid,2019-08
2019-08-31,marcusfysh,Conservative,A welcomed move. This will make a real difference to our community. Our future looks bright. Thank you for your support @MarcusFysh #opportunities #WhereLearningComesToLife https://t.co/B2VNQ3JGEt,YeovilCollege,@MarcusFysh,2019-08
2019-08-31,pauljsweeney,Labour (Co-op),@jeremycorbyn speaks to a packed George Square against Boris's smash and grab of our democracy. Flanked by @LesleyLaird @LabourRichard and @DaniRowley our next Prime Mister is leading the opposition to a no deal crash out. @Peoplesassyscot #GeneralElectionNow https://t.co/T9SLiXYz4Q,UNISONLabourSco,"@jeremycorbyn, @LesleyLaird, @LabourRichard, @DaniRowley, @Peoplesassyscot",2019-08
2019-08-31,rees4neath,Labour (Co-op),We’ll do everything we possibly can to stop @10DowningStreet from silencing the voice of Parliament. https://t.co/FlkaQQgFUi,fmwales,@10DowningStreet,2019-08
2019-08-31,lsrplaid,Plaid Cymru,Croeso i’r Swyddfa Cymreig yn Llundain🏴󠁧󠁢󠁷󠁬󠁳󠁿. #annibyniaeth Mae’na ffordd well nag y mae hi.🏴󠁧󠁢󠁷󠁬󠁳󠁿✊ Welsh Office.. Alun Cairns’ pad in London👍 @owen_garry @YesCymru @huwstephens @AUOBCymru https://t.co/U8JhVVX12N,YesLlundain,"@owen_garry, @YesCymru, @huwstephens, @AUOBCymru",2019-08
2019-08-31,chrispincher,Conservative,"The FINAL day of my Defib-A-Day campaign ❤️

It has been a great to see residents getting stuck into the campaign as we map out the defibs. Big thanks go to @tamworthHAH and @TamworthMayor for supporting the campaign

These machines save lives, so lets keep pushing for more https://t.co/vQPYh0SojV",,"@tamworthHAH, @TamworthMayor",2019-08
2019-08-31,nsoames,Conservative,"So known Brexit and Ireland options are - Ireland-EU border checks (bad for Ireland), Ireland-Northern Ireland checks (bad for nationalists), Northern Ireland-rest of UK checks (bad for Unionists), continued UK-EU alignment (bad for Brexiteers) 15/",DavidHenigUK,,2019-08
2019-08-31,jon_trickett,Labour,“The flexibility of our constitution has meant that the British Establishment has often been able to bend political power to its own purposes.” #PoliticsForTheMany @Politics4Many https://t.co/fSieFV6rzo,,@Politics4Many,2019-08
2019-08-31,normanlamb,Liberal Democrat,"Really generous, Bobby. And it was great working with you and the rest of the team! #commonendeavour https://t.co/gTIhdGid2s",BobbyPratapMH,,2019-08
2019-08-31,nigelmp,Conservative,"Remainers who have no history knowledge please listen very carefully.

 https://t.co/gcvYno6bxJ",GiftCee,,2019-08
2019-08-31,jreynoldsmp,Labour (Co-op),Not even Tory voters believe Johnson and Rees Mogg’s excuses for shutting Parliament. https://t.co/qCna5L2bNQ,johnmcdonnellMP,,2019-08
2019-08-31,gavnewlandssnp,Scottish National Party,@dmrussell62 @JohnClarkSNP @NatalieDon89 @RobertInnes @theSNP @SNPgryffe @RenCouncilSNP I presume you had to buy?!,dmrussell62,"@dmrussell62, @JohnClarkSNP, @NatalieDon89, @RobertInnes, @theSNP, @SNPgryffe, @RenCouncilSNP",2019-08
2019-08-31,andrew4pendle,Conservative,"My next Supermarket Surgery will be held on Friday 6th September in Sainsbury's Cafe, Colne between 4pm-6pm.

If there is any issue you'd like to raise with me, no need to make an appointment just pop along for a chat. https://t.co/9wqyU3PXiG",,,2019-08
2019-08-31,hywelplaidcymru,Plaid Cymru,"Coverage in @NorthWalesChron of the protest in #Bangor against plans by #BorisJohnson to shut down the UK Parliament to pursue a damaging no deal #Brexit 

@HywelPlaidCymru 
@LSRPlaid 
@OwenJHurcum 
@catwager 
@siangwenfelin 

#StopTheBrexitCoup #Bangor 

https://t.co/uE8WUVeXgN",AlunPlaidCymru,"@NorthWalesChron, @HywelPlaidCymru, @LSRPlaid, @OwenJHurcum, @catwager, @siangwenfelin",2019-08
2019-08-31,pauljsweeney,Labour (Co-op),"Really great to see Cathcart members in Springburn to hear @LabourRichard, @DaniRowley, @LesleyLaird, @PaulJSweeney, @scotsyounglab chair Enas Magzoub, and our next PM @jeremycorbyn speak about Labour's priorities once we're in government, and stopping Johnson's coup https://t.co/yn6UA0YtpS",CathcartLabour,"@LabourRichard,, @DaniRowley,, @LesleyLaird,, @PaulJSweeney,, @scotsyounglab, @jeremycorbyn",2019-08
2019-08-31,annaturley,Labour (Co-op),Great turnout at the #StopTheCoup rally in Middlesbrough today. Inspiring to see political opponents joined in a common purpose. What we have in common is that Johnson’s attempt to divide us has done the opposite. #DefendOurDemocracy @Tees4Europe @annaturley https://t.co/ORJhRg6Wxn,nhsarchie,"@Tees4Europe, @annaturley",2019-08
2019-08-31,jreynoldsmp,Labour (Co-op),The whole thread is sheer performance art. https://t.co/9uroHJoSVn,Frances_Coppola,,2019-08
2019-08-31,lynbrownmp,Labour,"@kateaustin496 It was the place I went on a first real date and where my family went to celebrate birthdays when I was in my late teens. Prawn cocktail, steak chips and Black Forest gateaux- with a glass of chilled German white wine ... beautiful memories #misty",kateaustin496,@kateaustin496,2019-08
2019-08-31,liambyrnemp,Labour,"Shocking analysis from ⁦⁦@resfoundation⁩

Our Tory mayor promised to end youth unemployment

Reality? Young people in the West Midlands are actually less likely to be in employment than the generation before them.

That's why it's time for change  https://t.co/BUcqY2z1XN",liambyrnemp,@resfoundation⁩,2019-08
2019-08-31,nadhimzahawi,Conservative,Congrats to Sophie! Looks like you did really well!! https://t.co/S1EH6LFtNE,IsabelleTrowler,,2019-08
2019-08-31,cliveefford,Labour,Really enjoyed celebrating 150th anniversary @HTEltham with Bishop Christopher @BishopofSouthwark and the people who make Holy Trinity such a welcoming place. https://t.co/O7wAYKc3gq https://t.co/KOkYCntxa9,BishopSouthwark,"@HTEltham, @BishopofSouthwark",2019-08
2019-08-31,lynbrownmp,Labour,"Telling staff to “fuck off” if they don’t like his management style is sweary David Brent. Cummings is a malevolent liability for Johnson, not a genius https://t.co/zQqlL0hc9k",Kevin_Maguire,,2019-08
2019-08-31,mgreenwoodww,Labour,Today we sent a clear message from the heart of #Newcastle for #BorisJohnson and his Tory cronies in Westminster. You will not shut down our democracy and seek to block the voices of the many in our country. Inspiring to see Leavers and Remainers united together to #StopTheCoup! https://t.co/ReurMBViiJ,IanLaveryMP,,2019-08
2019-08-31,ianclucas,Labour,"‘Good Times’ has just reached over 100,000 STREAMS 🎉 

Thank you so so much to everyone for listening, it’s actually mad! 

Love you all from Portugal 💛🇵🇹 https://t.co/fRSoFkqGyB",carahammond_,,2019-08
2019-08-31,edwardjdavey,Liberal Democrat,"@BestForBritain We’re absolutely in!

#LiarJohnson may have no regard for democracy; we do, and I hope you do.

A PM can’t just switch parliament off when it disagrees with them! We’ll hold him and his cronies to account.

#StopTheCoup #StopBoris #StopBrexit #NotMyPM #DemandBetter @LibDems",BestForBritain,"@BestForBritain, @LibDems",2019-08
2019-08-31,afzal4gorton,Labour,"Make sure you get down to Deansgate this weekend to take part in the @XRebellionUK #NorthernRebellion!

There’s talks, training, workshops, direct actions big and small, plus music, art, food and regeneration. 

Join the movement! 🌍🌱✊ 
#ClimateEmergency https://t.co/M3O4nPaafe",McrMomentum,@XRebellionUK,2019-08
2019-08-31,stephenmorganmp,Labour,"Thanks to everyone who swung by to have their say at @PompeyLabour stall supporting @LabPublicVote. It’s clear that Mr Johnson is not only running scared of the people by not giving them a final say, but also running scared of the voice of the people in Parliament #stopthecoup https://t.co/Vl2iVGgTUL",,"@PompeyLabour, @LabPublicVote.",2019-08
2019-08-31,neildotobrien,Conservative,"The package includes £700 million extra for children with Special Educational Needs and Disabilities (SEND) in 2020/21.
https://t.co/wRx3KW7eOl https://t.co/LjNkMWCSDn",educationgovuk,,2019-08
2019-08-31,stevereedmp,Labour (Co-op),#StopTheCoup https://t.co/zhEAMSCObb,CroydonNorthCLP,,2019-08
2019-08-31,julianknight15,Conservative,"Great news on SEN funding a huge issue here in Solihull. I look forward to a breakdown of the borough by borough figures to see how much more money we're getting in Solihull...our schools do an incredible job, just think what more they wil be able achieve now!? @SolihullUpdates https://t.co/s35OPDmoUu",RobertJenrick,@SolihullUpdates,2019-08
2019-08-31,kerrymp,Labour,"Despite the showers, was really good to catch up with people, especially to hear from @avonwt about the My Wild City work in Stockwood. So much green space there, with ancient and veteran trees (I now know the difference), bats, owls, and lots more. https://t.co/GxEJNVniY0",,@avonwt,2019-08
2019-08-31,tomtugendhat,Conservative,A glimpse of a more challenged home in the North-East #RoryWalks https://t.co/JaYP9dk9Hg,RoryStewartUK,,2019-08
2019-08-31,tpearce003,Labour,@Drew1403 You are correct,Drew1403,@Drew1403,2019-08
2019-08-31,pennymordaunt,Conservative,“People want politicians from across the divide to work together....in part because they want reassurance in an increasingly complex and troublesome world.....People are feeling more and more powerless. But being told they are more and more responsible.” #BigTent19,,,2019-08
2019-08-31,gareththomasmp,Labour (Co-op),"@Adamprice @agcolehamilton @alexsobel @amcarmichaelMP @AlynSmith @AnasSarwar @hammersmithandy @angelasmithmp @AnnaMcMorrin @Sandbach @BenMLake @CarolineLucas @catherinewest @cajardineMP @ChrisStephens @ChukaUmunna @DJohnsonMSP @DavidEDrew @DavidLammy @EdwardJDavey Thank you for holding the government to account and fighting this most damaging Brexit #PeoplesParliament

@GarethThomasMP
@Gedk
@GeraintDaviesMP
@GutoAberconwy
@HannahBLiviMP
@heidiallen
@HywelPlaidCymru
@IanMurrayMP
@jackiebmsp
@DoddsJane",BestForBritain,"@Adamprice, @agcolehamilton, @alexsobel, @amcarmichaelMP, @AlynSmith, @AnasSarwar, @hammersmithandy, @angelasmithmp, @AnnaMcMorrin, @Sandbach, @BenMLake, @CarolineLucas, @catherinewest, @cajardineMP, @ChrisStephens, @ChukaUmunna, @DJohnsonMSP, @DavidEDrew, @DavidLammy, @EdwardJDavey, @GarethThomasMP, @Gedk, @GeraintDaviesMP, @GutoAberconwy, @HannahBLiviMP, @heidiallen, @HywelPlaidCymru, @IanMurrayMP, @jackiebmsp, @DoddsJane",2019-08
2019-08-31,lordianaustin,Labour,"@Socialistdawn That's true. But even with her complacency, her terrible campaign and a manifesto that looked like it was designed to chase the voters away she till beat Corbyn.",Socialistdawn,@Socialistdawn,2019-08
2019-08-31,alistairburtuk,Conservative,"Some of the 🌍’s most vulnerable are dying from diseases that could easily be stopped with a single vaccine. 

In 2020 🇬🇧 will host @Gavi’s replenishment conference + donors will raise much needed funds to end the spread of deadly diseases. 

Read more 👇
https://t.co/2wzIfC4IS6",MatthewRycroft1,@Gavi’s,2019-08
2019-08-31,hannahb4livimp,Scottish National Party,Things you love to see: https://t.co/wa64n6u4qm,erincuthbert_,,2019-08
2019-08-31,jeremycorbyn,Labour,"I thank everyone who has taken to the streets here in Glasgow and across the whole country to oppose Boris Johnson's smash and grab raid on our democracy.

We'll do everything possible to stop a disastrous No Deal for which this Tory government has no mandate. #DefendOurDemocracy https://t.co/5tgRT4EjHw",,,2019-08
2019-08-31,tommysheppard,Scottish National Party,"Hardest job of the year - judging the Porty sandcastle competition. Congrats to Eleanor, her dad Jonathan and all who took part! https://t.co/QDbLmsOppK",,,2019-08
2019-08-31,chrisstephens,Scottish National Party,"A great turnout at today’s @GovanMen Open Day today, joined by @Bell45.  Great to catch up also with the award winning @SarahEv47233116 https://t.co/j521sL2ku1",,"@GovanMen, @Bell45., @SarahEv47233116",2019-08
2019-08-31,eddiehughes4wn,Conservative,We will leave the EU on Oct 31 &amp; I visited @HeathrowAirport yesterday to see the great work @metpoliceuk working with the airport team to ensure the continued safety of visitors &amp; travellers to the airport. https://t.co/FlPtR5v09A https://t.co/nczOPm0oqf,BrandonLewis,"@HeathrowAirport, @metpoliceuk",2019-08
2019-08-31,lynbrownmp,Labour,Sajid Javid said he cancelled his economic speech because of the ‘Queen Speech leak’. Which he cancelled on Tues lunchtime. News of the Govt decision to shut down Parliament broke on Wednesday morning. Something doesn’t add up 🤔,labourwhips,,2019-08
2019-08-31,michael4mdnp,Conservative,Great meeting with @Michael4MDNP @Sidwick4Dorset &amp; John Beasley today! #meeting #mp https://t.co/oCrj1ZSa7P,samanthalouemma,"@Michael4MDNP, @Sidwick4Dorset",2019-08
2019-08-31,paulasherriff,Labour,"Is Cummings running the Tory Party as well as the Government? Surely there’s a separation between Party and Govt? 
Or are we in full scale totalitarian mode? https://t.co/5rEM1uS99U",MaryCreagh_,,2019-08
2019-08-31,peter_dowd,Labour,"“Today’s announcement completely ignores the impact of cuts on vital services like nursery schools and Sure Start centres or adult learning and training, and school buildings will continue to crumble as cuts to capital funding continue."" - @AngelaRayner

https://t.co/1XmjAPy9rf",labourpress,@AngelaRayner,2019-08
2019-08-31,jessphillips,Labour,"Turned out when they said evil genius they just meant massive bully, an evil genius would be able to convince and manipulate. This is bring me your dinner money or else. https://t.co/PDTD8UTGAD",JGForsyth,,2019-08
